time,lat,lon,elevation,accuracy,bearing,speed,satellites,provider,hdop,vdop,pdop,geoidheight,ageofdgpsdata,dgpsid,activity,battery,annotation,timestamp_ms,time_offset,distance,starttimestamp_ms,profile_name,battery_charging
2026-07-25T02:42:17.710Z,12.036875000000002,75.35993666666667,-46.300000000000004,7.2,0.0,0.0,5,gps,2.37,1.00,2.57,-89.7,,,,70,,1784947337710,2026-07-25T08:12:17.710+05:30,0.0,1784947326179,Default Profile,false
2026-07-25T02:42:23.000Z,12.036905,75.35994666666667,-17.10000000000001,5.1,0.0,0.0,11,gps,0.95,0.85,1.27,-89.7,,,,70,,1784947343000,2026-07-25T08:12:23.000+05:30,3.5086378985814783,1784947326179,Default Profile,false
2026-07-25T02:42:28.000Z,12.036985,75.35996333333333,-7.700000000000003,3.0,0.0,0.0,16,gps,0.89,0.79,1.19,-89.7,,,,70,,1784947348000,2026-07-25T08:12:28.000+05:30,12.587005510567124,1784947326179,Default Profile,false
2026-07-25T02:42:34.000Z,12.036928333333332,75.35997833333333,-26.800000000000004,2.3,64.84,1.0464302,20,gps,0.66,0.78,1.02,-89.7,,,,70,,1784947354000,2026-07-25T08:12:34.000+05:30,19.095781199391944,1784947326179,Default Profile,false
2026-07-25T02:42:39.000Z,12.036959999999999,75.36002833333333,-32.6,2.2,22.47,1.1637869,22,gps,0.61,0.76,0.97,-89.7,,,,70,,1784947359000,2026-07-25T08:12:39.000+05:30,25.573830997077366,1784947326179,Default Profile,false
2026-07-25T02:42:45.000Z,12.037094999999999,75.36007666666666,-35.2,2.0,354.22,1.9801364,25,gps,0.54,0.92,1.07,-89.7,,,,70,,1784947365000,2026-07-25T08:12:45.000+05:30,41.478792155335036,1784947326179,Default Profile,false
2026-07-25T02:42:51.000Z,12.037180000000001,75.36011333333333,-37.7,1.9,28.08,1.8885158,27,gps,0.52,0.63,0.82,-89.7,,,,70,,1784947371000,2026-07-25T08:12:51.000+05:30,51.73707275877156,1784947326179,Default Profile,false
2026-07-25T02:42:56.000Z,12.037241666666667,75.36020166666667,-39.1,1.8,78.58,1.954915,25,gps,0.55,0.99,1.13,-89.7,,,,70,,1784947376000,2026-07-25T08:12:56.000+05:30,63.539563657946054,1784947326179,Default Profile,false
2026-07-25T02:43:02.000Z,12.037246666666666,75.36034333333333,-41.1,2.1,98.93,2.4212534,25,gps,0.54,0.71,0.89,-89.7,,,,70,,1784947382000,2026-07-25T08:13:02.000+05:30,78.95584225998397,1784947326179,Default Profile,false
2026-07-25T02:43:08.000Z,12.037271666666667,75.36045333333333,-40.300000000000004,2.3,80.86,2.1633775,25,gps,0.53,0.68,0.86,-89.7,,,,70,,1784947388000,2026-07-25T08:13:08.000+05:30,91.23709156627307,1784947326179,Default Profile,false
2026-07-25T02:43:14.000Z,12.037285,75.36053,-37.5,2.3,123.0,1.6208602,26,gps,0.52,0.68,0.86,-89.7,,,,70,,1784947394000,2026-07-25T08:13:14.000+05:30,99.70538467493735,1784947326179,Default Profile,false
2026-07-25T02:43:20.000Z,12.037176666666669,75.360545,-35.800000000000004,2.2,163.53,1.8555737,28,gps,0.50,0.68,0.85,-89.7,,,,70,,1784947400000,2026-07-25T08:13:20.000+05:30,111.86144953458083,1784947326179,Default Profile,false
2026-07-25T02:43:26.000Z,12.036980000000002,75.36061333333333,-34.6,2.4,169.98,3.1634827,26,gps,0.53,0.99,1.12,-89.7,,,,70,,1784947406000,2026-07-25T08:13:26.000+05:30,134.95793509555455,1784947326179,Default Profile,false
2026-07-25T02:43:32.000Z,12.036673333333333,75.36069833333333,-32.800000000000004,2.5,169.87,4.6402206,27,gps,0.51,0.68,0.85,-89.7,,,,70,,1784947412000,2026-07-25T08:13:32.000+05:30,170.28840360534738,1784947326179,Default Profile,false
2026-07-25T02:43:37.000Z,12.036381666666667,75.36079833333334,-35.1,2.2,165.37,5.816361,27,gps,0.55,1.03,1.17,-89.7,,,,70,,1784947417000,2026-07-25T08:13:37.000+05:30,204.49500214478957,1784947326179,Default Profile,false
2026-07-25T02:43:43.000Z,12.036041666666666,75.36092166666667,-38.5,2.5,160.46,6.47675,24,gps,0.57,0.77,0.95,-89.7,,,,70,,1784947423000,2026-07-25T08:13:43.000+05:30,244.6099740618335,1784947326179,Default Profile,false
2026-07-25T02:43:49.000Z,12.035644999999999,75.361,-40.1,2.5,166.31,6.552414,23,gps,0.59,1.19,1.33,-89.7,,,,70,,1784947429000,2026-07-25T08:13:49.000+05:30,289.53241405678017,1784947326179,Default Profile,false
2026-07-25T02:43:55.000Z,12.035395000000001,75.36104,-41.5,2.5,179.36,5.2898,25,gps,0.56,0.72,0.91,-89.7,,,,70,,1784947435000,2026-07-25T08:13:55.000+05:30,317.6694399249502,1784947326179,Default Profile,false
2026-07-25T02:44:01.000Z,12.035314999999999,75.36100166666667,-43.400000000000006,2.3,246.76,2.3286033,26,gps,0.52,0.68,0.86,-89.7,,,,70,,1784947441000,2026-07-25T08:14:01.000+05:30,327.4934063239878,1784947326179,Default Profile,false
2026-07-25T02:44:07.000Z,12.035395000000001,75.36082333333334,-40.800000000000004,2.5,313.08,2.1489654,25,gps,0.54,0.91,1.06,-89.7,,,,70,,1784947447000,2026-07-25T08:14:07.000+05:30,348.83009821852096,1784947326179,Default Profile,false
2026-07-25T02:44:13.000Z,12.035621666666668,75.36052,-41.800000000000004,2.7,312.34,5.1425896,21,gps,0.67,0.78,1.03,-89.7,,,,70,,1784947453000,2026-07-25T08:14:13.000+05:30,390.3444339397605,1784947326179,Default Profile,false
2026-07-25T02:44:19.000Z,12.035918333333333,75.36024,-43.5,2.3,313.69,6.675947,26,gps,0.52,0.71,0.88,-89.7,,,,70,,1784947459000,2026-07-25T08:14:19.000+05:30,435.23774615399344,1784947326179,Default Profile,false
2026-07-25T02:44:25.000Z,12.036200000000001,75.35998,-45.6,2.3,318.19,5.9491596,25,gps,0.54,0.72,0.90,-89.7,,,,70,,1784947465000,2026-07-25T08:14:25.000+05:30,477.43275866849217,1784947326179,Default Profile,false
2026-07-25T02:44:31.000Z,12.036464999999998,75.35978666666666,-50.300000000000004,2.4,323.11,4.311313,23,gps,0.60,1.19,1.34,-89.7,,,,70,,1784947471000,2026-07-25T08:14:31.000+05:30,513.6313416902083,1784947326179,Default Profile,false
2026-07-25T02:44:37.000Z,12.036673333333333,75.35964,-50.5,2.2,324.24,4.3627853,24,gps,0.58,1.18,1.32,-89.7,,,,70,,1784947477000,2026-07-25T08:14:37.000+05:30,541.7569394752608,1784947326179,Default Profile,false
2026-07-25T02:44:43.000Z,12.036830000000002,75.35951166666668,-47.400000000000006,2.3,323.28,3.368857,27,gps,0.51,0.95,1.08,-89.7,,,,70,,1784947483000,2026-07-25T08:14:43.000+05:30,564.0785162384251,1784947326179,Default Profile,false
2026-07-25T02:44:49.000Z,12.036975,75.35938833333333,-41.800000000000004,2.2,328.37,3.8341658,27,gps,0.51,0.95,1.08,-89.7,,,,70,,1784947489000,2026-07-25T08:14:49.000+05:30,585.0512429763589,1784947326179,Default Profile,false
2026-07-25T02:44:54.000Z,12.03717,75.35922333333333,-38.7,2.1,320.59,6.062913,25,gps,0.55,1.02,1.16,-89.7,,,,70,,1784947494000,2026-07-25T08:14:54.000+05:30,613.1960742433724,1784947326179,Default Profile,false
2026-07-25T02:45:00.000Z,12.037456666666666,75.35895166666666,-39.300000000000004,2.4,312.66,6.1004877,22,gps,0.66,0.74,0.99,-89.7,,,,70,,1784947500000,2026-07-25T08:15:00.000+05:30,656.6576017315854,1784947326179,Default Profile,false
2026-07-25T02:45:06.000Z,12.037560000000001,75.35888,-39.400000000000006,2.2,324.29,0.0,23,gps,0.60,0.73,0.94,-89.7,,,,70,,1784947506000,2026-07-25T08:15:06.000+05:30,670.5416138393618,1784947326179,Default Profile,false
2026-07-25T02:45:11.000Z,12.03757,75.35887166666666,-39.400000000000006,1.1,316.63,2.095949,22,gps,0.61,0.76,0.97,-89.7,,,,70,,1784947511000,2026-07-25T08:15:11.000+05:30,671.9760887504474,1784947326179,Default Profile,false
2026-07-25T02:45:17.000Z,12.037718333333332,75.35874666666668,-40.6,1.9,320.74,4.5393353,25,gps,0.54,1.03,1.17,-89.7,,,,70,,1784947517000,2026-07-25T08:15:17.000+05:30,693.3498738871232,1784947326179,Default Profile,false
2026-07-25T02:45:22.000Z,12.037918333333334,75.35857666666668,-42.0,1.9,323.16,5.748418,25,gps,0.58,0.71,0.92,-89.7,,,,70,,1784947522000,2026-07-25T08:15:22.000+05:30,722.2697401152745,1784947326179,Default Profile,false
2026-07-25T02:45:28.000Z,12.03817,75.35837666666666,-45.7,1.9,320.74,5.9959993,27,gps,0.51,0.69,0.86,-89.7,,,,70,,1784947528000,2026-07-25T08:15:28.000+05:30,757.7121878527473,1784947326179,Default Profile,false
2026-07-25T02:45:34.000Z,12.038485,75.358115,-48.6,2.0,321.23,7.5411954,28,gps,0.50,0.66,0.83,-89.7,,,,69,,1784947534000,2026-07-25T08:15:34.000+05:30,802.8408977902621,1784947326179,Default Profile,false
2026-07-25T02:45:40.000Z,12.038856666666668,75.35782666666667,-51.300000000000004,2.0,321.2,8.580935,24,gps,0.55,0.68,0.87,-89.7,,,,69,,1784947540000,2026-07-25T08:15:40.000+05:30,854.7173077003714,1784947326179,Default Profile,false
2026-07-25T02:45:46.000Z,12.039238333333333,75.35753,-54.900000000000006,2.2,322.27,8.798147,25,gps,0.55,0.92,1.08,-89.7,,,,69,,1784947546000,2026-07-25T08:15:46.000+05:30,908.0273194039127,1784947326179,Default Profile,false
2026-07-25T02:45:52.000Z,12.039670000000001,75.35722333333334,-57.900000000000006,2.2,325.18,10.053555,24,gps,0.57,1.09,1.23,-89.7,,,,69,,1784947552000,2026-07-25T08:15:52.000+05:30,966.4749195185713,1784947326179,Default Profile,false
2026-07-25T02:45:58.000Z,12.040103333333331,75.35691,-58.1,2.1,324.83,9.208381,23,gps,0.58,1.11,1.25,-89.7,,,,69,,1784947558000,2026-07-25T08:15:58.000+05:30,1025.4903900096745,1784947326179,Default Profile,false
2026-07-25T02:46:03.000Z,12.040449999999998,75.35663500000001,-60.300000000000004,2.0,324.55,9.474492,24,gps,0.57,1.06,1.20,-89.7,,,,69,,1784947563000,2026-07-25T08:16:03.000+05:30,1074.2784940968647,1784947326179,Default Profile,false
2026-07-25T02:46:09.000Z,12.04085833333333,75.35631666666667,-59.900000000000006,2.4,321.17,9.018448,22,gps,0.63,1.10,1.27,-89.7,,,,69,,1784947569000,2026-07-25T08:16:09.000+05:30,1131.3749447331936,1784947326179,Default Profile,false
2026-07-25T02:46:15.000Z,12.041265,75.35602833333334,-60.300000000000004,2.3,324.39,8.578876,24,gps,0.60,1.09,1.25,-89.7,,,,69,,1784947575000,2026-07-25T08:16:15.000+05:30,1186.4019277752493,1784947326179,Default Profile,false
2026-07-25T02:46:21.000Z,12.041646666666669,75.35581833333335,-60.2,2.6,339.23,7.4289856,23,gps,0.64,0.74,0.97,-89.7,,,,69,,1784947581000,2026-07-25T08:16:21.000+05:30,1234.5956770531166,1784947326179,Default Profile,false
2026-07-25T02:46:27.000Z,12.041948333333334,75.35572499999999,-59.2,2.7,342.6,4.7091937,23,gps,0.67,0.74,1.00,-89.7,,,,69,,1784947587000,2026-07-25T08:16:27.000+05:30,1269.6414431088413,1784947326179,Default Profile,false
2026-07-25T02:46:32.000Z,12.042075,75.355695,-54.300000000000004,2.6,2.92,2.5725818,24,gps,0.63,1.09,1.26,-89.7,,,,69,,1784947592000,2026-07-25T08:16:32.000+05:30,1284.0990376796176,1784947326179,Default Profile,false
2026-07-25T02:46:37.000Z,12.042196666666666,75.35571166666666,-47.900000000000006,2.4,355.82,2.7558227,30,gps,0.49,0.80,0.93,-89.7,,,,69,,1784947597000,2026-07-25T08:16:37.000+05:30,1297.7486235794333,1784947326179,Default Profile,false
2026-07-25T02:46:43.000Z,12.042390000000001,75.35578333333333,-41.800000000000004,2.2,7.28,3.4378297,29,gps,0.49,0.84,0.98,-89.7,,,,69,,1784947603000,2026-07-25T08:16:43.000+05:30,1320.615428145345,1784947326179,Default Profile,false
2026-07-25T02:46:49.000Z,12.042571666666667,75.35576833333333,-38.5,2.0,355.43,1.2559222,29,gps,0.50,0.66,0.82,-89.7,,,,69,,1784947609000,2026-07-25T08:16:49.000+05:30,1340.881594645209,1784947326179,Default Profile,false
2026-07-25T02:46:55.000Z,12.042585,75.35577666666667,-37.1,2.0,355.43,0.0,29,gps,0.48,0.64,0.80,-89.7,,,,69,,1784947615000,2026-07-25T08:16:55.000+05:30,1342.619224152719,1784947326179,Default Profile,false
2026-07-25T02:47:01.000Z,12.042585,75.35577666666667,-37.1,1.6,355.43,0.0,27,gps,0.50,0.65,0.82,-89.7,,,,69,,1784947621000,2026-07-25T08:17:01.000+05:30,1342.619224152719,1784947326179,Default Profile,false
2026-07-25T02:47:07.000Z,12.042585,75.35577666666667,-37.1,1.0,355.43,0.0,30,gps,0.48,0.61,0.78,-89.7,,,,69,,1784947627000,2026-07-25T08:17:07.000+05:30,1342.619224152719,1784947326179,Default Profile,false
2026-07-25T02:47:13.000Z,12.042585,75.35577666666667,-37.1,1.5,355.43,0.0,30,gps,0.49,0.61,0.78,-89.7,,,,69,,1784947633000,2026-07-25T08:17:13.000+05:30,1342.619224152719,1784947326179,Default Profile,false
2026-07-25T02:47:18.000Z,12.042585,75.35577666666667,-37.1,1.0,355.43,0.0,28,gps,0.50,0.62,0.80,-89.7,,,,69,,1784947638000,2026-07-25T08:17:18.000+05:30,1342.619224152719,1784947326179,Default Profile,false
2026-07-25T02:47:24.000Z,12.042585,75.35577666666667,-37.1,1.0,355.43,0.0,25,gps,0.55,0.71,0.90,-89.7,,,,69,,1784947644000,2026-07-25T08:17:24.000+05:30,1342.619224152719,1784947326179,Default Profile,false
2026-07-25T02:47:30.000Z,12.042585,75.35577666666667,-37.1,1.3,355.43,0.0,27,gps,0.54,0.68,0.87,-89.7,,,,69,,1784947650000,2026-07-25T08:17:30.000+05:30,1342.619224152719,1784947326179,Default Profile,false
2026-07-25T02:47:36.000Z,12.042585,75.35577666666667,-37.1,1.0,355.43,0.0,28,gps,0.52,0.68,0.85,-89.7,,,,69,,1784947656000,2026-07-25T08:17:36.000+05:30,1342.619224152719,1784947326179,Default Profile,false
2026-07-25T02:47:42.000Z,12.042585,75.35577666666667,-37.1,1.0,355.43,0.0,29,gps,0.50,0.66,0.82,-89.7,,,,69,,1784947662000,2026-07-25T08:17:42.000+05:30,1342.619224152719,1784947326179,Default Profile,false
2026-07-25T02:47:48.000Z,12.042585,75.35577666666667,-37.1,1.3,355.43,0.0,30,gps,0.48,0.61,0.78,-89.7,,,,69,,1784947668000,2026-07-25T08:17:48.000+05:30,1342.619224152719,1784947326179,Default Profile,false
2026-07-25T02:47:54.000Z,12.042638333333333,75.35579666666666,-37.900000000000006,1.4,9.86,1.7809389,28,gps,0.50,0.63,0.81,-89.7,,,,69,,1784947674000,2026-07-25T08:17:54.000+05:30,1348.9358714988298,1784947326179,Default Profile,false
2026-07-25T02:48:00.000Z,12.042806666666669,75.35581499999999,-40.0,2.2,7.38,2.1484506,28,gps,0.49,0.82,0.96,-89.7,,,,69,,1784947680000,2026-07-25T08:18:00.000+05:30,1367.759563681885,1784947326179,Default Profile,false
2026-07-25T02:48:06.000Z,12.042848333333332,75.35581333333333,-40.1,2.3,114.12,0.0,28,gps,0.50,0.67,0.84,-89.7,,,,69,,1784947686000,2026-07-25T08:18:06.000+05:30,1372.3962294166706,1784947326179,Default Profile,false
2026-07-25T02:48:12.000Z,12.0431,75.35582166666667,-41.0,2.2,2.61,4.033878,30,gps,0.47,0.82,0.95,-89.7,,,,69,,1784947692000,2026-07-25T08:18:12.000+05:30,1400.3949557164572,1784947326179,Default Profile,false
2026-07-25T02:48:18.000Z,12.043243333333331,75.35583333333334,-39.0,2.2,7.25,1.0114292,28,gps,0.49,0.66,0.82,-89.7,,,,69,,1784947698000,2026-07-25T08:18:18.000+05:30,1416.3833130603941,1784947326179,Default Profile,false
2026-07-25T02:48:24.000Z,12.043338333333335,75.35581333333333,-35.6,1.9,11.8,1.1308447,30,gps,0.47,0.63,0.79,-89.7,,,,69,,1784947704000,2026-07-25T08:18:24.000+05:30,1427.1684104278631,1784947326179,Default Profile,false
2026-07-25T02:48:30.000Z,12.043356666666666,75.35585166666667,-35.0,2.0,11.8,0.0,25,gps,0.52,0.69,0.86,-89.7,,,,69,,1784947710000,2026-07-25T08:18:30.000+05:30,1431.8088273667056,1784947326179,Default Profile,false
2026-07-25T02:48:36.000Z,12.043379999999997,75.35595833333333,-35.5,2.0,111.81,2.0712423,25,gps,0.53,0.69,0.87,-89.7,,,,69,,1784947716000,2026-07-25T08:18:36.000+05:30,1443.6951869867783,1784947326179,Default Profile,false
2026-07-25T02:48:42.000Z,12.043356666666666,75.35607833333333,-34.300000000000004,2.2,105.87,0.0,14,gps,0.83,0.77,1.13,-89.7,,,,69,,1784947722000,2026-07-25T08:18:42.000+05:30,1457.0003143886565,1784947326179,Default Profile,false
2026-07-25T02:48:48.000Z,12.043356666666666,75.35607833333333,-34.300000000000004,1.1,105.87,0.0,19,gps,0.65,0.71,0.96,-89.7,,,,69,,1784947728000,2026-07-25T08:18:48.000+05:30,1457.0003143886565,1784947326179,Default Profile,false
2026-07-25T02:48:54.000Z,12.043356666666666,75.35607833333333,-34.300000000000004,1.7,105.87,0.0,16,gps,0.72,0.74,1.03,-89.7,,,,69,,1784947734000,2026-07-25T08:18:54.000+05:30,1457.0003143886565,1784947326179,Default Profile,false
2026-07-25T02:49:00.000Z,12.043356666666666,75.35607833333333,-34.300000000000004,2.4,105.87,0.0,15,gps,0.74,0.74,1.05,-89.7,,,,69,,1784947740000,2026-07-25T08:19:00.000+05:30,1457.0003143886565,1784947326179,Default Profile,false
2026-07-25T02:49:06.000Z,12.043356666666666,75.35607833333333,-34.300000000000004,1.1,105.87,0.0,15,gps,0.74,0.74,1.05,-89.7,,,,69,,1784947746000,2026-07-25T08:19:06.000+05:30,1457.0003143886565,1784947326179,Default Profile,false
2026-07-25T02:49:12.000Z,12.043356666666666,75.35607833333333,-34.300000000000004,1.1,105.87,0.0,16,gps,0.73,0.73,1.03,-89.7,,,,69,,1784947752000,2026-07-25T08:19:12.000+05:30,1457.0003143886565,1784947326179,Default Profile,false
2026-07-25T02:49:18.000Z,12.043313333333334,75.35615166666666,-35.6,2.2,88.92,2.1391857,16,gps,0.72,0.74,1.03,-89.7,,,,69,,1784947758000,2026-07-25T08:19:18.000+05:30,1466.3177802688829,1784947326179,Default Profile,false
2026-07-25T02:49:24.000Z,12.043344999999999,75.35638666666667,-34.900000000000006,2.8,80.37,5.0226593,17,gps,0.70,0.74,1.02,-89.7,,,,69,,1784947764000,2026-07-25T08:19:24.000+05:30,1492.1148921204456,1784947326179,Default Profile,false
2026-07-25T02:49:29.000Z,12.043370000000001,75.35670333333334,-37.300000000000004,2.6,85.44,7.0444884,21,gps,0.59,1.00,1.16,-89.7,,,,69,,1784947769000,2026-07-25T08:19:29.000+05:30,1526.6636275396247,1784947326179,Default Profile,false
2026-07-25T02:49:35.000Z,12.043344999999999,75.35715833333333,-42.300000000000004,2.6,103.52,5.7437854,23,gps,0.55,0.97,1.11,-89.7,,,,69,,1784947775000,2026-07-25T08:19:35.000+05:30,1576.2217787300933,1784947326179,Default Profile,false
2026-07-25T02:49:40.000Z,12.043266666666666,75.357465,-43.5,2.6,106.72,5.653194,19,gps,0.64,0.74,0.98,-89.7,,,,69,,1784947780000,2026-07-25T08:19:40.000+05:30,1610.6897507031667,1784947326179,Default Profile,false
2026-07-25T02:49:46.000Z,12.043235000000001,75.35790999999999,-46.7,2.5,99.76,7.373396,20,gps,0.61,0.74,0.96,-89.7,,,,69,,1784947786000,2026-07-25T08:19:46.000+05:30,1659.2103541032302,1784947326179,Default Profile,false
2026-07-25T02:49:52.000Z,12.043145,75.35831333333334,-45.900000000000006,2.4,106.68,6.594621,19,gps,0.64,0.75,0.98,-89.7,,,,69,,1784947792000,2026-07-25T08:19:52.000+05:30,1704.1990711053004,1784947326179,Default Profile,false
2026-07-25T02:49:58.000Z,12.043080000000002,75.35867,-44.1,2.5,93.7,6.2435803,23,gps,0.57,0.68,0.88,-89.7,,,,69,,1784947798000,2026-07-25T08:19:58.000+05:30,1743.6533945320705,1784947326179,Default Profile,false
2026-07-25T02:50:04.000Z,12.043020000000002,75.35909,-42.900000000000006,2.4,96.32,8.029667,24,gps,0.55,0.65,0.85,-89.7,,,,69,,1784947804000,2026-07-25T08:20:04.000+05:30,1789.8121094583128,1784947326179,Default Profile,false
2026-07-25T02:50:09.000Z,12.043020000000002,75.35939833333333,-44.800000000000004,2.3,99.16,6.548296,22,gps,0.59,0.68,0.90,-89.7,,,,69,,1784947809000,2026-07-25T08:20:09.000+05:30,1823.3426384444201,1784947326179,Default Profile,false
2026-07-25T02:50:15.000Z,12.042975000000002,75.35973166666666,-46.900000000000006,2.2,93.4,6.6085186,22,gps,0.57,0.70,0.90,-89.7,,,,69,,1784947815000,2026-07-25T08:20:15.000+05:30,1859.9355877658968,1784947326179,Default Profile,false
2026-07-25T02:50:20.000Z,12.042971666666665,75.36007333333333,-48.300000000000004,2.0,94.42,6.9868393,22,gps,0.57,0.70,0.90,-89.7,,,,69,,1784947820000,2026-07-25T08:20:20.000+05:30,1897.0928939506114,1784947326179,Default Profile,false
2026-07-25T02:50:26.000Z,12.042901666666667,75.36050666666667,-47.7,2.4,97.27,7.927237,22,gps,0.57,0.70,0.90,-89.7,,,,69,,1784947826000,2026-07-25T08:20:26.000+05:30,1944.8553962548726,1784947326179,Default Profile,false
2026-07-25T02:50:32.000Z,12.042894999999998,75.36091333333334,-47.800000000000004,2.1,95.61,7.873191,20,gps,0.59,0.72,0.93,-89.7,,,,69,,1784947832000,2026-07-25T08:20:32.000+05:30,1989.0856778574478,1784947326179,Default Profile,false
2026-07-25T02:50:37.000Z,12.042801666666666,75.36127333333334,-48.5,2.2,115.0,8.184083,22,gps,0.57,0.70,0.90,-89.7,,,,69,,1784947837000,2026-07-25T08:20:37.000+05:30,2029.5871029888433,1784947326179,Default Profile,false
2026-07-25T02:50:43.000Z,12.042589999999999,75.36163166666667,-50.300000000000004,2.3,122.84,7.749143,21,gps,0.61,0.70,0.92,-89.7,,,,69,,1784947843000,2026-07-25T08:20:43.000+05:30,2075.1113530792964,1784947326179,Default Profile,false
2026-07-25T02:50:48.000Z,12.042430000000001,75.36196666666666,-51.0,2.5,113.68,7.363616,21,gps,0.61,0.97,1.15,-89.7,,,,69,,1784947848000,2026-07-25T08:20:48.000+05:30,2115.654050559391,1784947326179,Default Profile,false
2026-07-25T02:50:54.000Z,12.042288333333333,75.36234166666667,-54.0,2.4,107.66,7.501047,20,gps,0.67,1.14,1.32,-89.7,,,,69,,1784947854000,2026-07-25T08:20:54.000+05:30,2159.3712311691315,1784947326179,Default Profile,false
2026-07-25T02:51:00.000Z,12.042173333333334,75.36273,-55.5,2.5,108.45,7.1124315,19,gps,0.72,1.16,1.36,-89.7,,,,69,,1784947860000,2026-07-25T08:21:00.000+05:30,2203.49526408765,1784947326179,Default Profile,false
2026-07-25T02:51:06.000Z,12.042108333333333,75.36314666666667,-50.6,2.5,97.97,7.4804583,20,gps,0.67,1.14,1.32,-89.7,,,,69,,1784947866000,2026-07-25T08:21:06.000+05:30,2249.379760554949,1784947326179,Default Profile,false
2026-07-25T02:51:12.000Z,12.042033333333332,75.36356,-46.0,2.4,99.64,7.810395,23,gps,0.56,0.98,1.13,-89.7,,,,69,,1784947872000,2026-07-25T08:21:12.000+05:30,2295.096050237727,1784947326179,Default Profile,false
2026-07-25T02:51:17.000Z,12.04198,75.36391333333333,-46.800000000000004,2.2,98.01,7.8222337,22,gps,0.57,0.99,1.14,-89.7,,,,69,,1784947877000,2026-07-25T08:21:17.000+05:30,2333.975323219785,1784947326179,Default Profile,false
2026-07-25T02:51:23.000Z,12.04191,75.36434666666668,-45.1,2.2,99.7,7.872162,22,gps,0.60,1.10,1.26,-89.7,,,,69,,1784947883000,2026-07-25T08:21:23.000+05:30,2381.7379971958235,1784947326179,Default Profile,false
2026-07-25T02:51:29.000Z,12.041836666666665,75.36473833333334,-42.7,1.9,94.89,6.738229,25,gps,0.53,0.84,0.99,-89.7,,,,69,,1784947889000,2026-07-25T08:21:29.000+05:30,2425.104545704931,1784947326179,Default Profile,false
2026-07-25T02:51:35.000Z,12.041816666666668,75.36500833333334,-38.300000000000004,2.1,105.21,1.6290958,26,gps,0.51,0.83,0.98,-89.7,,,,69,,1784947895000,2026-07-25T08:21:35.000+05:30,2454.5506441725865,1784947326179,Default Profile,false
2026-07-25T02:51:41.000Z,12.041821666666666,75.36500166666666,-38.400000000000006,1.7,105.21,0.0,25,gps,0.52,0.64,0.83,-89.7,,,,69,,1784947901000,2026-07-25T08:21:41.000+05:30,2455.4642714980823,1784947326179,Default Profile,false
2026-07-25T02:51:47.000Z,12.041806666666666,75.36515,-36.900000000000006,2.0,97.04,4.010201,26,gps,0.52,0.62,0.81,-89.7,,,,69,,1784947907000,2026-07-25T08:21:47.000+05:30,2471.6812484846,1784947326179,Default Profile,false
2026-07-25T02:51:52.000Z,12.041763333333332,75.36540333333333,-36.1,1.8,98.24,6.163284,25,gps,0.53,0.84,0.99,-89.7,,,,69,,1784947912000,2026-07-25T08:21:52.000+05:30,2499.648984696085,1784947326179,Default Profile,false
2026-07-25T02:51:58.000Z,12.041696666666667,75.36582333333334,-36.300000000000004,2.1,94.28,8.055918,26,gps,0.52,0.92,1.06,-89.7,,,,69,,1784947918000,2026-07-25T08:21:58.000+05:30,2545.9208816073756,1784947326179,Default Profile,false
2026-07-25T02:52:04.000Z,12.041651666666667,75.36629166666667,-39.7,3.1,102.05,8.678217,19,gps,0.67,0.77,1.03,-89.7,,,,69,,1784947924000,2026-07-25T08:22:04.000+05:30,2597.096504697496,1784947326179,Default Profile,false
2026-07-25T02:52:10.000Z,12.041651666666667,75.36680166666666,-38.400000000000006,3.0,89.6,9.031316,17,gps,0.71,0.78,1.06,-89.7,,,,69,,1784947930000,2026-07-25T08:22:10.000+05:30,2652.5580946597956,1784947326179,Default Profile,false
2026-07-25T02:52:15.000Z,12.04165,75.36719666666666,-37.7,2.9,90.4,6.694477,21,gps,0.60,0.77,0.98,-89.7,,,,69,,1784947935000,2026-07-25T08:22:15.000+05:30,2695.5140397359187,1784947326179,Default Profile,false
2026-07-25T02:52:20.000Z,12.041646666666669,75.36751833333332,-37.300000000000004,2.6,86.27,7.0177226,20,gps,0.62,0.78,1.00,-89.7,,,,68,,1784947940000,2026-07-25T08:22:20.000+05:30,2730.4966798105697,1784947326179,Default Profile,false
2026-07-25T02:52:26.000Z,12.041663333333334,75.36782166666667,-36.5,2.5,92.3,4.197045,24,gps,0.54,0.71,0.90,-89.7,,,,68,,1784947946000,2026-07-25T08:22:26.000+05:30,2763.5356560478303,1784947326179,Default Profile,false
2026-07-25T02:52:31.000Z,12.04167,75.36791833333334,-36.1,2.5,74.69,2.108302,23,gps,0.57,0.74,0.94,-89.7,,,,68,,1784947951000,2026-07-25T08:22:31.000+05:30,2774.0740877281364,1784947326179,Default Profile,false
2026-07-25T02:52:37.000Z,12.041701666666665,75.36792666666666,-35.900000000000006,2.7,42.98,0.0,25,gps,0.54,0.69,0.88,-89.7,,,,68,,1784947957000,2026-07-25T08:22:37.000+05:30,2777.710008370996,1784947326179,Default Profile,false
2026-07-25T02:52:42.000Z,12.041701666666665,75.36792666666666,-35.900000000000006,2.8,42.98,0.0,21,gps,0.58,0.72,0.92,-89.7,,,,68,,1784947962000,2026-07-25T08:22:42.000+05:30,2777.710008370996,1784947326179,Default Profile,false
2026-07-25T02:52:47.000Z,12.041701666666665,75.36792666666666,-35.900000000000006,3.0,42.98,0.0,21,gps,0.59,0.75,0.95,-89.7,,,,68,,1784947967000,2026-07-25T08:22:47.000+05:30,2777.710008370996,1784947326179,Default Profile,false
2026-07-25T02:52:53.000Z,12.041743333333333,75.36811666666668,-34.7,2.7,81.27,3.552098,22,gps,0.59,0.73,0.94,-89.7,,,,68,,1784947973000,2026-07-25T08:22:53.000+05:30,2798.8852413015256,1784947326179,Default Profile,false
2026-07-25T02:52:59.000Z,12.0418,75.368315,-32.900000000000006,2.3,50.27,3.2453237,26,gps,0.55,0.69,0.88,-89.7,,,,68,,1784947979000,2026-07-25T08:22:59.000+05:30,2821.3551872995454,1784947326179,Default Profile,false
2026-07-25T02:53:05.000Z,12.04206,75.36836833333334,-35.6,2.6,356.05,5.5615735,25,gps,0.61,0.69,0.92,-89.7,,,,68,,1784947985000,2026-07-25T08:23:05.000+05:30,2850.841901223804,1784947326179,Default Profile,false
2026-07-25T02:53:11.000Z,12.042286666666666,75.36844166666667,-35.5,2.5,5.84,4.4394794,20,gps,0.74,0.75,1.06,-89.7,,,,68,,1784947991000,2026-07-25T08:23:11.000+05:30,2877.277656373193,1784947326179,Default Profile,false
2026-07-25T02:53:17.000Z,12.042378333333334,75.36844500000001,-40.5,2.4,332.43,0.0,24,gps,0.69,0.72,1.00,-89.7,,,,68,,1784947997000,2026-07-25T08:23:17.000+05:30,2887.4769683579175,1784947326179,Default Profile,false
2026-07-25T02:53:23.000Z,12.042375,75.36844833333333,-40.300000000000004,1.1,332.43,0.0,25,gps,0.65,0.69,0.95,-89.7,,,,68,,1784948003000,2026-07-25T08:23:23.000+05:30,2887.9954107066847,1784947326179,Default Profile,false
2026-07-25T02:53:29.000Z,12.042375,75.36844833333333,-40.300000000000004,2.0,332.43,0.0,24,gps,0.66,0.71,0.97,-89.7,,,,68,,1784948009000,2026-07-25T08:23:29.000+05:30,2887.9954107066847,1784947326179,Default Profile,false
2026-07-25T02:53:35.000Z,12.042375,75.36844833333333,-40.300000000000004,1.1,332.43,0.0,24,gps,0.66,0.71,0.97,-89.7,,,,68,,1784948015000,2026-07-25T08:23:35.000+05:30,2887.9954107066847,1784947326179,Default Profile,false
2026-07-25T02:53:41.000Z,12.042375,75.36844833333333,-40.300000000000004,1.0,332.43,0.0,23,gps,0.67,0.71,0.98,-89.7,,,,68,,1784948021000,2026-07-25T08:23:41.000+05:30,2887.9954107066847,1784947326179,Default Profile,false
2026-07-25T02:53:47.000Z,12.042375,75.36844833333333,-40.300000000000004,1.0,332.43,0.0,25,gps,0.59,0.68,0.90,-89.7,,,,68,,1784948027000,2026-07-25T08:23:47.000+05:30,2887.9954107066847,1784947326179,Default Profile,false
2026-07-25T02:53:53.000Z,12.042536666666669,75.36848166666667,-42.800000000000004,2.1,18.71,4.402934,25,gps,0.58,0.98,1.14,-89.7,,,,68,,1784948033000,2026-07-25T08:23:53.000+05:30,2906.333762317589,1784947326179,Default Profile,false
2026-07-25T02:53:59.000Z,12.042819999999999,75.36858833333334,-43.300000000000004,2.3,12.9,6.2785816,27,gps,0.53,0.92,1.06,-89.7,,,,68,,1784948039000,2026-07-25T08:23:59.000+05:30,2939.9065790526547,1784947326179,Default Profile,false
2026-07-25T02:54:05.000Z,12.043178333333334,75.36871833333333,-42.400000000000006,2.3,15.63,7.1752276,27,gps,0.55,0.95,1.10,-89.7,,,,68,,1784948045000,2026-07-25T08:24:05.000+05:30,2982.1850879071244,1784947326179,Default Profile,false
2026-07-25T02:54:11.000Z,12.043555,75.36882166666666,-40.900000000000006,2.2,13.8,7.2735395,26,gps,0.57,0.90,1.07,-89.7,,,,68,,1784948051000,2026-07-25T08:24:11.000+05:30,3025.549782289402,1784947326179,Default Profile,false
2026-07-25T02:54:17.000Z,12.043921666666666,75.36896166666666,-39.900000000000006,2.5,17.76,7.8654704,28,gps,0.58,0.84,1.02,-89.7,,,,68,,1784948057000,2026-07-25T08:24:17.000+05:30,3069.07106944189,1784947326179,Default Profile,false
2026-07-25T02:54:23.000Z,12.044355,75.36906333333333,-40.1,2.6,10.7,8.324602,25,gps,0.57,0.91,1.07,-89.7,,,,68,,1784948063000,2026-07-25T08:24:23.000+05:30,3118.507668899979,1784947326179,Default Profile,false
2026-07-25T02:54:29.000Z,12.044821666666667,75.36911833333333,-41.7,2.4,9.73,8.304528,23,gps,0.61,0.73,0.95,-89.7,,,,68,,1784948069000,2026-07-25T08:24:29.000+05:30,3170.7421950632142,1784947326179,Default Profile,false
2026-07-25T02:54:35.000Z,12.045201666666665,75.36921333333333,-45.1,2.8,10.73,7.984371,22,gps,0.69,0.73,1.00,-89.7,,,,68,,1784948075000,2026-07-25T08:24:35.000+05:30,3214.2408750938994,1784947326179,Default Profile,false
2026-07-25T02:54:41.000Z,12.045586666666669,75.36927666666666,-44.800000000000004,2.5,6.68,6.7366843,26,gps,0.61,0.67,0.90,-89.7,,,,68,,1784948081000,2026-07-25T08:24:41.000+05:30,3257.6013972412384,1784947326179,Default Profile,false
2026-07-25T02:54:47.000Z,12.045988333333332,75.36928833333333,-42.800000000000004,2.6,354.66,7.8124537,23,gps,0.65,0.94,1.14,-89.7,,,,68,,1784948087000,2026-07-25T08:24:47.000+05:30,3302.282708683737,1784947326179,Default Profile,false
2026-07-25T02:54:53.000Z,12.046433333333335,75.36919166666667,-42.0,2.9,349.26,8.545933,22,gps,0.69,0.74,1.01,-89.7,,,,68,,1784948093000,2026-07-25T08:24:53.000+05:30,3352.8687552193232,1784947326179,Default Profile,false
2026-07-25T02:54:58.000Z,12.046798333333333,75.36917666666666,-41.2,2.7,357.18,8.641671,22,gps,0.67,1.10,1.29,-89.7,,,,68,,1784948098000,2026-07-25T08:24:58.000+05:30,3393.4876697618874,1784947326179,Default Profile,false
2026-07-25T02:55:04.000Z,12.047328333333333,75.36914,-37.5,2.3,5.83,9.687587,28,gps,0.54,0.81,0.97,-89.7,,,,68,,1784948104000,2026-07-25T08:25:04.000+05:30,3452.5557165671244,1784947326179,Default Profile,false
2026-07-25T02:55:09.000Z,12.047701666666667,75.36927833333333,-35.7,2.5,24.32,8.671011,27,gps,0.59,0.84,1.03,-89.7,,,,68,,1784948109000,2026-07-25T08:25:09.000+05:30,3496.7100752958386,1784947326179,Default Profile,false
2026-07-25T02:55:15.000Z,12.048118333333331,75.36947333333333,-32.800000000000004,2.6,22.66,9.450814,25,gps,0.64,0.87,1.09,-89.7,,,,68,,1784948115000,2026-07-25T08:25:15.000+05:30,3547.6634973102564,1784947326179,Default Profile,false
2026-07-25T02:55:21.000Z,12.048505,75.36977499999999,-29.800000000000004,3.1,41.53,8.265924,17,gps,0.72,0.76,1.05,-89.7,,,,68,,1784948121000,2026-07-25T08:25:21.000+05:30,3601.744578272616,1784947326179,Default Profile,false
2026-07-25T02:55:27.000Z,12.048859999999998,75.370075,-28.1,3.5,42.75,5.9604836,16,gps,0.73,0.80,1.08,-89.7,,,,68,,1784948127000,2026-07-25T08:25:27.000+05:30,3652.9550492945714,1784947326179,Default Profile,false
2026-07-25T02:55:32.000Z,12.048893333333334,75.37012166666666,-28.0,3.5,42.26,1.2528338,14,gps,0.96,0.79,1.24,-89.7,,,,68,,1784948132000,2026-07-25T08:25:32.000+05:30,3659.239277009006,1784947326179,Default Profile,false
2026-07-25T02:55:38.000Z,12.048861666666669,75.37012833333333,-27.300000000000004,3.7,42.26,0.0,14,gps,0.92,0.79,1.22,-89.7,,,,68,,1784948138000,2026-07-25T08:25:38.000+05:30,3662.834306422369,1784947326179,Default Profile,false
2026-07-25T02:55:44.000Z,12.04894,75.37015333333333,-28.300000000000004,3.0,25.69,2.4696372,17,gps,0.71,1.14,1.34,-89.7,,,,68,,1784948144000,2026-07-25T08:25:44.000+05:30,3671.9589845201003,1784947326179,Default Profile,false
2026-07-25T02:55:49.000Z,12.049053333333331,75.37024333333333,-28.800000000000004,2.8,48.55,3.1948807,16,gps,0.71,0.73,1.02,-89.7,,,,68,,1784948149000,2026-07-25T08:25:49.000+05:30,3687.9151584645174,1784947326179,Default Profile,false
2026-07-25T02:55:55.000Z,12.049291666666667,75.37047,-23.400000000000006,2.9,41.59,5.942468,16,gps,0.84,0.82,1.17,-89.7,,,,68,,1784948155000,2026-07-25T08:25:55.000+05:30,3724.1076407538667,1784947326179,Default Profile,false
2026-07-25T02:56:00.000Z,12.049540000000002,75.370625,-19.0,2.9,31.53,7.6647286,19,gps,0.88,1.12,1.42,-89.7,,,,68,,1784948160000,2026-07-25T08:26:00.000+05:30,3756.4589566944783,1784947326179,Default Profile,false
2026-07-25T02:56:06.000Z,12.049914999999999,75.37086166666667,-17.700000000000003,2.7,36.39,7.9519434,19,gps,0.68,0.74,1.00,-89.7,,,,68,,1784948166000,2026-07-25T08:26:06.000+05:30,3805.4598613557514,1784947326179,Default Profile,false
2026-07-25T02:56:11.000Z,12.05026,75.37111499999999,-15.100000000000009,2.8,36.05,8.877414,19,gps,0.73,1.16,1.37,-89.7,,,,68,,1784948171000,2026-07-25T08:26:11.000+05:30,3852.6890059960383,1784947326179,Default Profile,false
2026-07-25T02:56:16.000Z,12.050598333333335,75.37136000000001,-12.200000000000003,3.0,35.53,8.880503,20,gps,0.67,0.74,1.00,-89.7,,,,68,,1784948176000,2026-07-25T08:26:16.000+05:30,3898.7884159625532,1784947326179,Default Profile,false
2026-07-25T02:56:22.000Z,12.050978333333335,75.37162166666667,-11.200000000000003,2.9,36.49,8.46718,20,gps,0.66,0.75,1.00,-89.7,,,,68,,1784948182000,2026-07-25T08:26:22.000+05:30,3949.7303740521133,1784947326179,Default Profile,false
2026-07-25T02:56:28.000Z,12.051314999999999,75.37191833333333,-8.900000000000006,2.8,43.65,7.0161786,15,gps,0.83,0.83,1.18,-89.7,,,,68,,1784948188000,2026-07-25T08:26:28.000+05:30,3999.148864268965,1784947326179,Default Profile,false
2026-07-25T02:56:34.000Z,12.05154,75.37219333333334,-5.400000000000006,2.9,51.59,6.3197594,15,gps,0.84,1.35,1.59,-89.7,,,,68,,1784948194000,2026-07-25T08:26:34.000+05:30,4038.139024469464,1784947326179,Default Profile,false
2026-07-25T02:56:40.000Z,12.051791666666668,75.37246333333333,-3.299999999999997,2.8,51.74,6.4201303,17,gps,0.89,1.21,1.51,-89.7,,,,68,,1784948200000,2026-07-25T08:26:40.000+05:30,4078.6997348006607,1784947326179,Default Profile,false
2026-07-25T02:56:45.000Z,12.052021666666667,75.37267333333332,-2.1000000000000085,2.7,46.82,6.6496964,17,gps,0.78,1.27,1.49,-89.7,,,,68,,1784948205000,2026-07-25T08:26:45.000+05:30,4112.986270643026,1784947326179,Default Profile,false
2026-07-25T02:56:51.000Z,12.052283333333332,75.372975,1.2000000000000028,2.9,41.24,7.774879,17,gps,0.73,1.08,1.31,-89.7,,,,68,,1784948211000,2026-07-25T08:26:51.000+05:30,4156.834966063757,1784947326179,Default Profile,false
2026-07-25T02:56:57.000Z,12.052693333333332,75.37335333333334,2.200000000000003,2.9,39.25,10.621293,19,gps,0.73,1.16,1.37,-89.7,,,,68,,1784948217000,2026-07-25T08:26:57.000+05:30,4218.243896710549,1784947326179,Default Profile,false
2026-07-25T02:57:02.000Z,12.053056666666665,75.37368333333333,1.0,3.0,38.88,10.481289,18,gps,0.75,1.16,1.38,-89.7,,,,68,,1784948222000,2026-07-25T08:27:02.000+05:30,4272.28082152925,1784947326179,Default Profile,false
2026-07-25T02:57:08.000Z,12.05362,75.37389333333334,-2.0,2.9,13.68,10.771077,19,gps,0.77,1.07,1.32,-89.7,,,,68,,1784948228000,2026-07-25T08:27:08.000+05:30,4338.9534134777505,1784947326179,Default Profile,false
2026-07-25T02:57:14.000Z,12.054250000000001,75.37392833333334,-7.700000000000003,3.0,8.57,10.161646,17,gps,0.91,1.28,1.57,-89.7,,,,68,,1784948234000,2026-07-25T08:27:14.000+05:30,4409.109532642571,1784947326179,Default Profile,false
2026-07-25T02:57:20.000Z,12.054828333333335,75.374045,-14.400000000000006,2.8,10.92,9.959875,22,gps,0.71,1.09,1.30,-89.7,,,,68,,1784948240000,2026-07-25T08:27:20.000+05:30,4474.656739968684,1784947326179,Default Profile,false
2026-07-25T02:57:25.000Z,12.055161666666667,75.37413333333333,-16.10000000000001,2.4,10.97,5.443702,23,gps,0.60,0.72,0.94,-89.7,,,,68,,1784948245000,2026-07-25T08:27:25.000+05:30,4512.946167361766,1784947326179,Default Profile,false
2026-07-25T02:57:31.000Z,12.055280000000002,75.37410333333334,-18.0,2.9,319.12,1.8004984,18,gps,0.82,0.79,1.13,-89.7,,,,68,,1784948251000,2026-07-25T08:27:31.000+05:30,4526.502611964146,1784947326179,Default Profile,false
2026-07-25T02:57:36.000Z,12.055383333333335,75.37416666666667,-19.5,3.1,22.36,3.693132,17,gps,0.81,0.78,1.12,-89.7,,,,68,,1784948256000,2026-07-25T08:27:36.000+05:30,4539.898679961155,1784947326179,Default Profile,false
2026-07-25T02:57:42.000Z,12.055736666666666,75.37428833333334,-20.400000000000006,2.9,19.61,8.35806,18,gps,0.80,0.77,1.11,-89.7,,,,68,,1784948262000,2026-07-25T08:27:42.000+05:30,4581.355376868254,1784947326179,Default Profile,false
2026-07-25T02:57:47.000Z,12.056149999999999,75.37445666666667,-17.60000000000001,2.7,19.93,10.666074,17,gps,0.96,1.46,1.75,-89.7,,,,68,,1784948267000,2026-07-25T08:27:47.000+05:30,4630.827046293439,1784947326179,Default Profile,false
2026-07-25T02:57:53.000Z,12.05682,75.37471000000001,-18.799999999999997,2.7,19.49,13.649919,18,gps,0.89,1.28,1.56,-89.7,,,,68,,1784948273000,2026-07-25T08:27:53.000+05:30,4710.257728282834,1784947326179,Default Profile,false
2026-07-25T02:57:59.000Z,12.057375000000002,75.37486333333332,-24.400000000000006,2.9,11.87,7.515459,19,gps,0.71,0.74,1.02,-89.7,,,,68,,1784948279000,2026-07-25T08:27:59.000+05:30,4774.1837137445145,1784947326179,Default Profile,false
2026-07-25T02:58:05.000Z,12.057321666666667,75.37482,-22.400000000000006,2.6,348.67,0.0,21,gps,0.70,0.71,1.00,-89.7,,,,68,,1784948285000,2026-07-25T08:28:05.000+05:30,4781.758271692167,1784947326179,Default Profile,false
2026-07-25T02:58:11.000Z,12.057413333333333,75.37493666666666,-21.5,2.6,33.46,5.653194,22,gps,0.62,1.00,1.17,-89.7,,,,68,,1784948291000,2026-07-25T08:28:11.000+05:30,4798.03227209372,1784947326179,Default Profile,false
2026-07-25T02:58:17.000Z,12.057749999999999,75.37518166666668,-22.60000000000001,2.7,34.17,8.896974,20,gps,0.61,1.10,1.26,-89.7,,,,68,,1784948297000,2026-07-25T08:28:17.000+05:30,4843.980154587078,1784947326179,Default Profile,false
2026-07-25T02:58:22.000Z,12.058091666666666,75.37548833333334,-21.60000000000001,2.8,40.52,9.866711,17,gps,0.79,0.77,1.11,-89.7,,,,68,,1784948302000,2026-07-25T08:28:22.000+05:30,4894.531246051557,1784947326179,Default Profile,false
2026-07-25T02:58:28.000Z,12.058525000000001,75.37588333333333,-20.799999999999997,2.7,39.71,10.40305,16,gps,0.95,0.76,1.22,-89.7,,,,68,,1784948308000,2026-07-25T08:28:28.000+05:30,4959.081171185683,1784947326179,Default Profile,false
2026-07-25T02:58:34.000Z,12.058965,75.37620833333334,-19.299999999999997,3.1,38.04,10.015465,18,gps,0.86,0.76,1.14,-89.7,,,,68,,1784948314000,2026-07-25T08:28:34.000+05:30,5019.436049383479,1784947326179,Default Profile,false
2026-07-25T02:58:39.000Z,12.0593,75.37644333333333,-14.799999999999997,3.1,28.76,8.845501,16,gps,0.88,0.85,1.22,-89.7,,,,68,,1784948319000,2026-07-25T08:28:39.000+05:30,5064.609053425424,1784947326179,Default Profile,false
2026-07-25T02:58:45.000Z,12.059851666666669,75.37655,-11.799999999999997,2.9,14.85,7.9967246,19,gps,0.74,0.77,1.07,-89.7,,,,68,,1784948325000,2026-07-25T08:28:45.000+05:30,5127.038566926418,1784947326179,Default Profile,false
2026-07-25T02:58:51.000Z,12.060236666666666,75.37661833333333,-6.799999999999997,2.7,9.74,6.3326273,24,gps,0.59,0.70,0.91,-89.7,,,,68,,1784948331000,2026-07-25T08:28:51.000+05:30,5170.488701558413,1784947326179,Default Profile,false
2026-07-25T02:58:57.000Z,12.060495,75.37665666666666,-5.200000000000003,2.5,4.8,4.226384,25,gps,0.54,0.68,0.87,-89.7,,,,68,,1784948337000,2026-07-25T08:28:57.000+05:30,5199.514923550026,1784947326179,Default Profile,false
2026-07-25T02:59:03.000Z,12.060799999999999,75.37668833333333,-0.20000000000000284,2.6,7.37,6.554473,25,gps,0.60,0.67,0.90,-89.7,,,,68,,1784948343000,2026-07-25T08:29:03.000+05:30,5233.603740531385,1784947326179,Default Profile,false
2026-07-25T02:59:09.000Z,12.061219999999999,75.37675833333333,1.2000000000000028,2.6,7.76,8.390487,24,gps,0.65,0.73,0.98,-89.7,,,,68,,1784948349000,2026-07-25T08:29:09.000+05:30,5280.921860540382,1784947326179,Default Profile,false
2026-07-25T02:59:15.000Z,12.061741666666668,75.37684833333333,4.700000000000003,2.8,12.65,9.325737,24,gps,0.60,0.68,0.91,-89.7,,,,68,,1784948355000,2026-07-25T08:29:15.000+05:30,5339.748330463944,1784947326179,Default Profile,false
2026-07-25T02:59:21.000Z,12.062286666666667,75.37698,5.3999999999999915,2.9,18.22,9.881638,22,gps,0.65,0.71,0.97,-89.7,,,,68,,1784948361000,2026-07-25T08:29:21.000+05:30,5402.017893247351,1784947326179,Default Profile,false
2026-07-25T02:59:26.000Z,12.062648333333334,75.37707666666667,8.299999999999997,2.8,11.82,5.7118726,21,gps,0.63,1.01,1.19,-89.7,,,,68,,1784948366000,2026-07-25T08:29:26.000+05:30,5443.584444755163,1784947326179,Default Profile,false
2026-07-25T02:59:32.000Z,12.062714999999999,75.37711833333333,8.200000000000003,2.6,352.31,0.0,21,gps,0.67,0.72,0.98,-89.7,,,,68,,1784948372000,2026-07-25T08:29:32.000+05:30,5452.272415262505,1784947326179,Default Profile,false
2026-07-25T02:59:38.000Z,12.062706666666667,75.37712,8.399999999999991,1.1,352.31,0.0,20,gps,0.73,0.77,1.06,-89.7,,,,68,,1784948378000,2026-07-25T08:29:38.000+05:30,5453.216596435141,1784947326179,Default Profile,false
2026-07-25T02:59:44.000Z,12.062855000000003,75.37721333333334,8.899999999999991,2.6,27.02,5.140016,18,gps,0.68,1.23,1.41,-89.7,,,,68,,1784948384000,2026-07-25T08:29:44.000+05:30,5472.582858354495,1784947326179,Default Profile,false
2026-07-25T02:59:50.000Z,12.063188333333335,75.37744166666667,7.800000000000011,2.7,26.39,8.602552,20,gps,0.66,1.14,1.32,-89.6,,,,68,,1784948390000,2026-07-25T08:29:50.000+05:30,5517.195468249342,1784947326179,Default Profile,false
2026-07-25T02:59:56.000Z,12.063645000000001,75.377765,5.300000000000011,2.7,36.73,11.09072,19,gps,0.68,1.14,1.33,-89.6,,,,68,,1784948396000,2026-07-25T08:29:56.000+05:30,5578.958473418928,1784947326179,Default Profile,false
2026-07-25T03:00:02.000Z,12.064211666666665,75.37820833333333,5.6000000000000085,3.0,39.82,13.856837,18,gps,0.71,1.30,1.49,-89.6,,,,68,,1784948402000,2026-07-25T08:30:02.000+05:30,5658.295103408052,1784947326179,Default Profile,false
2026-07-25T03:00:07.000Z,12.064741666666665,75.37864833333333,7.400000000000006,3.2,38.7,15.393798,16,gps,0.72,0.80,1.08,-89.6,,,,68,,1784948407000,2026-07-25T08:30:07.000+05:30,5734.204872534872,1784947326179,Default Profile,false
2026-07-25T03:00:12.000Z,12.065276666666668,75.37914500000001,6.900000000000006,3.1,40.32,16.119556,18,gps,0.66,0.79,1.03,-89.6,,,,68,,1784948412000,2026-07-25T08:30:12.000+05:30,5814.552378398701,1784947326179,Default Profile,false
2026-07-25T03:00:18.000Z,12.06593,75.37970166666668,-4.199999999999989,2.8,44.37,14.512078,16,gps,0.72,0.79,1.07,-89.6,,,,68,,1784948418000,2026-07-25T08:30:18.000+05:30,5909.112688304178,1784947326179,Default Profile,false
2026-07-25T03:00:24.000Z,12.066489999999998,75.38025333333333,-6.799999999999997,3.5,45.32,13.311232,9,gps,1.05,0.91,1.39,-89.6,,,,68,,1784948424000,2026-07-25T08:30:24.000+05:30,5995.57609843843,1784947326179,Default Profile,false
2026-07-25T03:00:29.000Z,12.067028333333333,75.380755,-17.099999999999994,3.5,43.15,12.223108,12,gps,0.87,0.85,1.22,-89.6,,,,68,,1784948429000,2026-07-25T08:30:29.000+05:30,6076.563391549502,1784947326179,Default Profile,false
2026-07-25T03:00:35.000Z,12.067446666666667,75.38116666666666,-14.799999999999997,3.1,44.49,11.34036,15,gps,0.79,0.79,1.12,-89.6,,,,68,,1784948435000,2026-07-25T08:30:35.000+05:30,6141.120202897181,1784947326179,Default Profile,false
2026-07-25T03:00:41.000Z,12.067810000000001,75.38157833333334,-10.5,2.9,44.27,9.799796,19,gps,0.64,0.70,0.95,-89.6,,,,68,,1784948441000,2026-07-25T08:30:41.000+05:30,6201.419570054396,1784947326179,Default Profile,false
2026-07-25T03:00:47.000Z,12.068188333333334,75.38193166666666,-9.799999999999997,2.7,46.41,8.774984,20,gps,0.63,0.73,0.96,-89.6,,,,68,,1784948447000,2026-07-25T08:30:47.000+05:30,6258.392561130998,1784947326179,Default Profile,false
2026-07-25T03:00:53.000Z,12.068311666666666,75.38212,-11.0,2.8,64.96,1.2399658,18,gps,0.70,1.16,1.35,-89.6,,,,68,,1784948453000,2026-07-25T08:30:53.000+05:30,6283.0392564689855,1784947326179,Default Profile,false
2026-07-25T03:00:59.000Z,12.06831,75.38213,-11.299999999999997,2.6,64.96,0.0,16,gps,0.69,0.79,1.05,-89.6,,,,68,,1784948459000,2026-07-25T08:30:59.000+05:30,6284.142310296961,1784947326179,Default Profile,false
2026-07-25T03:01:05.000Z,12.068346666666665,75.38213333333333,-10.299999999999997,2.8,64.96,0.14566639,16,gps,0.73,0.79,1.08,-89.6,,,,68,,1784948465000,2026-07-25T08:31:05.000+05:30,6288.235537140973,1784947326179,Default Profile,false
2026-07-25T03:01:11.000Z,12.068428333333335,75.382375,-7.799999999999997,3.3,64.09,6.455646,14,gps,0.92,0.83,1.24,-89.6,,,,68,,1784948471000,2026-07-25T08:31:11.000+05:30,6316.038538449375,1784947326179,Default Profile,false
2026-07-25T03:01:16.000Z,12.068523333333333,75.38279666666668,-7.299999999999997,3.4,74.57,9.482213,11,gps,1.16,0.89,1.46,-89.6,,,,68,,1784948476000,2026-07-25T08:31:16.000+05:30,6363.090574965847,1784947326179,Default Profile,false
2026-07-25T03:01:22.000Z,12.068828333333332,75.38344833333333,-4.8999999999999915,3.8,68.06,12.052735,10,gps,1.56,2.23,2.72,-89.6,,,,68,,1784948482000,2026-07-25T08:31:22.000+05:30,6441.648791228307,1784947326179,Default Profile,false
2026-07-25T03:01:28.000Z,12.069098333333333,75.38428833333334,-4.5,4.0,72.2,14.982019,9,gps,1.24,0.94,1.56,-89.6,,,,68,,1784948488000,2026-07-25T08:31:28.000+05:30,6537.795596514257,1784947326179,Default Profile,false
2026-07-25T03:01:34.000Z,12.069385,75.38505166666667,-8.299999999999997,3.8,69.37,14.673186,11,gps,1.13,1.67,2.02,-89.6,,,,68,,1784948494000,2026-07-25T08:31:34.000+05:30,6626.7084949186565,1784947326179,Default Profile,false
2026-07-25T03:01:40.000Z,12.069703333333333,75.385695,-11.0,3.4,64.69,12.699226,15,gps,0.80,0.79,1.12,-89.6,,,,68,,1784948500000,2026-07-25T08:31:40.000+05:30,6705.108267700349,1784947326179,Default Profile,false
2026-07-25T03:01:46.000Z,12.069979999999997,75.38620666666667,-9.399999999999991,3.1,53.96,9.117274,15,gps,0.78,0.79,1.11,-89.6,,,,68,,1784948506000,2026-07-25T08:31:46.000+05:30,6768.68415987305,1784947326179,Default Profile,false
2026-07-25T03:01:51.000Z,12.070150000000002,75.38631333333333,-12.099999999999994,2.6,40.37,1.2826878,19,gps,0.69,1.05,1.26,-89.6,,,,68,,1784948511000,2026-07-25T08:31:51.000+05:30,6790.861979722188,1784947326179,Default Profile,false
2026-07-25T03:01:57.000Z,12.070148333333334,75.38631333333333,-11.199999999999989,1.2,40.37,0.0,29,gps,0.50,0.64,0.81,-89.6,,,,68,,1784948517000,2026-07-25T08:31:57.000+05:30,6791.047304600053,1784947326179,Default Profile,false
2026-07-25T03:02:03.000Z,12.070381666666666,75.38656166666667,-14.099999999999994,2.2,45.24,8.119743,29,gps,0.50,0.82,0.95,-89.6,,,,68,,1784948523000,2026-07-25T08:32:03.000+05:30,6828.494949741251,1784947326179,Default Profile,false
2026-07-25T03:02:09.000Z,12.070775,75.38695666666668,-14.399999999999991,2.2,44.5,10.993952,28,gps,0.51,0.83,0.97,-89.6,,,,68,,1784948529000,2026-07-25T08:32:09.000+05:30,6889.794846785169,1784947326179,Default Profile,false
2026-07-25T03:02:15.000Z,12.0712,75.38742833333335,-15.699999999999989,2.2,51.42,11.724342,28,gps,0.51,0.81,0.96,-89.6,,,,68,,1784948535000,2026-07-25T08:32:15.000+05:30,6959.535013750474,1784947326179,Default Profile,false
2026-07-25T03:02:20.000Z,12.071515,75.38785666666666,-13.199999999999989,2.3,51.51,10.351064,25,gps,0.56,1.03,1.18,-89.6,,,,68,,1784948540000,2026-07-25T08:32:20.000+05:30,7017.811166555121,1784947326179,Default Profile,false
2026-07-25T03:02:26.000Z,12.071845,75.38821333333334,-9.299999999999997,2.2,48.3,8.194378,28,gps,0.51,0.85,0.99,-89.6,,,,68,,1784948546000,2026-07-25T08:32:26.000+05:30,7071.201779540379,1784947326179,Default Profile,false
2026-07-25T03:02:32.000Z,12.072138333333331,75.38854333333333,-3.299999999999997,2.3,49.26,8.97727,29,gps,0.50,0.81,0.95,-89.6,,,,68,,1784948552000,2026-07-25T08:32:32.000+05:30,7119.693628636286,1784947326179,Default Profile,false
2026-07-25T03:02:38.000Z,12.072471666666669,75.38891666666667,-0.19999999999998863,2.1,42.33,8.958225,29,gps,0.48,0.78,0.92,-89.6,,,,68,,1784948558000,2026-07-25T08:32:38.000+05:30,7174.663999245715,1784947326179,Default Profile,false
2026-07-25T03:02:44.000Z,12.072821666666668,75.38932,3.9000000000000057,2.3,57.79,9.551701,25,gps,0.51,0.81,0.96,-89.6,,,,68,,1784948564000,2026-07-25T08:32:44.000+05:30,7233.298796123476,1784947326179,Default Profile,false
2026-07-25T03:02:50.000Z,12.073018333333334,75.389815,8.200000000000003,2.8,71.19,9.029257,19,gps,0.60,0.97,1.14,-89.6,,,,68,,1784948570000,2026-07-25T08:32:50.000+05:30,7291.395758089266,1784947326179,Default Profile,false
2026-07-25T03:02:56.000Z,12.073110000000002,75.39028833333333,12.800000000000011,2.7,88.47,8.070845,20,gps,0.59,0.68,0.90,-89.6,,,,68,,1784948576000,2026-07-25T08:32:56.000+05:30,7343.863488478856,1784947326179,Default Profile,false
2026-07-25T03:03:02.000Z,12.073231666666667,75.39079166666667,15.0,2.4,62.74,8.872782,22,gps,0.56,0.86,1.02,-89.6,,,,68,,1784948582000,2026-07-25T08:33:02.000+05:30,7400.240945884784,1784947326179,Default Profile,false
2026-07-25T03:03:08.000Z,12.07363,75.39120333333334,15.800000000000011,2.2,44.75,10.632102,27,gps,0.50,0.80,0.94,-89.6,,,,68,,1784948588000,2026-07-25T08:33:08.000+05:30,7463.2134703239535,1784947326179,Default Profile,false
2026-07-25T03:03:14.000Z,12.074076666666667,75.39161333333332,16.200000000000003,2.5,41.35,10.762327,29,gps,0.48,0.60,0.77,-89.6,,,,68,,1784948594000,2026-07-25T08:33:14.000+05:30,7529.954164132787,1784947326179,Default Profile,false
2026-07-25T03:03:20.000Z,12.074551666666666,75.39191666666667,18.400000000000006,2.5,15.12,10.981084,29,gps,0.50,0.76,0.91,-89.6,,,,68,,1784948600000,2026-07-25T08:33:20.000+05:30,7592.224319849237,1784947326179,Default Profile,false
2026-07-25T03:03:26.000Z,12.07515833333333,75.39204833333334,14.900000000000006,2.0,9.62,10.481803,28,gps,0.51,0.79,0.94,-89.6,,,,68,,1784948606000,2026-07-25T08:33:26.000+05:30,7661.185072121378,1784947326179,Default Profile,false
2026-07-25T03:03:32.000Z,12.075416666666667,75.39210166666666,14.900000000000006,2.3,13.75,0.0,26,gps,0.53,0.82,0.98,-89.6,,,,68,,1784948612000,2026-07-25T08:33:32.000+05:30,7690.489961476151,1784947326179,Default Profile,false
2026-07-25T03:03:37.000Z,12.075408333333334,75.3921,15.900000000000006,2.3,13.75,0.0,27,gps,0.51,0.61,0.80,-89.6,,,,68,,1784948617000,2026-07-25T08:33:37.000+05:30,7691.434140999846,1784947326179,Default Profile,false
2026-07-25T03:03:43.000Z,12.075465000000001,75.39212833333333,16.30000000000001,2.0,26.62,2.899945,28,gps,0.49,0.60,0.78,-89.6,,,,68,,1784948623000,2026-07-25T08:33:43.000+05:30,7698.448025603761,1784947326179,Default Profile,false
2026-07-25T03:03:49.000Z,12.07577,75.39223333333332,17.200000000000003,2.2,23.68,8.133126,29,gps,0.48,0.59,0.76,-89.6,,,,68,,1784948629000,2026-07-25T08:33:49.000+05:30,7734.232668259999,1784947326179,Default Profile,false
2026-07-25T03:03:54.000Z,12.076166666666666,75.39241833333334,17.80000000000001,2.4,24.95,9.961934,26,gps,0.52,0.84,0.98,-89.6,,,,68,,1784948634000,2026-07-25T08:33:54.000+05:30,7782.710529317474,1784947326179,Default Profile,false
2026-07-25T03:04:00.000Z,12.076848333333333,75.392685,12.400000000000006,2.4,22.32,14.519284,28,gps,0.51,0.62,0.80,-89.6,,,,68,,1784948640000,2026-07-25T08:34:00.000+05:30,7863.8651452744525,1784947326179,Default Profile,false
2026-07-25T03:04:06.000Z,12.077650000000002,75.39298833333334,9.5,2.4,19.65,15.514242,24,gps,0.53,0.67,0.85,-89.6,,,,68,,1784948646000,2026-07-25T08:34:06.000+05:30,7958.912585837008,1784947326179,Default Profile,false
2026-07-25T03:04:11.000Z,12.078288333333335,75.39323833333333,7.900000000000006,2.4,18.86,14.696349,27,gps,0.49,0.62,0.79,-89.6,,,,68,,1784948651000,2026-07-25T08:34:11.000+05:30,8034.9192629074305,1784947326179,Default Profile,false
2026-07-25T03:04:17.000Z,12.079025000000001,75.39349333333332,7.400000000000006,2.3,12.51,14.6366415,25,gps,0.52,0.65,0.84,-89.6,,,,68,,1784948657000,2026-07-25T08:34:17.000+05:30,8121.398289234002,1784947326179,Default Profile,false
2026-07-25T03:04:23.000Z,12.079731666666666,75.39357166666667,4.900000000000006,2.3,5.56,11.99972,27,gps,0.51,0.87,1.01,-89.6,,,,68,,1784948663000,2026-07-25T08:34:23.000+05:30,8200.436310533878,1784947326179,Default Profile,false
2026-07-25T03:04:29.000Z,12.08039,75.39375666666666,2.9000000000000057,2.5,20.64,11.815964,29,gps,0.50,0.63,0.80,-89.6,,,,68,,1784948669000,2026-07-25T08:34:29.000+05:30,8276.353119788173,1784947326179,Default Profile,false
2026-07-25T03:04:35.000Z,12.081011666666665,75.39392833333333,-2.299999999999997,2.4,4.81,12.606062,26,gps,0.54,0.91,1.06,-89.6,,,,68,,1784948675000,2026-07-25T08:34:35.000+05:30,8347.955060948887,1784947326179,Default Profile,false
2026-07-25T03:04:40.000Z,12.081616666666665,75.393935,-4.799999999999997,2.4,357.7,13.612859,26,gps,0.53,0.68,0.86,-89.6,0.0,0,,68,,1784948680000,2026-07-25T08:34:40.000+05:30,8415.231896832283,1784947326179,Default Profile,false
2026-07-25T03:04:46.000Z,12.082263333333334,75.39406333333334,-8.699999999999989,2.7,22.12,10.824609,25,gps,0.53,0.67,0.85,-89.6,0.0,0,,68,,1784948686000,2026-07-25T08:34:46.000+05:30,8488.479370480623,1784947326179,Default Profile,false
2026-07-25T03:04:52.000Z,12.082586666666668,75.39420166666667,-7.5,2.5,24.25,4.0199804,27,gps,0.51,0.64,0.82,-89.6,0.0,0,,68,,1784948692000,2026-07-25T08:34:52.000+05:30,8527.451902718227,1784947326179,Default Profile,false
2026-07-25T03:04:58.000Z,12.082858333333336,75.39431333333333,-7.599999999999994,2.2,20.52,6.9935308,29,gps,0.50,0.81,0.95,-89.6,0.0,0,,68,,1784948698000,2026-07-25T08:34:58.000+05:30,8560.008640945707,1784947326179,Default Profile,false
2026-07-25T03:05:04.000Z,12.083285,75.39459333333333,-8.799999999999997,2.3,37.95,10.029363,25,gps,0.53,0.87,1.02,-89.6,0.0,0,,68,,1784948704000,2026-07-25T08:35:04.000+05:30,8616.38008681131,1784947326179,Default Profile,false
2026-07-25T03:05:10.000Z,12.083761666666666,75.39495666666667,-12.699999999999989,2.3,36.29,10.111203,25,gps,0.55,0.91,1.06,-89.6,0.0,0,,68,,1784948710000,2026-07-25T08:35:10.000+05:30,8682.486121922895,1784947326179,Default Profile,false
2026-07-25T03:05:16.000Z,12.084235000000001,75.39527166666667,-11.599999999999994,2.3,32.27,10.248119,24,gps,0.56,0.95,1.10,-89.6,0.0,0,,68,,1784948716000,2026-07-25T08:35:16.000+05:30,8745.28131981997,1784947326179,Default Profile,false
2026-07-25T03:05:22.000Z,12.084708333333333,75.39555333333332,-8.699999999999989,2.6,30.77,9.883697,25,gps,0.55,0.99,1.13,-89.6,0.0,0,,67,,1784948722000,2026-07-25T08:35:22.000+05:30,8806.175477020104,1784947326179,Default Profile,false
2026-07-25T03:05:27.000Z,12.085095,75.39577,-4.299999999999997,2.3,27.53,9.273235,25,gps,0.55,0.99,1.13,-89.6,0.0,0,,67,,1784948727000,2026-07-25T08:35:27.000+05:30,8855.201960435232,1784947326179,Default Profile,false
2026-07-25T03:05:33.000Z,12.085380000000002,75.39585666666667,-3.799999999999997,2.9,3.03,3.425991,17,gps,0.72,0.78,1.06,-89.6,0.0,0,,67,,1784948733000,2026-07-25T08:35:33.000+05:30,8888.263872826046,1784947326179,Default Profile,false
2026-07-25T03:05:39.000Z,12.085351666666668,75.39585833333334,-2.8999999999999915,2.6,2.03,0.0,19,gps,0.61,0.75,0.96,-89.6,0.0,0,,67,,1784948739000,2026-07-25T08:35:39.000+05:30,8891.419603241264,1784947326179,Default Profile,false
2026-07-25T03:05:44.000Z,12.085351666666668,75.39585833333334,-2.8999999999999915,1.1,2.03,0.0,19,gps,0.61,0.75,0.96,-89.6,0.0,0,,67,,1784948744000,2026-07-25T08:35:44.000+05:30,8891.419603241264,1784947326179,Default Profile,false
2026-07-25T03:05:50.000Z,12.085416666666667,75.395925,-2.299999999999997,2.2,32.07,2.8824444,18,gps,0.64,1.18,1.34,-89.6,0.0,0,,67,,1784948750000,2026-07-25T08:35:50.000+05:30,8901.65595254386,1784947326179,Default Profile,false
2026-07-25T03:05:56.000Z,12.085633333333332,75.39605833333333,-1.2999999999999972,2.6,31.89,5.1467075,22,gps,0.59,0.71,0.92,-89.6,0.0,0,,67,,1784948756000,2026-07-25T08:35:56.000+05:30,8929.773741276444,1784947326179,Default Profile,false
2026-07-25T03:06:02.000Z,12.085970000000001,75.39623333333334,-0.7999999999999972,2.6,29.51,6.9961042,20,gps,0.62,0.73,0.95,-89.6,0.0,0,,67,,1784948762000,2026-07-25T08:36:02.000+05:30,8971.76759038625,1784947326179,Default Profile,false
2026-07-25T03:06:08.000Z,12.086403333333331,75.39641666666667,-0.3999999999999915,2.3,22.75,8.4198265,24,gps,0.57,0.91,1.08,-89.6,0.0,0,,67,,1784948768000,2026-07-25T08:36:08.000+05:30,9023.91259777714,1784947326179,Default Profile,false
2026-07-25T03:06:14.000Z,12.086845000000002,75.396645,5.5,2.6,29.63,9.465227,25,gps,0.57,0.97,1.12,-89.6,0.0,0,,67,,1784948774000,2026-07-25T08:36:14.000+05:30,9078.942256365131,1784947326179,Default Profile,false
2026-07-25T03:06:20.000Z,12.087321666666666,75.396855,10.700000000000003,2.5,20.79,9.4065485,25,gps,0.56,0.95,1.10,-89.6,0.0,0,,67,,1784948780000,2026-07-25T08:36:20.000+05:30,9136.65418363992,1784947326179,Default Profile,false
2026-07-25T03:06:26.000Z,12.087768333333335,75.39700333333333,17.400000000000006,2.7,18.84,8.402326,22,gps,0.58,1.03,1.19,-89.6,0.0,0,,67,,1784948786000,2026-07-25T08:36:26.000+05:30,9188.874267658264,1784947326179,Default Profile,false
2026-07-25T03:06:31.000Z,12.08819,75.397085,21.0,2.7,12.35,8.731748,24,gps,0.57,0.70,0.90,-89.6,0.0,0,,67,,1784948791000,2026-07-25T08:36:31.000+05:30,9236.5948682733,1784947326179,Default Profile,false
2026-07-25T03:06:37.000Z,12.088691666666668,75.39717,20.700000000000003,2.5,15.32,8.853222,24,gps,0.56,0.69,0.89,-89.6,0.0,0,,67,,1784948797000,2026-07-25T08:36:37.000+05:30,9293.138070750425,1784947326179,Default Profile,false
2026-07-25T03:06:43.000Z,12.089104999999998,75.39732833333333,19.10000000000001,2.4,23.15,8.064668,25,gps,0.55,0.69,0.89,-89.6,0.0,0,,67,,1784948803000,2026-07-25T08:36:43.000+05:30,9342.21703868105,1784947326179,Default Profile,false
2026-07-25T03:06:49.000Z,12.089471666666668,75.39753,22.5,2.4,36.09,7.7115684,23,gps,0.58,0.71,0.92,-89.6,0.0,0,,67,,1784948809000,2026-07-25T08:36:49.000+05:30,9388.510732008368,1784947326179,Default Profile,false
2026-07-25T03:06:55.000Z,12.08978,75.39786333333333,26.400000000000006,2.5,47.09,8.229379,26,gps,0.55,0.85,1.01,-89.6,0.0,0,,67,,1784948815000,2026-07-25T08:36:55.000+05:30,9438.40078458574,1784947326179,Default Profile,false
2026-07-25T03:07:01.000Z,12.090101666666666,75.39823500000001,29.200000000000003,2.4,40.4,9.794134,29,gps,0.49,0.76,0.90,-89.6,0.0,0,,67,,1784948821000,2026-07-25T08:37:01.000+05:30,9492.367086095557,1784947326179,Default Profile,false
2026-07-25T03:07:07.000Z,12.090498333333334,75.39856333333334,35.10000000000001,2.6,28.31,9.363827,27,gps,0.51,0.64,0.82,-89.6,0.0,0,,67,,1784948827000,2026-07-25T08:37:07.000+05:30,9549.111138731167,1784947326179,Default Profile,false
2026-07-25T03:07:13.000Z,12.090953333333335,75.39872166666667,36.5,2.2,20.14,8.203128,26,gps,0.52,0.66,0.84,-89.6,0.0,0,,67,,1784948833000,2026-07-25T08:37:13.000+05:30,9602.553525564006,1784947326179,Default Profile,false
2026-07-25T03:07:19.000Z,12.091396666666666,75.39892333333334,37.2,2.1,30.37,8.637553,26,gps,0.51,0.83,0.98,-89.6,0.0,0,,67,,1784948839000,2026-07-25T08:37:19.000+05:30,9656.506495980053,1784947326179,Default Profile,false
2026-07-25T03:07:25.000Z,12.091685,75.39909333333334,37.900000000000006,2.3,20.01,3.0188458,27,gps,0.49,0.84,0.97,-89.6,0.0,0,,67,,1784948845000,2026-07-25T08:37:25.000+05:30,9693.514198168237,1784947326179,Default Profile,false
2026-07-25T03:07:31.000Z,12.09182,75.399175,37.900000000000006,1.9,32.87,5.008762,31,gps,0.45,0.71,0.85,-89.6,0.0,0,,67,,1784948851000,2026-07-25T08:37:31.000+05:30,9710.955072914623,1784947326179,Default Profile,false
2026-07-25T03:07:37.000Z,12.092096666666665,75.39937166666667,39.0,2.3,31.08,6.1076937,28,gps,0.47,0.77,0.90,-89.6,0.0,0,,67,,1784948857000,2026-07-25T08:37:37.000+05:30,9748.420494813392,1784947326179,Default Profile,false
2026-07-25T03:07:43.000Z,12.092406666666667,75.39960333333333,38.80000000000001,2.4,40.07,8.231953,27,gps,0.48,0.75,0.89,-89.6,0.0,0,,67,,1784948863000,2026-07-25T08:37:43.000+05:30,9791.113292241287,1784947326179,Default Profile,false
2026-07-25T03:07:49.000Z,12.092766666666668,75.399905,40.5,2.3,39.38,8.30144,27,gps,0.49,0.77,0.91,-89.6,0.0,0,,67,,1784948869000,2026-07-25T08:37:49.000+05:30,9842.86481909303,1784947326179,Default Profile,false
2026-07-25T03:07:55.000Z,12.092978333333333,75.40010333333333,40.5,2.2,37.74,1.3979856,24,gps,0.56,0.88,1.04,-89.6,0.0,0,,67,,1784948875000,2026-07-25T08:37:55.000+05:30,9874.786182482907,1784947326179,Default Profile,false
2026-07-25T03:08:01.000Z,12.093073333333333,75.40015166666667,40.0,2.2,34.49,3.4625363,24,gps,0.56,1.01,1.15,-89.6,0.0,0,,67,,1784948881000,2026-07-25T08:38:01.000+05:30,9886.584681578108,1784947326179,Default Profile,false
2026-07-25T03:08:07.000Z,12.093288333333332,75.40034666666666,40.80000000000001,2.4,42.32,6.71764,26,gps,0.53,0.84,1.00,-89.6,0.0,0,,67,,1784948887000,2026-07-25T08:38:07.000+05:30,9918.538675066364,1784947326179,Default Profile,false
2026-07-25T03:08:12.000Z,12.093585,75.400585,43.30000000000001,2.4,43.22,8.591743,25,gps,0.52,0.87,1.02,-89.6,0.0,0,,67,,1784948892000,2026-07-25T08:38:12.000+05:30,9960.487415391926,1784947326179,Default Profile,false
2026-07-25T03:08:18.000Z,12.093995,75.40095666666666,47.0,2.5,48.69,10.257384,27,gps,0.47,0.76,0.89,-89.6,0.0,0,,67,,1784948898000,2026-07-25T08:38:18.000+05:30,10021.408897874178,1784947326179,Default Profile,false
2026-07-25T03:08:24.000Z,12.094363333333336,75.40142999999999,44.900000000000006,2.5,53.82,10.494157,27,gps,0.48,0.70,0.85,-89.6,0.0,0,,67,,1784948904000,2026-07-25T08:38:24.000+05:30,10087.181304867096,1784947326179,Default Profile,false
2026-07-25T03:08:29.000Z,12.094668333333335,75.40183,47.099999999999994,2.7,48.1,11.171531,28,gps,0.48,0.70,0.84,-89.6,0.0,0,,67,,1784948909000,2026-07-25T08:38:29.000+05:30,10142.332294281787,1784947326179,Default Profile,false
2026-07-25T03:08:35.000Z,12.095113333333332,75.40224333333335,50.0,2.6,40.9,10.962039,27,gps,0.48,0.76,0.90,-89.6,0.0,0,,67,,1784948915000,2026-07-25T08:38:35.000+05:30,10209.175965651177,1784947326179,Default Profile,false
2026-07-25T03:08:40.000Z,12.0955,75.40255666666667,54.30000000000001,2.6,37.78,10.598645,27,gps,0.48,0.60,0.77,-89.6,0.0,0,,67,,1784948920000,2026-07-25T08:38:40.000+05:30,10264.032183705254,1784947326179,Default Profile,false
2026-07-25T03:08:46.000Z,12.095946666666668,75.40285999999999,56.80000000000001,2.4,35.75,9.357135,24,gps,0.52,0.80,0.96,-89.6,0.0,0,,67,,1784948926000,2026-07-25T08:38:46.000+05:30,10323.651962106132,1784947326179,Default Profile,false
2026-07-25T03:08:52.000Z,12.096371666666668,75.40313833333333,54.5,2.4,31.98,8.223202,22,gps,0.58,1.02,1.17,-89.6,0.0,0,,67,,1784948932000,2026-07-25T08:38:52.000+05:30,10379.768789588083,1784947326179,Default Profile,false
2026-07-25T03:08:57.000Z,12.096681666666665,75.40336833333335,54.30000000000001,2.5,33.2,8.75491,25,gps,0.53,0.89,1.04,-89.6,0.0,0,,67,,1784948937000,2026-07-25T08:38:57.000+05:30,10422.35468874431,1784947326179,Default Profile,false
2026-07-25T03:09:03.000Z,12.097108333333331,75.40370833333333,54.900000000000006,2.6,44.16,9.99745,22,gps,0.54,0.90,1.05,-89.6,0.0,0,,67,,1784948943000,2026-07-25T08:39:03.000+05:30,10482.499484404052,1784947326179,Default Profile,false
2026-07-25T03:09:08.000Z,12.097438333333333,75.40407166666667,52.400000000000006,2.7,42.62,11.50816,23,gps,0.55,0.68,0.87,-89.6,0.0,0,,67,,1784948948000,2026-07-25T08:39:08.000+05:30,10536.41619769259,1784947326179,Default Profile,false
2026-07-25T03:09:14.000Z,12.097851666666667,75.404515,54.599999999999994,2.6,45.05,11.39492,25,gps,0.51,0.65,0.83,-89.6,0.0,0,,67,,1784948954000,2026-07-25T08:39:14.000+05:30,10603.017786368066,1784947326179,Default Profile,false
2026-07-25T03:09:20.000Z,12.098153333333334,75.40482666666666,57.900000000000006,2.7,46.65,5.333037,22,gps,0.54,0.71,0.89,-89.6,0.0,0,,67,,1784948960000,2026-07-25T08:39:20.000+05:30,10650.698518640223,1784947326179,Default Profile,false
2026-07-25T03:09:25.000Z,12.098193333333333,75.40482999999999,58.5,2.8,34.45,1.1993028,19,gps,0.61,0.78,0.99,-89.6,0.0,0,,67,,1784948965000,2026-07-25T08:39:25.000+05:30,10655.161056623143,1784947326179,Default Profile,false
2026-07-25T03:09:31.000Z,12.098198333333334,75.40482166666668,59.80000000000001,2.8,34.45,0.0,22,gps,0.55,0.70,0.89,-89.6,0.0,0,,67,,1784948971000,2026-07-25T08:39:31.000+05:30,10656.224082189849,1784947326179,Default Profile,false
2026-07-25T03:09:37.000Z,12.098308333333334,75.40496333333334,65.1,2.2,46.38,5.5692945,27,gps,0.51,0.64,0.82,-89.6,0.0,0,,67,,1784948977000,2026-07-25T08:39:37.000+05:30,10675.892652762886,1784947326179,Default Profile,false
2026-07-25T03:09:42.000Z,12.098595,75.405175,66.5,2.2,42.12,8.147023,28,gps,0.49,0.63,0.80,-89.6,0.0,0,,67,,1784948982000,2026-07-25T08:39:42.000+05:30,10715.207949192043,1784947326179,Default Profile,false
2026-07-25T03:09:48.000Z,12.098988333333333,75.40547833333333,66.0,2.3,37.98,9.343753,27,gps,0.51,0.82,0.96,-89.6,0.0,0,,67,,1784948988000,2026-07-25T08:39:48.000+05:30,10769.985424882745,1784947326179,Default Profile,false
2026-07-25T03:09:53.000Z,12.099356666666665,75.40576666666666,63.0,2.3,39.42,10.595042,24,gps,0.52,0.66,0.84,-89.6,0.0,0,,67,,1784948993000,2026-07-25T08:39:53.000+05:30,10821.56273965015,1784947326179,Default Profile,false
2026-07-25T03:09:59.000Z,12.099839999999999,75.40617166666667,59.30000000000001,2.4,38.16,11.940011,25,gps,0.52,0.66,0.84,-89.6,0.0,0,,67,,1784948999000,2026-07-25T08:39:59.000+05:30,10891.042160924559,1784947326179,Default Profile,false
2026-07-25T03:10:05.000Z,12.10038,75.406645,54.30000000000001,2.4,40.41,12.70077,26,gps,0.52,0.65,0.84,-89.6,0.0,0,,67,,1784949005000,2026-07-25T08:40:05.000+05:30,10970.1235493682,1784947326179,Default Profile,false
2026-07-25T03:10:10.000Z,12.100806666666665,75.40704666666667,56.80000000000001,2.4,44.41,12.667314,22,gps,0.59,0.74,0.95,-89.6,0.0,0,,67,,1784949010000,2026-07-25T08:40:10.000+05:30,11034.606135562579,1784947326179,Default Profile,false
2026-07-25T03:10:16.000Z,12.101303333333332,75.407515,59.099999999999994,2.5,43.53,12.782097,25,gps,0.54,0.84,1.00,-89.6,0.0,0,,67,,1784949016000,2026-07-25T08:40:16.000+05:30,11109.724429109,1784947326179,Default Profile,false
2026-07-25T03:10:22.000Z,12.101806666666668,75.40794166666666,63.80000000000001,2.5,39.61,12.264286,19,gps,0.56,0.67,0.88,-89.6,0.0,0,,67,,1784949022000,2026-07-25T08:40:22.000+05:30,11182.418008534652,1784947326179,Default Profile,false
2026-07-25T03:10:28.000Z,12.10232,75.408325,65.4,2.4,41.24,10.839021,24,gps,0.50,0.63,0.81,-89.6,0.0,0,,67,,1784949028000,2026-07-25T08:40:28.000+05:30,11253.094317033214,1784947326179,Default Profile,false
2026-07-25T03:10:33.000Z,12.102658333333332,75.40863333333333,64.0,2.3,38.02,9.45905,25,gps,0.51,0.72,0.88,-89.6,0.0,0,,67,,1784949033000,2026-07-25T08:40:33.000+05:30,11303.484129453253,1784947326179,Default Profile,false
2026-07-25T03:10:38.000Z,12.102993333333332,75.40885499999999,65.5,2.4,35.98,8.647333,23,gps,0.52,0.73,0.90,-89.6,0.0,0,,67,,1784949038000,2026-07-25T08:40:38.000+05:30,11347.85091629345,1784947326179,Default Profile,false
2026-07-25T03:10:44.000Z,12.103203333333333,75.40900333333335,64.9,2.3,24.62,1.4021033,26,gps,0.50,0.75,0.90,-89.6,0.0,0,,67,,1784949044000,2026-07-25T08:40:44.000+05:30,11376.229702245239,1784947326179,Default Profile,false
2026-07-25T03:10:49.000Z,12.103201666666667,75.40902666666666,66.5,2.2,43.62,2.5185359,29,gps,0.47,0.58,0.75,-89.6,0.0,0,,67,,1784949049000,2026-07-25T08:40:49.000+05:30,11378.773337871706,1784947326179,Default Profile,false
2026-07-25T03:10:55.000Z,12.10341,75.40918833333333,66.9,2.1,32.27,6.1761518,28,gps,0.49,0.61,0.78,-89.6,0.0,0,,67,,1784949055000,2026-07-25T08:40:55.000+05:30,11407.852427286183,1784947326179,Default Profile,false
2026-07-25T03:11:01.000Z,12.103734999999999,75.409435,65.4,2.1,35.49,7.908707,30,gps,0.48,0.73,0.87,-89.6,0.0,0,,67,,1784949061000,2026-07-25T08:41:01.000+05:30,11452.85470352179,1784947326179,Default Profile,false
2026-07-25T03:11:06.000Z,12.104048333333333,75.40964666666667,65.20000000000002,1.9,33.4,8.896459,35,gps,0.42,0.66,0.79,-89.6,0.0,0,,67,,1784949066000,2026-07-25T08:41:06.000+05:30,11494.609942218096,1784947326179,Default Profile,false
2026-07-25T03:11:12.000Z,12.104444999999998,75.40995833333334,66.4,2.3,35.47,9.423019,34,gps,0.44,0.57,0.72,-89.6,0.0,0,,67,,1784949072000,2026-07-25T08:41:12.000+05:30,11550.230690299122,1784947326179,Default Profile,false
2026-07-25T03:11:17.000Z,12.104783333333334,75.410175,69.4,2.2,27.57,8.392546,30,gps,0.48,0.63,0.79,-89.6,0.0,0,,67,,1784949077000,2026-07-25T08:41:17.000+05:30,11594.618167801793,1784947326179,Default Profile,false
2026-07-25T03:11:23.000Z,12.105083333333335,75.41027333333334,72.30000000000001,2.0,348.57,2.1340384,32,gps,0.45,0.72,0.85,-89.6,0.0,0,,67,,1784949083000,2026-07-25T08:41:23.000+05:30,11629.647963317026,1784947326179,Default Profile,false
2026-07-25T03:11:29.000Z,12.105076666666665,75.41027666666668,73.6,1.7,348.57,0.0,34,gps,0.45,0.57,0.73,-89.6,0.0,0,,66,,1784949089000,2026-07-25T08:41:29.000+05:30,11630.473108570448,1784947326179,Default Profile,false
2026-07-25T03:11:34.000Z,12.105176666666667,75.41030500000001,75.70000000000002,2.0,8.27,4.084321,33,gps,0.47,0.58,0.74,-89.6,0.0,0,,66,,1784949094000,2026-07-25T08:41:34.000+05:30,11642.011410387344,1784947326179,Default Profile,false
2026-07-25T03:11:40.000Z,12.105439999999998,75.41031,78.20000000000002,2.0,354.67,5.950189,34,gps,0.45,0.56,0.72,-89.6,0.0,0,,66,,1784949100000,2026-07-25T08:41:40.000+05:30,11671.297786749525,1784947326179,Default Profile,false
2026-07-25T03:11:45.000Z,12.105711666666666,75.410265,77.6,2.3,357.0,7.1072845,30,gps,0.49,0.60,0.77,-89.6,0.0,0,,66,,1784949105000,2026-07-25T08:41:45.000+05:30,11701.899373724047,1784947326179,Default Profile,false
2026-07-25T03:11:51.000Z,12.10613,75.41013833333334,79.9,1.9,348.61,8.113566,32,gps,0.47,0.58,0.75,-89.6,0.0,0,,66,,1784949111000,2026-07-25T08:41:51.000+05:30,11750.411663522325,1784947326179,Default Profile,false
2026-07-25T03:11:57.000Z,12.106625000000001,75.41000166666666,84.1,1.9,345.35,8.943298,31,gps,0.50,0.58,0.77,-89.6,0.0,0,,66,,1784949117000,2026-07-25T08:41:57.000+05:30,11807.42346412026,1784947326179,Default Profile,false
2026-07-25T03:12:03.000Z,12.107114999999999,75.40989166666667,85.20000000000002,2.2,348.98,9.59751,31,gps,0.47,0.60,0.76,-89.6,0.0,0,,66,,1784949123000,2026-07-25T08:42:03.000+05:30,11863.206062516074,1784947326179,Default Profile,false
2026-07-25T03:12:09.000Z,12.107663333333335,75.40978666666666,85.5,2.4,353.35,10.81174,27,gps,0.56,0.78,0.96,-89.5,0.0,0,,66,,1784949129000,2026-07-25T08:42:09.000+05:30,11925.237428135766,1784947326179,Default Profile,false
2026-07-25T03:12:14.000Z,12.108193333333334,75.40971166666667,86.1,2.5,351.63,12.092369,29,gps,0.49,0.74,0.89,-89.5,0.0,0,,66,,1784949134000,2026-07-25T08:42:14.000+05:30,11984.732171405121,1784947326179,Default Profile,false
2026-07-25T03:12:20.000Z,12.108855000000002,75.40981166666667,81.19999999999999,2.3,16.79,13.773967,32,gps,0.45,0.58,0.74,-89.5,0.0,0,,66,,1784949140000,2026-07-25T08:42:20.000+05:30,12059.10510139536,1784947326179,Default Profile,false
2026-07-25T03:12:25.000Z,12.109478333333334,75.410015,74.19999999999999,2.2,19.75,14.586199,33,gps,0.44,0.58,0.72,-89.5,0.0,0,,66,,1784949145000,2026-07-25T08:42:25.000+05:30,12131.856629083188,1784947326179,Default Profile,false
2026-07-25T03:12:30.000Z,12.110081666666668,75.41020666666667,70.5,2.4,17.61,13.454839,33,gps,0.44,0.57,0.72,-89.5,0.0,0,,66,,1784949150000,2026-07-25T08:42:30.000+05:30,12202.105995787013,1784947326179,Default Profile,false
2026-07-25T03:12:35.000Z,12.110611666666667,75.41047666666667,70.1,2.1,34.12,13.301452,32,gps,0.45,0.59,0.74,-89.5,0.0,0,,66,,1784949155000,2026-07-25T08:42:35.000+05:30,12267.9453540843,1784947326179,Default Profile,false
2026-07-25T03:12:40.000Z,12.111123333333333,75.41082,68.6,2.3,31.39,13.379175,30,gps,0.49,0.64,0.81,-89.5,0.0,0,,66,,1784949160000,2026-07-25T08:42:40.000+05:30,12335.991910867539,1784947326179,Default Profile,false
2026-07-25T03:12:46.000Z,12.111711666666668,75.41120500000001,69.0,2.4,33.5,13.705508,28,gps,0.51,0.65,0.83,-89.5,0.0,0,,66,,1784949166000,2026-07-25T08:42:46.000+05:30,12413.656293736563,1784947326179,Default Profile,false
2026-07-25T03:12:52.000Z,12.112338333333332,75.41167166666668,69.5,2.3,43.65,13.92478,27,gps,0.52,0.65,0.83,-89.5,0.0,0,,66,,1784949172000,2026-07-25T08:42:52.000+05:30,12499.85215956645,1784947326179,Default Profile,false
2026-07-25T03:12:58.000Z,12.112870000000003,75.41217499999999,73.30000000000001,2.4,41.22,13.357041,25,gps,0.54,0.67,0.86,-89.5,0.0,0,,66,,1784949178000,2026-07-25T08:42:58.000+05:30,12580.409725414407,1784947326179,Default Profile,false
2026-07-25T03:13:03.000Z,12.113333333333333,75.41256,74.6,2.5,33.03,13.088871,27,gps,0.54,0.68,0.86,-89.5,0.0,0,,66,,1784949183000,2026-07-25T08:43:03.000+05:30,12646.790012036618,1784947326179,Default Profile,false
2026-07-25T03:13:09.000Z,12.113853333333335,75.41301666666666,72.69999999999999,2.5,57.12,12.040382,27,gps,0.54,0.67,0.86,-89.5,0.0,0,,66,,1784949189000,2026-07-25T08:43:09.000+05:30,12723.00200576158,1784947326179,Default Profile,false
2026-07-25T03:13:14.000Z,12.114125000000001,75.41353333333333,69.19999999999999,2.4,69.7,13.36888,25,gps,0.55,0.69,0.88,-89.5,0.0,0,,66,,1784949194000,2026-07-25T08:43:14.000+05:30,12786.780896208995,1784947326179,Default Profile,false
2026-07-25T03:13:20.000Z,12.114344999999998,75.41416666666667,72.30000000000001,2.1,65.08,10.963583,27,gps,0.51,0.66,0.84,-89.5,0.0,0,,66,,1784949200000,2026-07-25T08:43:20.000+05:30,12859.852584400558,1784947326179,Default Profile,false
2026-07-25T03:13:25.000Z,12.114548333333335,75.41443,72.0,2.5,33.75,5.375244,26,gps,0.55,0.70,0.89,-89.5,0.0,0,,66,,1784949205000,2026-07-25T08:43:25.000+05:30,12896.333117719496,1784947326179,Default Profile,false
2026-07-25T03:13:31.000Z,12.114781666666666,75.41453666666666,71.4,2.0,21.89,2.692512,31,gps,0.49,0.62,0.79,-89.5,0.0,0,,66,,1784949211000,2026-07-25T08:43:31.000+05:30,12924.75230673418,1784947326179,Default Profile,false
2026-07-25T03:13:37.000Z,12.114796666666667,75.414545,70.6,1.8,21.89,0.0,30,gps,0.50,0.62,0.80,-89.5,0.0,0,,66,,1784949217000,2026-07-25T08:43:37.000+05:30,12926.650406762581,1784947326179,Default Profile,false
2026-07-25T03:13:43.000Z,12.114796666666667,75.414545,70.6,1.0,21.89,0.0,29,gps,0.51,0.65,0.83,-89.5,0.0,0,,66,,1784949223000,2026-07-25T08:43:43.000+05:30,12926.650406762581,1784947326179,Default Profile,false
2026-07-25T03:13:49.000Z,12.114796666666667,75.414545,70.6,1.1,21.89,0.0,29,gps,0.49,0.62,0.79,-89.5,0.0,0,,66,,1784949229000,2026-07-25T08:43:49.000+05:30,12926.650406762581,1784947326179,Default Profile,false
2026-07-25T03:13:54.000Z,12.114928333333333,75.41464666666667,70.19999999999999,2.0,32.61,4.958319,30,gps,0.49,0.76,0.90,-89.5,0.0,0,,66,,1784949234000,2026-07-25T08:43:54.000+05:30,12944.994858454624,1784947326179,Default Profile,false
2026-07-25T03:14:00.000Z,12.115251666666666,75.41482500000001,71.30000000000001,2.3,28.19,8.163494,31,gps,0.50,0.79,0.93,-89.5,0.0,0,,66,,1784949240000,2026-07-25T08:44:00.000+05:30,12985.842368035846,1784947326179,Default Profile,false
2026-07-25T03:14:06.000Z,12.115635000000001,75.41515166666666,71.80000000000001,2.1,45.18,9.029257,28,gps,0.53,0.81,0.97,-89.5,0.0,0,,66,,1784949246000,2026-07-25T08:44:06.000+05:30,13041.323497383813,1784947326179,Default Profile,false
2026-07-25T03:14:12.000Z,12.116006666666665,75.41550833333334,74.1,2.4,38.43,8.979844,25,gps,0.58,0.97,1.14,-89.5,0.0,0,,66,,1784949252000,2026-07-25T08:44:12.000+05:30,13097.993996437826,1784947326179,Default Profile,false
2026-07-25T03:14:18.000Z,12.116414999999998,75.41581333333333,74.69999999999999,2.3,31.46,10.840565,25,gps,0.56,1.00,1.15,-89.5,0.0,0,,66,,1784949258000,2026-07-25T08:44:18.000+05:30,13154.217608724877,1784947326179,Default Profile,false
2026-07-25T03:14:23.000Z,12.116875,75.41620166666667,73.1,2.2,44.69,13.151153,25,gps,0.58,1.00,1.16,-89.5,0.0,0,,66,,1784949263000,2026-07-25T08:44:23.000+05:30,13220.540376388288,1784947326179,Default Profile,false
2026-07-25T03:14:29.000Z,12.117436666666666,75.416745,74.30000000000001,2.3,37.45,14.830691,29,gps,0.50,0.64,0.82,-89.5,0.0,0,,66,,1784949269000,2026-07-25T08:44:29.000+05:30,13306.50439229136,1784947326179,Default Profile,false
2026-07-25T03:14:35.000Z,12.11813,75.41719499999999,68.1,2.2,33.73,15.266147,29,gps,0.47,0.60,0.76,-89.5,0.0,0,,66,,1784949275000,2026-07-25T08:44:35.000+05:30,13397.812117700341,1784947326179,Default Profile,false
2026-07-25T03:14:40.000Z,12.11866,75.41757666666668,68.30000000000001,2.3,37.88,13.673081,31,gps,0.46,0.57,0.73,-89.5,0.0,0,,66,,1784949280000,2026-07-25T08:44:40.000+05:30,13469.887495152985,1784947326179,Default Profile,false
2026-07-25T03:14:46.000Z,12.119153333333335,75.41797166666667,69.6,2.3,42.07,8.314308,32,gps,0.47,0.69,0.83,-89.5,0.0,0,,66,,1784949286000,2026-07-25T08:44:46.000+05:30,13539.553217890996,1784947326179,Default Profile,false
2026-07-25T03:14:52.000Z,12.119226666666668,75.41806166666667,72.0,2.1,52.25,0.0,33,gps,0.45,0.57,0.73,-89.5,0.0,0,,66,,1784949292000,2026-07-25T08:44:52.000+05:30,13552.290135074338,1784947326179,Default Profile,false
2026-07-25T03:14:58.000Z,12.119348333333335,75.41816999999999,71.0,1.8,43.96,5.5579705,32,gps,0.46,0.69,0.83,-89.5,0.0,0,,66,,1784949298000,2026-07-25T08:44:58.000+05:30,13570.227218936643,1784947326179,Default Profile,false
2026-07-25T03:15:04.000Z,12.119584999999999,75.41846000000001,73.5,2.3,52.52,7.3970733,29,gps,0.50,0.79,0.93,-89.5,0.0,0,,66,,1784949304000,2026-07-25T08:45:04.000+05:30,13611.294749559263,1784947326179,Default Profile,false
2026-07-25T03:15:10.000Z,12.119865,75.41885666666667,74.4,2.2,54.16,9.2382345,29,gps,0.49,0.62,0.80,-89.5,0.0,0,,66,,1784949310000,2026-07-25T08:45:10.000+05:30,13664.483656524848,1784947326179,Default Profile,false
2026-07-25T03:15:16.000Z,12.120118333333334,75.41931833333334,70.19999999999999,2.3,79.73,9.308237,29,gps,0.48,0.75,0.89,-89.5,0.0,0,,66,,1784949316000,2026-07-25T08:45:16.000+05:30,13722.03905625414,1784947326179,Default Profile,false
2026-07-25T03:15:21.000Z,12.120203333333333,75.41969833333333,65.5,2.2,56.22,8.373501,29,gps,0.49,0.78,0.92,-89.5,0.0,0,,66,,1784949321000,2026-07-25T08:45:21.000+05:30,13764.418654769019,1784947326179,Default Profile,false
2026-07-25T03:15:27.000Z,12.1207,75.41987166666667,62.69999999999999,2.6,17.19,10.167823,27,gps,0.52,0.64,0.83,-89.5,0.0,0,,66,,1784949327000,2026-07-25T08:45:27.000+05:30,13822.771912212545,1784947326179,Default Profile,false
2026-07-25T03:15:33.000Z,12.121096666666665,75.42023,54.0,2.5,64.21,11.336757,29,gps,0.49,0.63,0.80,-89.5,0.0,0,,66,,1784949333000,2026-07-25T08:45:33.000+05:30,13881.619771821332,1784947326179,Default Profile,false
2026-07-25T03:15:38.000Z,12.121388333333334,75.42077833333333,43.099999999999994,2.4,57.39,12.89688,30,gps,0.46,0.59,0.75,-89.5,0.0,0,,66,,1784949338000,2026-07-25T08:45:38.000+05:30,13949.483462837467,1784947326179,Default Profile,false
2026-07-25T03:15:44.000Z,12.121795,75.421295,38.5,2.2,47.94,10.939906,32,gps,0.45,0.70,0.83,-89.5,0.0,0,,66,,1784949344000,2026-07-25T08:45:44.000+05:30,14021.593302234114,1784947326179,Default Profile,false
2026-07-25T03:15:50.000Z,12.122055,75.42161666666667,34.400000000000006,2.0,53.66,2.963256,26,gps,0.51,0.78,0.93,-89.5,0.0,0,,66,,1784949350000,2026-07-25T08:45:50.000+05:30,14066.96665859472,1784947326179,Default Profile,false
2026-07-25T03:15:56.000Z,12.122065000000001,75.42163666666667,32.900000000000006,1.9,53.66,0.0,26,gps,0.51,0.62,0.80,-89.5,0.0,0,,66,,1784949356000,2026-07-25T08:45:56.000+05:30,14069.4088010474,1784947326179,Default Profile,false
2026-07-25T03:16:01.000Z,12.122065000000001,75.42163666666667,32.900000000000006,1.0,53.66,0.0,27,gps,0.51,0.62,0.80,-89.5,0.0,0,,66,,1784949361000,2026-07-25T08:46:01.000+05:30,14069.4088010474,1784947326179,Default Profile,false
2026-07-25T03:16:07.000Z,12.122065000000001,75.42164666666666,33.0,1.1,47.18,1.695495,24,gps,0.57,0.69,0.89,-89.5,0.0,0,,66,,1784949367000,2026-07-25T08:46:07.000+05:30,14070.495956555715,1784947326179,Default Profile,false
2026-07-25T03:16:12.000Z,12.122173333333334,75.42176333333333,32.5,2.1,51.16,4.671104,27,gps,0.52,0.66,0.84,-89.5,0.0,0,,66,,1784949372000,2026-07-25T08:46:12.000+05:30,14087.98822798064,1784947326179,Default Profile,false
2026-07-25T03:16:18.000Z,12.122421666666666,75.42200833333332,32.099999999999994,2.2,43.5,6.793304,26,gps,0.53,0.64,0.83,-89.5,0.0,0,,66,,1784949378000,2026-07-25T08:46:18.000+05:30,14126.354081748808,1784947326179,Default Profile,false
2026-07-25T03:16:23.000Z,12.122806666666667,75.42221166666667,32.5,2.1,25.26,10.423125,28,gps,0.53,0.90,1.04,-89.5,0.0,0,,66,,1784949383000,2026-07-25T08:46:23.000+05:30,14174.534482501007,1784947326179,Default Profile,false
2026-07-25T03:16:28.000Z,12.123359999999998,75.42236333333334,30.099999999999994,1.8,14.66,11.854568,31,gps,0.48,0.61,0.77,-89.5,0.0,0,,66,,1784949388000,2026-07-25T08:46:28.000+05:30,14238.233359036989,1784947326179,Default Profile,false
2026-07-25T03:16:34.000Z,12.123874999999998,75.422595,28.200000000000003,2.0,39.91,9.916638,30,gps,0.49,0.59,0.76,-89.5,0.0,0,,66,,1784949394000,2026-07-25T08:46:34.000+05:30,14300.792452423299,1784947326179,Default Profile,false
2026-07-25T03:16:40.000Z,12.124196666666668,75.42316833333332,21.599999999999994,2.1,63.41,11.809787,25,gps,0.54,0.65,0.84,-89.5,0.0,0,,66,,1784949400000,2026-07-25T08:46:40.000+05:30,14372.655732476562,1784947326179,Default Profile,false
2026-07-25T03:16:46.000Z,12.124448333333332,75.42369833333333,14.0,2.1,63.86,7.7043624,28,gps,0.52,0.84,0.99,-89.5,0.0,0,,66,,1784949406000,2026-07-25T08:46:46.000+05:30,14436.710617325092,1784947326179,Default Profile,false
2026-07-25T03:16:52.000Z,12.124501666666667,75.42380833333333,9.0,1.9,62.92,0.0,28,gps,0.50,0.61,0.79,-89.5,0.0,0,,66,,1784949412000,2026-07-25T08:46:52.000+05:30,14450.058942044177,1784947326179,Default Profile,false
2026-07-25T03:16:57.000Z,12.124501666666667,75.42380833333333,9.0,1.0,62.92,0.0,30,gps,0.48,0.61,0.78,-89.5,0.0,0,,66,,1784949417000,2026-07-25T08:46:57.000+05:30,14450.058942044177,1784947326179,Default Profile,false
2026-07-25T03:17:03.000Z,12.124613333333333,75.42397833333332,7.700000000000003,1.9,54.14,6.252331,28,gps,0.50,0.80,0.94,-89.5,0.0,0,,66,,1784949423000,2026-07-25T08:47:03.000+05:30,14472.324181022646,1784947326179,Default Profile,false
2026-07-25T03:17:08.000Z,12.124826666666669,75.42424833333332,6.900000000000006,2.2,50.21,7.4917817,29,gps,0.49,0.61,0.78,-89.5,0.0,0,,66,,1784949428000,2026-07-25T08:47:08.000+05:30,14510.064168950512,1784947326179,Default Profile,false
2026-07-25T03:17:14.000Z,12.125026666666667,75.42456666666666,6.099999999999994,2.0,60.63,5.107589,25,gps,0.55,0.68,0.88,-89.5,0.0,0,,66,,1784949434000,2026-07-25T08:47:14.000+05:30,14551.20108014929,1784947326179,Default Profile,false
2026-07-25T03:17:20.000Z,12.125153333333333,75.42481333333333,8.400000000000006,2.1,53.13,5.3783326,26,gps,0.53,0.67,0.86,-89.5,0.0,0,,66,,1784949440000,2026-07-25T08:47:20.000+05:30,14581.491128201003,1784947326179,Default Profile,false
2026-07-25T03:17:26.000Z,12.125335,75.425075,13.299999999999997,2.3,47.51,5.9157023,30,gps,0.49,0.79,0.93,-89.5,0.0,0,,66,,1784949446000,2026-07-25T08:47:26.000+05:30,14616.380704971714,1784947326179,Default Profile,false
2026-07-25T03:17:31.000Z,12.12554,75.42527833333334,23.599999999999994,2.4,49.35,5.951733,27,gps,0.60,0.85,1.04,-89.5,0.0,0,,66,,1784949451000,2026-07-25T08:47:31.000+05:30,14648.133669677667,1784947326179,Default Profile,false
2026-07-25T03:17:36.000Z,12.125681666666667,75.42548833333333,29.900000000000006,2.5,63.01,4.9665546,24,gps,0.68,0.72,0.99,-89.5,0.0,0,,66,,1784949456000,2026-07-25T08:47:36.000+05:30,14675.870865653344,1784947326179,Default Profile,false
2026-07-25T03:17:42.000Z,12.125828333333335,75.42572833333334,36.8,2.2,80.66,5.217739,25,gps,0.58,0.67,0.89,-89.5,0.0,0,,66,,1784949462000,2026-07-25T08:47:42.000+05:30,14706.639839264371,1784947326179,Default Profile,false
2026-07-25T03:17:48.000Z,12.125843333333334,75.42608333333332,41.099999999999994,2.1,93.4,6.954412,29,gps,0.53,0.80,0.96,-89.5,0.0,0,,66,,1784949468000,2026-07-25T08:47:48.000+05:30,14745.269339374907,1784947326179,Default Profile,false
2026-07-25T03:17:53.000Z,12.125898333333335,75.42646333333333,33.400000000000006,2.2,94.12,7.3270707,27,gps,0.54,0.85,1.00,-89.5,0.0,0,,66,,1784949473000,2026-07-25T08:47:53.000+05:30,14787.030890986603,1784947326179,Default Profile,false
2026-07-25T03:17:59.000Z,12.125931666666668,75.42685833333333,35.3,2.0,83.66,5.8503327,28,gps,0.51,0.83,0.97,-89.5,0.0,0,,66,,1784949479000,2026-07-25T08:47:59.000+05:30,14830.132578225877,1784947326179,Default Profile,false
2026-07-25T03:18:04.000Z,12.125978333333334,75.42710666666667,38.0,2.1,69.38,5.0931764,29,gps,0.50,0.80,0.94,-89.5,0.0,0,,66,,1784949484000,2026-07-25T08:48:04.000+05:30,14857.624049743265,1784947326179,Default Profile,false
2026-07-25T03:18:09.000Z,12.126108333333331,75.42738666666668,41.80000000000001,2.0,54.31,6.680065,28,gps,0.51,0.81,0.96,-89.5,0.0,0,,66,,1784949489000,2026-07-25T08:48:09.000+05:30,14891.321889337205,1784947326179,Default Profile,false
2026-07-25T03:18:15.000Z,12.126311666666668,75.427705,46.599999999999994,2.1,55.14,6.471088,25,gps,0.57,0.87,1.04,-89.5,0.0,0,,66,,1784949495000,2026-07-25T08:48:15.000+05:30,14932.660213760531,1784947326179,Default Profile,false
2026-07-25T03:18:21.000Z,12.126523333333333,75.42796166666668,51.80000000000001,2.4,49.12,5.3474493,28,gps,0.51,0.63,0.81,-89.5,0.0,0,,66,,1784949501000,2026-07-25T08:48:21.000+05:30,14969.164244110736,1784947326179,Default Profile,false
2026-07-25T03:18:27.000Z,12.126805000000001,75.42814833333334,52.900000000000006,1.9,23.34,5.390171,30,gps,0.50,0.76,0.90,-89.5,0.0,0,,66,,1784949507000,2026-07-25T08:48:27.000+05:30,15006.483825675154,1784947326179,Default Profile,false
2026-07-25T03:18:32.000Z,12.127085,75.42827166666666,52.400000000000006,1.7,21.25,7.7115684,30,gps,0.50,0.75,0.90,-89.5,0.0,0,,66,,1784949512000,2026-07-25T08:48:32.000+05:30,15040.382743971815,1784947326179,Default Profile,false
2026-07-25T03:18:38.000Z,12.127518333333335,75.42851666666667,51.599999999999994,1.8,38.3,9.396255,32,gps,0.49,0.73,0.87,-89.5,0.0,0,,66,,1784949518000,2026-07-25T08:48:38.000+05:30,15095.438668772898,1784947326179,Default Profile,false
2026-07-25T03:18:43.000Z,12.127838333333333,75.42886666666666,53.0,2.0,54.2,9.202204,28,gps,0.53,0.62,0.81,-89.5,0.0,0,,66,,1784949523000,2026-07-25T08:48:43.000+05:30,15147.533589572316,1784947326179,Default Profile,false
2026-07-25T03:18:49.000Z,12.128118333333335,75.42928,51.599999999999994,2.0,59.06,8.807412,29,gps,0.51,0.80,0.95,-89.5,0.0,0,,66,,1784949529000,2026-07-25T08:48:49.000+05:30,15202.200719719089,1784947326179,Default Profile,false
2026-07-25T03:18:55.000Z,12.128405000000003,75.42967,51.0,2.2,49.35,9.675234,26,gps,0.55,0.85,1.01,-89.5,0.0,0,,66,,1784949535000,2026-07-25T08:48:55.000+05:30,15255.244746941453,1784947326179,Default Profile,false
2026-07-25T03:19:00.000Z,12.128758333333334,75.43000833333333,52.19999999999999,2.2,42.45,10.375256,27,gps,0.54,0.84,1.00,-89.5,0.0,0,,65,,1784949540000,2026-07-25T08:49:00.000+05:30,15309.063628406531,1784947326179,Default Profile,false
2026-07-25T03:19:06.000Z,12.129206666666668,75.43044833333333,52.099999999999994,2.0,44.77,11.421686,25,gps,0.55,0.89,1.05,-89.5,0.0,0,,65,,1784949546000,2026-07-25T08:49:06.000+05:30,15378.152805886462,1784947326179,Default Profile,false
2026-07-25T03:19:12.000Z,12.129678333333334,75.43091166666666,52.099999999999994,2.2,45.94,10.992408,28,gps,0.51,0.83,0.97,-89.5,0.0,0,,65,,1784949552000,2026-07-25T08:49:12.000+05:30,15450.87029399141,1784947326179,Default Profile,false
2026-07-25T03:19:17.000Z,12.130044999999999,75.43127333333334,50.69999999999999,2.0,42.49,11.864347,30,gps,0.49,0.79,0.93,-89.5,0.0,0,,65,,1784949557000,2026-07-25T08:49:17.000+05:30,15507.511179779176,1784947326179,Default Profile,false
2026-07-25T03:19:23.000Z,12.13062333333333,75.431635,48.69999999999999,2.2,20.88,12.427968,33,gps,0.47,0.57,0.74,-89.5,0.0,0,,65,,1784949563000,2026-07-25T08:49:23.000+05:30,15582.885949515176,1784947326179,Default Profile,false
2026-07-25T03:19:29.000Z,12.131253333333332,75.431955,53.69999999999999,2.5,34.12,11.267269,29,gps,0.50,0.61,0.79,-89.5,0.0,0,,65,,1784949569000,2026-07-25T08:49:29.000+05:30,15661.100958607762,1784947326179,Default Profile,false
2026-07-25T03:19:34.000Z,12.131535000000001,75.43219833333333,56.19999999999999,2.3,44.57,4.415802,31,gps,0.49,0.59,0.77,-89.5,0.0,0,,65,,1784949574000,2026-07-25T08:49:34.000+05:30,15702.097394658873,1784947326179,Default Profile,false
2026-07-25T03:19:40.000Z,12.131531666666667,75.43219833333333,57.900000000000006,1.8,44.29,0.0,30,gps,0.49,0.60,0.77,-89.5,0.0,0,,65,,1784949580000,2026-07-25T08:49:40.000+05:30,15702.468044414407,1784947326179,Default Profile,false
2026-07-25T03:19:45.000Z,12.131563333333334,75.43222,58.69999999999999,1.8,43.85,3.3606215,31,gps,0.48,0.59,0.76,-89.5,0.0,0,,65,,1784949585000,2026-07-25T08:49:45.000+05:30,15706.704394216848,1784947326179,Default Profile,false
2026-07-25T03:19:51.000Z,12.131728333333335,75.43245499999999,61.0,2.1,53.83,6.192108,32,gps,0.48,0.71,0.86,-89.5,0.0,0,,65,,1784949591000,2026-07-25T08:49:51.000+05:30,15738.157210959953,1784947326179,Default Profile,false
2026-07-25T03:19:57.000Z,12.132030000000002,75.432835,60.19999999999999,2.0,59.8,9.184189,29,gps,0.51,0.76,0.92,-89.5,0.0,0,,65,,1784949597000,2026-07-25T08:49:57.000+05:30,15791.371259296699,1784947326179,Default Profile,false
2026-07-25T03:20:02.000Z,12.132216666666666,75.43323166666667,58.30000000000001,2.3,78.4,9.194483,29,gps,0.49,0.60,0.77,-89.5,0.0,0,,65,,1784949602000,2026-07-25T08:50:02.000+05:30,15839.228886083021,1784947326179,Default Profile,false
2026-07-25T03:20:08.000Z,12.132286666666667,75.43372666666667,57.5,2.3,88.7,9.319561,28,gps,0.51,0.62,0.80,-89.5,0.0,0,,65,,1784949608000,2026-07-25T08:50:08.000+05:30,15893.601045701937,1784947326179,Default Profile,false
2026-07-25T03:20:13.000Z,12.132248333333333,75.434135,57.400000000000006,2.4,102.92,8.720939,26,gps,0.55,0.85,1.01,-89.5,0.0,0,,65,,1784949613000,2026-07-25T08:50:13.000+05:30,15938.195706904336,1784947326179,Default Profile,false
2026-07-25T03:20:19.000Z,12.13208,75.434585,59.099999999999994,2.0,118.84,9.284559,26,gps,0.55,0.88,1.04,-89.5,0.0,0,,65,,1784949619000,2026-07-25T08:50:19.000+05:30,15990.574491749221,1784947326179,Default Profile,false
2026-07-25T03:20:25.000Z,12.131805000000002,75.43504666666666,61.69999999999999,2.0,123.74,9.967596,25,gps,0.58,0.89,1.06,-89.5,0.0,0,,65,,1784949625000,2026-07-25T08:50:25.000+05:30,16049.344682192705,1784947326179,Default Profile,false
2026-07-25T03:20:30.000Z,12.131545000000001,75.43541166666667,66.9,1.9,124.73,9.87649,26,gps,0.55,0.64,0.84,-89.5,0.0,0,,65,,1784949630000,2026-07-25T08:50:30.000+05:30,16098.439587391797,1784947326179,Default Profile,false
2026-07-25T03:20:36.000Z,12.131243333333336,75.43580666666666,71.4,2.1,126.6,7.9725323,27,gps,0.55,0.82,0.98,-89.5,0.0,0,,65,,1784949636000,2026-07-25T08:50:36.000+05:30,16152.929295023105,1784947326179,Default Profile,false
2026-07-25T03:20:42.000Z,12.13101,75.43614333333333,75.69999999999999,2.1,116.15,6.6697707,26,gps,0.58,0.85,1.03,-89.5,0.0,0,,65,,1784949642000,2026-07-25T08:50:42.000+05:30,16197.792454475035,1784947326179,Default Profile,false
2026-07-25T03:20:47.000Z,12.130905,75.43639666666667,78.69999999999999,2.2,114.79,5.839524,28,gps,0.51,0.64,0.82,-89.5,0.0,0,,65,,1784949647000,2026-07-25T08:50:47.000+05:30,16227.70545602194,1784947326179,Default Profile,false
2026-07-25T03:20:53.000Z,12.130751666666667,75.43674833333333,81.80000000000001,2.3,114.72,6.5863857,29,gps,0.49,0.63,0.80,-89.5,0.0,0,,65,,1784949653000,2026-07-25T08:50:53.000+05:30,16269.565467805773,1784947326179,Default Profile,false
2026-07-25T03:20:59.000Z,12.130648333333333,75.43707666666666,87.4,2.1,89.26,4.5367618,29,gps,0.49,0.63,0.80,-89.5,0.0,0,,65,,1784949659000,2026-07-25T08:50:59.000+05:30,16307.063061658782,1784947326179,Default Profile,false
2026-07-25T03:21:04.000Z,12.130683333333332,75.43731833333332,92.1,2.1,68.93,4.634044,30,gps,0.48,0.61,0.78,-89.5,0.0,0,,65,,1784949664000,2026-07-25T08:51:04.000+05:30,16333.621832983392,1784947326179,Default Profile,false
2026-07-25T03:21:10.000Z,12.13086,75.43757666666667,98.0,2.1,50.83,5.2913446,32,gps,0.47,0.61,0.76,-89.5,0.0,0,,65,,1784949670000,2026-07-25T08:51:10.000+05:30,16367.894434841231,1784947326179,Default Profile,false
2026-07-25T03:21:16.000Z,12.131118333333331,75.43784833333333,102.5,1.9,43.5,7.8479695,34,gps,0.45,0.57,0.73,-89.5,0.0,0,,65,,1784949676000,2026-07-25T08:51:16.000+05:30,16409.093560674715,1784947326179,Default Profile,false
2026-07-25T03:21:22.000Z,12.131456666666669,75.43818166666667,105.19999999999999,2.1,45.27,7.8001003,33,gps,0.46,0.73,0.86,-89.5,0.0,0,,65,,1784949682000,2026-07-25T08:51:22.000+05:30,16461.328368709874,1784947326179,Default Profile,false
2026-07-25T03:21:28.000Z,12.131955000000001,75.43842,103.80000000000001,1.7,17.75,11.073734,34,gps,0.45,0.57,0.73,-89.5,0.0,0,,65,,1784949688000,2026-07-25T08:51:28.000+05:30,16522.49872596832,1784947326179,Default Profile,false
2026-07-25T03:21:34.000Z,12.132655,75.43852166666667,97.0,2.0,3.25,14.55583,34,gps,0.45,0.55,0.71,-89.5,0.0,0,,65,,1784949694000,2026-07-25T08:51:34.000+05:30,16601.115941559583,1784947326179,Default Profile,false
2026-07-25T03:21:39.000Z,12.13332,75.43868166666667,94.0,2.0,22.83,14.926945,32,gps,0.46,0.59,0.75,-89.5,0.0,0,,65,,1784949699000,2026-07-25T08:51:39.000+05:30,16677.07876915837,1784947326179,Default Profile,false
2026-07-25T03:21:45.000Z,12.133936666666667,75.43914833333334,93.30000000000001,2.0,47.79,13.765217,32,gps,0.47,0.58,0.75,-89.5,0.0,0,,65,,1784949705000,2026-07-25T08:51:45.000+05:30,16762.375784093838,1784947326179,Default Profile,false
2026-07-25T03:21:50.000Z,12.1343,75.43962,100.19999999999999,2.2,56.26,11.518969,32,gps,0.46,0.60,0.75,-89.5,0.0,0,,65,,1784949710000,2026-07-25T08:51:50.000+05:30,16827.654961220076,1784947326179,Default Profile,false
2026-07-25T03:21:56.000Z,12.134531666666666,75.44011,106.69999999999999,2.0,69.36,8.597405,32,gps,0.46,0.74,0.88,-89.5,0.0,0,,65,,1784949716000,2026-07-25T08:51:56.000+05:30,16886.82490116237,1784947326179,Default Profile,false
2026-07-25T03:22:02.000Z,12.134730000000001,75.44054333333334,108.30000000000001,1.8,55.93,8.66226,33,gps,0.45,0.54,0.70,-89.5,0.0,0,,65,,1784949722000,2026-07-25T08:52:02.000+05:30,16938.839453366414,1784947326179,Default Profile,false
2026-07-25T03:22:08.000Z,12.13499,75.44073166666666,107.9,2.1,0.23,4.756548,34,gps,0.44,0.56,0.71,-89.5,0.0,0,,65,,1784949728000,2026-07-25T08:52:08.000+05:30,16974.265476564386,1784947326179,Default Profile,false
2026-07-25T03:22:14.000Z,12.135271666666664,75.44064499999999,105.9,2.0,0.54,3.8233566,36,gps,0.43,0.54,0.69,-89.5,0.0,0,,65,,1784949734000,2026-07-25T08:52:14.000+05:30,17006.971776610477,1784947326179,Default Profile,false
2026-07-25T03:22:20.000Z,12.135359999999999,75.44067833333334,105.9,1.8,39.91,0.0,35,gps,0.43,0.53,0.69,-89.5,0.0,0,,65,,1784949740000,2026-07-25T08:52:20.000+05:30,17017.441111474076,1784947326179,Default Profile,false
2026-07-25T03:22:26.000Z,12.135359999999999,75.44067833333334,105.9,1.0,39.91,0.0,35,gps,0.43,0.53,0.69,-89.5,0.0,0,,65,,1784949746000,2026-07-25T08:52:26.000+05:30,17017.441111474076,1784947326179,Default Profile,false
2026-07-25T03:22:32.000Z,12.135359999999999,75.44067833333334,105.9,0.9,39.91,0.0,35,gps,0.43,0.53,0.69,-89.5,0.0,0,,65,,1784949752000,2026-07-25T08:52:32.000+05:30,17017.441111474076,1784947326179,Default Profile,false
2026-07-25T03:22:38.000Z,12.135359999999999,75.44067833333334,105.9,1.0,39.91,0.0,35,gps,0.43,0.53,0.69,-89.5,0.0,0,,65,,1784949758000,2026-07-25T08:52:38.000+05:30,17017.441111474076,1784947326179,Default Profile,false
2026-07-25T03:22:44.000Z,12.135359999999999,75.44067833333334,105.9,1.0,39.91,0.0,32,gps,0.46,0.55,0.72,-89.5,0.0,0,,65,,1784949764000,2026-07-25T08:52:44.000+05:30,17017.441111474076,1784947326179,Default Profile,false
2026-07-25T03:22:50.000Z,12.135388333333333,75.44071000000001,105.69999999999999,1.2,83.26,2.277131,34,gps,0.44,0.63,0.77,-89.5,0.0,0,,65,,1784949770000,2026-07-25T08:52:50.000+05:30,17022.10764265005,1784947326179,Default Profile,false
2026-07-25T03:22:56.000Z,12.135413333333334,75.44080333333333,105.9,1.6,70.37,2.4984617,33,gps,0.44,0.55,0.71,-89.5,0.0,0,,65,,1784949776000,2026-07-25T08:52:56.000+05:30,17032.62784399277,1784947326179,Default Profile,false
2026-07-25T03:23:02.000Z,12.135653333333334,75.44095999999999,105.5,1.7,9.57,7.667302,35,gps,0.43,0.53,0.68,-89.5,0.0,0,,65,,1784949782000,2026-07-25T08:53:02.000+05:30,17064.286137984935,1784947326179,Default Profile,false
2026-07-25T03:23:08.000Z,12.136161666666665,75.441075,102.0,1.6,14.83,10.213633,34,gps,0.44,0.55,0.71,-89.5,0.0,0,,65,,1784949788000,2026-07-25T08:53:08.000+05:30,17122.176236232426,1784947326179,Default Profile,false
2026-07-25T03:23:13.000Z,12.136648333333335,75.44119666666667,97.1,1.8,13.97,11.267269,32,gps,0.47,0.69,0.83,-89.5,0.0,0,,65,,1784949793000,2026-07-25T08:53:13.000+05:30,17177.88399870613,1784947326179,Default Profile,false
2026-07-25T03:23:19.000Z,12.13729,75.44131,88.5,2.0,3.56,11.612133,30,gps,0.51,0.79,0.94,-89.5,0.0,0,,65,,1784949799000,2026-07-25T08:53:19.000+05:30,17250.28997945618,1784947326179,Default Profile,false
2026-07-25T03:23:25.000Z,12.137963333333335,75.44126333333334,85.30000000000001,2.2,344.98,12.129944,28,gps,0.54,0.63,0.83,-89.5,0.0,0,,65,,1784949805000,2026-07-25T08:53:25.000+05:30,17325.332903658844,1784947326179,Default Profile,false
2026-07-25T03:23:31.000Z,12.138593333333331,75.44123833333333,81.5,2.2,6.18,11.820596,25,gps,0.58,0.65,0.87,-89.5,0.0,0,,65,,1784949811000,2026-07-25T08:53:31.000+05:30,17395.43840514848,1784947326179,Default Profile,false
2026-07-25T03:23:37.000Z,12.139148333333333,75.44150666666665,75.69999999999999,2.6,31.22,10.938362,21,gps,0.78,0.75,1.08,-89.5,0.0,0,,65,,1784949817000,2026-07-25T08:53:37.000+05:30,17463.69831844005,1784947326179,Default Profile,false
2026-07-25T03:23:42.000Z,12.139578333333334,75.44170333333334,71.5,2.5,21.82,8.0986395,22,gps,0.72,1.07,1.29,-89.5,0.0,0,,65,,1784949822000,2026-07-25T08:53:42.000+05:30,17516.074241451177,1784947326179,Default Profile,false
2026-07-25T03:23:48.000Z,12.1399,75.44180666666666,69.4,2.4,31.87,4.162044,26,gps,0.65,0.87,1.09,-89.5,0.0,0,,65,,1784949828000,2026-07-25T08:53:48.000+05:30,17553.564415406225,1784947326179,Default Profile,false
2026-07-25T03:23:53.000Z,12.139976666666666,75.44196833333334,63.69999999999999,2.2,118.74,3.202087,25,gps,0.55,0.87,1.03,-89.5,0.0,0,,65,,1784949833000,2026-07-25T08:53:53.000+05:30,17573.097408190537,1784947326179,Default Profile,false
2026-07-25T03:23:59.000Z,12.139479999999999,75.44187833333334,62.30000000000001,2.4,203.71,9.532141,29,gps,0.52,0.77,0.92,-89.5,0.0,0,,65,,1784949839000,2026-07-25T08:53:59.000+05:30,17629.184151056506,1784947326179,Default Profile,false
2026-07-25T03:24:05.000Z,12.139166666666664,75.44169666666667,61.0,2.3,198.69,4.388007,26,gps,0.59,0.64,0.87,-89.5,0.0,0,,65,,1784949845000,2026-07-25T08:54:05.000+05:30,17669.23302516204,1784947326179,Default Profile,false
2026-07-25T03:24:11.000Z,12.139050000000001,75.44185166666666,63.69999999999999,2.4,84.62,3.2978253,28,gps,0.53,0.60,0.80,-89.5,0.0,0,,65,,1784949851000,2026-07-25T08:54:11.000+05:30,17690.4982289955,1784947326179,Default Profile,false
2026-07-25T03:24:17.000Z,12.139373333333333,75.44215166666666,65.1,2.4,32.54,9.04264,28,gps,0.54,0.80,0.96,-89.5,0.0,0,,65,,1784949857000,2026-07-25T08:54:17.000+05:30,17739.038929993276,1784947326179,Default Profile,false
2026-07-25T03:24:23.000Z,12.139818333333334,75.44248166666667,65.5,2.2,32.09,8.206731,29,gps,0.51,0.61,0.80,-89.5,0.0,0,,65,,1784949863000,2026-07-25T08:54:23.000+05:30,17800.156606451223,1784947326179,Default Profile,false
2026-07-25T03:24:28.000Z,12.140288333333334,75.44256833333334,61.69999999999999,2.6,356.55,9.759133,27,gps,0.57,0.64,0.86,-89.5,0.0,0,,65,,1784949868000,2026-07-25T08:54:28.000+05:30,17853.260644261878,1784947326179,Default Profile,false
2026-07-25T03:24:34.000Z,12.140856666666666,75.442225,52.19999999999999,2.7,323.32,11.307933,22,gps,0.65,0.69,0.94,-89.5,0.0,0,,65,,1784949874000,2026-07-25T08:54:34.000+05:30,17926.65491786944,1784947326179,Default Profile,false
2026-07-25T03:24:40.000Z,12.141441666666667,75.44176333333333,39.19999999999999,2.8,317.5,11.476762,20,gps,0.83,1.34,1.57,-89.5,0.0,0,,65,,1784949880000,2026-07-25T08:54:40.000+05:30,18008.813829198087,1784947326179,Default Profile,false
2026-07-25T03:24:45.000Z,12.141879999999999,75.44138166666667,28.200000000000003,2.8,319.8,12.446498,22,gps,0.72,0.77,1.05,-89.5,0.0,0,,65,,1784949885000,2026-07-25T08:54:45.000+05:30,18072.822071957642,1784947326179,Default Profile,false
2026-07-25T03:24:51.000Z,12.142401666666668,75.440885,18.099999999999994,2.5,319.54,12.8382015,20,gps,0.86,0.75,1.14,-89.5,0.0,0,,65,,1784949891000,2026-07-25T08:54:51.000+05:30,18152.06750531684,1784947326179,Default Profile,false
2026-07-25T03:24:56.000Z,12.142863333333333,75.4405,11.400000000000006,2.2,326.98,12.968941,23,gps,0.71,0.73,1.02,-89.5,0.0,0,,65,,1784949896000,2026-07-25T08:54:56.000+05:30,18218.301127870633,1784947326179,Default Profile,false
2026-07-25T03:25:02.000Z,12.143441666666668,75.4401,5.299999999999997,2.1,319.41,12.297744,22,gps,0.73,0.95,1.20,-89.5,0.0,0,,65,,1784949902000,2026-07-25T08:55:02.000+05:30,18295.929966651278,1784947326179,Default Profile,false
2026-07-25T03:25:07.000Z,12.143781666666666,75.43971166666667,2.0999999999999943,2.1,301.99,10.89564,23,gps,0.72,0.91,1.16,-89.5,0.0,0,,65,,1784949907000,2026-07-25T08:55:07.000+05:30,18352.598961760137,1784947326179,Default Profile,false
2026-07-25T03:25:13.000Z,12.143838333333333,75.43917,-0.7999999999999972,2.4,274.03,9.113157,24,gps,0.64,0.91,1.11,-89.5,0.0,0,,65,,1784949913000,2026-07-25T08:55:13.000+05:30,18411.817925113923,1784947326179,Default Profile,false
2026-07-25T03:25:18.000Z,12.143885000000001,75.43885166666668,0.4000000000000057,2.4,282.35,3.487243,20,gps,0.88,1.22,1.50,-89.5,0.0,0,,65,,1784949918000,2026-07-25T08:55:18.000+05:30,18446.809774541358,1784947326179,Default Profile,false
2026-07-25T03:25:24.000Z,12.143901666666666,75.438795,-0.5999999999999943,2.2,284.69,3.328194,25,gps,0.55,0.88,1.04,-89.5,0.0,0,,65,,1784949924000,2026-07-25T08:55:24.000+05:30,18453.242555041077,1784947326179,Default Profile,false
2026-07-25T03:25:29.000Z,12.143953333333332,75.43851833333333,-0.20000000000000284,2.3,291.92,6.639402,26,gps,0.53,0.84,0.99,-89.5,0.0,0,,65,,1784949929000,2026-07-25T08:55:29.000+05:30,18483.861857030395,1784947326179,Default Profile,false
2026-07-25T03:25:35.000Z,12.144173333333333,75.43833833333333,-2.5999999999999943,2.4,20.02,5.0803084,27,gps,0.52,0.63,0.82,-89.5,0.0,0,,65,,1784949935000,2026-07-25T08:55:35.000+05:30,18515.18768305407,1784947326179,Default Profile,false
2026-07-25T03:25:41.000Z,12.144243333333334,75.43877666666667,-6.200000000000003,2.4,87.22,10.649603,23,gps,0.57,0.96,1.11,-89.5,0.0,0,,65,,1784949941000,2026-07-25T08:55:41.000+05:30,18563.46892312798,1784947326179,Default Profile,false
2026-07-25T03:25:47.000Z,12.144275,75.43939,-6.400000000000006,2.7,83.34,9.513611,20,gps,0.63,0.73,0.96,-89.5,0.0,0,,65,,1784949947000,2026-07-25T08:55:47.000+05:30,18630.23515765953,1784947326179,Default Profile,false
2026-07-25T03:25:52.000Z,12.144268333333333,75.43982,-12.0,2.5,110.92,9.821929,20,gps,0.63,0.74,0.97,-89.5,0.0,0,,65,,1784949952000,2026-07-25T08:55:52.000+05:30,18676.984827183955,1784947326179,Default Profile,false
2026-07-25T03:25:58.000Z,12.144038333333333,75.44029166666665,-16.400000000000006,2.6,112.14,10.371138,22,gps,0.59,0.86,1.04,-89.5,0.0,0,,65,,1784949958000,2026-07-25T08:55:58.000+05:30,18734.282457518137,1784947326179,Default Profile,false
2026-07-25T03:26:04.000Z,12.143813333333332,75.44097166666667,-24.200000000000003,2.2,100.89,12.277669,20,gps,0.64,0.70,0.95,-89.5,0.0,0,,65,,1784949964000,2026-07-25T08:56:04.000+05:30,18812.322096354335,1784947326179,Default Profile,false
2026-07-25T03:26:10.000Z,12.143775000000002,75.44162833333333,-32.0,2.6,76.25,10.423125,19,gps,0.73,1.03,1.26,-89.5,0.0,0,,65,,1784949970000,2026-07-25T08:56:10.000+05:30,18883.833301302075,1784947326179,Default Profile,false
2026-07-25T03:26:15.000Z,12.144071666666665,75.4421,-40.7,2.6,43.46,12.056853,24,gps,0.56,0.87,1.03,-89.5,0.0,0,,65,,1784949975000,2026-07-25T08:56:15.000+05:30,18944.80171694644,1784947326179,Default Profile,false
2026-07-25T03:26:21.000Z,12.144635000000001,75.44246333333334,-49.1,2.3,26.19,11.962659,29,gps,0.49,0.73,0.88,-89.5,0.0,0,,65,,1784949981000,2026-07-25T08:56:21.000+05:30,19018.85395107372,1784947326179,Default Profile,false
2026-07-25T03:26:27.000Z,12.145258333333334,75.442735,-58.0,2.1,18.59,11.670812,29,gps,0.50,0.80,0.94,-89.5,0.0,0,,65,,1784949987000,2026-07-25T08:56:27.000+05:30,19094.194611557174,1784947326179,Default Profile,false
2026-07-25T03:26:33.000Z,12.145851666666665,75.44286833333334,-60.9,2.1,5.51,10.43136,29,gps,0.50,0.61,0.78,-89.5,0.0,0,,65,,1784949993000,2026-07-25T08:56:33.000+05:30,19161.743608791687,1784947326179,Default Profile,false
2026-07-25T03:26:38.000Z,12.146315,75.44288166666666,-62.8,2.2,3.93,9.281986,30,gps,0.49,0.76,0.91,-89.5,0.0,0,,65,,1784949998000,2026-07-25T08:56:38.000+05:30,19213.28430874273,1784947326179,Default Profile,false
2026-07-25T03:26:44.000Z,12.146818333333332,75.44291666666666,-65.5,2.2,10.29,8.673069,29,gps,0.50,0.79,0.94,-89.5,0.0,0,,65,,1784950004000,2026-07-25T08:56:44.000+05:30,19269.381593715305,1784947326179,Default Profile,false
2026-07-25T03:26:50.000Z,12.147026666666667,75.44298,-65.6,2.0,24.95,0.0,29,gps,0.50,0.61,0.79,-89.5,0.0,0,,65,,1784950010000,2026-07-25T08:56:50.000+05:30,19293.548600915423,1784947326179,Default Profile,false
2026-07-25T03:26:56.000Z,12.147025000000001,75.44297833333333,-65.7,2.1,24.95,0.0,30,gps,0.49,0.61,0.78,-89.5,0.0,0,,65,,1784950016000,2026-07-25T08:56:56.000+05:30,19293.80777250643,1784947326179,Default Profile,false
2026-07-25T03:27:02.000Z,12.147025000000001,75.44297833333333,-65.7,2.1,24.95,0.0,29,gps,0.50,0.61,0.79,-89.5,0.0,0,,65,,1784950022000,2026-07-25T08:57:02.000+05:30,19293.80777250643,1784947326179,Default Profile,false
2026-07-25T03:27:07.000Z,12.147065000000001,75.443015,-66.6,2.1,44.22,3.1701741,29,gps,0.51,0.78,0.93,-89.5,0.0,0,,65,,1784950027000,2026-07-25T08:57:07.000+05:30,19299.780209552064,1784947326179,Default Profile,false
2026-07-25T03:27:13.000Z,12.147269999999999,75.44321166666667,-62.8,2.3,42.82,6.4108653,29,gps,0.49,0.81,0.95,-89.5,0.0,0,,65,,1784950033000,2026-07-25T08:57:13.000+05:30,19331.031761258706,1784947326179,Default Profile,false
2026-07-25T03:27:19.000Z,12.147469999999998,75.44348166666667,-54.5,2.2,51.57,6.3846145,25,gps,0.57,0.90,1.07,-89.5,0.0,0,,65,,1784950039000,2026-07-25T08:57:19.000+05:30,19367.855926145094,1784947326179,Default Profile,false
2026-07-25T03:27:24.000Z,12.147661666666666,75.44369499999999,-49.8,2.3,43.83,6.600283,23,gps,0.66,1.01,1.21,-89.5,0.0,0,,65,,1784950044000,2026-07-25T08:57:24.000+05:30,19399.35216148892,1784947326179,Default Profile,false
2026-07-25T03:27:30.000Z,12.147826666666667,75.44400999999999,-48.3,2.0,80.52,5.323772,25,gps,0.58,0.90,1.07,-89.5,0.0,0,,65,,1784950050000,2026-07-25T08:57:30.000+05:30,19438.19980875935,1784947326179,Default Profile,false
2026-07-25T03:27:36.000Z,12.147871666666667,75.44422,-46.4,2.4,76.84,4.278886,21,gps,0.67,1.01,1.21,-89.5,0.0,0,,65,,1784950056000,2026-07-25T08:57:36.000+05:30,19461.5698302245,1784947326179,Default Profile,false
2026-07-25T03:27:41.000Z,12.147910000000001,75.44443833333334,-45.0,2.4,84.22,5.536352,22,gps,0.63,0.73,0.96,-89.5,0.0,0,,65,,1784950061000,2026-07-25T08:57:41.000+05:30,19485.683478199007,1784947326179,Default Profile,false
2026-07-25T03:27:47.000Z,12.147943333333334,75.44475000000001,-46.8,2.4,97.92,5.1395016,23,gps,0.60,0.71,0.93,-89.5,0.0,0,,65,,1784950067000,2026-07-25T08:57:47.000+05:30,19519.765348660134,1784947326179,Default Profile,false
2026-07-25T03:27:53.000Z,12.14786,75.44505166666666,-46.1,2.4,107.88,4.5280113,21,gps,0.66,0.72,0.98,-89.5,0.0,0,,65,,1784950073000,2026-07-25T08:57:53.000+05:30,19553.84207113887,1784947326179,Default Profile,false
2026-07-25T03:27:59.000Z,12.147783333333333,75.44539499999999,-43.2,2.5,109.06,5.7005486,18,gps,0.82,0.78,1.13,-89.5,0.0,0,,65,,1784950079000,2026-07-25T08:57:59.000+05:30,19592.125372935712,1784947326179,Default Profile,false
2026-07-25T03:28:05.000Z,12.147649999999999,75.44564166666667,-38.8,2.8,104.82,4.732871,17,gps,0.96,0.87,1.30,-89.5,0.0,0,,65,,1784950085000,2026-07-25T08:58:05.000+05:30,19622.765156815483,1784947326179,Default Profile,false
2026-07-25T03:28:11.000Z,12.147698333333334,75.446035,-35.7,2.5,70.64,5.8920255,19,gps,0.84,0.82,1.18,-89.5,0.0,0,,65,,1784950091000,2026-07-25T08:58:11.000+05:30,19665.858945043004,1784947326179,Default Profile,false
2026-07-25T03:28:17.000Z,12.147853333333334,75.446375,-32.4,2.3,59.76,6.859703,24,gps,0.57,0.89,1.06,-89.5,0.0,0,,65,,1784950097000,2026-07-25T08:58:17.000+05:30,19706.63974402709,1784947326179,Default Profile,false
2026-07-25T03:28:22.000Z,12.148073333333333,75.44669166666667,-31.5,2.1,52.88,8.294234,26,gps,0.55,0.88,1.03,-89.5,0.0,0,,65,,1784950102000,2026-07-25T08:58:22.000+05:30,19748.8699761468,1784947326179,Default Profile,false
2026-07-25T03:28:28.000Z,12.148378333333335,75.44707833333334,-26.5,2.3,47.28,9.427652,29,gps,0.55,0.81,0.98,-89.5,0.0,0,,65,,1784950108000,2026-07-25T08:58:28.000+05:30,19802.878545783715,1784947326179,Default Profile,false
2026-07-25T03:28:34.000Z,12.148738333333332,75.44755,-23.599999999999994,2.3,52.44,11.267269,28,gps,0.60,0.86,1.05,-89.5,0.0,0,,65,,1784950114000,2026-07-25T08:58:34.000+05:30,19867.92679056337,1784947326179,Default Profile,false
2026-07-25T03:28:40.000Z,12.149129999999998,75.44806833333334,-20.099999999999994,2.5,58.76,12.334289,25,gps,0.74,1.01,1.25,-89.5,0.0,0,,65,,1784950120000,2026-07-25T08:58:40.000+05:30,19939.14127403405,1784947326179,Default Profile,false
2026-07-25T03:28:46.000Z,12.149428333333333,75.448645,-18.400000000000006,2.1,70.19,9.381328,28,gps,0.55,0.83,0.99,-89.5,0.0,0,,65,,1784950126000,2026-07-25T08:58:46.000+05:30,20010.063920029253,1784947326179,Default Profile,false
2026-07-25T03:28:52.000Z,12.149458333333333,75.44880333333334,-17.700000000000003,2.3,70.16,0.0,27,gps,0.51,0.62,0.80,-89.5,0.0,0,,65,,1784950132000,2026-07-25T08:58:52.000+05:30,20027.595735125393,1784947326179,Default Profile,false
2026-07-25T03:28:58.000Z,12.149458333333333,75.44880166666667,-17.799999999999997,1.0,70.16,0.0,29,gps,0.47,0.60,0.77,-89.5,0.0,0,,65,,1784950138000,2026-07-25T08:58:58.000+05:30,20027.776909084172,1784947326179,Default Profile,false
2026-07-25T03:29:04.000Z,12.149466666666667,75.448815,-17.400000000000006,1.3,74.57,2.3723547,29,gps,0.49,0.59,0.77,-89.5,0.0,0,,65,,1784950144000,2026-07-25T08:59:04.000+05:30,20029.497190711958,1784947326179,Default Profile,false
2026-07-25T03:29:10.000Z,12.149538333333332,75.44908000000001,-17.200000000000003,1.8,67.32,7.198905,28,gps,0.52,0.63,0.81,-89.5,0.0,0,,65,,1784950150000,2026-07-25T08:59:10.000+05:30,20059.385780874254,1784947326179,Default Profile,false
2026-07-25T03:29:15.000Z,12.149736666666668,75.44942666666667,-20.099999999999994,1.9,58.32,9.384416,26,gps,0.56,0.86,1.03,-89.5,0.0,0,,65,,1784950155000,2026-07-25T08:59:15.000+05:30,20103.0488051698,1784947326179,Default Profile,false
2026-07-25T03:29:21.000Z,12.150028333333333,75.44990166666666,-22.400000000000006,1.9,53.37,9.803399,25,gps,0.58,0.68,0.89,-89.5,0.0,0,,65,,1784950161000,2026-07-25T08:59:21.000+05:30,20164.023769449203,1784947326179,Default Profile,false
2026-07-25T03:29:27.000Z,12.150429999999998,75.45030833333334,-25.0,2.3,30.64,9.8929615,26,gps,0.58,0.90,1.07,-89.5,0.0,0,,65,,1784950167000,2026-07-25T08:59:27.000+05:30,20226.864906350736,1784947326179,Default Profile,false
2026-07-25T03:29:33.000Z,12.151001666666666,75.45057166666668,-28.299999999999997,2.0,32.06,12.413041,29,gps,0.54,0.79,0.95,-89.5,0.0,0,,65,,1784950173000,2026-07-25T08:59:33.000+05:30,20296.57933870425,1784947326179,Default Profile,false
2026-07-25T03:29:39.000Z,12.151514999999998,75.45101166666667,-27.1,2.1,42.07,11.854053,25,gps,0.62,0.99,1.17,-89.5,0.0,0,,65,,1784950179000,2026-07-25T08:59:39.000+05:30,20371.049495674746,1784947326179,Default Profile,false
2026-07-25T03:29:44.000Z,12.151836666666668,75.45130833333333,-24.5,2.6,36.1,8.814103,23,gps,0.67,0.74,1.00,-89.5,0.0,0,,65,,1784950184000,2026-07-25T08:59:44.000+05:30,20419.2086779857,1784947326179,Default Profile,false
2026-07-25T03:29:49.000Z,12.152065,75.451565,-22.799999999999997,2.4,54.49,7.291555,25,gps,0.60,0.98,1.15,-89.5,0.0,0,,65,,1784950189000,2026-07-25T08:59:49.000+05:30,20456.93223297004,1784947326179,Default Profile,false
2026-07-25T03:29:55.000Z,12.152288333333335,75.45195166666667,-18.700000000000003,2.4,59.48,9.028228,25,gps,0.56,0.67,0.87,-89.5,0.0,0,,65,,1784950195000,2026-07-25T08:59:55.000+05:30,20505.75218209373,1784947326179,Default Profile,false
2026-07-25T03:30:01.000Z,12.152578333333334,75.45242499999999,-13.900000000000006,2.4,58.19,10.134881,24,gps,0.58,0.68,0.89,-89.5,0.0,0,,65,,1784950201000,2026-07-25T09:00:01.000+05:30,20566.474766041723,1784947326179,Default Profile,false
2026-07-25T03:30:07.000Z,12.152991666666667,75.45285166666666,-10.5,2.5,36.37,8.660716,26,gps,0.62,0.66,0.91,-89.5,0.0,0,,65,,1784950207000,2026-07-25T09:00:07.000+05:30,20631.77004946944,1784947326179,Default Profile,false
2026-07-25T03:30:13.000Z,12.153161666666666,75.45294833333334,-12.0,2.3,23.36,0.0,28,gps,0.54,0.63,0.83,-89.5,0.0,0,,65,,1784950213000,2026-07-25T09:00:13.000+05:30,20653.397475380098,1784947326179,Default Profile,false
2026-07-25T03:30:18.000Z,12.153268333333331,75.45300833333334,-13.700000000000003,2.2,35.01,4.237193,30,gps,0.54,0.77,0.94,-89.5,0.0,0,,65,,1784950218000,2026-07-25T09:00:18.000+05:30,20666.933246423574,1784947326179,Default Profile,false
2026-07-25T03:30:24.000Z,12.153513333333335,75.45324833333333,-11.400000000000006,2.1,40.65,7.5200915,30,gps,0.52,0.78,0.94,-89.5,0.0,0,,65,,1784950224000,2026-07-25T09:00:24.000+05:30,20704.653084945963,1784947326179,Default Profile,false
2026-07-25T03:30:29.000Z,12.15378,75.45348666666668,-9.5,2.4,41.05,7.4089117,20,gps,0.73,1.02,1.26,-89.5,0.0,0,,65,,1784950229000,2026-07-25T09:00:29.000+05:30,20744.02867193095,1784947326179,Default Profile,false
2026-07-25T03:30:35.000Z,12.154136666666666,75.45370833333332,-7.5,2.6,24.01,6.757788,23,gps,0.70,1.13,1.33,-89.4,0.0,0,,65,,1784950235000,2026-07-25T09:00:35.000+05:30,20790.434296381965,1784947326179,Default Profile,false
2026-07-25T03:30:41.000Z,12.154523333333335,75.45388166666666,-7.700000000000003,2.3,27.32,6.0340886,22,gps,0.71,0.78,1.06,-89.4,0.0,0,,65,,1784950241000,2026-07-25T09:00:41.000+05:30,20837.376957130753,1784947326179,Default Profile,false
2026-07-25T03:30:47.000Z,12.154848333333332,75.45401833333334,-6.400000000000006,2.3,12.89,6.9955897,24,gps,0.68,0.92,1.15,-89.4,0.0,0,,65,,1784950247000,2026-07-25T09:00:47.000+05:30,20876.449714242342,1784947326179,Default Profile,false
2026-07-25T03:30:53.000Z,12.155318333333332,75.45393666666668,-4.200000000000003,2.3,335.57,10.088041,28,gps,0.64,0.84,1.05,-89.4,0.0,0,,65,,1784950253000,2026-07-25T09:00:53.000+05:30,20929.459935483203,1784947326179,Default Profile,false
2026-07-25T03:30:58.000Z,12.155793333333333,75.453675,-4.800000000000011,2.5,343.32,11.8535385,27,gps,0.57,0.63,0.84,-89.4,0.0,0,,65,,1784950258000,2026-07-25T09:00:58.000+05:30,20989.44943120043,1784947326179,Default Profile,false
2026-07-25T03:31:04.000Z,12.156401666666666,75.453835,-9.0,2.9,29.82,13.072915,21,gps,0.78,0.71,1.05,-89.4,0.0,0,,65,,1784950264000,2026-07-25T09:01:04.000+05:30,21059.293148745503,1784947326179,Default Profile,false
2026-07-25T03:31:09.000Z,12.156986666666667,75.45402833333333,-17.400000000000006,2.4,15.0,13.738451,28,gps,0.52,0.58,0.78,-89.4,0.0,0,,65,,1784950269000,2026-07-25T09:01:09.000+05:30,21127.652729899248,1784947326179,Default Profile,false
2026-07-25T03:31:15.000Z,12.157606666666668,75.45442666666666,-35.50000000000001,2.4,42.83,13.451236,26,gps,0.54,0.66,0.86,-89.4,0.0,0,,65,,1784950275000,2026-07-25T09:01:15.000+05:30,21209.06323794042,1784947326179,Default Profile,false
2026-07-25T03:31:21.000Z,12.158311666666668,75.45471833333333,-39.900000000000006,2.0,10.35,13.606167,29,gps,0.51,0.62,0.81,-89.4,0.0,0,,65,,1784950281000,2026-07-25T09:01:21.000+05:30,21293.624120626417,1784947326179,Default Profile,false
2026-07-25T03:31:27.000Z,12.158908333333333,75.45489666666667,-38.400000000000006,2.3,24.63,7.598844,30,gps,0.49,0.61,0.78,-89.4,0.0,0,,65,,1784950287000,2026-07-25T09:01:27.000+05:30,21362.74436734135,1784947326179,Default Profile,false
2026-07-25T03:31:33.000Z,12.158986666666665,75.45493333333334,-36.10000000000001,2.2,13.61,0.0,29,gps,0.50,0.61,0.79,-89.4,0.0,0,,65,,1784950293000,2026-07-25T09:01:33.000+05:30,21372.323222941377,1784947326179,Default Profile,false
2026-07-25T03:31:38.000Z,12.158986666666665,75.45493333333334,-36.10000000000001,2.2,13.61,0.0,28,gps,0.50,0.63,0.80,-89.4,0.0,0,,65,,1784950298000,2026-07-25T09:01:38.000+05:30,21372.323222941377,1784947326179,Default Profile,false
2026-07-25T03:31:44.000Z,12.159094999999999,75.45500833333334,-31.200000000000003,2.0,32.28,2.3419862,29,gps,0.51,0.81,0.96,-89.4,0.0,0,,65,,1784950304000,2026-07-25T09:01:44.000+05:30,21386.86876362473,1784947326179,Default Profile,false
2026-07-25T03:31:50.000Z,12.159108333333332,75.45502333333334,-28.800000000000004,2.1,32.28,0.0,28,gps,0.52,0.65,0.83,-89.4,0.0,0,,65,,1784950310000,2026-07-25T09:01:50.000+05:30,21389.07254477403,1784947326179,Default Profile,false
2026-07-25T03:31:56.000Z,12.159323333333335,75.45514,-27.10000000000001,2.0,26.4,5.664518,30,gps,0.51,0.77,0.92,-89.4,0.0,0,,65,,1784950316000,2026-07-25T09:01:56.000+05:30,21416.134808634208,1784947326179,Default Profile,false
2026-07-25T03:32:01.000Z,12.159633333333334,75.45524999999999,-27.60000000000001,2.0,11.32,7.191184,30,gps,0.51,0.77,0.92,-89.4,0.0,0,,65,,1784950321000,2026-07-25T09:02:01.000+05:30,21452.620161062117,1784947326179,Default Profile,false
2026-07-25T03:32:06.000Z,12.159931666666667,75.45530666666667,-27.500000000000007,2.3,9.79,6.5009418,28,gps,0.55,0.88,1.04,-89.4,0.0,0,,65,,1784950326000,2026-07-25T09:02:06.000+05:30,21486.36034022541,1784947326179,Default Profile,false
2026-07-25T03:32:12.000Z,12.160286666666666,75.45538,-24.60000000000001,2.3,20.53,7.6184034,29,gps,0.53,0.63,0.82,-89.4,0.0,0,,65,,1784950332000,2026-07-25T09:02:12.000+05:30,21526.63135417783,1784947326179,Default Profile,false
2026-07-25T03:32:18.000Z,12.160646666666667,75.45568,-22.400000000000006,2.1,49.22,9.786928,28,gps,0.53,0.78,0.94,-89.4,0.0,0,,65,,1784950338000,2026-07-25T09:02:18.000+05:30,21578.262977016475,1784947326179,Default Profile,false
2026-07-25T03:32:24.000Z,12.161135000000002,75.45612333333334,-22.60000000000001,2.1,36.89,13.427044,27,gps,0.55,0.81,0.98,-89.4,0.0,0,,65,,1784950344000,2026-07-25T09:02:24.000+05:30,21650.863294339742,1784947326179,Default Profile,false
2026-07-25T03:32:30.000Z,12.161925,75.45661166666667,-31.900000000000006,2.5,25.99,17.116058,22,gps,0.62,0.70,0.93,-89.4,0.0,0,,65,,1784950350000,2026-07-25T09:02:30.000+05:30,21753.49963789001,1784947326179,Default Profile,false
2026-07-25T03:32:35.000Z,12.162578333333332,75.45692333333334,-38.50000000000001,2.3,25.21,13.614403,28,gps,0.52,0.62,0.81,-89.4,0.0,0,,65,,1784950355000,2026-07-25T09:02:35.000+05:30,21833.657918287114,1784947326179,Default Profile,false
2026-07-25T03:32:41.000Z,12.163278333333334,75.45707999999999,-39.10000000000001,2.3,4.55,14.762234,33,gps,0.46,0.56,0.73,-89.4,0.0,0,,65,,1784950361000,2026-07-25T09:02:41.000+05:30,21913.33549515028,1784947326179,Default Profile,false
2026-07-25T03:32:47.000Z,12.164063333333335,75.45732,-40.60000000000001,2.4,19.76,13.647345,33,gps,0.46,0.56,0.73,-89.4,0.0,0,,65,,1784950367000,2026-07-25T09:02:47.000+05:30,22004.438534474775,1784947326179,Default Profile,false
2026-07-25T03:32:53.000Z,12.164754999999998,75.45752666666667,-47.2,2.5,21.56,11.688827,28,gps,0.54,0.82,0.98,-89.4,0.0,0,,65,,1784950373000,2026-07-25T09:02:53.000+05:30,22084.56197798344,1784947326179,Default Profile,false
2026-07-25T03:32:59.000Z,12.165213333333334,75.45794,-49.900000000000006,2.6,55.13,12.314729,27,gps,0.55,0.88,1.04,-89.4,0.0,0,,65,,1784950379000,2026-07-25T09:02:59.000+05:30,22152.50265714632,1784947326179,Default Profile,false
2026-07-25T03:33:05.000Z,12.165564999999999,75.458595,-54.50000000000001,2.5,66.41,13.122329,23,gps,0.61,1.07,1.23,-89.4,0.0,0,,65,,1784950385000,2026-07-25T09:03:05.000+05:30,22233.73143709764,1784947326179,Default Profile,false
2026-07-25T03:33:11.000Z,12.165593333333334,75.45931833333334,-58.900000000000006,2.6,107.94,13.392043,23,gps,0.58,0.95,1.11,-89.4,0.0,0,,65,,1784950391000,2026-07-25T09:03:11.000+05:30,22312.419264825563,1784947326179,Default Profile,false
2026-07-25T03:33:17.000Z,12.165423333333335,75.45989,-54.900000000000006,2.6,94.79,10.246575,22,gps,0.63,1.00,1.19,-89.4,0.0,0,,65,,1784950397000,2026-07-25T09:03:17.000+05:30,22377.369812693323,1784947326179,Default Profile,false
2026-07-25T03:33:23.000Z,12.165508333333332,75.460325,-55.2,2.6,67.29,7.3929553,22,gps,0.59,0.73,0.94,-89.4,0.0,0,,65,,1784950403000,2026-07-25T09:03:23.000+05:30,22425.58876034555,1784947326179,Default Profile,false
2026-07-25T03:33:29.000Z,12.16587,75.46068,-57.2,2.1,38.01,10.406654,29,gps,0.53,0.84,0.99,-89.4,0.0,0,,65,,1784950409000,2026-07-25T09:03:29.000+05:30,22481.322921797935,1784947326179,Default Profile,false
2026-07-25T03:33:35.000Z,12.166341666666664,75.46108166666666,-62.60000000000001,2.4,43.82,11.101014,27,gps,0.59,0.83,1.01,-89.4,0.0,0,,65,,1784950415000,2026-07-25T09:03:35.000+05:30,22549.564359469186,1784947326179,Default Profile,false
2026-07-25T03:33:41.000Z,12.166735000000001,75.46146666666667,-58.50000000000001,2.3,38.01,6.5956507,27,gps,0.55,0.63,0.84,-89.4,0.0,0,,65,,1784950421000,2026-07-25T09:03:41.000+05:30,22610.096937985483,1784947326179,Default Profile,false
2026-07-25T03:33:46.000Z,12.166789999999999,75.461445,-54.900000000000006,2.2,3.99,0.0,22,gps,0.62,0.69,0.93,-89.4,0.0,0,,65,,1784950426000,2026-07-25T09:03:46.000+05:30,22616.65045441454,1784947326179,Default Profile,false
2026-07-25T03:33:52.000Z,12.166781666666669,75.46144,-54.10000000000001,1.0,3.99,0.0,25,gps,0.59,0.68,0.90,-89.4,0.0,0,,65,,1784950432000,2026-07-25T09:03:52.000+05:30,22617.7247031245,1784947326179,Default Profile,false
2026-07-25T03:33:58.000Z,12.166846666666666,75.46154833333334,-51.2,2.1,53.78,4.1296163,29,gps,0.52,0.79,0.95,-89.4,0.0,0,,65,,1784950438000,2026-07-25T09:03:58.000+05:30,22631.54145128016,1784947326179,Default Profile,false
2026-07-25T03:34:04.000Z,12.16706,75.46176999999999,-46.2,2.2,44.78,5.775183,31,gps,0.49,0.75,0.90,-89.4,0.0,0,,65,,1784950444000,2026-07-25T09:04:04.000+05:30,22665.353593545802,1784947326179,Default Profile,false
2026-07-25T03:34:09.000Z,12.167291666666666,75.46201666666666,-44.800000000000004,2.2,52.08,7.934958,31,gps,0.50,0.76,0.91,-89.4,0.0,0,,65,,1784950449000,2026-07-25T09:04:09.000+05:30,22702.535133425157,1784947326179,Default Profile,false
2026-07-25T03:34:15.000Z,12.167579999999997,75.46239166666666,-46.800000000000004,1.9,57.62,6.66205,29,gps,0.51,0.75,0.91,-89.4,0.0,0,,65,,1784950455000,2026-07-25T09:04:15.000+05:30,22754.3946676575,1784947326179,Default Profile,false
2026-07-25T03:34:21.000Z,12.167781666666666,75.46271666666667,-47.50000000000001,1.9,50.69,6.9111753,30,gps,0.50,0.77,0.92,-89.4,0.0,0,,65,,1784950461000,2026-07-25T09:04:21.000+05:30,22796.237365485387,1784947326179,Default Profile,false
2026-07-25T03:34:26.000Z,12.167848333333332,75.4628,-47.00000000000001,2.4,40.86,0.0,27,gps,0.54,0.65,0.85,-89.4,0.0,0,,65,,1784950466000,2026-07-25T09:04:26.000+05:30,22807.942115626105,1784947326179,Default Profile,false
2026-07-25T03:34:32.000Z,12.167853333333335,75.46279833333332,-47.60000000000001,1.1,40.86,0.0,27,gps,0.61,0.65,0.89,-89.4,0.0,0,,65,,1784950472000,2026-07-25T09:04:32.000+05:30,22808.526861089096,1784947326179,Default Profile,false
2026-07-25T03:34:37.000Z,12.167853333333335,75.46279833333332,-47.60000000000001,1.1,40.86,0.0,28,gps,0.60,0.64,0.88,-89.4,0.0,0,,65,,1784950477000,2026-07-25T09:04:37.000+05:30,22808.526861089096,1784947326179,Default Profile,false
2026-07-25T03:34:43.000Z,12.167853333333335,75.46279833333332,-47.60000000000001,1.4,40.86,0.0,30,gps,0.52,0.60,0.79,-89.4,0.0,0,,65,,1784950483000,2026-07-25T09:04:43.000+05:30,22808.526861089096,1784947326179,Default Profile,false
2026-07-25T03:34:49.000Z,12.167853333333335,75.46279833333332,-47.60000000000001,1.7,40.86,0.0,30,gps,0.52,0.60,0.79,-89.4,0.0,0,,64,,1784950489000,2026-07-25T09:04:49.000+05:30,22808.526861089096,1784947326179,Default Profile,false
2026-07-25T03:34:55.000Z,12.167853333333335,75.46279833333332,-47.60000000000001,1.4,40.86,0.0,30,gps,0.52,0.60,0.79,-89.4,0.0,0,,64,,1784950495000,2026-07-25T09:04:55.000+05:30,22808.526861089096,1784947326179,Default Profile,false
2026-07-25T03:35:01.000Z,12.167853333333335,75.46279833333332,-47.60000000000001,1.0,40.86,0.0,28,gps,0.56,0.63,0.85,-89.4,0.0,0,,64,,1784950501000,2026-07-25T09:05:01.000+05:30,22808.526861089096,1784947326179,Default Profile,false
2026-07-25T03:35:07.000Z,12.167853333333335,75.46279833333332,-47.60000000000001,1.0,40.86,0.0,28,gps,0.54,0.63,0.83,-89.4,0.0,0,,64,,1784950507000,2026-07-25T09:05:07.000+05:30,22808.526861089096,1784947326179,Default Profile,false
2026-07-25T03:35:13.000Z,12.167853333333335,75.46279833333332,-47.60000000000001,1.0,40.86,0.0,28,gps,0.56,0.63,0.85,-89.4,0.0,0,,64,,1784950513000,2026-07-25T09:05:13.000+05:30,22808.526861089096,1784947326179,Default Profile,false
2026-07-25T03:35:18.000Z,12.167853333333335,75.46279833333332,-47.60000000000001,1.0,40.86,0.0,29,gps,0.55,0.63,0.84,-89.4,0.0,0,,64,,1784950518000,2026-07-25T09:05:18.000+05:30,22808.526861089096,1784947326179,Default Profile,false
2026-07-25T03:35:24.000Z,12.168016666666665,75.46287666666667,-44.800000000000004,1.9,23.25,3.811518,31,gps,0.51,0.77,0.92,-89.4,0.0,0,,64,,1784950524000,2026-07-25T09:05:24.000+05:30,22828.585537711155,1784947326179,Default Profile,false
2026-07-25T03:35:29.000Z,12.168261666666668,75.46293666666666,-40.60000000000001,2.0,4.79,5.4612026,33,gps,0.47,0.69,0.84,-89.4,0.0,0,,64,,1784950529000,2026-07-25T09:05:29.000+05:30,22856.598066017053,1784947326179,Default Profile,false
2026-07-25T03:35:35.000Z,12.16863,75.46294166666667,-39.300000000000004,2.2,352.2,6.8885274,33,gps,0.49,0.73,0.88,-89.4,0.0,0,,64,,1784950535000,2026-07-25T09:05:35.000+05:30,22897.558469758602,1784947326179,Default Profile,false
2026-07-25T03:35:40.000Z,12.168983333333331,75.46289666666667,-45.300000000000004,2.2,354.79,5.7968016,32,gps,0.50,0.73,0.88,-89.4,0.0,0,,64,,1784950540000,2026-07-25T09:05:40.000+05:30,22937.15065134612,1784947326179,Default Profile,false
2026-07-25T03:35:46.000Z,12.169303333333335,75.462955,-48.60000000000001,2.2,44.53,6.647123,33,gps,0.47,0.68,0.83,-89.4,0.0,0,,64,,1784950546000,2026-07-25T09:05:46.000+05:30,22973.293547884667,1784947326179,Default Profile,false
2026-07-25T03:35:51.000Z,12.169396666666668,75.46331833333333,-49.50000000000001,2.0,79.56,9.070435,28,gps,0.52,0.81,0.97,-89.4,0.0,0,,64,,1784950551000,2026-07-25T09:05:51.000+05:30,23014.1273751298,1784947326179,Default Profile,false
2026-07-25T03:35:57.000Z,12.169466666666665,75.463855,-49.900000000000006,2.0,77.87,10.088555,26,gps,0.58,0.91,1.08,-89.4,0.0,0,,64,,1784950557000,2026-07-25T09:05:57.000+05:30,23072.978015120345,1784947326179,Default Profile,false
2026-07-25T03:36:02.000Z,12.169585,75.46432833333333,-48.900000000000006,2.0,75.13,11.2065325,28,gps,0.53,0.66,0.85,-89.4,0.0,0,,64,,1784950562000,2026-07-25T09:06:02.000+05:30,23126.08345678366,1784947326179,Default Profile,false
2026-07-25T03:36:08.000Z,12.169794999999999,75.46486166666666,-47.2,2.0,59.54,8.630347,26,gps,0.56,0.67,0.88,-89.4,0.0,0,,64,,1784950568000,2026-07-25T09:06:08.000+05:30,23188.580917710085,1784947326179,Default Profile,false
2026-07-25T03:36:14.000Z,12.170106666666667,75.46512333333334,-42.7,2.5,37.18,6.9420586,24,gps,0.73,0.75,1.05,-89.4,0.0,0,,64,,1784950574000,2026-07-25T09:06:14.000+05:30,23233.41366589362,1784947326179,Default Profile,false
2026-07-25T03:36:19.000Z,12.170381666666666,75.46532333333333,-34.50000000000001,2.6,26.8,7.655978,24,gps,0.81,1.02,1.31,-89.4,0.0,0,,64,,1784950579000,2026-07-25T09:06:19.000+05:30,23270.932232294257,1784947326179,Default Profile,false
2026-07-25T03:36:25.000Z,12.170776666666665,75.4656,-32.300000000000004,2.4,39.51,9.32934,25,gps,0.77,1.05,1.30,-89.4,0.0,0,,64,,1784950585000,2026-07-25T09:06:25.000+05:30,23324.162827640823,1784947326179,Default Profile,false
2026-07-25T03:36:30.000Z,12.171133333333334,75.46586666666667,-31.700000000000003,2.6,35.17,9.721559,29,gps,0.59,0.78,0.98,-89.4,0.0,0,,64,,1784950590000,2026-07-25T09:06:30.000+05:30,23373.285495005177,1784947326179,Default Profile,false
2026-07-25T03:36:36.000Z,12.171611666666669,75.46600833333333,-30.900000000000006,2.5,2.58,8.512991,31,gps,0.52,0.61,0.80,-89.4,0.0,0,,64,,1784950596000,2026-07-25T09:06:36.000+05:30,23428.657899669546,1784947326179,Default Profile,false
2026-07-25T03:36:42.000Z,12.171841666666667,75.46602,-33.10000000000001,2.3,10.34,0.0,31,gps,0.50,0.60,0.78,-89.4,0.0,0,,64,,1784950602000,2026-07-25T09:06:42.000+05:30,23454.264152739655,1784947326179,Default Profile,false
2026-07-25T03:36:47.000Z,12.171840000000001,75.46601666666668,-33.2,1.2,10.34,0.0,32,gps,0.48,0.60,0.77,-89.4,0.0,0,,64,,1784950607000,2026-07-25T09:06:47.000+05:30,23454.671116151,1784947326179,Default Profile,false
2026-07-25T03:36:53.000Z,12.171840000000001,75.46601666666668,-33.2,1.1,10.34,0.0,32,gps,0.51,0.59,0.78,-89.4,0.0,0,,64,,1784950613000,2026-07-25T09:06:53.000+05:30,23454.671116151,1784947326179,Default Profile,false
2026-07-25T03:36:59.000Z,12.172055,75.46597333333334,-33.10000000000001,2.2,334.87,6.1957116,34,gps,0.48,0.71,0.86,-89.4,0.0,0,,64,,1784950619000,2026-07-25T09:06:59.000+05:30,23479.03760095268,1784947326179,Default Profile,false
2026-07-25T03:37:05.000Z,12.17243,75.46579666666666,-33.10000000000001,2.4,336.77,8.011137,28,gps,0.55,0.82,0.98,-89.4,0.0,0,,64,,1784950625000,2026-07-25T09:07:05.000+05:30,23524.944883908673,1784947326179,Default Profile,false
2026-07-25T03:37:11.000Z,12.17284,75.46561833333334,-31.60000000000001,2.4,342.49,7.326041,28,gps,0.55,0.82,0.98,-89.4,0.0,0,,64,,1784950631000,2026-07-25T09:07:11.000+05:30,23574.48453768891,1784947326179,Default Profile,false
2026-07-25T03:37:17.000Z,12.173138333333334,75.46553333333333,-31.700000000000003,2.4,343.28,4.908906,31,gps,0.51,0.75,0.90,-89.4,0.0,0,,64,,1784950637000,2026-07-25T09:07:17.000+05:30,23608.92024892938,1784947326179,Default Profile,false
2026-07-25T03:37:23.000Z,12.173438333333335,75.46543666666666,-29.10000000000001,2.1,345.62,5.5080423,33,gps,0.49,0.72,0.87,-89.4,0.0,0,,64,,1784950643000,2026-07-25T09:07:23.000+05:30,23643.894356607252,1784947326179,Default Profile,false
2026-07-25T03:37:28.000Z,12.173695000000002,75.46536666666665,-26.800000000000004,2.3,340.14,5.773639,31,gps,0.54,0.74,0.92,-89.4,0.0,0,,64,,1784950648000,2026-07-25T09:07:28.000+05:30,23673.43118820266,1784947326179,Default Profile,false
2026-07-25T03:37:34.000Z,12.174036666666666,75.46518166666667,-23.60000000000001,2.6,328.86,7.330159,29,gps,0.62,0.83,1.04,-89.4,0.0,0,,64,,1784950654000,2026-07-25T09:07:34.000+05:30,23716.41620834942,1784947326179,Default Profile,false
2026-07-25T03:37:40.000Z,12.174475,75.46504499999999,-23.60000000000001,2.2,349.54,8.944842,27,gps,0.62,0.81,1.02,-89.4,0.0,0,,64,,1784950660000,2026-07-25T09:07:40.000+05:30,23767.370091384153,1784947326179,Default Profile,false
2026-07-25T03:37:46.000Z,12.174968333333334,75.46493666666667,-20.80000000000001,2.3,342.05,8.951534,28,gps,0.57,0.78,0.97,-89.4,0.0,0,,64,,1784950666000,2026-07-25T09:07:46.000+05:30,23823.4758287568,1784947326179,Default Profile,false
2026-07-25T03:37:52.000Z,12.175385000000002,75.46458166666666,-15.600000000000009,2.5,310.76,8.73844,27,gps,0.59,0.87,1.05,-89.4,0.0,0,,64,,1784950672000,2026-07-25T09:07:52.000+05:30,23883.770820114867,1784947326179,Default Profile,false
2026-07-25T03:37:57.000Z,12.175678333333334,75.46435666666666,-11.5,2.6,329.45,7.0882397,26,gps,0.62,0.85,1.05,-89.4,0.0,0,,64,,1784950677000,2026-07-25T09:07:57.000+05:30,23924.538214619828,1784947326179,Default Profile,false
2026-07-25T03:38:03.000Z,12.175966666666666,75.46423666666666,-6.700000000000003,2.6,334.9,5.2697263,25,gps,0.66,0.88,1.10,-89.4,0.0,0,,64,,1784950683000,2026-07-25T09:08:03.000+05:30,23959.151025494935,1784947326179,Default Profile,false
2026-07-25T03:38:08.000Z,12.176184999999998,75.46414833333333,-4.6000000000000085,2.6,341.71,4.8430214,25,gps,0.71,0.98,1.21,-89.4,0.0,0,,64,,1784950688000,2026-07-25T09:08:08.000+05:30,23985.258189886557,1784947326179,Default Profile,false
2026-07-25T03:38:14.000Z,12.176430000000002,75.46409999999999,-0.5,2.5,5.83,1.8370436,28,gps,0.54,0.62,0.82,-89.4,0.0,0,,64,,1784950694000,2026-07-25T09:08:14.000+05:30,24013.002869041673,1784947326179,Default Profile,false
2026-07-25T03:38:20.000Z,12.176473333333336,75.46409,1.5999999999999943,2.3,347.09,2.8525906,27,gps,0.55,0.62,0.83,-89.4,0.0,0,,64,,1784950700000,2026-07-25T09:08:20.000+05:30,24017.942388646054,1784947326179,Default Profile,false
2026-07-25T03:38:26.000Z,12.176726666666665,75.46408,6.199999999999989,2.4,359.63,5.972322,28,gps,0.53,0.79,0.95,-89.4,0.0,0,,64,,1784950706000,2026-07-25T09:08:26.000+05:30,24046.13273224466,1784947326179,Default Profile,false
2026-07-25T03:38:31.000Z,12.177035,75.46406166666667,4.699999999999989,2.2,0.09,6.68933,30,gps,0.49,0.58,0.76,-89.4,0.0,0,,64,,1784950711000,2026-07-25T09:08:31.000+05:30,24080.47569557595,1784947326179,Default Profile,false
2026-07-25T03:38:37.000Z,12.17749,75.46414,2.0999999999999943,2.2,12.4,8.546448,28,gps,0.52,0.58,0.78,-89.4,0.0,0,,64,,1784950717000,2026-07-25T09:08:37.000+05:30,24131.780809240623,1784947326179,Default Profile,false
2026-07-25T03:38:43.000Z,12.177926666666668,75.46429499999999,2.0,2.5,36.06,8.336956,29,gps,0.57,0.83,1.01,-89.4,0.0,0,,64,,1784950723000,2026-07-25T09:08:43.000+05:30,24183.175691741424,1784947326179,Default Profile,false
2026-07-25T03:38:49.000Z,12.178248333333332,75.46450666666667,5.799999999999997,2.2,12.37,5.5672355,29,gps,0.58,0.77,0.97,-89.4,0.0,0,,64,,1784950729000,2026-07-25T09:08:49.000+05:30,24225.703715210082,1784947326179,Default Profile,false
2026-07-25T03:38:55.000Z,12.178318333333333,75.46452333333333,6.3999999999999915,2.3,17.79,0.0,32,gps,0.51,0.59,0.78,-89.4,0.0,0,,64,,1784950735000,2026-07-25T09:08:55.000+05:30,24233.695386867,1784947326179,Default Profile,false
2026-07-25T03:39:00.000Z,12.178421666666669,75.46453833333334,8.699999999999989,1.9,5.41,3.4460652,33,gps,0.49,0.71,0.86,-89.4,0.0,0,,64,,1784950740000,2026-07-25T09:09:00.000+05:30,24245.30062442483,1784947326179,Default Profile,false
2026-07-25T03:39:06.000Z,12.178711666666667,75.46454166666668,9.399999999999991,1.9,359.45,5.968719,33,gps,0.49,0.71,0.86,-89.4,0.0,0,,64,,1784950746000,2026-07-25T09:09:06.000+05:30,24277.54918845768,1784947326179,Default Profile,false
2026-07-25T03:39:11.000Z,12.178985,75.46453833333334,10.799999999999997,2.2,359.06,6.2729197,32,gps,0.52,0.73,0.90,-89.4,0.0,0,,64,,1784950751000,2026-07-25T09:09:11.000+05:30,24307.944627804343,1784947326179,Default Profile,false
2026-07-25T03:39:17.000Z,12.179399999999998,75.46451,11.0,2.0,353.48,8.193348,32,gps,0.52,0.73,0.90,-89.4,0.0,0,,64,,1784950757000,2026-07-25T09:09:17.000+05:30,24354.193169394726,1784947326179,Default Profile,false
2026-07-25T03:39:23.000Z,12.179861666666666,75.46446666666667,11.899999999999991,2.3,358.2,8.43115,31,gps,0.50,0.73,0.88,-89.4,0.0,0,,64,,1784950763000,2026-07-25T09:09:23.000+05:30,24405.743778544573,1784947326179,Default Profile,false
2026-07-25T03:39:28.000Z,12.180266666666666,75.46450166666666,14.699999999999989,2.0,4.74,9.199631,31,gps,0.47,0.57,0.74,-89.4,0.0,0,,64,,1784950768000,2026-07-25T09:09:28.000+05:30,24450.938117576472,1784947326179,Default Profile,false
2026-07-25T03:39:34.000Z,12.180778333333334,75.464585,14.799999999999997,2.1,17.05,8.536668,30,gps,0.50,0.57,0.76,-89.4,0.0,0,,64,,1784950774000,2026-07-25T09:09:34.000+05:30,24508.54933158449,1784947326179,Default Profile,false
2026-07-25T03:39:40.000Z,12.180964999999999,75.46466666666667,16.39999999999999,2.3,26.61,0.0,29,gps,0.52,0.60,0.79,-89.4,0.0,0,,64,,1784950780000,2026-07-25T09:09:40.000+05:30,24531.124082447357,1784947326179,Default Profile,false
2026-07-25T03:39:45.000Z,12.180956666666669,75.46466833333334,16.0,1.1,26.61,0.0,28,gps,0.56,0.63,0.84,-89.4,0.0,0,,64,,1784950785000,2026-07-25T09:09:45.000+05:30,24532.068248205975,1784947326179,Default Profile,false
2026-07-25T03:39:51.000Z,12.181048333333335,75.46476,17.799999999999997,1.8,52.39,4.20631,28,gps,0.54,0.79,0.96,-89.4,0.0,0,,64,,1784950791000,2026-07-25T09:09:51.000+05:30,24546.3217953653,1784947326179,Default Profile,false
2026-07-25T03:39:57.000Z,12.181116666666666,75.465005,20.69999999999999,2.3,82.84,4.3483734,26,gps,0.54,0.80,0.96,-89.4,0.0,0,,64,,1784950797000,2026-07-25T09:09:57.000+05:30,24574.014024890468,1784947326179,Default Profile,false
2026-07-25T03:40:02.000Z,12.181095000000001,75.4653,23.299999999999997,2.6,81.23,5.4560556,23,gps,0.58,0.65,0.87,-89.4,0.0,0,,64,,1784950802000,2026-07-25T09:10:02.000+05:30,24606.16838197789,1784947326179,Default Profile,false
2026-07-25T03:40:08.000Z,12.181365000000001,75.46548166666666,24.5,2.8,10.18,5.0139093,22,gps,0.66,1.04,1.23,-89.4,0.0,0,,64,,1784950808000,2026-07-25T09:10:08.000+05:30,24642.10230851863,1784947326179,Default Profile,false
2026-07-25T03:40:14.000Z,12.181883333333333,75.46513166666666,25.39999999999999,2.7,329.71,9.76428,22,gps,0.59,0.70,0.91,-89.4,0.0,0,,64,,1784950814000,2026-07-25T09:10:14.000+05:30,24711.160986122944,1784947326179,Default Profile,false
2026-07-25T03:40:19.000Z,12.182341666666666,75.46505499999999,25.19999999999999,2.8,1.83,8.877414,25,gps,0.57,0.87,1.04,-89.4,0.0,0,,64,,1784950819000,2026-07-25T09:10:19.000+05:30,24762.802080390153,1784947326179,Default Profile,false
2026-07-25T03:40:25.000Z,12.182831666666667,75.46533166666667,25.099999999999994,2.8,37.74,10.271282,25,gps,0.56,0.80,0.98,-89.4,0.0,0,,64,,1784950825000,2026-07-25T09:10:25.000+05:30,24825.035062000603,1784947326179,Default Profile,false
2026-07-25T03:40:30.000Z,12.18327,75.46563666666665,23.799999999999997,2.7,20.17,10.373197,20,gps,0.72,1.06,1.28,-89.4,0.0,0,,64,,1784950830000,2026-07-25T09:10:30.000+05:30,24883.9807653846,1784947326179,Default Profile,false
2026-07-25T03:40:36.000Z,12.183821666666665,75.46594833333333,18.5,2.5,20.06,10.927038,25,gps,0.61,0.92,1.10,-89.4,0.0,0,,64,,1784950836000,2026-07-25T09:10:36.000+05:30,24954.0552592153,1784947326179,Default Profile,false
2026-07-25T03:40:42.000Z,12.184431666666667,75.46615666666666,8.599999999999994,2.5,10.2,11.33161,25,gps,0.60,0.86,1.05,-89.4,0.0,0,,64,,1784950842000,2026-07-25T09:10:42.000+05:30,25025.56401138569,1784947326179,Default Profile,false
2026-07-25T03:40:48.000Z,12.185013333333332,75.46622666666667,-0.30000000000001137,2.0,5.96,8.945872,27,gps,0.54,0.63,0.83,-89.4,0.0,0,,64,,1784950848000,2026-07-25T09:10:48.000+05:30,25090.688348749864,1784947326179,Default Profile,false
2026-07-25T03:40:53.000Z,12.18537,75.46632166666667,-4.5,1.9,23.28,8.842928,30,gps,0.49,0.71,0.87,-89.4,0.0,0,,64,,1784950853000,2026-07-25T09:10:53.000+05:30,25131.66998292298,1784947326179,Default Profile,false
2026-07-25T03:40:59.000Z,12.18576,75.46657666666667,-5.200000000000003,2.0,56.86,8.44865,29,gps,0.51,0.74,0.90,-89.4,0.0,0,,64,,1784950859000,2026-07-25T09:10:59.000+05:30,25183.13628371198,1784947326179,Default Profile,false
2026-07-25T03:41:05.000Z,12.186039999999998,75.46697833333333,-8.100000000000009,2.0,30.38,8.337985,28,gps,0.52,0.61,0.80,-89.4,0.0,0,,64,,1784950865000,2026-07-25T09:11:05.000+05:30,25236.758015590083,1784947326179,Default Profile,false
2026-07-25T03:41:11.000Z,12.186524999999998,75.46706,-11.800000000000011,2.5,6.54,10.470994,25,gps,0.57,0.65,0.87,-89.4,0.0,0,,64,,1784950871000,2026-07-25T09:11:11.000+05:30,25291.41315087787,1784947326179,Default Profile,false
2026-07-25T03:41:16.000Z,12.186961666666665,75.46716833333333,-19.0,2.4,13.69,7.777453,24,gps,0.57,0.89,1.06,-89.4,0.0,0,,64,,1784950876000,2026-07-25T09:11:16.000+05:30,25341.375556545125,1784947326179,Default Profile,false
2026-07-25T03:41:22.000Z,12.187326666666669,75.46723333333333,-22.10000000000001,2.2,7.0,6.52256,26,gps,0.56,0.90,1.06,-89.4,0.0,0,,64,,1784950882000,2026-07-25T09:11:22.000+05:30,25382.571995428418,1784947326179,Default Profile,false
2026-07-25T03:41:27.000Z,12.187579999999999,75.46710833333333,-22.60000000000001,2.2,309.14,7.660096,28,gps,0.52,0.80,0.95,-89.4,0.0,0,,64,,1784950887000,2026-07-25T09:11:27.000+05:30,25413.846526125384,1784947326179,Default Profile,false
2026-07-25T03:41:33.000Z,12.187848333333333,75.466795,-17.400000000000006,2.1,321.53,7.1165495,26,gps,0.56,0.68,0.88,-89.4,0.0,0,,64,,1784950893000,2026-07-25T09:11:33.000+05:30,25459.124140164517,1784947326179,Default Profile,false
2026-07-25T03:41:39.000Z,12.188173333333335,75.46667166666666,-13.800000000000011,2.3,1.74,7.532445,30,gps,0.50,0.59,0.77,-89.4,0.0,0,,64,,1784950899000,2026-07-25T09:11:39.000+05:30,25497.668562748408,1784947326179,Default Profile,false
2026-07-25T03:41:45.000Z,12.188616666666666,75.46679,-10.900000000000006,2.2,24.52,8.802779,30,gps,0.50,0.74,0.90,-89.4,0.0,0,,64,,1784950905000,2026-07-25T09:11:45.000+05:30,25548.615143462746,1784947326179,Default Profile,false
2026-07-25T03:41:50.000Z,12.188943333333334,75.46693833333333,-8.5,2.0,19.95,7.141771,29,gps,0.51,0.75,0.91,-89.4,0.0,0,,64,,1784950910000,2026-07-25T09:11:50.000+05:30,25588.355946458054,1784947326179,Default Profile,false
2026-07-25T03:41:56.000Z,12.189256666666665,75.46705833333334,-7.1000000000000085,1.9,11.12,4.449259,28,gps,0.52,0.60,0.80,-89.4,0.0,0,,64,,1784950916000,2026-07-25T09:11:56.000+05:30,25625.558224754892,1784947326179,Default Profile,false
2026-07-25T03:42:01.000Z,12.189391666666666,75.46708,-5.700000000000003,2.0,337.53,1.7238047,30,gps,0.50,0.60,0.78,-89.4,0.0,0,,64,,1784950921000,2026-07-25T09:12:01.000+05:30,25640.753130907797,1784947326179,Default Profile,false
2026-07-25T03:42:07.000Z,12.189436666666666,75.46701666666667,-2.6000000000000085,2.0,281.6,0.0,32,gps,0.47,0.57,0.73,-89.4,0.0,0,,64,,1784950927000,2026-07-25T09:12:07.000+05:30,25649.26320362864,1784947326179,Default Profile,false
2026-07-25T03:42:12.000Z,12.189441666666669,75.46701666666667,-2.3000000000000114,2.2,281.6,0.0,26,gps,0.51,0.61,0.80,-89.4,0.0,0,,64,,1784950932000,2026-07-25T09:12:12.000+05:30,25649.819178262238,1784947326179,Default Profile,false
2026-07-25T03:42:18.000Z,12.189441666666669,75.46701666666667,-2.3000000000000114,1.4,281.6,0.0,21,gps,0.64,0.69,0.94,-89.4,0.0,0,,64,,1784950938000,2026-07-25T09:12:18.000+05:30,25649.819178262238,1784947326179,Default Profile,false
2026-07-25T03:42:24.000Z,12.189441666666669,75.46701666666667,-2.3000000000000114,1.1,281.6,0.0,24,gps,0.53,0.66,0.85,-89.4,0.0,0,,64,,1784950944000,2026-07-25T09:12:24.000+05:30,25649.819178262238,1784947326179,Default Profile,false
2026-07-25T03:42:29.000Z,12.189441666666669,75.46701666666667,-2.3000000000000114,1.1,281.6,0.0,26,gps,0.51,0.61,0.80,-89.4,0.0,0,,64,,1784950949000,2026-07-25T09:12:29.000+05:30,25649.819178262238,1784947326179,Default Profile,false
2026-07-25T03:42:35.000Z,12.189441666666669,75.46701666666667,-2.3000000000000114,1.0,281.6,0.0,27,gps,0.51,0.62,0.80,-89.4,0.0,0,,64,,1784950955000,2026-07-25T09:12:35.000+05:30,25649.819178262238,1784947326179,Default Profile,false
2026-07-25T03:42:41.000Z,12.189441666666669,75.46701666666667,-2.3000000000000114,1.0,281.6,0.0,27,gps,0.51,0.62,0.80,-89.4,0.0,0,,64,,1784950961000,2026-07-25T09:12:41.000+05:30,25649.819178262238,1784947326179,Default Profile,false
2026-07-25T03:42:47.000Z,12.189441666666669,75.46701666666667,-2.3000000000000114,1.0,281.6,0.0,28,gps,0.50,0.62,0.80,-89.4,0.0,0,,64,,1784950967000,2026-07-25T09:12:47.000+05:30,25649.819178262238,1784947326179,Default Profile,false
2026-07-25T03:42:53.000Z,12.189441666666669,75.46701666666667,-2.3000000000000114,1.0,281.6,0.0,28,gps,0.50,0.61,0.79,-89.4,0.0,0,,64,,1784950973000,2026-07-25T09:12:53.000+05:30,25649.819178262238,1784947326179,Default Profile,false
2026-07-25T03:42:59.000Z,12.189441666666669,75.46701666666667,-2.3000000000000114,1.0,281.6,0.0,28,gps,0.50,0.61,0.79,-89.4,0.0,0,,64,,1784950979000,2026-07-25T09:12:59.000+05:30,25649.819178262238,1784947326179,Default Profile,false
2026-07-25T03:43:05.000Z,12.189441666666669,75.46701666666667,-2.3000000000000114,1.0,281.6,0.0,27,gps,0.51,0.61,0.79,-89.4,0.0,0,,64,,1784950985000,2026-07-25T09:13:05.000+05:30,25649.819178262238,1784947326179,Default Profile,false
2026-07-25T03:43:10.000Z,12.189441666666669,75.46701666666667,-2.3000000000000114,1.0,281.6,0.0,25,gps,0.55,0.64,0.84,-89.4,0.0,0,,64,,1784950990000,2026-07-25T09:13:10.000+05:30,25649.819178262238,1784947326179,Default Profile,false
2026-07-25T03:43:16.000Z,12.189441666666669,75.46701666666667,-2.3000000000000114,1.0,281.6,0.0,26,gps,0.51,0.61,0.80,-89.4,0.0,0,,64,,1784950996000,2026-07-25T09:13:16.000+05:30,25649.819178262238,1784947326179,Default Profile,false
2026-07-25T03:43:21.000Z,12.189441666666669,75.46701666666667,-2.3000000000000114,1.0,281.6,0.0,26,gps,0.53,0.63,0.82,-89.4,0.0,0,,64,,1784951001000,2026-07-25T09:13:21.000+05:30,25649.819178262238,1784947326179,Default Profile,false
2026-07-25T03:43:27.000Z,12.189441666666669,75.46701666666667,-2.3000000000000114,1.0,281.6,0.0,26,gps,0.53,0.62,0.81,-89.4,0.0,0,,64,,1784951007000,2026-07-25T09:13:27.000+05:30,25649.819178262238,1784947326179,Default Profile,false
2026-07-25T03:43:33.000Z,12.189441666666669,75.46701666666667,-2.3000000000000114,1.0,281.6,0.0,26,gps,0.53,0.63,0.82,-89.4,0.0,0,,64,,1784951013000,2026-07-25T09:13:33.000+05:30,25649.819178262238,1784947326179,Default Profile,false
2026-07-25T03:43:39.000Z,12.189441666666669,75.46701666666667,-2.3000000000000114,1.5,281.6,0.0,30,gps,0.49,0.59,0.77,-89.4,0.0,0,,64,,1784951019000,2026-07-25T09:13:39.000+05:30,25649.819178262238,1784947326179,Default Profile,false
2026-07-25T03:43:45.000Z,12.189543333333331,75.46677,2.6999999999999886,1.9,276.64,5.2110476,30,gps,0.49,0.72,0.87,-89.4,0.0,0,,64,,1784951025000,2026-07-25T09:13:45.000+05:30,25678.91486902335,1784947326179,Default Profile,false
2026-07-25T03:43:51.000Z,12.189565,75.46643166666667,3.6999999999999886,2.3,279.78,5.1595755,31,gps,0.47,0.58,0.75,-89.4,0.0,0,,64,,1784951031000,2026-07-25T09:13:51.000+05:30,25715.766469972947,1784947326179,Default Profile,false
2026-07-25T03:43:57.000Z,12.189596666666667,75.46599666666665,-1.3000000000000114,2.0,277.55,7.1366234,28,gps,0.50,0.76,0.91,-89.4,0.0,0,,64,,1784951037000,2026-07-25T09:13:57.000+05:30,25763.176672766942,1784947326179,Default Profile,false
2026-07-25T03:44:02.000Z,12.189603333333332,75.465735,-4.1000000000000085,2.1,276.14,3.2849572,29,gps,0.50,0.76,0.91,-89.4,0.0,0,,64,,1784951042000,2026-07-25T09:14:02.000+05:30,25791.62634639291,1784947326179,Default Profile,false
2026-07-25T03:44:07.000Z,12.189556666666666,75.46559833333335,-5.5,2.0,223.37,2.4742696,30,gps,0.48,0.59,0.76,-89.4,0.0,0,,64,,1784951047000,2026-07-25T09:14:07.000+05:30,25807.36066145281,1784947326179,Default Profile,false
2026-07-25T03:44:13.000Z,12.189426666666668,75.46544166666666,-8.200000000000003,1.9,234.78,2.9421523,32,gps,0.46,0.71,0.84,-89.4,0.0,0,,64,,1784951053000,2026-07-25T09:14:13.000+05:30,25829.696783951054,1784947326179,Default Profile,false
2026-07-25T03:44:19.000Z,12.189445000000001,75.46531333333334,-10.200000000000003,1.8,358.97,2.6451576,32,gps,0.46,0.57,0.73,-89.4,0.0,0,,64,,1784951059000,2026-07-25T09:14:19.000+05:30,25843.79326361539,1784947326179,Default Profile,false
2026-07-25T03:44:25.000Z,12.189475,75.46529166666666,-11.600000000000009,1.8,16.11,0.0,32,gps,0.47,0.57,0.73,-89.4,0.0,0,,64,,1784951065000,2026-07-25T09:14:25.000+05:30,25847.876579293497,1784947326179,Default Profile,false
2026-07-25T03:44:31.000Z,12.189499999999999,75.465345,-11.100000000000009,1.3,72.95,2.7923682,29,gps,0.50,0.59,0.77,-89.4,0.0,0,,64,,1784951071000,2026-07-25T09:14:31.000+05:30,25854.305369797326,1784947326179,Default Profile,false
2026-07-25T03:44:37.000Z,12.189533333333335,75.465505,-10.0,2.1,85.47,2.8273692,29,gps,0.48,0.74,0.88,-89.4,0.0,0,,64,,1784951077000,2026-07-25T09:14:37.000+05:30,25872.086059610057,1784947326179,Default Profile,false
2026-07-25T03:44:42.000Z,12.189523333333334,75.46570333333334,-7.400000000000006,2.1,93.93,3.2499561,29,gps,0.49,0.60,0.77,-89.4,0.0,0,,64,,1784951082000,2026-07-25T09:14:42.000+05:30,25893.671169140158,1784947326179,Default Profile,false
2026-07-25T03:44:48.000Z,12.189523333333334,75.46598166666666,-8.200000000000003,2.0,95.77,3.9381397,28,gps,0.51,0.60,0.79,-89.4,0.0,0,,64,,1784951088000,2026-07-25T09:14:48.000+05:30,25923.922657896514,1784947326179,Default Profile,false
2026-07-25T03:44:53.000Z,12.189508333333333,75.46615333333332,-8.5,2.1,93.54,3.2463531,28,gps,0.52,0.74,0.91,-89.4,0.0,0,,64,,1784951093000,2026-07-25T09:14:53.000+05:30,25942.655165172746,1784947326179,Default Profile,false
2026-07-25T03:44:59.000Z,12.189501666666668,75.46643166666667,-10.700000000000003,2.0,88.89,4.4446263,30,gps,0.46,0.58,0.74,-89.4,0.0,0,,64,,1784951099000,2026-07-25T09:14:59.000+05:30,25972.915737268213,1784947326179,Default Profile,false
2026-07-25T03:45:05.000Z,12.189493333333333,75.46671333333333,-12.5,2.0,92.96,3.9777734,26,gps,0.52,0.62,0.81,-89.4,0.0,0,,64,,1784951105000,2026-07-25T09:15:05.000+05:30,26003.5435427044,1784947326179,Default Profile,false
2026-07-25T03:45:10.000Z,12.189486666666669,75.46684666666667,-11.200000000000003,2.1,90.01,0.0,27,gps,0.51,0.60,0.79,-89.4,0.0,0,,64,,1784951110000,2026-07-25T09:15:10.000+05:30,26018.054223227024,1784947326179,Default Profile,false
2026-07-25T03:45:16.000Z,12.189484999999998,75.46685666666667,-11.100000000000009,1.2,90.01,0.0,26,gps,0.51,0.62,0.80,-89.4,0.0,0,,64,,1784951116000,2026-07-25T09:15:16.000+05:30,26019.156789969802,1784947326179,Default Profile,false
2026-07-25T03:45:21.000Z,12.189501666666668,75.46701333333334,-6.900000000000006,2.0,53.31,3.185101,29,gps,0.50,0.72,0.88,-89.4,0.0,0,,64,,1784951121000,2026-07-25T09:15:21.000+05:30,26036.28512986814,1784947326179,Default Profile,false
2026-07-25T03:45:27.000Z,12.189715000000001,75.46716666666666,-1.9000000000000057,2.3,21.81,5.099868,25,gps,0.59,0.64,0.87,-89.4,0.0,0,,64,,1784951127000,2026-07-25T09:15:27.000+05:30,26065.275679536076,1784947326179,Default Profile,false
2026-07-25T03:45:33.000Z,12.190078333333334,75.46725166666667,3.5,2.4,9.01,5.8328323,23,gps,0.57,0.64,0.86,-89.4,0.0,0,,64,,1784951133000,2026-07-25T09:15:33.000+05:30,26106.719325295053,1784947326179,Default Profile,false
2026-07-25T03:45:38.000Z,12.190266666666666,75.46729666666667,8.599999999999994,2.4,21.39,3.9628463,24,gps,0.58,0.85,1.03,-89.4,0.0,0,,64,,1784951138000,2026-07-25T09:15:38.000+05:30,26128.224595177693,1784947326179,Default Profile,false
2026-07-25T03:45:43.000Z,12.19044,75.46738666666667,12.199999999999989,2.1,17.1,4.2953568,25,gps,0.57,0.86,1.03,-89.4,0.0,0,,64,,1784951143000,2026-07-25T09:15:43.000+05:30,26149.83857693441,1784947326179,Default Profile,false
2026-07-25T03:45:49.000Z,12.190685,75.46741166666668,13.099999999999994,2.2,353.12,4.515658,25,gps,0.59,0.92,1.09,-89.4,0.0,0,,64,,1784951149000,2026-07-25T09:15:49.000+05:30,26177.216504654305,1784947326179,Default Profile,false
2026-07-25T03:45:55.000Z,12.190995000000003,75.46736833333333,11.599999999999994,2.1,349.2,5.816361,27,gps,0.55,0.84,1.01,-89.4,0.0,0,,64,,1784951155000,2026-07-25T09:15:55.000+05:30,26212.007199821175,1784947326179,Default Profile,false
2026-07-25T03:46:00.000Z,12.191345000000002,75.46726833333334,9.899999999999991,2.0,344.77,7.9339285,29,gps,0.51,0.76,0.91,-89.4,0.0,0,,64,,1784951160000,2026-07-25T09:16:00.000+05:30,26252.414593890317,1784947326179,Default Profile,false
2026-07-25T03:46:05.000Z,12.191716666666666,75.46717333333332,11.199999999999989,2.3,348.75,7.441854,30,gps,0.48,0.58,0.76,-89.4,0.0,0,,64,,1784951165000,2026-07-25T09:16:05.000+05:30,26295.01235614748,1784947326179,Default Profile,false
2026-07-25T03:46:11.000Z,12.191991666666668,75.467065,13.399999999999991,2.2,339.44,2.0799925,30,gps,0.49,0.59,0.76,-89.4,0.0,0,,64,,1784951171000,2026-07-25T09:16:11.000+05:30,26327.779538350987,1784947326179,Default Profile,false
2026-07-25T03:46:17.000Z,12.192010000000002,75.46706333333333,14.299999999999997,2.2,339.44,0.0,29,gps,0.50,0.60,0.78,-89.4,0.0,0,,64,,1784951177000,2026-07-25T09:16:17.000+05:30,26329.82614433155,1784947326179,Default Profile,false
2026-07-25T03:46:22.000Z,12.192010000000002,75.46706333333333,14.299999999999997,1.0,339.44,0.0,30,gps,0.49,0.59,0.76,-89.4,0.0,0,,64,,1784951182000,2026-07-25T09:16:22.000+05:30,26329.82614433155,1784947326179,Default Profile,false
2026-07-25T03:46:27.000Z,12.192010000000002,75.46706333333333,14.400000000000006,1.0,339.44,0.0,30,gps,0.48,0.58,0.75,-89.3,0.0,0,,64,,1784951187000,2026-07-25T09:16:27.000+05:30,26329.82614433155,1784947326179,Default Profile,false
2026-07-25T03:46:33.000Z,12.192010000000002,75.46706333333333,14.400000000000006,1.1,339.44,0.0,31,gps,0.47,0.57,0.74,-89.3,0.0,0,,64,,1784951193000,2026-07-25T09:16:33.000+05:30,26329.82614433155,1784947326179,Default Profile,false
2026-07-25T03:46:38.000Z,12.192010000000002,75.46706333333333,14.400000000000006,1.1,339.44,0.0,30,gps,0.48,0.59,0.76,-89.3,0.0,0,,64,,1784951198000,2026-07-25T09:16:38.000+05:30,26329.82614433155,1784947326179,Default Profile,false
2026-07-25T03:46:44.000Z,12.192010000000002,75.46706333333333,14.400000000000006,1.3,339.44,0.0,26,gps,0.53,0.63,0.83,-89.3,0.0,0,,64,,1784951204000,2026-07-25T09:16:44.000+05:30,26329.82614433155,1784947326179,Default Profile,false
2026-07-25T03:46:50.000Z,12.192010000000002,75.46706333333333,14.400000000000006,1.0,339.44,0.0,27,gps,0.50,0.62,0.80,-89.3,0.0,0,,63,,1784951210000,2026-07-25T09:16:50.000+05:30,26329.82614433155,1784947326179,Default Profile,false
2026-07-25T03:46:56.000Z,12.192010000000002,75.46706333333333,14.400000000000006,1.0,339.44,0.0,29,gps,0.48,0.60,0.76,-89.3,0.0,0,,63,,1784951216000,2026-07-25T09:16:56.000+05:30,26329.82614433155,1784947326179,Default Profile,false
2026-07-25T03:47:02.000Z,12.19221,75.46694833333332,13.400000000000006,2.1,342.08,4.902729,29,gps,0.50,0.79,0.93,-89.3,0.0,0,,63,,1784951222000,2026-07-25T09:17:02.000+05:30,26355.336874907724,1784947326179,Default Profile,false
2026-07-25T03:47:07.000Z,12.192476666666668,75.46677833333334,12.0,2.3,326.24,5.6022367,28,gps,0.54,0.84,1.00,-89.3,0.0,0,,63,,1784951227000,2026-07-25T09:17:07.000+05:30,26390.274399593683,1784947326179,Default Profile,false
2026-07-25T03:47:13.000Z,12.192731666666669,75.46658333333333,9.0,2.5,327.39,5.879672,25,gps,0.58,0.96,1.12,-89.3,0.0,0,,63,,1784951233000,2026-07-25T09:17:13.000+05:30,26425.674557997125,1784947326179,Default Profile,false
2026-07-25T03:47:18.000Z,12.192993333333334,75.466385,4.5,2.4,323.09,6.4772644,27,gps,0.55,0.90,1.05,-89.3,0.0,0,,63,,1784951238000,2026-07-25T09:17:18.000+05:30,26461.885694295244,1784947326179,Default Profile,false
2026-07-25T03:47:24.000Z,12.193206666666667,75.466175,-0.3999999999999915,2.2,306.49,4.5079374,29,gps,0.53,0.82,0.98,-89.3,0.0,0,,63,,1784951244000,2026-07-25T09:17:24.000+05:30,26494.80462869305,1784947326179,Default Profile,false
2026-07-25T03:47:29.000Z,12.193293333333335,75.46601166666666,-0.20000000000000284,2.3,301.76,4.2855773,29,gps,0.51,0.65,0.83,-89.3,0.0,0,,63,,1784951249000,2026-07-25T09:17:29.000+05:30,26515.00382485767,1784947326179,Default Profile,false
2026-07-25T03:47:35.000Z,12.193433333333333,75.46573666666667,4.400000000000006,2.1,300.44,5.1745024,30,gps,0.49,0.77,0.91,-89.3,0.0,0,,63,,1784951255000,2026-07-25T09:17:35.000+05:30,26548.703656378697,1784947326179,Default Profile,false
2026-07-25T03:47:40.000Z,12.193581666666667,75.46554333333333,5.6000000000000085,2.2,313.84,5.129207,30,gps,0.49,0.60,0.77,-89.3,0.0,0,,63,,1784951260000,2026-07-25T09:17:40.000+05:30,26575.41662198924,1784947326179,Default Profile,false
2026-07-25T03:47:45.000Z,12.193778333333334,75.46534666666666,8.5,2.4,317.96,6.9477205,29,gps,0.49,0.62,0.79,-89.3,0.0,0,,63,,1784951265000,2026-07-25T09:17:45.000+05:30,26605.996245509607,1784947326179,Default Profile,false
2026-07-25T03:47:51.000Z,12.194123333333334,75.46504499999999,14.0,2.2,331.28,8.742557,30,gps,0.48,0.74,0.88,-89.3,0.0,0,,63,,1784951271000,2026-07-25T09:17:51.000+05:30,26656.46058139964,1784947326179,Default Profile,false
2026-07-25T03:47:57.000Z,12.194596666666666,75.46483166666667,17.0,2.5,339.9,10.230104,26,gps,0.56,0.84,1.01,-89.3,0.0,0,,63,,1784951277000,2026-07-25T09:17:57.000+05:30,26713.97372800226,1784947326179,Default Profile,false
2026-07-25T03:48:02.000Z,12.195075000000001,75.46466166666667,18.700000000000003,2.4,336.2,11.596692,28,gps,0.51,0.77,0.92,-89.3,0.0,0,,63,,1784951282000,2026-07-25T09:18:02.000+05:30,26770.27979458335,1784947326179,Default Profile,false
2026-07-25T03:48:08.000Z,12.195633333333335,75.46436333333332,18.200000000000003,2.5,330.71,11.221459,27,gps,0.51,0.62,0.80,-89.3,0.0,0,,63,,1784951288000,2026-07-25T09:18:08.000+05:30,26840.32087501728,1784947326179,Default Profile,false
2026-07-25T03:48:13.000Z,12.196058333333333,75.46413166666666,18.299999999999997,2.4,330.19,9.217131,27,gps,0.55,0.90,1.05,-89.3,0.0,0,,63,,1784951293000,2026-07-25T09:18:13.000+05:30,26893.86781602359,1784947326179,Default Profile,false
2026-07-25T03:48:18.000Z,12.19638,75.46396333333334,20.200000000000003,2.2,334.09,6.939485,29,gps,0.51,0.77,0.93,-89.3,0.0,0,,63,,1784951298000,2026-07-25T09:18:18.000+05:30,26934.04303528847,1784947326179,Default Profile,false
2026-07-25T03:48:24.000Z,12.196636666666667,75.46387833333333,21.10000000000001,2.4,339.33,4.8301535,27,gps,0.55,0.90,1.05,-89.3,0.0,0,,63,,1784951304000,2026-07-25T09:18:24.000+05:30,26964.04100804807,1784947326179,Default Profile,false
2026-07-25T03:48:30.000Z,12.196881666666664,75.46385333333333,25.900000000000006,2.2,3.86,5.1781054,26,gps,0.54,0.85,1.01,-89.3,0.0,0,,63,,1784951310000,2026-07-25T09:18:30.000+05:30,26991.41892946526,1784947326179,Default Profile,false
2026-07-25T03:48:36.000Z,12.197213333333332,75.463855,25.60000000000001,2.3,355.61,6.5364575,27,gps,0.56,0.87,1.04,-89.3,0.0,0,,63,,1784951316000,2026-07-25T09:18:36.000+05:30,27028.2990249888,1784947326179,Default Profile,false
2026-07-25T03:48:42.000Z,12.197640000000002,75.46375833333333,25.700000000000003,2.4,343.05,8.065183,24,gps,0.60,0.93,1.11,-89.3,0.0,0,,63,,1784951322000,2026-07-25T09:18:42.000+05:30,27076.8915586232,1784947326179,Default Profile,false
2026-07-25T03:48:48.000Z,12.198013333333332,75.46362500000001,27.700000000000003,2.5,335.91,5.7494473,25,gps,0.57,0.86,1.03,-89.3,0.0,0,,63,,1784951328000,2026-07-25T09:18:48.000+05:30,27120.86095034609,1784947326179,Default Profile,false
2026-07-25T03:48:54.000Z,12.198261666666667,75.46353,27.400000000000006,2.4,334.36,4.8620663,26,gps,0.54,0.85,1.01,-89.3,0.0,0,,63,,1784951334000,2026-07-25T09:18:54.000+05:30,27150.34155980071,1784947326179,Default Profile,false
2026-07-25T03:49:00.000Z,12.198511666666665,75.46338666666666,30.200000000000003,2.5,332.67,4.468818,26,gps,0.57,0.88,1.05,-89.3,0.0,0,,63,,1784951340000,2026-07-25T09:19:00.000+05:30,27182.20762916137,1784947326179,Default Profile,false
2026-07-25T03:49:05.000Z,12.198710000000002,75.46327666666666,34.2,2.3,331.15,5.569809,25,gps,0.55,0.67,0.87,-89.3,0.0,0,,63,,1784951345000,2026-07-25T09:19:05.000+05:30,27207.293329915392,1784947326179,Default Profile,false
2026-07-25T03:49:11.000Z,12.198970000000001,75.463135,38.3,2.4,333.67,4.8615513,28,gps,0.51,0.64,0.81,-89.3,0.0,0,,63,,1784951351000,2026-07-25T09:19:11.000+05:30,27240.048371029945,1784947326179,Default Profile,false
2026-07-25T03:49:17.000Z,12.199114999999999,75.46301833333334,44.2,2.4,286.84,1.9533708,27,gps,0.52,0.81,0.97,-89.3,0.0,0,,63,,1784951357000,2026-07-25T09:19:17.000+05:30,27260.56025106082,1784947326179,Default Profile,false
2026-07-25T03:49:23.000Z,12.19912,75.46300833333333,44.7,2.5,286.84,0.0,19,gps,0.65,0.73,0.98,-89.3,0.0,0,,63,,1784951363000,2026-07-25T09:19:23.000+05:30,27261.781041820494,1784947326179,Default Profile,false
2026-07-25T03:49:28.000Z,12.19912,75.46300833333333,44.7,1.2,286.84,0.0,23,gps,0.57,0.71,0.91,-89.3,0.0,0,,63,,1784951368000,2026-07-25T09:19:28.000+05:30,27261.781041820494,1784947326179,Default Profile,false
2026-07-25T03:49:34.000Z,12.19912,75.46300833333333,44.7,1.1,286.84,0.0,22,gps,0.59,0.71,0.92,-89.3,0.0,0,,63,,1784951374000,2026-07-25T09:19:34.000+05:30,27261.781041820494,1784947326179,Default Profile,false
2026-07-25T03:49:40.000Z,12.19912,75.46300833333333,44.7,1.0,286.84,0.0,22,gps,0.59,0.72,0.93,-89.3,0.0,0,,63,,1784951380000,2026-07-25T09:19:40.000+05:30,27261.781041820494,1784947326179,Default Profile,false
2026-07-25T03:49:46.000Z,12.19912,75.46300833333333,44.7,1.7,286.84,0.0,21,gps,0.64,0.69,0.94,-89.3,0.0,0,,63,,1784951386000,2026-07-25T09:19:46.000+05:30,27261.781041820494,1784947326179,Default Profile,false
2026-07-25T03:49:51.000Z,12.19912,75.46300833333333,44.7,1.1,286.84,0.0,22,gps,0.60,0.69,0.91,-89.3,0.0,0,,63,,1784951391000,2026-07-25T09:19:51.000+05:30,27261.781041820494,1784947326179,Default Profile,false
2026-07-25T03:49:56.000Z,12.19912,75.46300833333333,44.7,1.0,286.84,0.0,23,gps,0.57,0.69,0.89,-89.3,0.0,0,,63,,1784951396000,2026-07-25T09:19:56.000+05:30,27261.781041820494,1784947326179,Default Profile,false
2026-07-25T03:50:02.000Z,12.19912,75.46300833333333,44.7,1.8,286.84,0.0,23,gps,0.56,0.69,0.89,-89.3,0.0,0,,63,,1784951402000,2026-07-25T09:20:02.000+05:30,27261.781041820494,1784947326179,Default Profile,false
2026-07-25T03:50:07.000Z,12.19912,75.46300833333333,44.7,1.3,286.84,0.0,21,gps,0.61,0.68,0.92,-89.3,0.0,0,,63,,1784951407000,2026-07-25T09:20:07.000+05:30,27261.781041820494,1784947326179,Default Profile,false
2026-07-25T03:50:12.000Z,12.19912,75.46300833333333,44.7,1.1,286.84,0.0,25,gps,0.53,0.65,0.84,-89.3,0.0,0,,63,,1784951412000,2026-07-25T09:20:12.000+05:30,27261.781041820494,1784947326179,Default Profile,false
2026-07-25T03:50:18.000Z,12.19912,75.46300833333333,44.7,1.1,286.84,0.0,23,gps,0.57,0.68,0.89,-89.3,0.0,0,,63,,1784951418000,2026-07-25T09:20:18.000+05:30,27261.781041820494,1784947326179,Default Profile,false
2026-07-25T03:50:24.000Z,12.19912,75.46300833333333,44.7,1.1,286.84,0.0,21,gps,0.60,0.69,0.92,-89.3,0.0,0,,63,,1784951424000,2026-07-25T09:20:24.000+05:30,27261.781041820494,1784947326179,Default Profile,false
2026-07-25T03:50:30.000Z,12.19912,75.46300833333333,44.7,1.0,286.84,0.0,24,gps,0.58,0.65,0.87,-89.3,0.0,0,,63,,1784951430000,2026-07-25T09:20:30.000+05:30,27261.781041820494,1784947326179,Default Profile,false
2026-07-25T03:50:36.000Z,12.19912,75.46300833333333,44.7,1.5,286.84,0.0,22,gps,0.63,0.71,0.95,-89.3,0.0,0,,63,,1784951436000,2026-07-25T09:20:36.000+05:30,27261.781041820494,1784947326179,Default Profile,false
2026-07-25T03:50:41.000Z,12.19912,75.46300833333333,44.7,1.1,286.84,0.0,23,gps,0.60,0.70,0.92,-89.3,0.0,0,,63,,1784951441000,2026-07-25T09:20:41.000+05:30,27261.781041820494,1784947326179,Default Profile,false
2026-07-25T03:50:46.000Z,12.19912,75.46300833333333,44.7,1.6,286.84,0.0,23,gps,0.56,0.67,0.87,-89.3,0.0,0,,63,,1784951446000,2026-07-25T09:20:46.000+05:30,27261.781041820494,1784947326179,Default Profile,false
2026-07-25T03:50:52.000Z,12.19912,75.46300833333333,44.7,1.0,286.84,0.0,25,gps,0.54,0.66,0.86,-89.3,0.0,0,,63,,1784951452000,2026-07-25T09:20:52.000+05:30,27261.781041820494,1784947326179,Default Profile,false
2026-07-25T03:50:57.000Z,12.19912,75.46300833333333,44.7,1.3,286.84,0.0,22,gps,0.60,0.68,0.90,-89.3,0.0,0,,63,,1784951457000,2026-07-25T09:20:57.000+05:30,27261.781041820494,1784947326179,Default Profile,false
2026-07-25T03:51:03.000Z,12.19912,75.46300833333333,44.7,1.1,286.84,0.0,20,gps,0.67,0.69,0.96,-89.3,0.0,0,,63,,1784951463000,2026-07-25T09:21:03.000+05:30,27261.781041820494,1784947326179,Default Profile,false
2026-07-25T03:51:08.000Z,12.19912,75.46300833333333,44.7,2.2,286.84,0.0,22,gps,0.63,0.69,0.93,-89.3,0.0,0,,63,,1784951468000,2026-07-25T09:21:08.000+05:30,27261.781041820494,1784947326179,Default Profile,false
2026-07-25T03:51:14.000Z,12.199125,75.46266666666666,41.89999999999999,2.3,270.34,6.4453516,24,gps,0.56,0.94,1.09,-89.3,0.0,0,,63,,1784951474000,2026-07-25T09:21:14.000+05:30,27298.91892026137,1784947326179,Default Profile,false
2026-07-25T03:51:19.000Z,12.199178333333334,75.46222666666667,38.0,2.3,271.74,9.909432,25,gps,0.54,0.67,0.86,-89.3,0.0,0,,63,,1784951479000,2026-07-25T09:21:19.000+05:30,27347.10621477137,1784947326179,Default Profile,false
2026-07-25T03:51:25.000Z,12.199238333333335,75.46154,33.3,2.3,271.36,12.351789,27,gps,0.51,0.84,0.99,-89.3,0.0,0,,63,,1784951485000,2026-07-25T09:21:25.000+05:30,27422.03352638642,1784947326179,Default Profile,false
2026-07-25T03:51:31.000Z,12.199234999999998,75.46078000000001,22.799999999999997,2.5,268.04,13.765217,25,gps,0.53,0.65,0.84,-89.3,0.0,0,,63,,1784951491000,2026-07-25T09:21:31.000+05:30,27504.63419929221,1784947326179,Default Profile,false
2026-07-25T03:51:37.000Z,12.199161666666665,75.460095,25.200000000000003,2.3,256.67,9.580524,27,gps,0.50,0.61,0.79,-89.3,0.0,0,,63,,1784951497000,2026-07-25T09:21:37.000+05:30,27579.527986802455,1784947326179,Default Profile,false
2026-07-25T03:51:43.000Z,12.19912,75.45987166666667,25.299999999999997,2.2,257.72,0.0,28,gps,0.49,0.58,0.76,-89.3,0.0,0,,63,,1784951503000,2026-07-25T09:21:43.000+05:30,27604.238979125883,1784947326179,Default Profile,false
2026-07-25T03:51:49.000Z,12.199116666666665,75.45987166666667,25.200000000000003,1.1,257.72,0.0,23,gps,0.57,0.68,0.89,-89.3,0.0,0,,63,,1784951509000,2026-07-25T09:21:49.000+05:30,27604.609628881615,1784947326179,Default Profile,false
2026-07-25T03:51:55.000Z,12.199086666666668,75.45969,24.10000000000001,2.0,264.77,5.144134,27,gps,0.51,0.77,0.92,-89.3,0.0,0,,63,,1784951515000,2026-07-25T09:21:55.000+05:30,27624.633716701057,1784947326179,Default Profile,false
2026-07-25T03:52:01.000Z,12.199071666666669,75.459285,24.400000000000006,2.3,267.9,8.091434,28,gps,0.49,0.76,0.90,-89.3,0.0,0,,63,,1784951521000,2026-07-25T09:22:01.000+05:30,27668.682353273438,1784947326179,Default Profile,false
2026-07-25T03:52:07.000Z,12.199061666666667,75.45880333333334,23.10000000000001,2.3,266.96,9.370004,26,gps,0.49,0.65,0.81,-89.3,0.0,0,,63,,1784951527000,2026-07-25T09:22:07.000+05:30,27721.043655737158,1784947326179,Default Profile,false
2026-07-25T03:52:13.000Z,12.199018333333333,75.45842666666667,23.700000000000003,2.1,262.39,2.184996,23,gps,0.56,0.88,1.04,-89.3,0.0,0,,63,,1784951533000,2026-07-25T09:22:13.000+05:30,27762.263921854126,1784947326179,Default Profile,false
2026-07-25T03:52:19.000Z,12.199019999999999,75.45841333333333,23.799999999999997,2.3,262.39,0.0,22,gps,0.59,0.68,0.90,-89.3,0.0,0,,63,,1784951539000,2026-07-25T09:22:19.000+05:30,27763.724845397854,1784947326179,Default Profile,false
2026-07-25T03:52:25.000Z,12.199019999999999,75.45841333333333,23.799999999999997,1.5,262.39,0.0,20,gps,0.73,0.71,1.02,-89.3,0.0,0,,63,,1784951545000,2026-07-25T09:22:25.000+05:30,27763.724845397854,1784947326179,Default Profile,false
2026-07-25T03:52:31.000Z,12.199019999999999,75.45841333333333,23.799999999999997,1.1,262.39,0.0,20,gps,0.73,0.71,1.02,-89.3,0.0,0,,63,,1784951551000,2026-07-25T09:22:31.000+05:30,27763.724845397854,1784947326179,Default Profile,false
2026-07-25T03:52:37.000Z,12.198961666666666,75.45816333333333,23.299999999999997,2.4,261.57,6.177696,23,gps,0.64,0.94,1.14,-89.3,0.0,0,,63,,1784951557000,2026-07-25T09:22:37.000+05:30,27791.659369539608,1784947326179,Default Profile,false
2026-07-25T03:52:43.000Z,12.198903333333332,75.457745,22.400000000000006,2.1,258.81,9.283015,25,gps,0.56,0.85,1.01,-89.3,0.0,0,,63,,1784951563000,2026-07-25T09:22:43.000+05:30,27837.585916349035,1784947326179,Default Profile,false
2026-07-25T03:52:48.000Z,12.198816666666668,75.457285,20.700000000000003,2.2,257.67,10.789092,25,gps,0.55,0.83,1.00,-89.3,0.0,0,,63,,1784951568000,2026-07-25T09:22:48.000+05:30,27888.50095274818,1784947326179,Default Profile,false
2026-07-25T03:52:54.000Z,12.198745,75.45666833333333,22.799999999999997,2.3,268.74,11.589485,27,gps,0.50,0.80,0.94,-89.3,0.0,0,,63,,1784951574000,2026-07-25T09:22:54.000+05:30,27955.99496542956,1784947326179,Default Profile,false
2026-07-25T03:53:00.000Z,12.198696666666669,75.45601,29.299999999999997,2.3,265.57,11.666179,27,gps,0.50,0.80,0.94,-89.3,0.0,0,,63,,1784951580000,2026-07-25T09:23:00.000+05:30,28027.74696837033,1784947326179,Default Profile,false
2026-07-25T03:53:05.000Z,12.198648333333331,75.45547333333334,30.900000000000006,2.4,264.93,11.780448,28,gps,0.49,0.61,0.78,-89.3,0.0,0,,63,,1784951585000,2026-07-25T09:23:05.000+05:30,28086.32125674586,1784947326179,Default Profile,false
2026-07-25T03:53:11.000Z,12.198578333333334,75.45482833333334,32.60000000000001,2.3,267.04,11.702724,25,gps,0.55,0.87,1.02,-89.3,0.0,0,,63,,1784951591000,2026-07-25T09:23:11.000+05:30,28156.853404281424,1784947326179,Default Profile,false
2026-07-25T03:53:17.000Z,12.198590000000001,75.454195,35.0,2.5,273.75,10.405624,26,gps,0.54,0.86,1.02,-89.3,0.0,0,,63,,1784951597000,2026-07-25T09:23:17.000+05:30,28225.698998347092,1784947326179,Default Profile,false
2026-07-25T03:53:23.000Z,12.198706666666665,75.45360000000001,34.0,2.5,283.29,11.299697,23,gps,0.59,0.91,1.08,-89.3,0.0,0,,63,,1784951603000,2026-07-25T09:23:23.000+05:30,28291.65450623859,1784947326179,Default Profile,false
2026-07-25T03:53:28.000Z,12.198823333333333,75.45305833333333,34.400000000000006,2.5,285.94,12.528853,26,gps,0.54,0.88,1.03,-89.3,0.0,0,,63,,1784951608000,2026-07-25T09:23:28.000+05:30,28351.937507460636,1784947326179,Default Profile,false
2026-07-25T03:53:34.000Z,12.199008333333332,75.45236,30.0,2.6,281.6,12.540692,25,gps,0.55,0.69,0.89,-89.3,0.0,0,,63,,1784951614000,2026-07-25T09:23:34.000+05:30,28430.57361551999,1784947326179,Default Profile,false
2026-07-25T03:53:40.000Z,12.199033333333334,75.45167333333333,22.700000000000003,2.6,268.18,11.874127,21,gps,0.66,0.73,0.99,-89.3,0.0,0,,63,,1784951620000,2026-07-25T09:23:40.000+05:30,28505.255113090177,1784947326179,Default Profile,false
2026-07-25T03:53:46.000Z,12.198861666666668,75.45096,15.5,2.5,257.26,12.469661,21,gps,0.65,0.71,0.97,-89.3,0.0,0,,63,,1784951626000,2026-07-25T09:23:46.000+05:30,28585.098466493924,1784947326179,Default Profile,false
2026-07-25T03:53:51.000Z,12.198861666666668,75.45042333333335,11.5,2.4,287.55,10.79321,22,gps,0.75,1.10,1.33,-89.3,0.0,0,,63,,1784951631000,2026-07-25T09:23:51.000+05:30,28643.425629943595,1784947326179,Default Profile,false
2026-07-25T03:53:56.000Z,12.199060000000001,75.44996833333333,12.5,2.5,279.03,10.8801985,23,gps,0.63,0.69,0.94,-89.3,0.0,0,,63,,1784951636000,2026-07-25T09:23:56.000+05:30,28697.571657189666,1784947326179,Default Profile,false
2026-07-25T03:54:02.000Z,12.198943333333334,75.44941,16.200000000000003,2.5,256.5,9.217646,21,gps,0.65,0.71,0.97,-89.3,0.0,0,,62,,1784951642000,2026-07-25T09:24:02.000+05:30,28759.62479292577,1784947326179,Default Profile,false
2026-07-25T03:54:07.000Z,12.19881,75.44911166666667,19.400000000000006,2.7,241.61,6.283214,20,gps,0.66,0.73,0.98,-89.3,0.0,0,,62,,1784951647000,2026-07-25T09:24:07.000+05:30,28795.27773869785,1784947326179,Default Profile,false
2026-07-25T03:54:13.000Z,12.198636666666667,75.44883333333334,24.400000000000006,2.5,242.73,6.7346253,21,gps,0.62,0.71,0.94,-89.3,0.0,0,,62,,1784951653000,2026-07-25T09:24:13.000+05:30,28831.146498645776,1784947326179,Default Profile,false
2026-07-25T03:54:19.000Z,12.198468333333334,75.44845833333333,25.900000000000006,2.6,247.63,8.123346,20,gps,0.67,0.75,1.01,-89.3,0.0,0,,62,,1784951659000,2026-07-25T09:24:19.000+05:30,28875.9957732377,1784947326179,Default Profile,false
2026-07-25T03:54:25.000Z,12.198341666666666,75.44808333333334,27.10000000000001,2.4,257.11,4.0590997,24,gps,0.58,0.69,0.90,-89.3,0.0,0,,62,,1784951665000,2026-07-25T09:24:25.000+05:30,28919.11747638209,1784947326179,Default Profile,false
2026-07-25T03:54:31.000Z,12.198336666666668,75.44802333333334,26.0,2.4,258.89,0.0,23,gps,0.60,0.71,0.93,-89.3,0.0,0,,62,,1784951671000,2026-07-25T09:24:31.000+05:30,28925.6621963785,1784947326179,Default Profile,false
2026-07-25T03:54:37.000Z,12.198336666666668,75.44802333333334,26.0,1.0,258.89,0.0,21,gps,0.62,0.71,0.95,-89.3,0.0,0,,62,,1784951677000,2026-07-25T09:24:37.000+05:30,28925.6621963785,1784947326179,Default Profile,false
2026-07-25T03:54:43.000Z,12.198286666666668,75.44791666666667,25.799999999999997,2.0,248.15,3.554157,24,gps,0.57,0.69,0.90,-89.3,0.0,0,,62,,1784951683000,2026-07-25T09:24:43.000+05:30,28938.519429487602,1784947326179,Default Profile,false
2026-07-25T03:54:48.000Z,12.198254999999998,75.44763333333334,26.60000000000001,2.4,273.46,6.42991,25,gps,0.55,0.68,0.87,-89.3,0.0,0,,62,,1784951688000,2026-07-25T09:24:48.000+05:30,28969.51400508938,1784947326179,Default Profile,false
2026-07-25T03:54:53.000Z,12.198341666666666,75.44727666666667,28.700000000000003,2.4,287.6,8.335412,26,gps,0.54,0.87,1.02,-89.3,0.0,0,,62,,1784951693000,2026-07-25T09:24:53.000+05:30,29009.458028442776,1784947326179,Default Profile,false
2026-07-25T03:54:59.000Z,12.198503333333333,75.44684833333334,27.5,2.3,294.4,8.081654,28,gps,0.52,0.82,0.97,-89.3,0.0,0,,62,,1784951699000,2026-07-25T09:24:59.000+05:30,29059.361418659653,1784947326179,Default Profile,false
2026-07-25T03:55:04.000Z,12.198730000000001,75.44654,26.700000000000003,2.4,315.49,9.030287,29,gps,0.51,0.63,0.81,-89.3,0.0,0,,62,,1784951704000,2026-07-25T09:25:04.000+05:30,29101.292750238357,1784947326179,Default Profile,false
2026-07-25T03:55:09.000Z,12.199028333333334,75.446275,29.400000000000006,2.3,322.79,8.878444,30,gps,0.48,0.75,0.89,-89.3,0.0,0,,62,,1784951709000,2026-07-25T09:25:09.000+05:30,29145.224207411142,1784947326179,Default Profile,false
2026-07-25T03:55:15.000Z,12.199421666666668,75.44596,30.799999999999997,2.5,323.8,9.802885,30,gps,0.48,0.61,0.77,-89.3,0.0,0,,62,,1784951715000,2026-07-25T09:25:15.000+05:30,29200.766653023744,1784947326179,Default Profile,false
2026-07-25T03:55:21.000Z,12.199955,75.44558666666667,29.700000000000003,2.5,333.14,12.447528,28,gps,0.51,0.82,0.96,-89.3,0.0,0,,62,,1784951721000,2026-07-25T09:25:21.000+05:30,29272.6228570355,1784947326179,Default Profile,false
2026-07-25T03:55:27.000Z,12.200664999999999,75.44534,24.200000000000003,2.4,343.58,13.104828,27,gps,0.51,0.62,0.81,-89.3,0.0,0,,62,,1784951727000,2026-07-25T09:25:27.000+05:30,29355.99882001482,1784947326179,Default Profile,false
2026-07-25T03:55:32.000Z,12.201256666666666,75.445255,17.200000000000003,2.4,0.2,13.967503,22,gps,0.58,0.73,0.93,-89.3,0.0,0,,62,,1784951732000,2026-07-25T09:25:32.000+05:30,29422.43457736437,1784947326179,Default Profile,false
2026-07-25T03:55:38.000Z,12.202050000000002,75.44533,-0.09999999999999432,2.6,4.18,14.488401,23,gps,0.60,0.71,0.93,-89.3,0.0,0,,62,,1784951738000,2026-07-25T09:25:38.000+05:30,29511.025014267416,1784947326179,Default Profile,false
2026-07-25T03:55:44.000Z,12.202814999999998,75.4454,-9.299999999999997,2.5,6.51,13.350865,23,gps,0.59,0.70,0.92,-89.3,0.0,0,,62,,1784951744000,2026-07-25T09:25:44.000+05:30,29596.428660355374,1784947326179,Default Profile,false
2026-07-25T03:55:49.000Z,12.203353333333332,75.44548499999999,-11.700000000000003,2.9,11.89,11.596177,21,gps,0.61,0.73,0.95,-89.3,0.0,0,,62,,1784951749000,2026-07-25T09:25:49.000+05:30,29656.997238300497,1784947326179,Default Profile,false
2026-07-25T03:55:55.000Z,12.203959999999999,75.44571166666667,-8.099999999999994,2.8,11.53,11.363008,21,gps,0.63,0.72,0.95,-89.3,0.0,0,,62,,1784951755000,2026-07-25T09:25:55.000+05:30,29728.81284386891,1784947326179,Default Profile,false
2026-07-25T03:56:01.000Z,12.204611666666665,75.445745,-9.599999999999994,2.3,358.44,12.127885,23,gps,0.56,0.72,0.91,-89.3,0.0,0,,62,,1784951761000,2026-07-25T09:26:01.000+05:30,29801.3653735664,1784947326179,Default Profile,false
2026-07-25T03:56:06.000Z,12.205175,75.44566333333334,-16.200000000000003,2.6,345.27,13.214463,23,gps,0.58,1.00,1.15,-89.3,0.0,0,,62,,1784951766000,2026-07-25T09:26:06.000+05:30,29864.630870960285,1784947326179,Default Profile,false
2026-07-25T03:56:12.000Z,12.205826666666667,75.44540666666667,-19.200000000000003,2.6,339.56,13.273142,23,gps,0.58,0.71,0.91,-89.3,0.0,0,,62,,1784951772000,2026-07-25T09:26:12.000+05:30,29942.27667498591,1784947326179,Default Profile,false
2026-07-25T03:56:18.000Z,12.20651,75.44525,-35.3,2.1,354.56,12.17524,26,gps,0.54,0.66,0.85,-89.3,0.0,0,,62,,1784951778000,2026-07-25T09:26:18.000+05:30,30020.14422714843,1784947326179,Default Profile,false
2026-07-25T03:56:24.000Z,12.207085,75.44514666666667,-40.4,2.7,336.9,9.092568,24,gps,0.58,1.02,1.17,-89.3,0.0,0,,62,,1784951784000,2026-07-25T09:26:24.000+05:30,30085.060107625115,1784947326179,Default Profile,false
2026-07-25T03:56:30.000Z,12.207531666666666,75.44490833333333,-42.8,2.4,327.96,10.010318,26,gps,0.53,0.90,1.04,-89.3,0.0,0,,62,,1784951790000,2026-07-25T09:26:30.000+05:30,30141.075669306047,1784947326179,Default Profile,false
2026-07-25T03:56:36.000Z,12.208040000000002,75.44457833333333,-41.199999999999996,2.3,326.09,11.783536,27,gps,0.51,0.85,0.99,-89.3,0.0,0,,62,,1784951796000,2026-07-25T09:26:36.000+05:30,30208.01772921331,1784947326179,Default Profile,false
2026-07-25T03:56:42.000Z,12.208495000000001,75.44418999999999,-47.699999999999996,2.4,311.42,9.707661,31,gps,0.48,0.73,0.87,-89.3,0.0,0,,62,,1784951802000,2026-07-25T09:26:42.000+05:30,30273.90334680676,1784947326179,Default Profile,false
2026-07-25T03:56:47.000Z,12.208581666666666,75.44378166666667,-50.599999999999994,2.5,268.14,7.656493,27,gps,0.52,0.87,1.01,-89.3,0.0,0,,62,,1784951807000,2026-07-25T09:26:47.000+05:30,30319.31539089199,1784947326179,Default Profile,false
2026-07-25T03:56:53.000Z,12.208536666666665,75.443665,-50.699999999999996,2.3,252.91,0.0,23,gps,0.64,0.70,0.95,-89.3,0.0,0,,62,,1784951813000,2026-07-25T09:26:53.000+05:30,30332.946375783577,1784947326179,Default Profile,false
2026-07-25T03:56:59.000Z,12.208521666666664,75.44362666666666,-50.8,1.7,252.84,3.3981962,22,gps,0.65,0.71,0.96,-89.3,0.0,0,,62,,1784951819000,2026-07-25T09:26:59.000+05:30,30337.43392991964,1784947326179,Default Profile,false
2026-07-25T03:57:05.000Z,12.208461666666668,75.44332833333333,-49.5,2.3,261.39,6.6749177,28,gps,0.50,0.81,0.95,-89.3,0.0,0,,62,,1784951825000,2026-07-25T09:27:05.000+05:30,30370.536161990993,1784947326179,Default Profile,false
2026-07-25T03:57:11.000Z,12.208373333333334,75.44285666666666,-46.4,2.4,264.98,9.479124,29,gps,0.48,0.77,0.91,-89.3,0.0,0,,62,,1784951831000,2026-07-25T09:27:11.000+05:30,30422.729553684072,1784947326179,Default Profile,false
2026-07-25T03:57:17.000Z,12.208481666666668,75.44233,-41.8,2.4,289.47,9.429711,28,gps,0.52,0.74,0.91,-89.3,0.0,0,,62,,1784951837000,2026-07-25T09:27:17.000+05:30,30481.22166240032,1784947326179,Default Profile,false
2026-07-25T03:57:22.000Z,12.208623333333332,75.44189833333333,-39.699999999999996,2.4,291.27,10.486951,27,gps,0.53,0.82,0.98,-89.3,0.0,0,,62,,1784951842000,2026-07-25T09:27:22.000+05:30,30530.709355443403,1784947326179,Default Profile,false
2026-07-25T03:57:28.000Z,12.208823333333331,75.44132166666667,-41.699999999999996,2.4,293.1,10.344887,28,gps,0.50,0.78,0.93,-89.3,0.0,0,,62,,1784951848000,2026-07-25T09:27:28.000+05:30,30597.210308067235,1784947326179,Default Profile,false
2026-07-25T03:57:34.000Z,12.209168333333333,75.44107666666667,-42.699999999999996,2.6,340.46,5.1914883,25,gps,0.64,0.82,1.04,-89.3,0.0,0,,62,,1784951854000,2026-07-25T09:27:34.000+05:30,30643.907609939033,1784947326179,Default Profile,false
2026-07-25T03:57:40.000Z,12.209453333333332,75.44106000000001,-39.099999999999994,2.1,347.68,6.3485837,29,gps,0.50,0.60,0.78,-89.3,0.0,0,,62,,1784951860000,2026-07-25T09:27:40.000+05:30,30675.64988678363,1784947326179,Default Profile,false
2026-07-25T03:57:46.000Z,12.209859999999999,75.44095333333333,-39.699999999999996,2.1,347.26,7.391926,29,gps,0.50,0.78,0.93,-89.3,0.0,0,,62,,1784951866000,2026-07-25T09:27:46.000+05:30,30722.33145218008,1784947326179,Default Profile,false
2026-07-25T03:57:52.000Z,12.210303333333332,75.44084666666666,-42.4,2.3,340.23,8.165039,27,gps,0.53,0.65,0.84,-89.3,0.0,0,,62,,1784951872000,2026-07-25T09:27:52.000+05:30,30772.972566880453,1784947326179,Default Profile,false
2026-07-25T03:57:58.000Z,12.210511666666665,75.440525,-43.099999999999994,2.2,274.03,7.05993,30,gps,0.48,0.75,0.90,-89.3,0.0,0,,62,,1784951878000,2026-07-25T09:27:58.000+05:30,30814.909965852923,1784947326179,Default Profile,false
2026-07-25T03:58:03.000Z,12.210434999999999,75.44024833333333,-43.3,2.2,247.26,2.775897,28,gps,0.50,0.82,0.96,-89.3,0.0,0,,62,,1784951883000,2026-07-25T09:28:03.000+05:30,30846.163080815866,1784947326179,Default Profile,false
2026-07-25T03:58:08.000Z,12.210425000000003,75.44023166666666,-43.9,2.2,247.26,0.0,27,gps,0.52,0.65,0.83,-89.3,0.0,0,,62,,1784951888000,2026-07-25T09:28:08.000+05:30,30848.288480531104,1784947326179,Default Profile,false
2026-07-25T03:58:14.000Z,12.210425000000003,75.44023166666666,-43.9,1.0,247.26,0.0,25,gps,0.54,0.67,0.86,-89.3,0.0,0,,62,,1784951894000,2026-07-25T09:28:14.000+05:30,30848.288480531104,1784947326179,Default Profile,false
2026-07-25T03:58:19.000Z,12.210425000000003,75.44023166666666,-43.9,1.0,247.26,0.0,26,gps,0.53,0.65,0.84,-89.3,0.0,0,,62,,1784951899000,2026-07-25T09:28:19.000+05:30,30848.288480531104,1784947326179,Default Profile,false
2026-07-25T03:58:25.000Z,12.210425000000003,75.44023166666666,-43.9,1.0,247.26,0.0,28,gps,0.51,0.62,0.80,-89.3,0.0,0,,62,,1784951905000,2026-07-25T09:28:25.000+05:30,30848.288480531104,1784947326179,Default Profile,false
2026-07-25T03:58:31.000Z,12.210425000000003,75.44023166666666,-43.9,1.0,247.26,0.0,27,gps,0.51,0.64,0.82,-89.3,0.0,0,,62,,1784951911000,2026-07-25T09:28:31.000+05:30,30848.288480531104,1784947326179,Default Profile,false
2026-07-25T03:58:37.000Z,12.210425000000003,75.44023166666666,-43.9,1.0,247.26,0.0,27,gps,0.51,0.64,0.82,-89.3,0.0,0,,62,,1784951917000,2026-07-25T09:28:37.000+05:30,30848.288480531104,1784947326179,Default Profile,false
2026-07-25T03:58:43.000Z,12.210425000000003,75.44023166666666,-43.9,1.1,247.26,0.0,29,gps,0.48,0.61,0.78,-89.3,0.0,0,,62,,1784951923000,2026-07-25T09:28:43.000+05:30,30848.288480531104,1784947326179,Default Profile,false
2026-07-25T03:58:49.000Z,12.210425000000003,75.44023166666666,-43.9,1.0,247.26,0.0,25,gps,0.53,0.67,0.86,-89.3,0.0,0,,62,,1784951929000,2026-07-25T09:28:49.000+05:30,30848.288480531104,1784947326179,Default Profile,false
2026-07-25T03:58:55.000Z,12.210425000000003,75.44023166666666,-43.9,1.0,247.26,0.0,27,gps,0.51,0.66,0.83,-89.3,0.0,0,,62,,1784951935000,2026-07-25T09:28:55.000+05:30,30848.288480531104,1784947326179,Default Profile,false
2026-07-25T03:59:01.000Z,12.210425000000003,75.44023166666666,-43.9,1.0,247.26,0.0,29,gps,0.50,0.63,0.80,-89.3,0.0,0,,62,,1784951941000,2026-07-25T09:29:01.000+05:30,30848.288480531104,1784947326179,Default Profile,false
2026-07-25T03:59:07.000Z,12.210425000000003,75.44023166666666,-43.9,1.0,247.26,0.0,28,gps,0.52,0.63,0.81,-89.3,0.0,0,,62,,1784951947000,2026-07-25T09:29:07.000+05:30,30848.288480531104,1784947326179,Default Profile,false
2026-07-25T03:59:13.000Z,12.210425000000003,75.44023166666666,-43.9,1.1,247.26,0.0,24,gps,0.56,0.69,0.88,-89.3,0.0,0,,62,,1784951953000,2026-07-25T09:29:13.000+05:30,30848.288480531104,1784947326179,Default Profile,false
2026-07-25T03:59:19.000Z,12.210425000000003,75.44023166666666,-43.9,2.1,247.26,0.0,21,gps,0.64,0.72,0.97,-89.3,0.0,0,,62,,1784951959000,2026-07-25T09:29:19.000+05:30,30848.288480531104,1784947326179,Default Profile,false
2026-07-25T03:59:24.000Z,12.210425000000003,75.44023166666666,-43.9,2.3,247.26,0.0,23,gps,0.58,0.69,0.90,-89.3,0.0,0,,62,,1784951964000,2026-07-25T09:29:24.000+05:30,30848.288480531104,1784947326179,Default Profile,false
2026-07-25T03:59:30.000Z,12.210425000000003,75.44023166666666,-43.9,1.1,247.26,0.0,25,gps,0.54,0.71,0.89,-89.3,0.0,0,,62,,1784951970000,2026-07-25T09:29:30.000+05:30,30848.288480531104,1784947326179,Default Profile,false
2026-07-25T03:59:36.000Z,12.210425000000003,75.44023166666666,-43.9,1.1,247.26,0.0,24,gps,0.55,0.69,0.88,-89.3,0.0,0,,62,,1784951976000,2026-07-25T09:29:36.000+05:30,30848.288480531104,1784947326179,Default Profile,false
2026-07-25T03:59:42.000Z,12.210425000000003,75.44023166666666,-43.9,1.7,247.26,0.0,27,gps,0.51,0.63,0.81,-89.3,0.0,0,,62,,1784951982000,2026-07-25T09:29:42.000+05:30,30848.288480531104,1784947326179,Default Profile,false
2026-07-25T03:59:47.000Z,12.210425000000003,75.440155,-41.8,1.9,252.07,4.2325606,28,gps,0.50,0.63,0.81,-89.3,0.0,0,,62,,1784951987000,2026-07-25T09:29:47.000+05:30,30856.620568733502,1784947326179,Default Profile,false
2026-07-25T03:59:53.000Z,12.210325000000001,75.43986833333334,-40.099999999999994,2.5,254.66,5.549735,28,gps,0.50,0.63,0.81,-89.3,0.0,0,,62,,1784951993000,2026-07-25T09:29:53.000+05:30,30889.700212627467,1784947326179,Default Profile,false
2026-07-25T03:59:58.000Z,12.210201666666668,75.43934666666668,-41.3,2.2,266.53,11.018659,27,gps,0.52,0.66,0.84,-89.3,0.0,0,,61,,1784951998000,2026-07-25T09:29:58.000+05:30,30948.029766135944,1784947326179,Default Profile,false
2026-07-25T04:00:04.000Z,12.210125000000001,75.438655,-43.4,2.3,259.92,13.28704,26,gps,0.56,0.67,0.87,-89.3,0.0,0,,61,,1784952004000,2026-07-25T09:30:04.000+05:30,31023.681624325956,1784947326179,Default Profile,false
2026-07-25T04:00:10.000Z,12.209935,75.43789833333334,-46.599999999999994,2.3,252.79,14.187803,29,gps,0.50,0.62,0.79,-89.3,0.0,0,,61,,1784952010000,2026-07-25T09:30:10.000+05:30,31108.586377111948,1784947326179,Default Profile,false
2026-07-25T04:00:15.000Z,12.209831666666666,75.43743666666666,-49.4,2.5,261.47,6.138577,28,gps,0.52,0.65,0.84,-89.3,0.0,0,,61,,1784952015000,2026-07-25T09:30:15.000+05:30,31160.05899107822,1784947326179,Default Profile,false
2026-07-25T04:00:21.000Z,12.209846666666666,75.43740833333332,-49.599999999999994,2.6,271.54,0.0,24,gps,0.58,0.69,0.90,-89.3,0.0,0,,61,,1784952021000,2026-07-25T09:30:21.000+05:30,31163.56096089282,1784947326179,Default Profile,false
2026-07-25T04:00:27.000Z,12.209826666666666,75.437135,-50.4,2.3,255.59,7.146918,26,gps,0.54,0.67,0.86,-89.3,0.0,0,,61,,1784952027000,2026-07-25T09:30:27.000+05:30,31193.34986153307,1784947326179,Default Profile,false
2026-07-25T04:00:33.000Z,12.209565000000001,75.43679166666668,-48.8,2.2,215.09,8.673584,26,gps,0.54,0.69,0.87,-89.3,0.0,0,,61,,1784952033000,2026-07-25T09:30:33.000+05:30,31240.66650695922,1784947326179,Default Profile,false
2026-07-25T04:00:39.000Z,12.209094999999998,75.43649833333333,-45.8,2.2,213.77,10.689751,28,gps,0.50,0.82,0.96,-89.3,0.0,0,,61,,1784952039000,2026-07-25T09:30:39.000+05:30,31301.88394114705,1784947326179,Default Profile,false
2026-07-25T04:00:44.000Z,12.208673333333335,75.43619666666667,-42.699999999999996,2.4,216.24,11.107191,27,gps,0.53,0.64,0.83,-89.3,0.0,0,,61,,1784952044000,2026-07-25T09:30:44.000+05:30,31359.096481738892,1784947326179,Default Profile,false
2026-07-25T04:00:49.000Z,12.208249999999998,75.435845,-41.099999999999994,2.5,226.07,12.206122,27,gps,0.53,0.83,0.98,-89.3,0.0,0,,61,,1784952049000,2026-07-25T09:30:49.000+05:30,31419.7308781689,1784947326179,Default Profile,false
2026-07-25T04:00:55.000Z,12.20793,75.43522833333333,-44.9,2.5,256.23,12.932396,27,gps,0.53,0.67,0.86,-89.3,0.0,0,,61,,1784952055000,2026-07-25T09:30:55.000+05:30,31495.61056661063,1784947326179,Default Profile,false
2026-07-25T04:01:01.000Z,12.207998333333334,75.434565,-42.199999999999996,2.5,284.46,11.410362,26,gps,0.53,0.90,1.05,-89.3,0.0,0,,61,,1784952061000,2026-07-25T09:31:01.000+05:30,31568.10123260848,1784947326179,Default Profile,false
2026-07-25T04:01:06.000Z,12.208073333333335,75.43433,-35.8,2.2,289.51,0.0,27,gps,0.52,0.87,1.01,-89.3,0.0,0,,61,,1784952066000,2026-07-25T09:31:06.000+05:30,31594.968226151264,1784947326179,Default Profile,false
2026-07-25T04:01:12.000Z,12.208075000000001,75.43433333333334,-35.599999999999994,1.2,289.51,0.0,26,gps,0.54,0.67,0.86,-89.3,0.0,0,,61,,1784952072000,2026-07-25T09:31:12.000+05:30,31595.375145500857,1784947326179,Default Profile,false
2026-07-25T04:01:18.000Z,12.20811,75.43425333333333,-36.4,2.0,301.58,3.4579039,26,gps,0.54,0.89,1.04,-89.3,0.0,0,,61,,1784952078000,2026-07-25T09:31:18.000+05:30,31604.900867840322,1784947326179,Default Profile,false
2026-07-25T04:01:23.000Z,12.208223333333335,75.43403666666667,-35.199999999999996,2.2,296.4,7.0177226,27,gps,0.52,0.66,0.84,-89.3,0.0,0,,61,,1784952083000,2026-07-25T09:31:23.000+05:30,31631.608414961906,1784947326179,Default Profile,false
2026-07-25T04:01:29.000Z,12.208414999999999,75.4336,-32.5,2.3,291.8,8.694173,25,gps,0.58,0.96,1.12,-89.3,0.0,0,,61,,1784952089000,2026-07-25T09:31:29.000+05:30,31683.631377918726,1784947326179,Default Profile,false
2026-07-25T04:01:34.000Z,12.20853,75.43317166666667,-33.0,2.3,284.17,10.196133,27,gps,0.54,0.86,1.01,-89.3,0.0,0,,61,,1784952094000,2026-07-25T09:31:34.000+05:30,31731.907116481267,1784947326179,Default Profile,false
2026-07-25T04:01:39.000Z,12.208673333333335,75.43265166666667,-32.9,2.4,288.44,12.380613,28,gps,0.51,0.84,0.98,-89.3,0.0,0,,61,,1784952099000,2026-07-25T09:31:39.000+05:30,31790.625208129713,1784947326179,Default Profile,false
2026-07-25T04:01:45.000Z,12.208963333333335,75.43196833333333,-33.4,2.2,291.99,14.296925,29,gps,0.49,0.63,0.79,-89.3,0.0,0,,61,,1784952105000,2026-07-25T09:31:45.000+05:30,31871.588696906358,1784947326179,Default Profile,false
2026-07-25T04:01:51.000Z,12.209216666666668,75.4312,-35.5,2.5,289.12,15.201806,28,gps,0.50,0.64,0.81,-89.3,0.0,0,,61,,1784952111000,2026-07-25T09:31:51.000+05:30,31959.71457712998,1784947326179,Default Profile,false
2026-07-25T04:01:56.000Z,12.209661666666667,75.43064166666666,-39.3,2.4,313.49,16.580233,27,gps,0.54,0.65,0.84,-89.3,0.0,0,,61,,1784952116000,2026-07-25T09:31:56.000+05:30,32038.011782091842,1784947326179,Default Profile,false
2026-07-25T04:02:02.000Z,12.210200000000002,75.42993166666666,-36.5,2.5,305.56,16.137571,28,gps,0.50,0.64,0.81,-89.3,0.0,0,,61,,1784952122000,2026-07-25T09:32:02.000+05:30,32135.670715675722,1784947326179,Default Profile,false
2026-07-25T04:02:08.000Z,12.210756666666668,75.42923666666667,-40.0,2.4,316.07,16.51795,29,gps,0.49,0.62,0.79,-89.3,0.0,0,,61,,1784952128000,2026-07-25T09:32:08.000+05:30,32233.325899862357,1784947326179,Default Profile,false
2026-07-25T04:02:14.000Z,12.211315000000003,75.42856,-38.0,2.4,310.51,15.110186,29,gps,0.50,0.64,0.81,-89.3,0.0,0,,61,,1784952134000,2026-07-25T09:32:14.000+05:30,32329.567627409273,1784947326179,Default Profile,false
2026-07-25T04:02:20.000Z,12.21161,75.4279,-32.099999999999994,2.5,277.28,12.450616,28,gps,0.51,0.65,0.82,-89.3,0.0,0,,61,,1784952140000,2026-07-25T09:32:20.000+05:30,32408.440492952846,1784947326179,Default Profile,false
2026-07-25T04:02:26.000Z,12.211391666666668,75.42734,-28.799999999999997,2.6,236.22,11.134471,25,gps,0.56,0.98,1.12,-89.3,0.0,0,,61,,1784952146000,2026-07-25T09:32:26.000+05:30,32473.964279626194,1784947326179,Default Profile,false
2026-07-25T04:02:31.000Z,12.211155,75.42688666666666,-23.700000000000003,2.8,252.9,11.318742,22,gps,0.65,1.07,1.25,-89.3,0.0,0,,61,,1784952151000,2026-07-25T09:32:31.000+05:30,32529.8199784178,1784947326179,Default Profile,false
2026-07-25T04:02:37.000Z,12.210971666666667,75.42624333333333,-22.700000000000003,2.4,255.8,12.38679,23,gps,0.59,1.06,1.21,-89.3,0.0,0,,61,,1784952157000,2026-07-25T09:32:37.000+05:30,32602.648227559745,1784947326179,Default Profile,false
2026-07-25T04:02:43.000Z,12.210758333333334,75.42554,-22.599999999999994,2.5,250.37,13.460501,26,gps,0.55,0.70,0.89,-89.3,0.0,0,,61,,1784952163000,2026-07-25T09:32:43.000+05:30,32682.682216977282,1784947326179,Default Profile,false
2026-07-25T04:02:49.000Z,12.210518333333335,75.42484666666665,-18.5,2.4,250.39,13.6581545,24,gps,0.58,0.71,0.92,-89.3,0.0,0,,61,,1784952169000,2026-07-25T09:32:49.000+05:30,32762.61942500624,1784947326179,Default Profile,false
2026-07-25T04:02:55.000Z,12.210233333333333,75.42415666666668,-14.899999999999991,2.5,247.32,13.461531,22,gps,0.62,0.74,0.97,-89.3,0.0,0,,61,,1784952175000,2026-07-25T09:32:55.000+05:30,32844.02957490752,1784947326179,Default Profile,false
2026-07-25T04:03:01.000Z,12.209981666666666,75.42345666666667,-13.799999999999997,2.5,252.89,12.789818,23,gps,0.60,0.72,0.94,-89.3,0.0,0,,61,,1784952181000,2026-07-25T09:33:01.000+05:30,32925.088913552136,1784947326179,Default Profile,false
2026-07-25T04:03:07.000Z,12.209783333333332,75.42277,-11.200000000000003,2.5,257.07,12.752758,25,gps,0.56,0.69,0.89,-89.3,0.0,0,,61,,1784952187000,2026-07-25T09:33:07.000+05:30,33002.906042834926,1784947326179,Default Profile,false
2026-07-25T04:03:13.000Z,12.209593333333332,75.42201833333334,-13.299999999999997,2.4,255.04,15.212101,24,gps,0.56,0.70,0.90,-89.3,0.0,0,,61,,1784952193000,2026-07-25T09:33:13.000+05:30,33087.28469985058,1784947326179,Default Profile,false
2026-07-25T04:03:19.000Z,12.209393333333333,75.42116666666668,-13.0,2.4,258.16,16.605453,24,gps,0.56,0.69,0.88,-89.3,0.0,0,,61,,1784952199000,2026-07-25T09:33:19.000+05:30,33182.477835711026,1784947326179,Default Profile,false
2026-07-25T04:03:25.000Z,12.209276666666664,75.42017333333334,-19.200000000000003,2.4,266.15,18.624708,26,gps,0.54,0.69,0.88,-89.3,0.0,0,,61,,1784952205000,2026-07-25T09:33:25.000+05:30,33291.2098204584,1784947326179,Default Profile,false
2026-07-25T04:03:30.000Z,12.209226666666666,75.41936000000001,-17.89999999999999,2.1,265.99,17.71365,27,gps,0.53,0.66,0.85,-89.3,0.0,0,,61,,1784952210000,2026-07-25T09:33:30.000+05:30,33379.77747606764,1784947326179,Default Profile,false
2026-07-25T04:03:36.000Z,12.209148333333333,75.41878,-17.200000000000003,2.3,256.36,5.0247183,29,gps,0.49,0.81,0.95,-89.3,0.0,0,,61,,1784952216000,2026-07-25T09:33:36.000+05:30,33443.41078865982,1784947326179,Default Profile,false
2026-07-25T04:03:42.000Z,12.209153333333331,75.41875499999999,-17.599999999999994,2.2,260.57,0.0,27,gps,0.51,0.66,0.83,-89.3,0.0,0,,61,,1784952222000,2026-07-25T09:33:42.000+05:30,33446.184087755704,1784947326179,Default Profile,false
2026-07-25T04:03:47.000Z,12.209136666666666,75.41869666666666,-18.89999999999999,1.9,250.54,3.887697,27,gps,0.51,0.66,0.83,-89.3,0.0,0,,61,,1784952227000,2026-07-25T09:33:47.000+05:30,33452.78907508825,1784947326179,Default Profile,false
2026-07-25T04:03:53.000Z,12.208941666666666,75.41835666666665,-22.39999999999999,2.4,229.19,7.8114243,26,gps,0.54,0.85,1.00,-89.3,0.0,0,,61,,1784952233000,2026-07-25T09:33:53.000+05:30,33495.63232001313,1784947326179,Default Profile,false
2026-07-25T04:03:59.000Z,12.20867,75.417885,-21.700000000000003,2.5,258.41,10.60894,26,gps,0.51,0.66,0.84,-89.3,0.0,0,,61,,1784952239000,2026-07-25T09:33:59.000+05:30,33555.13179061996,1784947326179,Default Profile,false
2026-07-25T04:04:05.000Z,12.208635,75.41723166666667,-22.39999999999999,2.3,272.46,12.998281,27,gps,0.51,0.88,1.02,-89.3,0.0,0,,61,,1784952245000,2026-07-25T09:34:05.000+05:30,33626.242725425625,1784947326179,Default Profile,false
2026-07-25T04:04:10.000Z,12.208618333333334,75.41655999999999,-26.0,2.3,263.54,15.316074,29,gps,0.49,0.63,0.80,-89.3,0.0,0,,61,,1784952250000,2026-07-25T09:34:10.000+05:30,33699.26308055706,1784947326179,Default Profile,false
2026-07-25T04:04:15.000Z,12.20838,75.41586166666666,-28.5,2.4,252.82,16.413462,27,gps,0.52,0.67,0.84,-89.3,0.0,0,,61,,1784952255000,2026-07-25T09:34:15.000+05:30,33779.65200656837,1784947326179,Default Profile,false
2026-07-25T04:04:20.000Z,12.208190000000002,75.41520166666666,-28.4,2.3,272.14,12.985413,24,gps,0.57,0.72,0.92,-89.3,0.0,0,,61,,1784952260000,2026-07-25T09:34:20.000+05:30,33854.42766991457,1784947326179,Default Profile,false
2026-07-25T04:04:25.000Z,12.208483333333334,75.41465666666666,-27.9,2.7,308.89,14.278909,23,gps,0.58,0.73,0.94,-89.3,0.0,0,,61,,1784952265000,2026-07-25T09:34:25.000+05:30,33922.04543119943,1784947326179,Default Profile,false
2026-07-25T04:04:30.000Z,12.208815,75.41403166666667,-29.299999999999997,2.5,285.41,15.976977,16,gps,0.70,0.84,1.09,-89.3,0.0,0,,61,,1784952270000,2026-07-25T09:34:30.000+05:30,33999.33660898587,1784947326179,Default Profile,false
2026-07-25T04:04:36.000Z,12.208983333333332,75.41326333333333,-31.799999999999997,2.5,279.9,12.178328,21,gps,0.60,0.73,0.94,-89.3,0.0,0,,61,,1784952276000,2026-07-25T09:34:36.000+05:30,34084.911273907295,1784947326179,Default Profile,false
2026-07-25T04:04:42.000Z,12.208988333333332,75.41280166666667,-33.8,2.2,263.43,3.7456336,25,gps,0.53,0.93,1.07,-89.3,0.0,0,,61,,1784952282000,2026-07-25T09:34:42.000+05:30,34135.08828845205,1784947326179,Default Profile,false
2026-07-25T04:04:48.000Z,12.208988333333332,75.41280333333334,-34.199999999999996,1.9,263.43,0.0,23,gps,0.55,0.70,0.89,-89.3,0.0,0,,61,,1784952288000,2026-07-25T09:34:48.000+05:30,34135.269421788165,1784947326179,Default Profile,false
2026-07-25T04:04:53.000Z,12.208988333333332,75.41280333333334,-34.199999999999996,1.0,263.43,0.0,23,gps,0.56,0.68,0.89,-89.3,0.0,0,,61,,1784952293000,2026-07-25T09:34:53.000+05:30,34135.269421788165,1784947326179,Default Profile,false
2026-07-25T04:04:59.000Z,12.208988333333332,75.41280333333334,-34.199999999999996,1.0,263.43,0.0,24,gps,0.56,0.69,0.89,-89.3,0.0,0,,61,,1784952299000,2026-07-25T09:34:59.000+05:30,34135.269421788165,1784947326179,Default Profile,false
2026-07-25T04:05:05.000Z,12.208988333333332,75.41280333333334,-34.199999999999996,1.0,263.43,0.0,25,gps,0.57,0.68,0.88,-89.3,0.0,0,,61,,1784952305000,2026-07-25T09:35:05.000+05:30,34135.269421788165,1784947326179,Default Profile,false
2026-07-25T04:05:11.000Z,12.208985,75.41278333333334,-34.099999999999994,1.2,268.72,2.3610308,25,gps,0.53,0.66,0.84,-89.3,0.0,0,,61,,1784952311000,2026-07-25T09:35:11.000+05:30,34137.47439760484,1784947326179,Default Profile,false
2026-07-25T04:05:16.000Z,12.208963333333335,75.41263333333333,-34.599999999999994,1.8,255.28,4.2104278,25,gps,0.58,0.68,0.89,-89.3,0.0,0,,61,,1784952316000,2026-07-25T09:35:16.000+05:30,34153.95346295678,1784947326179,Default Profile,false
2026-07-25T04:05:22.000Z,12.20889,75.41232333333333,-34.0,2.1,252.95,6.1545334,28,gps,0.49,0.83,0.97,-89.3,0.0,0,,61,,1784952322000,2026-07-25T09:35:22.000+05:30,34188.61703281511,1784947326179,Default Profile,false
2026-07-25T04:05:28.000Z,12.208848333333332,75.41207,-28.5,2.2,281.79,2.2580864,28,gps,0.50,0.84,0.98,-89.3,0.0,0,,61,,1784952328000,2026-07-25T09:35:28.000+05:30,34216.53642075973,1784947326179,Default Profile,false
2026-07-25T04:05:33.000Z,12.208870000000001,75.41206333333334,-27.799999999999997,2.1,281.79,0.0,31,gps,0.46,0.60,0.75,-89.3,0.0,0,,61,,1784952333000,2026-07-25T09:35:33.000+05:30,34219.05223206349,1784947326179,Default Profile,false
2026-07-25T04:05:39.000Z,12.209006666666669,75.41197000000001,-25.5,2.7,327.34,3.051788,22,gps,0.57,0.70,0.90,-89.3,0.0,0,,61,,1784952339000,2026-07-25T09:35:39.000+05:30,34237.323187794085,1784947326179,Default Profile,false
2026-07-25T04:05:45.000Z,12.209268333333334,75.41175166666667,-21.299999999999997,2.4,324.53,6.7624207,26,gps,0.51,0.68,0.85,-89.3,0.0,0,,61,,1784952345000,2026-07-25T09:35:45.000+05:30,34274.86805509159,1784947326179,Default Profile,false
2026-07-25T04:05:51.000Z,12.209571666666667,75.41148,-19.200000000000003,2.2,324.2,7.198905,31,gps,0.47,0.61,0.77,-89.3,0.0,0,,61,,1784952351000,2026-07-25T09:35:51.000+05:30,34319.693952867536,1784947326179,Default Profile,false
2026-07-25T04:05:57.000Z,12.209903333333333,75.41120666666667,-21.5,2.1,317.84,7.9745913,33,gps,0.46,0.71,0.84,-89.3,0.0,0,,61,,1784952357000,2026-07-25T09:35:57.000+05:30,34367.049440101975,1784947326179,Default Profile,false
2026-07-25T04:06:03.000Z,12.210280000000001,75.41094,-23.200000000000003,2.3,325.2,9.229999,30,gps,0.48,0.81,0.94,-89.3,0.0,0,,61,,1784952363000,2026-07-25T09:36:03.000+05:30,34417.9820599777,1784947326179,Default Profile,false
2026-07-25T04:06:09.000Z,12.210751666666665,75.41072000000001,-20.5,2.4,349.97,9.146614,29,gps,0.51,0.83,0.98,-89.3,0.0,0,,61,,1784952369000,2026-07-25T09:36:09.000+05:30,34475.62183742758,1784947326179,Default Profile,false
2026-07-25T04:06:15.000Z,12.211211666666667,75.41075666666667,-17.0,2.3,7.06,8.36681,27,gps,0.54,0.87,1.03,-89.3,0.0,0,,61,,1784952375000,2026-07-25T09:36:15.000+05:30,34526.92649426345,1784947326179,Default Profile,false
2026-07-25T04:06:20.000Z,12.211539999999998,75.41083666666667,-12.200000000000003,2.1,14.73,6.539031,29,gps,0.53,0.81,0.97,-89.2,0.0,0,,61,,1784952380000,2026-07-25T09:36:20.000+05:30,34564.45646065459,1784947326179,Default Profile,false
2026-07-25T04:06:26.000Z,12.211851666666666,75.410915,-8.799999999999997,2.3,9.69,6.5621934,29,gps,0.51,0.78,0.93,-89.2,0.0,0,,61,,1784952386000,2026-07-25T09:36:26.000+05:30,34600.142527749544,1784947326179,Default Profile,false
2026-07-25T04:06:32.000Z,12.212186666666666,75.41093666666667,-4.799999999999997,2.0,355.24,5.9012904,31,gps,0.49,0.76,0.90,-89.2,0.0,0,,61,,1784952392000,2026-07-25T09:36:32.000+05:30,34637.46717810362,1784947326179,Default Profile,false
2026-07-25T04:06:37.000Z,12.212459999999998,75.41090833333332,-0.29999999999999716,2.2,354.11,5.8384943,31,gps,0.49,0.60,0.77,-89.2,0.0,0,,61,,1784952397000,2026-07-25T09:36:37.000+05:30,34668.01604241326,1784947326179,Default Profile,false
2026-07-25T04:06:42.000Z,12.212716666666665,75.41079666666666,4.200000000000003,2.1,323.6,5.6511354,29,gps,0.52,0.79,0.95,-89.2,0.0,0,,61,,1784952402000,2026-07-25T09:36:42.000+05:30,34699.0291082857,1784947326179,Default Profile,false
2026-07-25T04:06:48.000Z,12.21294,75.41052333333333,9.599999999999994,2.2,306.48,6.034603,30,gps,0.52,0.80,0.95,-89.2,0.0,0,,61,,1784952408000,2026-07-25T09:36:48.000+05:30,34737.74754479713,1784947326179,Default Profile,false
2026-07-25T04:06:53.000Z,12.213071666666668,75.41027000000001,14.899999999999991,2.0,296.73,6.415498,28,gps,0.54,0.89,1.04,-89.2,0.0,0,,61,,1784952413000,2026-07-25T09:36:53.000+05:30,34768.93010080122,1784947326179,Default Profile,false
2026-07-25T04:06:59.000Z,12.213233333333335,75.40992666666666,19.0,2.1,300.81,6.7459493,29,gps,0.51,0.83,0.98,-89.2,0.0,0,,61,,1784952419000,2026-07-25T09:36:59.000+05:30,34810.34756148307,1784947326179,Default Profile,false
2026-07-25T04:07:04.000Z,12.213481666666667,75.40967166666665,22.0,2.3,314.42,8.577332,27,gps,0.53,0.67,0.86,-89.2,0.0,0,,61,,1784952424000,2026-07-25T09:37:04.000+05:30,34849.46926184577,1784947326179,Default Profile,false
2026-07-25T04:07:10.000Z,12.213993333333333,75.40939166666666,24.099999999999994,2.2,344.83,12.147445,28,gps,0.51,0.82,0.97,-89.2,0.0,0,,61,,1784952430000,2026-07-25T09:37:10.000+05:30,34913.99047689347,1784947326179,Default Profile,false
2026-07-25T04:07:16.000Z,12.214798333333333,75.4092,16.39999999999999,2.6,344.07,16.170513,26,gps,0.56,0.67,0.87,-89.2,0.0,0,,61,,1784952436000,2026-07-25T09:37:16.000+05:30,35005.8940577088,1784947326179,Default Profile,false
2026-07-25T04:07:22.000Z,12.215601666666664,75.40877833333334,11.299999999999997,2.8,337.82,13.478002,19,gps,0.68,0.76,1.02,-89.2,0.0,0,,60,,1784952442000,2026-07-25T09:37:22.000+05:30,35106.289430357516,1784947326179,Default Profile,false
2026-07-25T04:07:27.000Z,12.215936666666668,75.40835999999999,10.299999999999997,2.6,284.69,11.935894,18,gps,0.71,0.74,1.03,-89.2,0.0,0,,60,,1784952447000,2026-07-25T09:37:27.000+05:30,35165.064397491726,1784947326179,Default Profile,false
2026-07-25T04:07:33.000Z,12.21608,75.40757666666667,4.599999999999994,3.1,275.09,15.552332,19,gps,0.76,0.74,1.06,-89.2,0.0,0,,60,,1784952453000,2026-07-25T09:37:33.000+05:30,35251.67389240691,1784947326179,Default Profile,false
2026-07-25T04:07:39.000Z,12.216041666666667,75.40670833333334,-0.5,3.2,263.29,13.615432,20,gps,0.78,1.07,1.32,-89.2,0.0,0,,60,,1784952459000,2026-07-25T09:37:39.000+05:30,35346.13805472976,1784947326179,Default Profile,false
2026-07-25T04:07:45.000Z,12.216011666666668,75.406345,-4.400000000000006,2.8,265.73,4.263959,24,gps,0.59,0.69,0.91,-89.2,0.0,0,,60,,1784952465000,2026-07-25T09:37:45.000+05:30,35385.76473051849,1784947326179,Default Profile,false
2026-07-25T04:07:51.000Z,12.216026666666668,75.40634666666666,-7.5,2.7,266.48,0.0,26,gps,0.54,0.65,0.85,-89.2,0.0,0,,60,,1784952471000,2026-07-25T09:37:51.000+05:30,35387.44246043627,1784947326179,Default Profile,false
2026-07-25T04:07:56.000Z,12.216026666666668,75.40634833333334,-7.5,1.1,279.21,2.134553,29,gps,0.50,0.63,0.81,-89.2,0.0,0,,60,,1784952476000,2026-07-25T09:37:56.000+05:30,35387.62358895657,1784947326179,Default Profile,false
2026-07-25T04:08:02.000Z,12.216046666666667,75.40604499999999,-6.299999999999997,2.1,274.26,8.564463,28,gps,0.50,0.64,0.81,-89.2,0.0,0,,60,,1784952482000,2026-07-25T09:38:02.000+05:30,35420.66390695323,1784947326179,Default Profile,false
2026-07-25T04:08:08.000Z,12.216171666666666,75.40535833333334,-10.400000000000006,2.3,284.52,16.079407,29,gps,0.48,0.62,0.78,-89.2,0.0,0,,60,,1784952488000,2026-07-25T09:38:08.000+05:30,35496.57222038686,1784947326179,Default Profile,false
2026-07-25T04:08:14.000Z,12.216515,75.40437833333334,-23.10000000000001,2.3,292.49,19.090532,32,gps,0.46,0.58,0.74,-89.2,0.0,0,,60,,1784952494000,2026-07-25T09:38:14.000+05:30,35609.71134145457,1784947326179,Default Profile,false
2026-07-25T04:08:20.000Z,12.216725,75.40383333333332,-26.300000000000004,2.3,289.83,5.4956894,34,gps,0.44,0.57,0.72,-89.2,0.0,0,,60,,1784952500000,2026-07-25T09:38:20.000+05:30,35673.37709293404,1784947326179,Default Profile,false
2026-07-25T04:08:25.000Z,12.216748333333332,75.40378666666668,-27.1,2.3,303.66,0.0,31,gps,0.47,0.60,0.77,-89.2,0.0,0,,60,,1784952505000,2026-07-25T09:38:25.000+05:30,35679.07381607245,1784947326179,Default Profile,false
2026-07-25T04:08:30.000Z,12.216791666666666,75.40364333333333,-27.0,2.1,297.62,5.164723,32,gps,0.46,0.72,0.85,-89.2,0.0,0,,60,,1784952510000,2026-07-25T09:38:30.000+05:30,35695.37904946616,1784947326179,Default Profile,false
2026-07-25T04:08:36.000Z,12.216946666666669,75.40319833333334,-24.799999999999997,2.3,289.95,10.174,32,gps,0.47,0.73,0.87,-89.2,0.0,0,,60,,1784952516000,2026-07-25T09:38:36.000+05:30,35746.71962260208,1784947326179,Default Profile,false
2026-07-25T04:08:42.000Z,12.217206666666668,75.40261833333334,-21.5,2.2,308.13,11.567867,32,gps,0.46,0.60,0.75,-89.2,0.0,0,,60,,1784952522000,2026-07-25T09:38:42.000+05:30,35816.0660019204,1784947326179,Default Profile,false
2026-07-25T04:08:47.000Z,12.21762,75.40234666666667,-17.5,2.4,334.77,11.014026,31,gps,0.49,0.77,0.91,-89.2,0.0,0,,60,,1784952527000,2026-07-25T09:38:47.000+05:30,35870.69226275764,1784947326179,Default Profile,false
2026-07-25T04:08:52.000Z,12.218036666666668,75.40210333333333,-11.0,2.4,323.11,10.487465,31,gps,0.48,0.76,0.90,-89.2,0.0,0,,60,,1784952532000,2026-07-25T09:38:52.000+05:30,35924.0392205405,1784947326179,Default Profile,false
2026-07-25T04:08:58.000Z,12.218401666666667,75.40173333333334,-6.0,2.2,313.9,7.458325,32,gps,0.47,0.59,0.76,-89.2,0.0,0,,60,,1784952538000,2026-07-25T09:38:58.000+05:30,35981.17148339886,1784947326179,Default Profile,false
2026-07-25T04:09:04.000Z,12.218478333333334,75.40167333333333,-6.900000000000006,2.0,320.58,0.0,34,gps,0.45,0.58,0.73,-89.2,0.0,0,,60,,1784952544000,2026-07-25T09:39:04.000+05:30,35991.90425906685,1784947326179,Default Profile,false
2026-07-25T04:09:09.000Z,12.218478333333334,75.40167333333333,-6.900000000000006,1.1,320.58,0.0,31,gps,0.49,0.61,0.78,-89.2,0.0,0,,60,,1784952549000,2026-07-25T09:39:09.000+05:30,35991.90425906685,1784947326179,Default Profile,false
2026-07-25T04:09:15.000Z,12.218619999999998,75.40156166666667,-5.400000000000006,1.8,323.01,3.8521812,34,gps,0.45,0.71,0.84,-89.2,0.0,0,,60,,1784952555000,2026-07-25T09:39:15.000+05:30,36011.78930642393,1784947326179,Default Profile,false
2026-07-25T04:09:20.000Z,12.218784999999999,75.40141333333332,-3.799999999999997,2.0,320.69,5.5322347,34,gps,0.45,0.71,0.84,-89.2,0.0,0,,60,,1784952560000,2026-07-25T09:39:20.000+05:30,36036.212280420914,1784947326179,Default Profile,false
2026-07-25T04:09:26.000Z,12.219083333333334,75.40119,1.3999999999999915,2.2,325.19,7.2472887,30,gps,0.51,0.79,0.94,-89.2,0.0,0,,60,,1784952566000,2026-07-25T09:39:26.000+05:30,36077.31626245273,1784947326179,Default Profile,false
2026-07-25T04:09:32.000Z,12.219389999999999,75.40094500000001,2.8999999999999915,2.2,323.02,6.986325,32,gps,0.49,0.77,0.91,-89.2,0.0,0,,60,,1784952572000,2026-07-25T09:39:32.000+05:30,36120.57959297291,1784947326179,Default Profile,false
2026-07-25T04:09:37.000Z,12.219635000000002,75.40073000000001,5.799999999999997,2.3,319.11,6.9755154,32,gps,0.49,0.77,0.91,-89.2,0.0,0,,60,,1784952577000,2026-07-25T09:39:37.000+05:30,36156.46975468002,1784947326179,Default Profile,false
2026-07-25T04:09:43.000Z,12.219976666666666,75.40045666666667,10.099999999999994,2.3,318.99,8.09761,32,gps,0.49,0.77,0.91,-89.2,0.0,0,,60,,1784952583000,2026-07-25T09:39:43.000+05:30,36204.695557621606,1784947326179,Default Profile,false
2026-07-25T04:09:49.000Z,12.220333333333334,75.40014,13.599999999999994,2.4,319.83,9.267059,29,gps,0.52,0.64,0.82,-89.2,0.0,0,,60,,1784952589000,2026-07-25T09:39:49.000+05:30,36257.204538621474,1784947326179,Default Profile,false
2026-07-25T04:09:54.000Z,12.220691666666669,75.39983166666666,17.299999999999997,2.4,318.31,9.98767,30,gps,0.49,0.63,0.79,-89.2,0.0,0,,60,,1784952594000,2026-07-25T09:39:54.000+05:30,36309.26615567465,1784947326179,Default Profile,false
2026-07-25T04:10:00.000Z,12.221091666666666,75.39949,18.89999999999999,2.2,319.59,8.502182,28,gps,0.53,0.66,0.85,-89.2,0.0,0,,60,,1784952600000,2026-07-25T09:40:00.000+05:30,36367.20557284212,1784947326179,Default Profile,false
2026-07-25T04:10:05.000Z,12.221364999999999,75.39918666666668,16.89999999999999,2.2,315.77,7.969959,28,gps,0.50,0.65,0.82,-89.2,0.0,0,,60,,1784952605000,2026-07-25T09:40:05.000+05:30,36412.043343847174,1784947326179,Default Profile,false
2026-07-25T04:10:10.000Z,12.221454999999999,75.39908999999999,18.89999999999999,2.0,321.27,0.0,31,gps,0.47,0.61,0.77,-89.2,0.0,0,,60,,1784952610000,2026-07-25T09:40:10.000+05:30,36426.552341060604,1784947326179,Default Profile,false
2026-07-25T04:10:16.000Z,12.221496666666667,75.39904833333334,20.099999999999994,1.8,320.12,4.340138,32,gps,0.47,0.61,0.77,-89.2,0.0,0,,60,,1784952616000,2026-07-25T09:40:16.000+05:30,36433.030742649054,1784947326179,Default Profile,false
2026-07-25T04:10:21.000Z,12.221720000000001,75.39886499999999,18.5,2.3,321.78,8.152685,33,gps,0.46,0.74,0.87,-89.2,0.0,0,,60,,1784952621000,2026-07-25T09:40:21.000+05:30,36464.86875268425,1784947326179,Default Profile,false
2026-07-25T04:10:27.000Z,12.222323333333334,75.39855333333334,12.0,2.3,336.02,13.605138,31,gps,0.47,0.61,0.77,-89.2,0.0,0,,60,,1784952627000,2026-07-25T09:40:27.000+05:30,36540.02154197233,1784947326179,Default Profile,false
2026-07-25T04:10:33.000Z,12.223078333333335,75.39810833333333,2.5,2.1,318.65,15.7870455,28,gps,0.52,0.66,0.84,-89.2,0.0,0,,60,,1784952633000,2026-07-25T09:40:33.000+05:30,36636.90634748564,1784947326179,Default Profile,false
2026-07-25T04:10:39.000Z,12.223721666666666,75.39744666666667,-5.900000000000006,2.6,314.92,17.325035,29,gps,0.52,0.66,0.84,-89.2,0.0,0,,60,,1784952639000,2026-07-25T09:40:39.000+05:30,36738.33508745637,1784947326179,Default Profile,false
2026-07-25T04:10:45.000Z,12.22425,75.396635,-11.100000000000009,2.1,305.03,17.530924,31,gps,0.49,0.63,0.80,-89.2,0.0,0,,60,,1784952645000,2026-07-25T09:40:45.000+05:30,36844.31522375572,1784947326179,Default Profile,false
2026-07-25T04:10:51.000Z,12.224991666666664,75.39596666666667,-7.299999999999997,2.1,334.01,18.389996,28,gps,0.53,0.65,0.84,-89.2,0.0,0,,60,,1784952651000,2026-07-25T09:40:51.000+05:30,36954.20777419055,1784947326179,Default Profile,false
2026-07-25T04:10:56.000Z,12.225861666666667,75.395635,-18.400000000000006,2.0,336.41,21.1906,29,gps,0.50,0.64,0.82,-89.2,0.0,0,,60,,1784952656000,2026-07-25T09:40:56.000+05:30,37057.443749593236,1784947326179,Default Profile,false
2026-07-25T04:11:01.000Z,12.226670000000002,75.39523333333334,-23.0,2.2,331.93,17.77902,29,gps,0.49,0.63,0.80,-89.2,0.0,0,,60,,1784952661000,2026-07-25T09:41:01.000+05:30,37157.3648328035,1784947326179,Default Profile,false
2026-07-25T04:11:06.000Z,12.227371666666667,75.39489,-22.0,2.3,337.74,16.122644,33,gps,0.47,0.60,0.76,-89.2,0.0,0,,60,,1784952666000,2026-07-25T09:41:06.000+05:30,37243.84894815998,1784947326179,Default Profile,false
2026-07-25T04:11:12.000Z,12.227993333333332,75.394605,-11.900000000000006,2.5,334.15,8.226806,30,gps,0.48,0.60,0.77,-89.2,0.0,0,,60,,1784952672000,2026-07-25T09:41:12.000+05:30,37319.596353578236,1784947326179,Default Profile,false
2026-07-25T04:11:18.000Z,12.228026666666665,75.39456666666666,-4.299999999999997,2.3,321.97,0.0,31,gps,0.47,0.60,0.76,-89.2,0.0,0,,60,,1784952678000,2026-07-25T09:41:18.000+05:30,37325.17235040392,1784947326179,Default Profile,false
2026-07-25T04:11:24.000Z,12.228096666666666,75.39454833333333,-3.5,1.7,349.48,4.127043,31,gps,0.46,0.58,0.75,-89.2,0.0,0,,60,,1784952684000,2026-07-25T09:41:24.000+05:30,37333.206930577355,1784947326179,Default Profile,false
2026-07-25T04:11:30.000Z,12.228489999999999,75.39450833333333,-3.799999999999997,2.4,352.07,7.920031,32,gps,0.48,0.74,0.88,-89.2,0.0,0,,60,,1784952690000,2026-07-25T09:41:30.000+05:30,37377.15908403627,1784947326179,Default Profile,false
2026-07-25T04:11:36.000Z,12.229033333333332,75.39436333333333,-7.299999999999997,2.4,331.22,11.512792,31,gps,0.49,0.76,0.91,-89.2,0.0,0,,60,,1784952696000,2026-07-25T09:41:36.000+05:30,37439.59608077508,1784947326179,Default Profile,false
2026-07-25T04:11:41.000Z,12.229431666666668,75.39402166666667,-7.200000000000003,2.4,316.46,10.939906,30,gps,0.51,0.64,0.82,-89.2,0.0,0,,60,,1784952701000,2026-07-25T09:41:41.000+05:30,37497.39260048293,1784947326179,Default Profile,false
2026-07-25T04:11:47.000Z,12.229876666666666,75.39369166666667,-7.400000000000006,2.5,328.24,9.166173,27,gps,0.54,0.69,0.88,-89.2,0.0,0,,60,,1784952707000,2026-07-25T09:41:47.000+05:30,37558.503132419275,1784947326179,Default Profile,false
2026-07-25T04:11:52.000Z,12.230163333333333,75.393495,-2.4000000000000057,2.3,325.46,7.2035375,31,gps,0.48,0.78,0.92,-89.2,0.0,0,,60,,1784952712000,2026-07-25T09:41:52.000+05:30,37596.880671672465,1784947326179,Default Profile,false
2026-07-25T04:11:58.000Z,12.230391666666666,75.39331999999999,1.5,2.5,328.74,5.230607,28,gps,0.52,0.87,1.02,-89.2,0.0,0,,60,,1784952718000,2026-07-25T09:41:58.000+05:30,37628.602766291966,1784947326179,Default Profile,false
2026-07-25T04:12:04.000Z,12.230596666666667,75.39320333333333,6.3999999999999915,2.5,330.68,5.8143024,28,gps,0.56,0.92,1.07,-89.2,0.0,0,,60,,1784952724000,2026-07-25T09:42:04.000+05:30,37654.68627759364,1784947326179,Default Profile,false
2026-07-25T04:12:09.000Z,12.230856666666666,75.39306,10.599999999999994,2.5,332.08,6.238948,29,gps,0.51,0.66,0.84,-89.2,0.0,0,,60,,1784952729000,2026-07-25T09:42:09.000+05:30,37687.52596501407,1784947326179,Default Profile,false
2026-07-25T04:12:15.000Z,12.231261666666667,75.39292999999999,15.899999999999991,2.9,356.39,8.578361,21,gps,0.68,0.76,1.02,-89.2,0.0,0,,60,,1784952735000,2026-07-25T09:42:15.000+05:30,37734.72378928586,1784947326179,Default Profile,false
2026-07-25T04:12:21.000Z,12.231891666666668,75.39280833333333,19.099999999999994,3.2,341.55,10.281062,14,gps,0.84,0.90,1.23,-89.2,0.0,0,,60,,1784952741000,2026-07-25T09:42:21.000+05:30,37806.0133828022,1784947326179,Default Profile,false
2026-07-25T04:12:26.000Z,12.232125,75.39266333333333,20.39999999999999,2.8,333.72,3.8737996,20,gps,0.72,1.11,1.32,-89.2,0.0,0,,60,,1784952746000,2026-07-25T09:42:26.000+05:30,37836.368915178544,1784947326179,Default Profile,false
2026-07-25T04:12:32.000Z,12.232141666666667,75.39265,19.200000000000003,2.8,340.28,1.8957219,20,gps,0.68,0.72,0.99,-89.2,0.0,0,,60,,1784952752000,2026-07-25T09:42:32.000+05:30,37838.72135176271,1784947326179,Default Profile,false
2026-07-25T04:12:38.000Z,12.232421666666669,75.39250333333332,17.89999999999999,2.8,328.4,8.475416,17,gps,0.74,1.27,1.47,-89.2,0.0,0,,60,,1784952758000,2026-07-25T09:42:38.000+05:30,37873.698378541616,1784947326179,Default Profile,false
2026-07-25T04:12:43.000Z,12.232786666666668,75.39217166666667,16.700000000000003,3.0,304.58,11.380508,16,gps,0.70,0.77,1.04,-89.2,0.0,0,,60,,1784952763000,2026-07-25T09:42:43.000+05:30,37927.978061368376,1784947326179,Default Profile,false
2026-07-25T04:12:49.000Z,12.232936666666667,75.39150500000001,14.0,2.9,274.97,12.806289,22,gps,0.60,0.72,0.94,-89.2,0.0,0,,60,,1784952769000,2026-07-25T09:42:49.000+05:30,38002.3200765176,1784947326179,Default Profile,false
2026-07-25T04:12:55.000Z,12.232993333333331,75.39083000000001,15.700000000000003,2.9,287.66,11.606986,19,gps,0.72,1.27,1.46,-89.2,0.0,0,,60,,1784952775000,2026-07-25T09:42:55.000+05:30,38075.94256434001,1784947326179,Default Profile,false
2026-07-25T04:13:00.000Z,12.233251666666668,75.39035666666668,13.5,2.9,295.94,10.755121,17,gps,0.72,1.58,1.73,-89.2,0.0,0,,60,,1784952780000,2026-07-25T09:43:00.000+05:30,38134.85715476991,1784947326179,Default Profile,false
2026-07-25T04:13:06.000Z,12.233474999999999,75.38987999999999,22.700000000000003,3.0,294.66,9.069406,20,gps,0.65,0.76,0.99,-89.2,0.0,0,,60,,1784952786000,2026-07-25T09:43:06.000+05:30,38192.30172063751,1784947326179,Default Profile,false
2026-07-25T04:13:12.000Z,12.233669999999998,75.38958666666667,30.0,3.2,305.24,6.390791,19,gps,0.71,0.76,1.04,-89.2,0.0,0,,60,,1784952792000,2026-07-25T09:43:12.000+05:30,38230.85382151887,1784947326179,Default Profile,false
2026-07-25T04:13:18.000Z,12.233828333333333,75.389355,36.5,3.1,303.33,4.523894,18,gps,0.74,1.30,1.50,-89.2,0.0,0,,60,,1784952798000,2026-07-25T09:43:18.000+05:30,38261.57443283923,1784947326179,Default Profile,false
2026-07-25T04:13:23.000Z,12.233926666666665,75.38911166666666,44.2,3.2,306.58,5.7741537,17,gps,0.86,1.44,1.67,-89.2,0.0,0,,60,,1784952803000,2026-07-25T09:43:23.000+05:30,38290.18888987456,1784947326179,Default Profile,false
2026-07-25T04:13:29.000Z,12.234123333333333,75.38885499999999,52.60000000000001,3.2,315.09,5.819964,17,gps,0.85,1.42,1.66,-89.2,0.0,0,,60,,1784952809000,2026-07-25T09:43:29.000+05:30,38325.631545338285,1784947326179,Default Profile,false
2026-07-25T04:13:34.000Z,12.23431,75.38861833333334,55.89999999999999,3.2,314.23,6.4474106,15,gps,0.97,1.49,1.78,-89.2,0.0,0,,60,,1784952814000,2026-07-25T09:43:34.000+05:30,38358.6810206171,1784947326179,Default Profile,false
2026-07-25T04:13:39.000Z,12.234508333333334,75.38843166666668,56.3,3.3,327.97,5.5245137,19,gps,0.71,0.77,1.05,-89.2,0.0,0,,60,,1784952819000,2026-07-25T09:43:39.000+05:30,38388.64507433145,1784947326179,Default Profile,false
2026-07-25T04:13:45.000Z,12.234773333333331,75.38816,59.2,3.5,307.96,6.900881,14,gps,0.90,0.83,1.22,-89.2,0.0,0,,60,,1784952825000,2026-07-25T09:43:45.000+05:30,38430.35627937152,1784947326179,Default Profile,false
2026-07-25T04:13:50.000Z,12.234945000000002,75.38789,61.8,3.3,317.2,5.93835,16,gps,0.79,1.24,1.47,-89.2,0.0,0,,60,,1784952830000,2026-07-25T09:43:50.000+05:30,38465.35982005862,1784947326179,Default Profile,false
2026-07-25T04:13:55.000Z,12.235151666666665,75.38763999999999,59.7,2.5,324.76,5.9635715,23,gps,0.58,0.70,0.91,-89.2,0.0,0,,60,,1784952835000,2026-07-25T09:43:55.000+05:30,38500.94291943032,1784947326179,Default Profile,false
2026-07-25T04:14:01.000Z,12.235428333333335,75.38744333333334,60.7,2.5,331.44,5.6845922,23,gps,0.58,0.70,0.91,-89.2,0.0,0,,60,,1784952841000,2026-07-25T09:44:01.000+05:30,38538.401763687754,1784947326179,Default Profile,false
2026-07-25T04:14:06.000Z,12.235674999999999,75.387315,62.39999999999999,2.6,328.09,6.047986,24,gps,0.56,0.67,0.88,-89.2,0.0,0,,60,,1784952846000,2026-07-25T09:44:06.000+05:30,38569.171665555354,1784947326179,Default Profile,false
2026-07-25T04:14:12.000Z,12.235945,75.38718833333334,65.2,2.4,335.39,5.8482738,24,gps,0.56,0.69,0.89,-89.2,0.0,0,,60,,1784952852000,2026-07-25T09:44:12.000+05:30,38602.199325549554,1784947326179,Default Profile,false
2026-07-25T04:14:18.000Z,12.236256666666668,75.38704166666666,65.99999999999999,2.5,331.09,6.259022,28,gps,0.52,0.65,0.83,-89.2,0.0,0,,60,,1784952858000,2026-07-25T09:44:18.000+05:30,38640.34436686861,1784947326179,Default Profile,false
2026-07-25T04:14:23.000Z,12.236511666666669,75.38691,64.2,2.5,334.03,5.7267995,28,gps,0.52,0.65,0.83,-89.2,0.0,0,,60,,1784952863000,2026-07-25T09:44:23.000+05:30,38672.10455742085,1784947326179,Default Profile,false
2026-07-25T04:14:29.000Z,12.236733333333332,75.38672666666666,63.60000000000001,2.5,315.69,5.807096,26,gps,0.54,0.67,0.87,-89.2,0.0,0,,60,,1784952869000,2026-07-25T09:44:29.000+05:30,38703.797515579616,1784947326179,Default Profile,false
2026-07-25T04:14:35.000Z,12.236989999999999,75.38644666666667,70.8,2.8,307.72,5.2970066,21,gps,0.62,0.72,0.95,-89.2,0.0,0,,60,,1784952875000,2026-07-25T09:44:35.000+05:30,38745.514987779505,1784947326179,Default Profile,false
2026-07-25T04:14:41.000Z,12.237070000000001,75.3859,73.7,2.5,269.71,12.39554,25,gps,0.58,0.67,0.89,-89.2,0.0,0,,60,,1784952881000,2026-07-25T09:44:41.000+05:30,38805.58276062888,1784947326179,Default Profile,false
2026-07-25T04:14:47.000Z,12.236936666666669,75.38495666666667,64.49999999999999,2.1,263.15,17.051203,26,gps,0.55,0.68,0.87,-89.2,0.0,0,,58,,1784952887000,2026-07-25T09:44:47.000+05:30,38909.15995381474,1784947326179,Default Profile,false
2026-07-25T04:14:52.000Z,12.236995000000002,75.38415,66.89999999999999,2.3,278.91,17.54688,27,gps,0.53,0.68,0.86,-89.2,0.0,0,,58,,1784952892000,2026-07-25T09:44:52.000+05:30,38997.058867744614,1784947326179,Default Profile,false
2026-07-25T04:14:57.000Z,12.237033333333333,75.38338166666668,59.3,2.4,268.07,11.368155,26,gps,0.55,0.70,0.89,-89.2,0.0,0,,58,,1784952897000,2026-07-25T09:44:57.000+05:30,39080.661219509675,1784947326179,Default Profile,false
2026-07-25T04:15:03.000Z,12.237063333333333,75.383225,57.3,2.2,272.53,0.0,27,gps,0.52,0.69,0.87,-89.2,0.0,0,,58,,1784952903000,2026-07-25T09:45:03.000+05:30,39098.00968392384,1784947326179,Default Profile,false
2026-07-25T04:15:09.000Z,12.237065,75.38322666666666,57.39999999999999,1.0,272.53,0.0,28,gps,0.50,0.67,0.84,-89.2,0.0,0,,58,,1784952909000,2026-07-25T09:45:09.000+05:30,39098.26881252207,1784947326179,Default Profile,false
2026-07-25T04:15:15.000Z,12.237091666666666,75.38314166666667,57.60000000000001,2.0,281.32,3.8846085,30,gps,0.47,0.84,0.96,-89.2,0.0,0,,58,,1784952915000,2026-07-25T09:45:15.000+05:30,39107.969906551174,1784947326179,Default Profile,false
2026-07-25T04:15:20.000Z,12.237138333333332,75.38296,59.7,2.0,299.69,5.0782495,30,gps,0.47,0.84,0.96,-89.2,0.0,0,,58,,1784952920000,2026-07-25T09:45:20.000+05:30,39128.38193586835,1784947326179,Default Profile,false
2026-07-25T04:15:26.000Z,12.237486666666666,75.38279333333334,64.7,2.5,346.68,9.87649,28,gps,0.49,0.66,0.83,-89.2,0.0,0,,58,,1784952926000,2026-07-25T09:45:26.000+05:30,39171.14009398942,1784947326179,Default Profile,false
2026-07-25T04:15:31.000Z,12.238073333333334,75.38262833333333,65.10000000000001,2.4,345.52,14.997461,26,gps,0.54,0.66,0.85,-89.2,0.0,0,,58,,1784952931000,2026-07-25T09:45:31.000+05:30,39238.793734893676,1784947326179,Default Profile,false
2026-07-25T04:15:37.000Z,12.238921666666666,75.382375,63.099999999999994,2.5,338.29,16.374859,20,gps,0.72,0.72,1.02,-89.1,0.0,0,,58,,1784952937000,2026-07-25T09:45:37.000+05:30,39337.059059012805,1784947326179,Default Profile,false
2026-07-25T04:15:42.000Z,12.239596666666667,75.38195666666667,51.900000000000006,2.7,322.84,17.18812,19,gps,0.79,0.82,1.14,-89.1,0.0,0,,58,,1784952942000,2026-07-25T09:45:42.000+05:30,39424.808897531795,1784947326179,Default Profile,false
2026-07-25T04:15:48.000Z,12.240421666666668,75.38144666666668,23.900000000000006,2.6,327.11,17.276651,16,gps,0.84,0.82,1.17,-89.1,0.0,0,,58,,1784952948000,2026-07-25T09:45:48.000+05:30,39531.98571047946,1784947326179,Default Profile,false
2026-07-25T04:15:53.000Z,12.241135000000002,75.38110499999999,10.0,2.9,350.21,19.15127,19,gps,0.79,0.80,1.12,-89.1,0.0,0,,58,,1784952953000,2026-07-25T09:45:53.000+05:30,39619.56418995179,1784947326179,Default Profile,false
2026-07-25T04:15:59.000Z,12.242109999999998,75.38102166666665,12.300000000000011,2.4,352.98,16.75781,21,gps,0.59,0.74,0.95,-89.1,0.0,0,,58,,1784952959000,2026-07-25T09:45:59.000+05:30,39728.35677605449,1784947326179,Default Profile,false
2026-07-25T04:16:04.000Z,12.24272,75.38075333333333,16.5,2.5,312.53,12.663197,22,gps,0.60,0.75,0.96,-89.1,0.0,0,,58,,1784952964000,2026-07-25T09:46:04.000+05:30,39802.18762923395,1784947326179,Default Profile,false
2026-07-25T04:16:10.000Z,12.24303,75.38024,26.60000000000001,2.6,305.55,10.184809,23,gps,0.62,1.07,1.23,-89.1,0.0,0,,58,,1784952970000,2026-07-25T09:46:10.000+05:30,39867.76073915763,1784947326179,Default Profile,false
2026-07-25T04:16:16.000Z,12.243491666666667,75.37983166666666,30.60000000000001,2.9,329.58,12.559222,19,gps,0.66,0.80,1.04,-89.1,0.0,0,,58,,1784952976000,2026-07-25T09:46:16.000+05:30,39935.61461302531,1784947326179,Default Profile,false
2026-07-25T04:16:22.000Z,12.244288333333335,75.37951,30.30000000000001,2.8,335.31,16.404713,17,gps,0.72,0.85,1.11,-89.1,0.0,0,,58,,1784952982000,2026-07-25T09:46:22.000+05:30,40030.846668301696,1784947326179,Default Profile,false
2026-07-25T04:16:27.000Z,12.244921666666668,75.37916166666668,23.60000000000001,2.9,328.14,14.798779,16,gps,0.81,1.87,2.03,-89.1,0.0,0,,58,,1784952987000,2026-07-25T09:46:27.000+05:30,40110.79802312492,1784947326179,Default Profile,false
2026-07-25T04:16:32.000Z,12.245406666666668,75.37856333333335,18.5,2.9,306.99,17.262754,17,gps,0.71,0.88,1.13,-89.1,0.0,0,,58,,1784952992000,2026-07-25T09:46:32.000+05:30,40195.27128360821,1784947326179,Default Profile,false
2026-07-25T04:16:38.000Z,12.245771666666666,75.37774166666667,7.5,2.9,289.13,14.351999,18,gps,0.66,0.82,1.05,-89.1,0.0,0,,58,,1784952998000,2026-07-25T09:46:38.000+05:30,40293.34927224267,1784947326179,Default Profile,false
2026-07-25T04:16:44.000Z,12.245918333333334,75.37710833333334,2.1000000000000085,2.9,292.4,10.104512,16,gps,0.85,0.82,1.18,-89.1,0.0,0,,58,,1784953004000,2026-07-25T09:46:44.000+05:30,40364.076283696144,1784947326179,Default Profile,false
2026-07-25T04:16:49.000Z,12.246453333333333,75.37678833333332,-0.29999999999999716,3.0,326.64,14.115743,16,gps,0.88,1.51,1.75,-89.1,0.0,0,,58,,1784953009000,2026-07-25T09:46:49.000+05:30,40432.982860451055,1784947326179,Default Profile,false
2026-07-25T04:16:55.000Z,12.247181666666666,75.37635666666667,-4.3999999999999915,2.8,326.04,15.196144,19,gps,0.81,1.23,1.47,-89.1,0.0,0,,58,,1784953015000,2026-07-25T09:46:55.000+05:30,40526.57313491408,1784947326179,Default Profile,false
2026-07-25T04:17:01.000Z,12.247791666666668,75.37607666666666,-7.0,2.9,358.43,10.162676,19,gps,0.70,0.77,1.04,-89.1,0.0,0,,58,,1784953021000,2026-07-25T09:47:01.000+05:30,40600.913568023905,1784947326179,Default Profile,false
2026-07-25T04:17:07.000Z,12.248211666666668,75.37591333333333,-8.199999999999989,2.8,315.65,9.4065485,20,gps,0.63,1.25,1.40,-89.1,0.0,0,,58,,1784953027000,2026-07-25T09:47:07.000+05:30,40650.87427231143,1784947326179,Default Profile,false
2026-07-25T04:17:13.000Z,12.24862,75.37548166666667,-7.0,2.8,319.45,11.918393,21,gps,0.64,1.24,1.39,-89.1,0.0,0,,58,,1784953033000,2026-07-25T09:47:13.000+05:30,40716.15673943099,1784947326179,Default Profile,false
2026-07-25T04:17:18.000Z,12.24909,75.37503,-8.599999999999994,2.6,317.23,14.733409,21,gps,0.62,0.76,0.99,-89.1,0.0,0,,58,,1784953038000,2026-07-25T09:47:18.000+05:30,40787.85120590311,1784947326179,Default Profile,false
2026-07-25T04:17:23.000Z,12.249713333333334,75.37457833333333,-18.0,2.2,323.37,16.375887,25,gps,0.53,0.68,0.86,-89.1,0.0,0,,58,,1784953043000,2026-07-25T09:47:23.000+05:30,40872.779968469054,1784947326179,Default Profile,false
2026-07-25T04:17:29.000Z,12.250373333333334,75.37387,-15.799999999999997,2.8,316.22,18.455366,22,gps,0.60,0.70,0.92,-89.1,0.0,0,,58,,1784953049000,2026-07-25T09:47:29.000+05:30,40979.12953736667,1784947326179,Default Profile,false
2026-07-25T04:17:35.000Z,12.251091666666666,75.37312166666668,-13.099999999999994,2.6,308.26,19.265024,22,gps,0.57,0.72,0.92,-89.1,0.0,0,,58,,1784953055000,2026-07-25T09:47:35.000+05:30,41093.11337437868,1784947326179,Default Profile,false
2026-07-25T04:17:41.000Z,12.251880000000002,75.37232666666667,-17.5,2.5,319.89,19.658787,22,gps,0.59,0.71,0.92,-89.1,0.0,0,,58,,1784953061000,2026-07-25T09:47:41.000+05:30,41216.18532786995,1784947326179,Default Profile,false
2026-07-25T04:17:47.000Z,12.252626666666666,75.37172166666666,-23.299999999999997,2.5,333.06,16.30537,22,gps,0.59,0.71,0.92,-89.1,0.0,0,,58,,1784953067000,2026-07-25T09:47:47.000+05:30,41322.08656855253,1784947326179,Default Profile,false
2026-07-25T04:17:52.000Z,12.253226666666668,75.37170166666667,-32.49999999999999,2.5,22.89,13.057473,19,gps,0.64,0.74,0.98,-89.1,0.0,0,,58,,1784953072000,2026-07-25T09:47:52.000+05:30,41388.83891070388,1784947326179,Default Profile,false
2026-07-25T04:17:58.000Z,12.253596666666665,75.37220833333335,-30.299999999999997,2.8,43.07,11.101529,20,gps,0.63,0.78,1.01,-89.1,0.0,0,,58,,1784953078000,2026-07-25T09:47:58.000+05:30,41457.568511977486,1784947326179,Default Profile,false
2026-07-25T04:18:03.000Z,12.253931666666665,75.37257166666667,-25.299999999999997,2.9,46.15,10.304224,20,gps,0.64,0.78,1.01,-89.1,0.0,0,,58,,1784953083000,2026-07-25T09:48:03.000+05:30,41511.848205536,1784947326179,Default Profile,false
2026-07-25T04:18:09.000Z,12.254366666666666,75.372835,-20.69999999999999,2.4,32.05,9.260882,22,gps,0.55,0.72,0.91,-89.1,0.0,0,,58,,1784953089000,2026-07-25T09:48:09.000+05:30,41568.04792101597,1784947326179,Default Profile,false
2026-07-25T04:18:14.000Z,12.254688333333336,75.37313333333333,-15.199999999999989,2.4,51.99,10.395844,27,gps,0.50,0.84,0.98,-89.1,0.0,0,,58,,1784953094000,2026-07-25T09:48:14.000+05:30,41616.3201548613,1784947326179,Default Profile,false
2026-07-25T04:18:20.000Z,12.254960000000002,75.37351,-11.5,2.3,50.08,5.8194494,28,gps,0.50,0.86,1.00,-89.1,0.0,0,,58,,1784953100000,2026-07-25T09:48:20.000+05:30,41667.18965888046,1784947326179,Default Profile,false
2026-07-25T04:18:26.000Z,12.255036666666667,75.37359666666666,-8.299999999999997,2.1,28.02,0.0,28,gps,0.49,0.65,0.82,-89.1,0.0,0,,58,,1784953106000,2026-07-25T09:48:26.000+05:30,41679.892418406256,1784947326179,Default Profile,false
2026-07-25T04:18:31.000Z,12.255035000000001,75.373595,-8.0,1.2,28.02,0.0,29,gps,0.48,0.64,0.80,-89.1,0.0,0,,58,,1784953111000,2026-07-25T09:48:31.000+05:30,41680.151538386795,1784947326179,Default Profile,false
2026-07-25T04:18:37.000Z,12.255220000000001,75.37338500000001,-5.799999999999997,2.2,286.12,7.596785,25,gps,0.49,0.92,1.05,-89.1,0.0,0,,58,,1784953117000,2026-07-25T09:48:37.000+05:30,41710.87395592825,1784947326179,Default Profile,false
2026-07-25T04:18:42.000Z,12.255374999999999,75.37289000000001,-7.699999999999989,2.6,285.43,12.526794,24,gps,0.52,0.93,1.06,-89.1,0.0,0,,58,,1784953122000,2026-07-25T09:48:42.000+05:30,41767.355039221584,1784947326179,Default Profile,false
2026-07-25T04:18:48.000Z,12.255688333333334,75.37207833333333,-15.199999999999989,2.1,295.26,17.392464,24,gps,0.52,0.70,0.87,-89.1,0.0,0,,58,,1784953128000,2026-07-25T09:48:48.000+05:30,41862.18386229763,1784947326179,Default Profile,false
2026-07-25T04:18:54.000Z,12.256163333333332,75.37112166666667,-24.69999999999999,2.3,297.42,19.838425,25,gps,0.53,0.69,0.87,-89.1,0.0,0,,58,,1784953134000,2026-07-25T09:48:54.000+05:30,41978.7845943549,1784947326179,Default Profile,false
2026-07-25T04:18:59.000Z,12.256641666666667,75.37035999999999,-25.39999999999999,2.4,301.17,18.805891,23,gps,0.54,0.74,0.92,-89.1,0.0,0,,58,,1784953139000,2026-07-25T09:48:59.000+05:30,42077.1650646384,1784947326179,Default Profile,false
2026-07-25T04:19:05.000Z,12.256846666666668,75.36936166666666,-19.69999999999999,2.5,270.58,18.489336,25,gps,0.53,0.71,0.89,-89.1,0.0,0,,58,,1784953145000,2026-07-25T09:49:05.000+05:30,42188.013432446474,1784947326179,Default Profile,false
2026-07-25T04:19:10.000Z,12.256795,75.36851166666666,-24.099999999999994,2.5,267.31,18.707064,24,gps,0.56,0.72,0.91,-89.1,0.0,0,,58,,1784953150000,2026-07-25T09:49:10.000+05:30,42280.55321986838,1784947326179,Default Profile,false
2026-07-25T04:19:16.000Z,12.256728333333335,75.36755333333333,-15.5,2.5,273.16,15.2934265,21,gps,0.61,0.76,0.97,-89.1,0.0,0,,58,,1784953156000,2026-07-25T09:49:16.000+05:30,42384.949585391056,1784947326179,Default Profile,false
2026-07-25T04:19:21.000Z,12.257045000000002,75.36699666666667,-15.5,2.5,317.93,14.903267,22,gps,0.55,0.74,0.92,-89.1,0.0,0,,58,,1784953161000,2026-07-25T09:49:21.000+05:30,42454.9396688058,1784947326179,Default Profile,false
2026-07-25T04:19:26.000Z,12.257728333333334,75.36656333333333,-19.0,2.6,335.84,18.272123,24,gps,0.53,0.71,0.89,-89.1,0.0,0,,58,,1784953166000,2026-07-25T09:49:26.000+05:30,42544.32950091295,1784947326179,Default Profile,false
2026-07-25T04:19:31.000Z,12.258424999999999,75.366375,-19.0,2.6,337.07,13.200566,23,gps,0.55,0.72,0.91,-89.1,0.0,0,,58,,1784953171000,2026-07-25T09:49:31.000+05:30,42624.4527568491,1784947326179,Default Profile,false
2026-07-25T04:19:36.000Z,12.258898333333331,75.365955,-23.299999999999997,2.5,323.63,14.812676,24,gps,0.55,0.69,0.88,-89.1,0.0,0,,58,,1784953176000,2026-07-25T09:49:36.000+05:30,42694.115465767725,1784947326179,Default Profile,false
2026-07-25T04:19:42.000Z,12.259658333333334,75.36564166666668,-27.699999999999996,2.4,349.7,15.258426,26,gps,0.52,0.69,0.87,-89.1,0.0,0,,58,,1784953182000,2026-07-25T09:49:42.000+05:30,42785.22417286323,1784947326179,Default Profile,false
2026-07-25T04:19:48.000Z,12.26048,75.36543333333334,-25.999999999999993,2.5,330.11,15.782413,23,gps,0.58,0.73,0.93,-89.1,0.0,0,,58,,1784953188000,2026-07-25T09:49:48.000+05:30,42879.35195959985,1784947326179,Default Profile,false
2026-07-25T04:19:54.000Z,12.261141666666667,75.36485833333333,-20.099999999999994,2.5,317.44,13.9906645,27,gps,0.52,0.67,0.85,-89.1,0.0,0,,58,,1784953194000,2026-07-25T09:49:54.000+05:30,42975.8751362808,1784947326179,Default Profile,false
2026-07-25T04:20:00.000Z,12.261646666666666,75.36441166666667,-15.799999999999997,2.5,322.17,9.779722,29,gps,0.49,0.64,0.81,-89.1,0.0,0,,58,,1784953200000,2026-07-25T09:50:00.000+05:30,43050.09621199034,1784947326179,Default Profile,false
2026-07-25T04:20:06.000Z,12.262026666666667,75.36410500000001,-9.099999999999994,2.7,321.81,8.108933,23,gps,0.55,0.71,0.90,-89.1,0.0,0,,58,,1784953206000,2026-07-25T09:50:06.000+05:30,43103.9084177604,1784947326179,Default Profile,false
2026-07-25T04:20:12.000Z,12.262426666666666,75.36380666666668,-8.199999999999989,2.5,329.39,10.176573,27,gps,0.50,0.90,1.03,-89.1,0.0,0,,58,,1784953212000,2026-07-25T09:50:12.000+05:30,43158.94575607185,1784947326179,Default Profile,false
2026-07-25T04:20:18.000Z,12.263136666666666,75.36354166666666,-13.599999999999994,2.4,345.37,16.001684,27,gps,0.49,0.64,0.81,-89.1,0.0,0,,58,,1784953218000,2026-07-25T09:50:18.000+05:30,43242.98124485162,1784947326179,Default Profile,false
2026-07-25T04:20:23.000Z,12.263975,75.36338333333333,-23.0,2.5,347.78,20.457634,20,gps,0.60,0.72,0.94,-89.1,0.0,0,,58,,1784953223000,2026-07-25T09:50:23.000+05:30,43337.77393508867,1784947326179,Default Profile,false
2026-07-25T04:20:29.000Z,12.265033333333333,75.36319666666667,-26.099999999999994,2.4,347.57,19.071487,21,gps,0.58,0.73,0.93,-89.1,0.0,0,,58,,1784953229000,2026-07-25T09:50:29.000+05:30,43457.190326284144,1784947326179,Default Profile,false
2026-07-25T04:20:35.000Z,12.266043333333334,75.36297166666667,-27.099999999999994,2.5,346.89,18.564486,22,gps,0.56,0.71,0.90,-89.1,0.0,0,,58,,1784953235000,2026-07-25T09:50:35.000+05:30,43572.12738580523,1784947326179,Default Profile,false
2026-07-25T04:20:41.000Z,12.26692,75.36280333333335,-27.9,2.5,351.86,15.811752,26,gps,0.52,0.68,0.86,-89.0,0.0,0,,58,,1784953241000,2026-07-25T09:50:41.000+05:30,43671.30936470079,1784947326179,Default Profile,false
2026-07-25T04:20:47.000Z,12.267758333333331,75.36275,-21.599999999999994,2.5,357.8,15.335119,26,gps,0.53,0.67,0.86,-89.0,0.0,0,,58,,1784953247000,2026-07-25T09:50:47.000+05:30,43764.70772916351,1784947326179,Default Profile,false
2026-07-25T04:20:53.000Z,12.268490000000002,75.362725,-14.799999999999997,2.6,354.58,12.0197935,28,gps,0.51,0.66,0.83,-89.0,0.0,0,,58,,1784953253000,2026-07-25T09:50:53.000+05:30,43846.11068569928,1784947326179,Default Profile,false
2026-07-25T04:20:59.000Z,12.268928333333333,75.36266833333335,-17.400000000000006,2.4,352.23,4.1419697,29,gps,0.50,0.65,0.82,-89.0,0.0,0,,58,,1784953259000,2026-07-25T09:50:59.000+05:30,43895.23849000044,1784947326179,Default Profile,false
2026-07-25T04:21:04.000Z,12.268968333333332,75.36266333333333,-20.5,2.4,358.42,0.0,29,gps,0.50,0.65,0.82,-89.0,0.0,0,,58,,1784953264000,2026-07-25T09:51:04.000+05:30,43899.71934352095,1784947326179,Default Profile,false
2026-07-25T04:21:09.000Z,12.268968333333332,75.36266333333333,-20.5,2.3,358.42,0.0,30,gps,0.48,0.63,0.79,-89.0,0.0,0,,58,,1784953269000,2026-07-25T09:51:09.000+05:30,43899.71934352095,1784947326179,Default Profile,false
2026-07-25T04:21:15.000Z,12.268968333333332,75.36266333333333,-20.5,1.6,358.42,0.0,29,gps,0.49,0.65,0.81,-89.0,0.0,0,,58,,1784953275000,2026-07-25T09:51:15.000+05:30,43899.71934352095,1784947326179,Default Profile,false
2026-07-25T04:21:21.000Z,12.269174999999999,75.36265,-19.099999999999994,2.2,350.39,5.7525353,30,gps,0.47,0.62,0.78,-89.0,0.0,0,,58,,1784953281000,2026-07-25T09:51:21.000+05:30,43922.74524915969,1784947326179,Default Profile,false
2026-07-25T04:21:27.000Z,12.269673333333333,75.36261333333333,-19.400000000000006,2.5,3.66,10.255325,31,gps,0.47,0.75,0.88,-89.0,0.0,0,,58,,1784953287000,2026-07-25T09:51:27.000+05:30,43978.30042457754,1784947326179,Default Profile,false
2026-07-25T04:21:33.000Z,12.270398333333333,75.36266333333333,-23.400000000000006,2.7,5.28,12.820187,28,gps,0.50,0.65,0.82,-89.0,0.0,0,,58,,1784953293000,2026-07-25T09:51:33.000+05:30,44059.09959569347,1784947326179,Default Profile,false
2026-07-25T04:21:39.000Z,12.271135,75.36277166666667,-24.400000000000006,2.2,3.16,10.93167,25,gps,0.55,0.67,0.87,-89.0,0.0,0,,58,,1784953299000,2026-07-25T09:51:39.000+05:30,44141.85460520652,1784947326179,Default Profile,false
2026-07-25T04:21:45.000Z,12.27173166666667,75.36256833333333,-28.0,2.6,342.35,12.461425,27,gps,0.50,0.87,1.00,-89.0,0.0,0,,58,,1784953305000,2026-07-25T09:51:45.000+05:30,44211.78267454729,1784947326179,Default Profile,false
2026-07-25T04:21:51.000Z,12.272295000000002,75.36241833333334,-25.200000000000003,2.8,347.47,8.669981,23,gps,0.55,0.95,1.10,-89.0,0.0,0,,58,,1784953311000,2026-07-25T09:51:51.000+05:30,44276.508048474134,1784947326179,Default Profile,false
2026-07-25T04:21:57.000Z,12.272529999999998,75.362355,-27.4,2.4,341.02,1.7093925,27,gps,0.50,0.81,0.96,-89.0,0.0,0,,58,,1784953317000,2026-07-25T09:51:57.000+05:30,44303.52976144246,1784947326179,Default Profile,false
2026-07-25T04:22:02.000Z,12.272571666666666,75.36233333333332,-31.700000000000003,2.2,5.37,2.4289742,29,gps,0.48,0.63,0.79,-89.0,0.0,0,,58,,1784953322000,2026-07-25T09:52:02.000+05:30,44308.72667588408,1784947326179,Default Profile,false
2026-07-25T04:22:08.000Z,12.272671666666668,75.36242166666666,-32.1,2.0,41.39,0.0,31,gps,0.46,0.60,0.76,-89.0,0.0,0,,58,,1784953328000,2026-07-25T09:52:08.000+05:30,44323.41544700027,1784947326179,Default Profile,false
2026-07-25T04:22:14.000Z,12.272671666666668,75.362425,-32.0,1.0,41.39,0.0,29,gps,0.48,0.61,0.78,-89.0,0.0,0,,58,,1784953334000,2026-07-25T09:52:14.000+05:30,44323.77762632431,1784947326179,Default Profile,false
2026-07-25T04:22:19.000Z,12.272671666666668,75.362425,-32.0,1.3,41.39,0.0,31,gps,0.47,0.59,0.75,-89.0,0.0,0,,58,,1784953339000,2026-07-25T09:52:19.000+05:30,44323.77762632431,1784947326179,Default Profile,false
2026-07-25T04:22:25.000Z,12.272718333333334,75.36249333333333,-32.4,1.7,52.63,4.6891193,30,gps,0.48,0.63,0.79,-89.0,0.0,0,,58,,1784953345000,2026-07-25T09:52:25.000+05:30,44332.83591143488,1784947326179,Default Profile,false
2026-07-25T04:22:31.000Z,12.273051666666667,75.36278,-34.5,2.4,42.7,9.541406,29,gps,0.49,0.78,0.92,-89.0,0.0,0,,58,,1784953351000,2026-07-25T09:52:31.000+05:30,44381.25050351595,1784947326179,Default Profile,false
2026-07-25T04:22:37.000Z,12.273536666666667,75.36322833333334,-35.4,2.3,44.32,11.791257,29,gps,0.49,0.82,0.96,-89.0,0.0,0,,58,,1784953357000,2026-07-25T09:52:37.000+05:30,44453.92341434119,1784947326179,Default Profile,false
2026-07-25T04:22:42.000Z,12.273941666666667,75.36364333333333,-36.0,2.4,47.06,12.313185,31,gps,0.48,0.77,0.91,-89.0,0.0,0,,58,,1784953362000,2026-07-25T09:52:42.000+05:30,44517.65148826112,1784947326179,Default Profile,false
2026-07-25T04:22:48.000Z,12.274333333333335,75.36406333333333,-33.8,2.4,47.41,7.575167,30,gps,0.48,0.62,0.79,-89.0,0.0,0,,58,,1784953368000,2026-07-25T09:52:48.000+05:30,44580.7324903034,1784947326179,Default Profile,false
2026-07-25T04:22:53.000Z,12.274431666666665,75.36422999999999,-37.8,2.2,26.06,1.6429933,29,gps,0.50,0.81,0.95,-89.0,0.0,0,,58,,1784953373000,2026-07-25T09:52:53.000+05:30,44601.88636513512,1784947326179,Default Profile,false
2026-07-25T04:22:59.000Z,12.274545,75.36412999999999,-40.5,2.2,296.09,3.7564428,27,gps,0.50,0.67,0.84,-89.0,0.0,0,,58,,1784953379000,2026-07-25T09:52:59.000+05:30,44618.525702931045,1784947326179,Default Profile,false
2026-07-25T04:23:04.000Z,12.274623333333333,75.363955,-42.8,2.2,278.38,2.4521368,21,gps,0.58,0.98,1.14,-89.0,0.0,0,,58,,1784953384000,2026-07-25T09:53:04.000+05:30,44639.4400878716,1784947326179,Default Profile,false
2026-07-25T04:23:10.000Z,12.274628333333332,75.36384500000001,-44.7,2.0,231.92,1.9230022,28,gps,0.50,0.88,1.02,-89.0,0.0,0,,58,,1784953390000,2026-07-25T09:53:10.000+05:30,44651.404841273186,1784947326179,Default Profile,false
2026-07-25T04:23:15.000Z,12.27461,75.36379666666667,-45.1,1.9,235.97,1.0752547,31,gps,0.46,0.62,0.77,-89.0,0.0,0,,58,,1784953395000,2026-07-25T09:53:15.000+05:30,44657.038195444955,1784947326179,Default Profile,false
2026-07-25T04:23:21.000Z,12.274583333333332,75.36375166666667,-46.3,1.7,235.97,0.0,29,gps,0.47,0.65,0.80,-89.0,0.0,0,,58,,1784953401000,2026-07-25T09:53:21.000+05:30,44662.75645447806,1784947326179,Default Profile,false
2026-07-25T04:23:27.000Z,12.274583333333332,75.36375166666667,-46.3,1.8,235.97,0.0,29,gps,0.47,0.65,0.81,-89.0,0.0,0,,58,,1784953407000,2026-07-25T09:53:27.000+05:30,44662.75645447806,1784947326179,Default Profile,false
2026-07-25T04:23:32.000Z,12.274534999999998,75.36383000000001,-48.1,1.8,235.97,0.0,28,gps,0.49,0.66,0.82,-89.0,0.0,0,,58,,1784953412000,2026-07-25T09:53:32.000+05:30,44672.822443405676,1784947326179,Default Profile,false
2026-07-25T04:23:37.000Z,12.274534999999998,75.36383000000001,-48.1,1.9,235.97,0.0,25,gps,0.55,0.68,0.88,-89.0,0.0,0,,58,,1784953417000,2026-07-25T09:53:37.000+05:30,44672.822443405676,1784947326179,Default Profile,false
2026-07-25T04:23:42.000Z,12.274534999999998,75.36383000000001,-48.1,2.0,235.97,0.0,23,gps,0.62,0.70,0.94,-89.0,0.0,0,,58,,1784953422000,2026-07-25T09:53:42.000+05:30,44672.822443405676,1784947326179,Default Profile,false
2026-07-25T04:23:47.000Z,12.274534999999998,75.36383000000001,-48.1,2.0,235.97,0.0,24,gps,0.63,0.73,0.97,-89.0,0.0,0,,58,,1784953427000,2026-07-25T09:53:47.000+05:30,44672.822443405676,1784947326179,Default Profile,false
2026-07-25T04:23:53.000Z,12.274534999999998,75.36383000000001,-48.1,1.1,235.97,0.0,24,gps,0.59,0.70,0.92,-89.0,0.0,0,,58,,1784953433000,2026-07-25T09:53:53.000+05:30,44672.822443405676,1784947326179,Default Profile,false
2026-07-25T04:23:58.000Z,12.274534999999998,75.36383000000001,-48.1,1.0,235.97,0.0,23,gps,0.60,0.70,0.93,-89.0,0.0,0,,58,,1784953438000,2026-07-25T09:53:58.000+05:30,44672.822443405676,1784947326179,Default Profile,false
2026-07-25T04:24:05.000Z,12.274534999999998,75.36383000000001,-48.1,1.0,235.97,0.0,23,gps,0.63,0.72,0.96,-89.0,0.0,0,,58,,1784953445000,2026-07-25T09:54:05.000+05:30,44672.822443405676,1784947326179,Default Profile,false
2026-07-25T04:34:06.000Z,12.274473333333333,75.36384166666667,-36.8,7.2,0.0,0.0,11,gps,0.96,0.91,1.32,-89.0,,,,57,,1784954046000,2026-07-25T10:04:06.000+05:30,0.0,1784954036131,Default Profile,false
2026-07-25T04:34:12.000Z,12.274481666666668,75.36386,-39.8,2.2,103.24,0.13537194,23,gps,0.62,0.74,0.97,-89.0,,,,57,,1784954052000,2026-07-25T10:04:12.000+05:30,2.196949629894933,1784954036131,Default Profile,false
2026-07-25T04:34:17.000Z,12.274508333333332,75.36384666666666,-46.8,2.1,293.95,0.3268486,18,gps,0.75,0.82,1.11,-89.0,,,,57,,1784954057000,2026-07-25T10:04:17.000+05:30,5.497124197448381,1784954036131,Default Profile,false
2026-07-25T04:34:23.000Z,12.274503333333334,75.36385,-45.4,1.9,113.99,0.08544389,21,gps,0.65,0.77,1.01,-89.0,,,,57,,1784954063000,2026-07-25T10:04:23.000+05:30,6.160660050463289,1784954036131,Default Profile,false
2026-07-25T04:34:29.000Z,12.274495000000002,75.36385666666666,-45.3,1.9,180.98,0.082870275,22,gps,0.64,0.75,0.99,-89.0,,,,57,,1784954069000,2026-07-25T10:04:29.000+05:30,7.336806692906229,1784954036131,Default Profile,false
2026-07-25T04:34:35.000Z,12.274498333333334,75.36385666666666,-44.9,2.0,79.53,0.0,23,gps,0.64,0.73,0.97,-89.0,,,,57,,1784954075000,2026-07-25T10:04:35.000+05:30,7.707456448242379,1784954036131,Default Profile,false
2026-07-25T04:34:40.000Z,12.274489999999998,75.36384833333334,-44.5,2.0,279.12,0.0,24,gps,0.62,0.73,0.96,-89.0,,,,57,,1784954080000,2026-07-25T10:04:40.000+05:30,9.003009631128325,1784954036131,Default Profile,false
2026-07-25T04:35:07.677Z,12.274476666666665,75.36385833333334,-43.8,2.5,301.94,0.15853444,8,gps,1.32,0.94,1.62,-89.0,,,,56,,1784954107677,2026-07-25T10:05:07.677+05:30,0.0,1784954105228,Default Profile,false
2026-07-25T04:35:13.000Z,12.274545,75.36386,-43.6,2.9,359.0,1.3398219,14,gps,0.90,0.90,1.27,-89.0,,,,56,,1784954113000,2026-07-25T10:05:13.000+05:30,7.60047759292937,1784954105228,Default Profile,false
2026-07-25T04:35:18.000Z,12.274541666666668,75.36388666666667,-43.1,2.7,354.86,0.9676778,19,gps,0.73,0.84,1.12,-89.0,,,,56,,1784954118000,2026-07-25T10:05:18.000+05:30,10.521502945044299,1784954105228,Default Profile,false
2026-07-25T04:35:24.000Z,12.274516666666667,75.36391,-43.3,2.2,344.71,0.0972825,19,gps,0.67,0.83,1.06,-89.0,,,,56,,1784954124000,2026-07-25T10:05:24.000+05:30,14.283832463657445,1784954105228,Default Profile,false
2026-07-25T04:35:30.000Z,12.274505,75.36387166666667,-43.2,2.0,274.8,0.20228583,18,gps,0.75,0.89,1.16,-89.0,,,,56,,1784954130000,2026-07-25T10:05:30.000+05:30,18.646219563519793,1784954105228,Default Profile,false
2026-07-25T04:35:36.000Z,12.274506666666666,75.36385333333332,-43.0,2.0,31.44,0.30677444,19,gps,0.71,0.88,1.13,-89.0,,,,56,,1784954136000,2026-07-25T10:05:36.000+05:30,20.646794326116726,1784954105228,Default Profile,false
2026-07-25T04:35:42.000Z,12.274516666666667,75.36383500000001,-42.9,1.9,321.87,0.0,19,gps,0.71,0.82,1.09,-89.0,,,,56,,1784954142000,2026-07-25T10:05:42.000+05:30,22.928106460363406,1784954105228,Default Profile,false
2026-07-25T04:35:47.000Z,12.274516666666667,75.36383500000001,-42.9,2.1,321.87,0.0,22,gps,0.68,0.78,1.04,-89.0,,,,56,,1784954147000,2026-07-25T10:05:47.000+05:30,22.928106460363406,1784954105228,Default Profile,false
2026-07-25T04:35:53.000Z,12.274516666666667,75.36382166666667,-42.9,2.1,317.16,0.0,21,gps,0.72,0.79,1.06,-89.0,,,,56,,1784954153000,2026-07-25T10:05:53.000+05:30,24.37681360603652,1784954105228,Default Profile,false
2026-07-25T04:35:58.000Z,12.27455,75.36377666666667,-43.6,1.9,293.12,0.7617889,25,gps,0.57,0.73,0.92,-89.0,,,,56,,1784954158000,2026-07-25T10:05:58.000+05:30,30.51230238463635,1784954105228,Default Profile,false
2026-07-25T04:36:04.000Z,12.274555000000001,75.36366333333334,-42.7,2.1,243.64,1.5930653,25,gps,0.56,0.73,0.92,-89.0,,,,56,,1784954164000,2026-07-25T10:06:04.000+05:30,42.83885611140444,1784954105228,Default Profile,false
2026-07-25T04:36:10.000Z,12.274480000000002,75.36357500000001,-41.1,2.2,214.47,1.9755039,25,gps,0.55,0.98,1.13,-89.0,,,,56,,1784954170000,2026-07-25T10:06:10.000+05:30,55.55360372735224,1784954105228,Default Profile,false
2026-07-25T04:36:15.000Z,12.274378333333335,75.36355333333333,-41.1,2.2,173.55,2.2097025,24,gps,0.56,0.70,0.89,-89.0,,,,56,,1784954175000,2026-07-25T10:06:15.000+05:30,67.10093767889795,1784954105228,Default Profile,false
2026-07-25T04:36:20.000Z,12.274298333333336,75.36357333333333,-40.3,3.2,149.87,2.0434473,31,gps,0.45,0.60,0.75,-89.0,,,,56,,1784954180000,2026-07-25T10:06:20.000+05:30,76.25810941637141,1784954105228,Default Profile,false
2026-07-25T04:36:26.000Z,12.274176666666666,75.36366,-41.2,2.3,150.24,1.7304962,30,gps,0.47,0.63,0.79,-89.0,,,,56,,1784954186000,2026-07-25T10:06:26.000+05:30,92.74139292304284,1784954105228,Default Profile,false
2026-07-25T04:36:32.000Z,12.274071666666668,75.36370333333333,-42.5,2.1,184.19,1.7835125,30,gps,0.46,0.62,0.77,-89.0,,,,56,,1784954192000,2026-07-25T10:06:32.000+05:30,105.33046258002113,1784954105228,Default Profile,false
2026-07-25T04:36:38.000Z,12.273928333333334,75.363635,-46.8,2.2,214.25,2.553537,30,gps,0.46,0.62,0.77,-89.0,,,,56,,1784954198000,2026-07-25T10:06:38.000+05:30,122.91293039944891,1784954105228,Default Profile,false
2026-07-25T04:36:44.000Z,12.273748333333334,75.363445,-50.3,2.6,224.81,4.0091715,29,gps,0.49,0.85,0.98,-89.0,,,,56,,1784954204000,2026-07-25T10:06:44.000+05:30,151.6667788785489,1784954105228,Default Profile,false
2026-07-25T04:36:50.000Z,12.273528333333335,75.36322,-53.1,2.4,221.84,5.2280335,30,gps,0.47,0.64,0.79,-89.0,,,,56,,1784954210000,2026-07-25T10:06:50.000+05:30,186.25130156957823,1784954105228,Default Profile,false
2026-07-25T04:36:56.000Z,12.273233333333334,75.36296166666666,-52.5,2.1,219.91,7.0084577,32,gps,0.46,0.63,0.78,-89.0,,,,56,,1784954216000,2026-07-25T10:06:56.000+05:30,229.42378116482118,1784954105228,Default Profile,false
2026-07-25T04:37:02.000Z,12.272971666666669,75.36271,-53.3,2.2,222.99,6.232257,31,gps,0.49,0.88,1.00,-89.0,,,,56,,1784954222000,2026-07-25T10:07:02.000+05:30,269.35245402182704,1784954105228,Default Profile,false
2026-07-25T04:37:07.000Z,12.272803333333332,75.36253166666667,-51.5,2.2,230.27,4.791549,26,gps,0.54,0.70,0.88,-89.0,,,,56,,1784954227000,2026-07-25T10:07:07.000+05:30,296.2932833063297,1784954105228,Default Profile,false
2026-07-25T04:37:13.000Z,12.272691666666667,75.36234666666665,-48.7,2.1,230.55,2.7630289,27,gps,0.54,0.93,1.07,-89.0,,,,56,,1784954233000,2026-07-25T10:07:13.000+05:30,319.92005106534725,1784954105228,Default Profile,false
2026-07-25T04:37:19.000Z,12.272601666666667,75.36229166666666,-45.9,2.1,173.12,2.8325164,29,gps,0.50,0.68,0.85,-89.0,,,,56,,1784954239000,2026-07-25T10:07:19.000+05:30,331.57608021941314,1784954105228,Default Profile,false
2026-07-25T04:37:25.000Z,12.272458333333335,75.36237333333334,-44.5,2.1,131.67,2.7223659,29,gps,0.49,0.64,0.81,-89.0,,,,56,,1784954245000,2026-07-25T10:07:25.000+05:30,349.8176566481735,1784954105228,Default Profile,false
2026-07-25T04:37:31.000Z,12.272319999999999,75.36243833333333,-38.5,2.2,160.09,3.0996573,30,gps,0.50,0.68,0.84,-89.0,,,,56,,1784954251000,2026-07-25T10:07:31.000+05:30,366.74348929701523,1784954105228,Default Profile,false
2026-07-25T04:37:37.000Z,12.272088333333333,75.36246333333334,-34.4,1.8,164.78,3.292678,34,gps,0.45,0.73,0.86,-89.0,,,,56,,1784954257000,2026-07-25T10:07:37.000+05:30,392.6464678215548,1784954105228,Default Profile,false
2026-07-25T04:37:43.000Z,12.271978333333333,75.36247833333333,-37.6,1.7,167.62,0.0,32,gps,0.47,0.65,0.80,-89.0,,,,56,,1784954263000,2026-07-25T10:07:43.000+05:30,404.98601624484104,1784954105228,Default Profile,false
2026-07-25T04:37:49.000Z,12.271978333333333,75.36247833333333,-37.6,1.0,167.62,0.0,28,gps,0.49,0.68,0.84,-89.0,,,,56,,1784954269000,2026-07-25T10:07:49.000+05:30,404.98601624484104,1784954105228,Default Profile,false
2026-07-25T04:37:55.000Z,12.271978333333333,75.36247833333333,-37.6,1.0,167.62,0.0,31,gps,0.48,0.66,0.81,-89.0,,,,56,,1784954275000,2026-07-25T10:07:55.000+05:30,404.98601624484104,1784954105228,Default Profile,false
2026-07-25T04:38:01.000Z,12.271978333333333,75.36247833333333,-37.6,1.0,167.62,0.0,28,gps,0.51,0.67,0.84,-89.0,,,,56,,1784954281000,2026-07-25T10:08:01.000+05:30,404.98601624484104,1784954105228,Default Profile,false
2026-07-25T04:38:07.000Z,12.271978333333333,75.36247833333333,-37.6,1.0,167.62,0.0,31,gps,0.47,0.66,0.82,-89.0,,,,56,,1784954287000,2026-07-25T10:08:07.000+05:30,404.98601624484104,1784954105228,Default Profile,false
2026-07-25T04:38:13.000Z,12.271978333333333,75.36247833333333,-37.6,1.0,167.62,0.0,29,gps,0.49,0.67,0.83,-89.0,,,,56,,1784954293000,2026-07-25T10:08:13.000+05:30,404.98601624484104,1784954105228,Default Profile,false
2026-07-25T04:38:18.000Z,12.271978333333333,75.36247833333333,-37.6,1.0,167.62,0.0,27,gps,0.51,0.70,0.87,-89.0,,,,56,,1784954298000,2026-07-25T10:08:18.000+05:30,404.98601624484104,1784954105228,Default Profile,false
2026-07-25T04:38:24.000Z,12.271978333333333,75.36247833333333,-37.6,1.0,167.62,0.0,31,gps,0.48,0.65,0.81,-89.0,,,,56,,1784954304000,2026-07-25T10:08:24.000+05:30,404.98601624484104,1784954105228,Default Profile,false
2026-07-25T04:38:30.000Z,12.271978333333333,75.36247833333333,-37.6,1.0,167.62,0.0,28,gps,0.50,0.67,0.84,-89.0,,,,56,,1784954310000,2026-07-25T10:08:30.000+05:30,404.98601624484104,1784954105228,Default Profile,false
2026-07-25T04:38:36.000Z,12.271978333333333,75.36247833333333,-37.6,1.0,167.62,0.0,23,gps,0.61,0.71,0.94,-89.0,,,,56,,1784954316000,2026-07-25T10:08:36.000+05:30,404.98601624484104,1784954105228,Default Profile,false
2026-07-25T04:38:42.000Z,12.271978333333333,75.36247833333333,-37.6,1.0,167.62,0.0,25,gps,0.55,0.69,0.89,-89.0,,,,56,,1784954322000,2026-07-25T10:08:42.000+05:30,404.98601624484104,1784954105228,Default Profile,false
2026-07-25T04:38:47.000Z,12.271978333333333,75.36247833333333,-37.6,1.0,167.62,0.0,31,gps,0.48,0.65,0.81,-89.0,,,,56,,1784954327000,2026-07-25T10:08:47.000+05:30,404.98601624484104,1784954105228,Default Profile,false
2026-07-25T04:38:53.000Z,12.271978333333333,75.36247833333333,-37.6,1.0,167.62,0.0,32,gps,0.45,0.61,0.75,-89.0,,,,56,,1784954333000,2026-07-25T10:08:53.000+05:30,404.98601624484104,1784954105228,Default Profile,false
2026-07-25T04:38:59.000Z,12.271978333333333,75.36247833333333,-37.6,1.0,167.62,0.0,35,gps,0.42,0.56,0.70,-89.0,,,,56,,1784954339000,2026-07-25T10:08:59.000+05:30,404.98601624484104,1784954105228,Default Profile,false
2026-07-25T04:39:05.000Z,12.271978333333333,75.36247833333333,-37.6,1.0,167.62,0.0,35,gps,0.42,0.56,0.70,-89.0,,,,56,,1784954345000,2026-07-25T10:09:05.000+05:30,404.98601624484104,1784954105228,Default Profile,false
2026-07-25T04:39:11.000Z,12.271978333333333,75.36247833333333,-37.6,1.0,167.62,0.0,33,gps,0.44,0.59,0.74,-89.0,,,,56,,1784954351000,2026-07-25T10:09:11.000+05:30,404.98601624484104,1784954105228,Default Profile,false
2026-07-25T04:39:17.000Z,12.271978333333333,75.36247833333333,-37.6,1.0,167.62,0.0,34,gps,0.45,0.59,0.74,-89.0,,,,56,,1784954357000,2026-07-25T10:09:17.000+05:30,404.98601624484104,1784954105228,Default Profile,false
2026-07-25T04:39:23.000Z,12.271978333333333,75.36247833333333,-37.6,1.6,167.62,0.0,20,gps,0.62,0.77,0.99,-89.0,,,,56,,1784954363000,2026-07-25T10:09:23.000+05:30,404.98601624484104,1784954105228,Default Profile,false
2026-07-25T04:39:29.000Z,12.271978333333333,75.36247833333333,-37.6,1.1,167.62,0.0,20,gps,0.62,0.76,0.98,-89.0,,,,56,,1784954369000,2026-07-25T10:09:29.000+05:30,404.98601624484104,1784954105228,Default Profile,false
2026-07-25T04:39:35.000Z,12.271978333333333,75.36247833333333,-37.6,1.1,167.62,0.0,24,gps,0.56,0.76,0.94,-89.0,,,,56,,1784954375000,2026-07-25T10:09:35.000+05:30,404.98601624484104,1784954105228,Default Profile,false
2026-07-25T04:39:41.000Z,12.271978333333333,75.36247833333333,-37.6,1.0,167.62,0.0,26,gps,0.52,0.72,0.89,-89.0,,,,56,,1784954381000,2026-07-25T10:09:41.000+05:30,404.98601624484104,1784954105228,Default Profile,false
2026-07-25T04:39:47.000Z,12.271978333333333,75.36247833333333,-37.6,1.9,167.62,0.0,24,gps,0.55,0.75,0.93,-89.0,,,,56,,1784954387000,2026-07-25T10:09:47.000+05:30,404.98601624484104,1784954105228,Default Profile,false
2026-07-25T04:39:53.000Z,12.271905,75.36244833333333,-36.0,2.0,174.34,1.7701297,30,gps,0.48,0.65,0.81,-89.0,,,,56,,1784954393000,2026-07-25T10:09:53.000+05:30,413.76768251596206,1784954105228,Default Profile,false
2026-07-25T04:39:59.000Z,12.271736666666667,75.36249500000001,-34.4,1.9,162.35,2.6564815,33,gps,0.44,0.59,0.73,-89.0,,,,56,,1784954399000,2026-07-25T10:09:59.000+05:30,433.1601231460224,1784954105228,Default Profile,false
2026-07-25T04:40:05.000Z,12.271543333333334,75.36257666666667,-27.6,1.9,146.63,4.808535,33,gps,0.44,0.73,0.85,-89.0,,,,56,,1784954405000,2026-07-25T10:10:05.000+05:30,456.4171268901703,1784954105228,Default Profile,false
2026-07-25T04:40:11.000Z,12.271261666666666,75.36272833333334,-26.200000000000003,1.8,169.29,5.2779617,31,gps,0.45,0.74,0.87,-89.0,,,,56,,1784954411000,2026-07-25T10:10:11.000+05:30,491.80782783276584,1784954105228,Default Profile,false
2026-07-25T04:40:17.000Z,12.270895,75.36271333333335,-26.700000000000003,1.8,188.2,7.6837735,32,gps,0.45,0.74,0.86,-89.0,,,,56,,1784954417000,2026-07-25T10:10:17.000+05:30,532.6118634399314,1784954105228,Default Profile,false
2026-07-25T04:40:23.000Z,12.270393333333335,75.36265166666666,-26.200000000000003,2.3,186.53,8.682335,31,gps,0.48,0.63,0.79,-89.0,,,,56,,1784954423000,2026-07-25T10:10:23.000+05:30,588.7956191426593,1784954105228,Default Profile,false
2026-07-25T04:40:28.000Z,12.270021666666667,75.36260833333334,-26.4,2.0,186.78,8.885135,28,gps,0.50,0.65,0.82,-89.0,,,,56,,1784954428000,2026-07-25T10:10:28.000+05:30,630.3904112912645,1784954105228,Default Profile,false
2026-07-25T04:40:34.000Z,12.269505,75.36253833333333,-24.099999999999994,2.1,178.78,9.930536,26,gps,0.53,0.71,0.88,-89.0,,,,56,,1784954434000,2026-07-25T10:10:34.000+05:30,688.3424023823421,1784954105228,Default Profile,false
2026-07-25T04:40:40.000Z,12.268988333333334,75.36262333333335,-28.9,2.2,171.22,9.147129,30,gps,0.49,0.83,0.96,-89.0,,,,56,,1784954440000,2026-07-25T10:10:40.000+05:30,746.5307374915371,1784954105228,Default Profile,false
2026-07-25T04:40:46.000Z,12.268529999999998,75.36267166666667,-29.1,2.1,172.84,8.246365,32,gps,0.44,0.76,0.87,-89.0,,,,55,,1784954446000,2026-07-25T10:10:46.000+05:30,797.7649469221531,1784954105228,Default Profile,false
2026-07-25T04:40:52.000Z,12.268106666666664,75.36271666666667,-27.9,2.1,179.32,7.977165,33,gps,0.44,0.73,0.85,-89.0,,,,55,,1784954452000,2026-07-25T10:10:52.000+05:30,845.0907249557714,1784954105228,Default Profile,false
2026-07-25T04:40:58.000Z,12.267566666666669,75.36271833333333,-29.200000000000003,1.9,179.46,10.364447,31,gps,0.44,0.61,0.75,-89.0,,,,55,,1784954458000,2026-07-25T10:10:58.000+05:30,905.1362584256292,1784954105228,Default Profile,false
2026-07-25T04:41:04.000Z,12.266933333333334,75.36277833333334,-29.6,2.3,171.51,12.102149,28,gps,0.51,0.94,1.08,-89.0,,,,55,,1784954464000,2026-07-25T10:11:04.000+05:30,975.8608290462414,1784954105228,Default Profile,false
2026-07-25T04:41:10.000Z,12.266276666666666,75.36289333333335,-30.699999999999996,2.2,170.61,11.964718,32,gps,0.46,0.82,0.94,-89.1,,,,55,,1784954470000,2026-07-25T10:11:10.000+05:30,1049.9402828212696,1784954105228,Default Profile,false
2026-07-25T04:41:16.000Z,12.265693333333335,75.36298666666667,-29.999999999999993,2.3,169.67,9.446697,25,gps,0.56,0.69,0.89,-89.1,,,,55,,1784954476000,2026-07-25T10:11:16.000+05:30,1115.591985322333,1784954105228,Default Profile,false
2026-07-25T04:41:22.000Z,12.265438333333334,75.36301166666667,-31.39999999999999,2.0,175.65,4.0235834,29,gps,0.48,0.63,0.79,-89.1,,,,55,,1784954482000,2026-07-25T10:11:22.000+05:30,1144.0765126453646,1784954105228,Default Profile,false
2026-07-25T04:41:28.000Z,12.265150000000002,75.36308000000001,-29.699999999999996,2.2,163.13,6.6296225,31,gps,0.45,0.61,0.76,-89.1,,,,55,,1784954488000,2026-07-25T10:11:28.000+05:30,1176.986233021057,1784954105228,Default Profile,false
2026-07-25T04:41:34.000Z,12.264636666666668,75.36317833333332,-26.199999999999996,2.4,165.61,10.048922,26,gps,0.51,0.91,1.04,-89.1,,,,55,,1784954494000,2026-07-25T10:11:34.000+05:30,1235.057691684167,1784954105228,Default Profile,false
2026-07-25T04:41:40.000Z,12.264076666666664,75.36329333333333,-26.499999999999993,2.3,168.6,9.772516,26,gps,0.54,0.90,1.05,-89.1,,,,55,,1784954500000,2026-07-25T10:11:40.000+05:30,1298.5682238594989,1784954105228,Default Profile,false
2026-07-25T04:41:45.000Z,12.263688333333334,75.36337833333333,-24.099999999999994,2.6,164.56,8.391517,21,gps,0.65,0.79,1.03,-89.1,,,,55,,1784954505000,2026-07-25T10:11:45.000+05:30,1342.725602020455,1784954105228,Default Profile,false
2026-07-25T04:41:50.000Z,12.26336,75.36346,-20.39999999999999,2.5,169.16,6.807716,20,gps,0.67,1.35,1.51,-89.1,,,,55,,1784954510000,2026-07-25T10:11:50.000+05:30,1380.2975293853187,1784954105228,Default Profile,false
2026-07-25T04:41:55.000Z,12.263108333333332,75.36349,-14.399999999999991,2.4,169.0,5.1652374,19,gps,0.68,0.79,1.05,-89.1,,,,55,,1784954515000,2026-07-25T10:11:55.000+05:30,1408.4708015484734,1784954105228,Default Profile,false
2026-07-25T04:42:00.000Z,12.262876666666667,75.36358333333332,-12.199999999999989,2.0,167.29,5.7211375,23,gps,0.58,1.13,1.27,-89.1,,,,55,,1784954520000,2026-07-25T10:12:00.000+05:30,1436.1553388260445,1784954105228,Default Profile,false
2026-07-25T04:42:05.000Z,12.26262,75.36368,-8.5,1.9,157.37,5.7515063,28,gps,0.49,0.63,0.80,-89.1,,,,55,,1784954525000,2026-07-25T10:12:05.000+05:30,1466.5668318346486,1784954105228,Default Profile,false
2026-07-25T04:42:11.000Z,12.262388333333336,75.363795,-9.699999999999989,1.9,143.06,1.5220336,30,gps,0.46,0.59,0.75,-89.1,,,,55,,1784954531000,2026-07-25T10:12:11.000+05:30,1495.1977151525068,1784954105228,Default Profile,false
2026-07-25T04:42:17.000Z,12.262348333333334,75.36380833333332,-8.0,1.8,142.35,3.0523028,34,gps,0.44,0.59,0.73,-89.1,,,,55,,1784954537000,2026-07-25T10:12:17.000+05:30,1499.8755185552382,1784954105228,Default Profile,false
2026-07-25T04:42:23.000Z,12.262108333333334,75.36396166666667,-5.599999999999994,2.0,144.35,7.080004,30,gps,0.50,0.63,0.80,-89.1,,,,55,,1784954543000,2026-07-25T10:12:23.000+05:30,1531.3361328129845,1784954105228,Default Profile,false
2026-07-25T04:42:29.000Z,12.261658333333333,75.364325,-7.8999999999999915,1.8,139.52,13.133653,31,gps,0.48,0.74,0.88,-89.1,,,,55,,1784954549000,2026-07-25T10:12:29.000+05:30,1595.0729149560493,1784954105228,Default Profile,false
2026-07-25T04:42:35.000Z,12.261041666666666,75.36490333333333,-22.69999999999999,2.1,136.85,15.864254,30,gps,0.50,0.67,0.84,-89.1,,,,55,,1784954555000,2026-07-25T10:12:35.000+05:30,1688.0828106424917,1784954105228,Default Profile,false
2026-07-25T04:42:41.000Z,12.260391666666665,75.36543333333334,-28.89999999999999,2.2,154.04,14.025151,27,gps,0.54,0.71,0.89,-89.1,,,,55,,1784954561000,2026-07-25T10:12:41.000+05:30,1780.49725224574,1784954105228,Default Profile,false
2026-07-25T04:42:47.000Z,12.259834999999999,75.36559666666668,-30.799999999999997,2.3,156.82,6.8566146,28,gps,0.51,0.69,0.86,-89.1,,,,55,,1784954567000,2026-07-25T10:12:47.000+05:30,1844.8898286781582,1784954105228,Default Profile,false
2026-07-25T04:42:53.000Z,12.259793333333334,75.36561,-31.799999999999997,1.9,145.84,0.0,29,gps,0.48,0.64,0.80,-89.1,,,,55,,1784954573000,2026-07-25T10:12:53.000+05:30,1849.744188115315,1784954105228,Default Profile,false
2026-07-25T04:42:59.000Z,12.259789999999999,75.36561,-31.39999999999999,1.1,184.28,2.3419862,31,gps,0.47,0.63,0.78,-89.1,,,,55,,1784954579000,2026-07-25T10:12:59.000+05:30,1850.1148378710461,1784954105228,Default Profile,false
2026-07-25T04:43:04.000Z,12.259576666666666,75.36563333333334,-33.099999999999994,1.9,169.65,5.092147,31,gps,0.47,0.63,0.78,-89.1,,,,55,,1784954584000,2026-07-25T10:13:04.000+05:30,1873.971529112064,1784954105228,Default Profile,false
2026-07-25T04:43:10.000Z,12.259191666666668,75.36570166666667,-30.699999999999996,2.9,171.66,6.055707,21,gps,0.59,0.78,0.97,-89.1,,,,55,,1784954590000,2026-07-25T10:13:10.000+05:30,1917.4207118234297,1784954105228,Default Profile,false
2026-07-25T04:43:16.000Z,12.258725,75.36592166666667,-29.89999999999999,4.2,156.14,9.007124,9,gps,1.60,0.97,1.87,-89.1,,,,55,,1784954596000,2026-07-25T10:13:16.000+05:30,1974.553234445518,1784954105228,Default Profile,false
2026-07-25T04:43:21.000Z,12.258279999999997,75.3663,-28.699999999999996,5.0,145.9,11.962659,7,gps,1.25,0.96,1.57,-89.1,,,,55,,1784954601000,2026-07-25T10:13:21.000+05:30,2038.8839349490454,1784954105228,Default Profile,false
2026-07-25T04:43:27.000Z,12.257545,75.36685000000001,-28.099999999999994,5.4,146.29,15.649099,5,gps,2.78,0.99,2.95,-89.1,,,,55,,1784954607000,2026-07-25T10:13:27.000+05:30,2140.1317433436006,1784954105228,Default Profile,false
2026-07-25T04:48:27.000Z,12.24277,75.380535,29.5,5.3,113.11,6.6656528,7,gps,1.12,0.94,1.47,-89.1,,,,54,,1784954907000,2026-07-25T10:18:27.000+05:30,4356.089133014419,1784954105228,Default Profile,false
2026-07-25T04:48:33.000Z,12.242445000000002,75.38089833333333,21.30000000000001,3.0,152.16,10.992408,13,gps,0.85,0.85,1.20,-89.1,,,,54,,1784954913000,2026-07-25T10:18:33.000+05:30,4409.613075866759,1784954105228,Default Profile,false
2026-07-25T04:48:39.000Z,12.241571666666667,75.38107,10.600000000000009,2.9,173.01,17.596294,16,gps,0.91,1.54,1.79,-89.1,,,,54,,1784954919000,2026-07-25T10:18:39.000+05:30,4508.498791272291,1784954105228,Default Profile,false
2026-07-25T04:48:44.000Z,12.240816666666667,75.38114999999999,15.300000000000011,2.4,164.32,15.780354,17,gps,0.73,0.84,1.11,-89.1,,,,54,,1784954924000,2026-07-25T10:18:44.000+05:30,4592.899863338216,1784954105228,Default Profile,false
2026-07-25T04:48:49.000Z,12.240278333333332,75.381385,21.10000000000001,2.6,148.15,10.685119,17,gps,0.82,0.89,1.21,-89.1,,,,54,,1784954929000,2026-07-25T10:18:49.000+05:30,4657.979334825694,1784954105228,Default Profile,false
2026-07-25T04:48:54.000Z,12.239915,75.38159333333333,18.700000000000003,2.9,146.43,8.99683,19,gps,0.71,0.86,1.11,-89.1,,,,54,,1784954934000,2026-07-25T10:18:54.000+05:30,4704.290791438416,1784954105228,Default Profile,false
2026-07-25T04:49:00.000Z,12.239685000000001,75.38175333333334,17.30000000000001,2.9,139.96,5.182738,19,gps,0.71,0.86,1.11,-89.1,,,,54,,1784954940000,2026-07-25T10:19:00.000+05:30,4735.216056374616,1784954105228,Default Profile,false
2026-07-25T04:49:05.000Z,12.239493333333334,75.381895,18.900000000000006,3.1,146.3,4.6613245,19,gps,0.72,0.84,1.11,-89.1,,,,54,,1784954945000,2026-07-25T10:19:05.000+05:30,4761.5069095776125,1784954105228,Default Profile,false
2026-07-25T04:49:11.000Z,12.239251666666666,75.38211500000001,24.60000000000001,2.7,139.15,5.295462,20,gps,0.66,0.81,1.05,-89.1,,,,54,,1784954951000,2026-07-25T10:19:11.000+05:30,4797.474225145703,1784954105228,Default Profile,false
2026-07-25T04:49:17.000Z,12.239013333333332,75.38228666666667,36.0,2.2,142.19,5.525028,23,gps,0.61,0.77,0.98,-89.1,,,,54,,1784954957000,2026-07-25T10:19:17.000+05:30,4829.882890914286,1784954105228,Default Profile,false
2026-07-25T04:49:23.000Z,12.238846666666666,75.382335,41.900000000000006,2.2,169.82,1.9816805,23,gps,0.60,0.79,0.99,-89.1,,,,54,,1784954963000,2026-07-25T10:19:23.000+05:30,4849.145275625224,1784954105228,Default Profile,false
2026-07-25T04:49:29.000Z,12.23872,75.38238,47.0,2.2,153.37,1.7217458,20,gps,0.66,1.40,1.54,-89.1,,,,54,,1784954969000,2026-07-25T10:19:29.000+05:30,4864.054705278588,1784954105228,Default Profile,false
2026-07-25T04:49:35.000Z,12.238574999999999,75.38244333333334,48.099999999999994,3.4,156.17,2.8495023,18,gps,0.82,0.84,1.18,-89.1,,,,54,,1784954975000,2026-07-25T10:19:35.000+05:30,4881.5854108107615,1784954105228,Default Profile,false
2026-07-25T04:49:40.000Z,12.238433333333335,75.3825,49.5,3.2,168.29,3.4975376,16,gps,0.90,0.86,1.24,-89.1,,,,54,,1784954980000,2026-07-25T10:19:40.000+05:30,4898.498835532355,1784954105228,Default Profile,false
2026-07-25T04:49:45.000Z,12.238288333333333,75.38254333333333,49.80000000000001,3.1,175.74,4.4168315,16,gps,0.90,0.86,1.24,-89.1,,,,54,,1784954985000,2026-07-25T10:19:45.000+05:30,4915.295674656974,1784954105228,Default Profile,false
2026-07-25T04:49:51.000Z,12.238064999999999,75.38256666666666,47.2,3.2,173.45,3.6679106,14,gps,1.07,2.37,2.60,-89.2,,,,54,,1784954991000,2026-07-25T10:19:51.000+05:30,4940.258318598517,1784954105228,Default Profile,false
2026-07-25T04:49:56.000Z,12.237866666666665,75.38260666666666,47.10000000000001,3.2,162.9,5.3448753,15,gps,0.99,2.17,2.39,-89.2,,,,54,,1784954996000,2026-07-25T10:19:56.000+05:30,4962.736262161218,1784954105228,Default Profile,false
2026-07-25T04:50:02.000Z,12.237586666666667,75.38269833333334,47.7,3.2,162.65,6.1972556,16,gps,0.91,2.13,2.32,-89.2,,,,54,,1784955002000,2026-07-25T10:20:02.000+05:30,4995.425535010387,1784954105228,Default Profile,false
2026-07-25T04:50:08.000Z,12.23729,75.38278666666666,47.999999999999986,3.2,159.77,5.857024,17,gps,0.82,0.89,1.21,-89.2,,,,54,,1784955008000,2026-07-25T10:20:08.000+05:30,5029.78158642129,1784954105228,Default Profile,false
2026-07-25T04:50:14.000Z,12.237113333333332,75.3829,49.499999999999986,3.0,128.8,2.2899992,17,gps,0.76,2.03,2.17,-89.2,,,,54,,1784955014000,2026-07-25T10:20:14.000+05:30,5052.967394103151,1784954105228,Default Profile,false
2026-07-25T04:50:20.000Z,12.237101666666668,75.38291833333332,57.999999999999986,2.0,128.8,0.0,24,gps,0.57,0.74,0.94,-89.2,,,,54,,1784955020000,2026-07-25T10:20:20.000+05:30,5055.344787560489,1784954105228,Default Profile,false
2026-07-25T04:50:25.000Z,12.237081666666665,75.38296,60.8,1.9,116.64,2.829428,24,gps,0.56,0.74,0.93,-89.2,,,,54,,1784955025000,2026-07-25T10:20:25.000+05:30,5060.389306428972,1784954105228,Default Profile,false
2026-07-25T04:50:31.000Z,12.237060000000001,75.38326,63.8,3.1,87.0,6.3120384,16,gps,0.70,0.82,1.07,-89.2,,,,54,,1784955031000,2026-07-25T10:20:31.000+05:30,5093.078746339124,1784954105228,Default Profile,false
2026-07-25T04:50:37.000Z,12.236989999999999,75.38395333333332,66.8,3.4,95.44,11.605442,12,gps,1.03,0.90,1.37,-89.2,,,,54,,1784955037000,2026-07-25T10:20:37.000+05:30,5168.823219090889,1784954105228,Default Profile,false
2026-07-25T04:50:43.000Z,12.23689,75.384795,68.89999999999999,3.6,91.82,13.996326,11,gps,0.99,0.94,1.37,-89.2,,,,54,,1784955043000,2026-07-25T10:20:43.000+05:30,5260.959328818977,1784954105228,Default Profile,false
2026-07-25T04:50:49.000Z,12.237065,75.38556166666667,71.99999999999999,3.0,81.7,13.123358,17,gps,0.68,0.85,1.09,-89.2,,,,54,,1784955049000,2026-07-25T10:20:49.000+05:30,5346.514180091738,1784954105228,Default Profile,false
2026-07-25T04:50:55.000Z,12.23705,75.38611333333333,78.89999999999999,3.0,96.41,8.148053,14,gps,0.76,0.87,1.16,-89.2,,,,54,,1784955055000,2026-07-25T10:20:55.000+05:30,5406.486149926717,1784954105228,Default Profile,false
2026-07-25T04:51:01.000Z,12.236989999999999,75.386365,85.60000000000001,2.8,113.83,3.177895,17,gps,0.82,0.91,1.22,-89.2,,,,54,,1784955061000,2026-07-25T10:21:01.000+05:30,5434.6364159550885,1784954105228,Default Profile,false
2026-07-25T04:51:06.000Z,12.236961666666666,75.386365,86.7,2.6,107.68,0.11684194,19,gps,0.67,0.81,1.05,-89.2,,,,54,,1784955066000,2026-07-25T10:21:06.000+05:30,5437.786938876631,1784954105228,Default Profile,false
2026-07-25T04:51:12.000Z,12.236963333333332,75.38631666666667,90.99999999999999,2.5,272.52,0.0,18,gps,0.74,0.88,1.14,-89.2,,,,54,,1784955072000,2026-07-25T10:21:12.000+05:30,5443.04251856944,1784954105228,Default Profile,false
2026-07-25T04:51:17.000Z,12.236931666666665,75.38643499999999,93.2,2.7,115.5,4.656177,17,gps,0.76,0.88,1.16,-89.2,,,,54,,1784955077000,2026-07-25T10:21:17.000+05:30,5456.3750089471405,1784954105228,Default Profile,false
2026-07-25T04:51:22.000Z,12.236748333333333,75.38667000000001,92.99999999999999,3.1,126.97,6.95853,16,gps,0.73,0.86,1.13,-89.2,,,,54,,1784955082000,2026-07-25T10:21:22.000+05:30,5489.051029076553,1784954105228,Default Profile,false
2026-07-25T04:51:28.000Z,12.23614,75.38699666666666,89.39999999999999,3.5,155.81,14.781278,15,gps,0.88,0.91,1.26,-89.2,,,,54,,1784955088000,2026-07-25T10:21:28.000+05:30,5565.443396609538,1784954105228,Default Profile,false
2026-07-25T04:51:33.000Z,12.235479999999999,75.38730333333334,86.2,3.3,152.5,14.978931,16,gps,0.74,0.87,1.14,-89.2,,,,54,,1784955093000,2026-07-25T10:21:33.000+05:30,5646.044017462357,1784954105228,Default Profile,false
2026-07-25T04:51:39.000Z,12.23477,75.38796833333335,72.7,2.9,137.24,16.609056,23,gps,0.57,0.77,0.96,-89.2,,,,54,,1784955099000,2026-07-25T10:21:39.000+05:30,5753.072464093948,1784954105228,Default Profile,false
2026-07-25T04:51:45.000Z,12.234164999999999,75.388645,62.2,2.7,125.34,17.081057,22,gps,0.58,0.80,0.98,-89.2,,,,54,,1784955105000,2026-07-25T10:21:45.000+05:30,5852.735680712104,1784954105228,Default Profile,false
2026-07-25T04:51:51.000Z,12.233695,75.38938666666667,46.499999999999986,2.5,118.89,15.957418,18,gps,0.68,0.81,1.06,-89.2,,,,54,,1784955111000,2026-07-25T10:21:51.000+05:30,5948.793528100394,1784954105228,Default Profile,false
2026-07-25T04:51:57.000Z,12.233298333333334,75.39010166666667,39.999999999999986,2.7,117.49,13.700361,21,gps,0.64,0.77,1.00,-89.2,,,,54,,1784955117000,2026-07-25T10:21:57.000+05:30,6038.138872775237,1784954105228,Default Profile,false
2026-07-25T04:52:03.000Z,12.232938333333333,75.39079,5.0,2.3,116.57,13.879485,21,gps,0.67,0.77,1.02,-89.2,,,,54,,1784955123000,2026-07-25T10:22:03.000+05:30,6122.977784153255,1784954105228,Default Profile,false
2026-07-25T04:52:08.000Z,12.23288,75.39139333333333,12.0,2.7,90.17,13.605138,16,gps,0.82,0.86,1.19,-89.2,,,,54,,1784955128000,2026-07-25T10:22:08.000+05:30,6188.862194005197,1784954105228,Default Profile,false
2026-07-25T04:52:14.000Z,12.232776666666666,75.39218833333332,30.099999999999994,2.6,111.66,12.960191,19,gps,0.64,0.82,1.04,-89.2,,,,54,,1784955134000,2026-07-25T10:22:14.000+05:30,6276.015747063095,1784954105228,Default Profile,false
2026-07-25T04:52:20.000Z,12.232494999999998,75.39246166666666,31.099999999999994,2.9,128.69,4.682943,19,gps,0.78,1.61,1.79,-89.2,,,,54,,1784955140000,2026-07-25T10:22:20.000+05:30,6319.180746630287,1784954105228,Default Profile,false
2026-07-25T04:52:26.000Z,12.232508333333332,75.39244000000001,28.599999999999994,2.8,125.28,0.0,16,gps,0.73,0.85,1.12,-89.2,,,,54,,1784955146000,2026-07-25T10:22:26.000+05:30,6321.963170651599,1784954105228,Default Profile,false
2026-07-25T04:52:32.000Z,12.232363333333334,75.39253000000001,22.299999999999997,2.6,155.07,4.5856605,19,gps,0.66,1.47,1.61,-89.2,,,,54,,1784955152000,2026-07-25T10:22:32.000+05:30,6340.820916294724,1784954105228,Default Profile,false
2026-07-25T04:52:37.000Z,12.232111666666666,75.39264,15.200000000000003,2.8,153.42,7.089269,19,gps,0.70,1.43,1.59,-89.2,,,,54,,1784955157000,2026-07-25T10:22:37.000+05:30,6371.251156975569,1784954105228,Default Profile,false
2026-07-25T04:52:43.000Z,12.231724999999999,75.39282666666666,8.5,3.2,159.27,8.736895,17,gps,0.92,2.48,2.64,-89.2,,,,54,,1784955163000,2026-07-25T10:22:43.000+05:30,6418.791564154963,1784954105228,Default Profile,false
2026-07-25T04:52:48.000Z,12.231261666666667,75.39290833333332,7.299999999999997,3.1,173.15,9.256249,16,gps,0.82,0.89,1.21,-89.2,,,,54,,1784955168000,2026-07-25T10:22:48.000+05:30,6471.070667570482,1784954105228,Default Profile,false
2026-07-25T04:52:54.000Z,12.230705,75.39311166666667,3.0,3.2,158.65,9.717441,16,gps,0.85,0.95,1.27,-89.2,,,,54,,1784955174000,2026-07-25T10:22:54.000+05:30,6536.794922175164,1784954105228,Default Profile,false
2026-07-25T04:52:59.000Z,12.230223333333333,75.39342333333335,5.099999999999994,3.1,145.8,13.23917,16,gps,0.76,0.90,1.18,-89.2,,,,54,,1784955179000,2026-07-25T10:22:59.000+05:30,6600.164286236735,1784954105228,Default Profile,false
2026-07-25T04:53:05.000Z,12.229576666666667,75.39388666666667,3.5999999999999943,3.3,143.09,13.842939,18,gps,0.71,0.87,1.12,-89.2,,,,54,,1784955185000,2026-07-25T10:23:05.000+05:30,6687.946473368397,1784954105228,Default Profile,false
2026-07-25T04:53:11.000Z,12.229033333333332,75.39439,5.5,2.9,142.63,12.634372,17,gps,0.77,1.74,1.90,-89.2,,,,54,,1784955191000,2026-07-25T10:23:11.000+05:30,6769.44469854356,1784954105228,Default Profile,false
2026-07-25T04:53:16.000Z,12.228478333333332,75.39456666666666,6.099999999999994,2.8,168.98,11.134471,17,gps,0.76,1.55,1.73,-89.2,,,,54,,1784955196000,2026-07-25T10:23:16.000+05:30,6834.07524210682,1784954105228,Default Profile,false
2026-07-25T04:53:22.000Z,12.22823,75.39457833333333,4.8999999999999915,2.6,176.27,0.0,19,gps,0.67,0.83,1.06,-89.2,,,,54,,1784955202000,2026-07-25T10:23:22.000+05:30,6861.717739349685,1784954105228,Default Profile,false
2026-07-25T04:53:28.000Z,12.228228333333334,75.39457666666667,4.5,2.6,176.27,0.0,20,gps,0.63,0.82,1.04,-89.2,,,,54,,1784955208000,2026-07-25T10:23:28.000+05:30,6861.97687217997,1784954105228,Default Profile,false
2026-07-25T04:53:33.000Z,12.228053333333332,75.39460000000001,1.7999999999999972,2.8,169.08,5.617678,17,gps,0.84,1.67,1.87,-89.2,,,,54,,1784955213000,2026-07-25T10:23:33.000+05:30,6881.600499142024,1784954105228,Default Profile,false
2026-07-25T04:53:39.000Z,12.22772,75.39472500000001,1.2000000000000028,3.1,155.29,8.247395,17,gps,0.86,1.95,2.13,-89.2,,,,54,,1784955219000,2026-07-25T10:23:39.000+05:30,6921.076292731949,1784954105228,Default Profile,false
2026-07-25T04:53:45.000Z,12.227238333333332,75.394925,0.29999999999999716,3.3,161.61,9.840974,17,gps,0.81,0.89,1.20,-89.2,,,,54,,1784955225000,2026-07-25T10:23:45.000+05:30,6978.877178006633,1784954105228,Default Profile,false
2026-07-25T04:53:50.000Z,12.226605,75.39521166666667,-1.4000000000000057,3.4,150.97,14.497666,17,gps,0.81,0.90,1.21,-89.2,,,,54,,1784955230000,2026-07-25T10:23:50.000+05:30,7055.883418912342,1784954105228,Default Profile,false
2026-07-25T04:53:56.000Z,12.225864999999999,75.39560499999999,-4.900000000000006,3.1,155.82,14.822455,17,gps,0.73,0.87,1.14,-89.2,,,,54,,1784955236000,2026-07-25T10:23:56.000+05:30,7148.607767627245,1784954105228,Default Profile,false
2026-07-25T04:54:02.000Z,12.225161666666668,75.39590666666666,-8.200000000000003,2.9,157.29,12.907689,14,gps,0.97,0.86,1.30,-89.2,,,,54,,1784955242000,2026-07-25T10:24:02.000+05:30,7233.408009312016,1784954105228,Default Profile,false
2026-07-25T04:54:07.000Z,12.224696666666667,75.39615833333333,7.0,2.7,145.98,11.374331,16,gps,0.89,0.85,1.24,-89.2,,,,54,,1784955247000,2026-07-25T10:24:07.000+05:30,7291.9013224806295,1784954105228,Default Profile,false
2026-07-25T04:54:13.000Z,12.224305,75.396485,5.599999999999994,3.5,140.19,8.219599,12,gps,1.09,0.93,1.44,-89.2,,,,54,,1784955253000,2026-07-25T10:24:13.000+05:30,7348.088273780571,1784954105228,Default Profile,false
2026-07-25T04:54:19.000Z,12.224101666666664,75.39674833333333,3.200000000000003,3.4,109.14,3.5165823,14,gps,1.01,2.04,2.27,-89.2,,,,54,,1784955259000,2026-07-25T10:24:19.000+05:30,7384.559528404768,1784954105228,Default Profile,false
2026-07-25T04:54:25.000Z,12.224091666666668,75.39675000000001,2.5999999999999943,3.2,108.25,0.0,11,gps,1.15,0.97,1.51,-89.2,,,,54,,1784955265000,2026-07-25T10:24:25.000+05:30,7385.686132465465,1784954105228,Default Profile,false
2026-07-25T04:54:31.000Z,12.223991666666667,75.39693333333334,2.0,3.2,117.14,5.857024,12,gps,1.24,2.91,3.16,-89.2,,,,54,,1784955271000,2026-07-25T10:24:31.000+05:30,7408.50258057183,1784954105228,Default Profile,false
2026-07-25T04:54:36.000Z,12.223798333333331,75.39723166666666,0.29999999999999716,3.3,127.81,7.54171,13,gps,0.89,0.92,1.28,-89.2,,,,54,,1784955276000,2026-07-25T10:24:36.000+05:30,7447.403407990469,1784954105228,Default Profile,false
2026-07-25T04:54:41.000Z,12.223516666666667,75.39753666666667,1.5999999999999943,3.7,133.58,10.474597,13,gps,0.91,0.90,1.27,-89.2,,,,54,,1784955281000,2026-07-25T10:24:41.000+05:30,7493.005653026606,1784954105228,Default Profile,false
2026-07-25T04:54:47.000Z,12.223088333333331,75.398075,0.20000000000000284,2.8,134.2,11.908613,15,gps,0.79,0.89,1.19,-89.2,,,,54,,1784955287000,2026-07-25T10:24:47.000+05:30,7568.444787663093,1784954105228,Default Profile,false
2026-07-25T04:54:53.000Z,12.222543333333332,75.39841666666666,2.3999999999999915,3.0,153.26,12.404291,17,gps,0.69,0.86,1.11,-89.2,,,,54,,1784955293000,2026-07-25T10:24:53.000+05:30,7639.516412212665,1784954105228,Default Profile,false
2026-07-25T04:54:59.000Z,12.221908333333333,75.39872666666666,2.5999999999999943,3.2,152.48,11.756255,19,gps,0.67,1.59,1.72,-89.2,,,,52,,1784955299000,2026-07-25T10:24:59.000+05:30,7717.7503950681,1784954105228,Default Profile,false
2026-07-25T04:55:05.000Z,12.221454999999999,75.39909666666668,3.8999999999999915,2.5,137.4,11.009909,18,gps,0.70,1.65,1.79,-89.2,,,,52,,1784955305000,2026-07-25T10:25:05.000+05:30,7782.231564007138,1784954105228,Default Profile,false
2026-07-25T04:55:10.000Z,12.221026666666667,75.39946333333334,6.099999999999994,2.6,138.49,12.892762,20,gps,0.60,0.81,1.00,-89.2,,,,52,,1784955310000,2026-07-25T10:25:10.000+05:30,7844.330644325782,1784954105228,Default Profile,false
2026-07-25T04:55:16.000Z,12.220451666666667,75.39997,6.599999999999994,2.9,140.64,14.584654,18,gps,0.69,0.85,1.10,-89.2,,,,52,,1784955316000,2026-07-25T10:25:16.000+05:30,7928.709458144726,1784954105228,Default Profile,false
2026-07-25T04:55:21.000Z,12.219949999999999,75.40043666666666,16.099999999999994,2.7,137.09,14.812676,20,gps,0.63,0.78,1.00,-89.2,,,,52,,1784955321000,2026-07-25T10:25:21.000+05:30,8004.100103991834,1784954105228,Default Profile,false
2026-07-25T04:55:27.000Z,12.219329999999998,75.40097333333333,7.599999999999994,2.3,144.29,14.780249,25,gps,0.54,0.72,0.90,-89.2,,,,52,,1784955327000,2026-07-25T10:25:27.000+05:30,8094.4016297119915,1784954105228,Default Profile,false
2026-07-25T04:55:33.000Z,12.218818333333335,75.40137333333334,3.0,2.6,140.43,8.9175625,24,gps,0.55,0.72,0.91,-89.2,,,,52,,1784955333000,2026-07-25T10:25:33.000+05:30,8166.002481354308,1784954105228,Default Profile,false
2026-07-25T04:55:39.000Z,12.218663333333332,75.40151166666666,1.0999999999999943,2.8,132.71,0.0,22,gps,0.57,0.71,0.91,-89.2,,,,52,,1784955339000,2026-07-25T10:25:39.000+05:30,8188.872966675105,1784954105228,Default Profile,false
2026-07-25T04:55:45.000Z,12.218676666666665,75.40151166666666,1.3999999999999915,2.4,132.71,0.0,20,gps,0.61,0.74,0.96,-89.2,,,,52,,1784955345000,2026-07-25T10:25:45.000+05:30,8190.355565697042,1784954105228,Default Profile,false
2026-07-25T04:55:51.000Z,12.218643333333334,75.40157666666667,-0.4000000000000057,2.5,141.04,3.715265,19,gps,0.66,0.76,1.01,-89.2,,,,52,,1784955351000,2026-07-25T10:25:51.000+05:30,8198.33287100855,1784954105228,Default Profile,false
2026-07-25T04:55:56.000Z,12.218433333333333,75.40175166666667,-1.4000000000000057,2.4,140.94,7.5612693,20,gps,0.59,0.74,0.95,-89.2,,,,52,,1784955356000,2026-07-25T10:25:56.000+05:30,8228.448687681923,1784954105228,Default Profile,false
2026-07-25T04:56:01.000Z,12.218048333333336,75.40211166666667,-5.200000000000003,2.9,142.49,12.14693,20,gps,0.65,1.15,1.32,-89.2,,,,52,,1784955361000,2026-07-25T10:26:01.000+05:30,8286.443024446278,1784954105228,Default Profile,false
2026-07-25T04:56:06.000Z,12.217458333333331,75.40244,-9.799999999999997,2.6,154.83,13.127476,20,gps,0.67,0.80,1.05,-89.2,,,,52,,1784955366000,2026-07-25T10:26:06.000+05:30,8361.123866230968,1784954105228,Default Profile,false
2026-07-25T04:56:11.000Z,12.217048333333333,75.40288166666666,-18.299999999999997,2.4,112.54,11.962145,24,gps,0.53,0.71,0.89,-89.2,,,,52,,1784955371000,2026-07-25T10:26:11.000+05:30,8427.323027626579,1784954105228,Default Profile,false
2026-07-25T04:56:17.000Z,12.216821666666666,75.40354333333333,-23.0,2.5,111.55,11.527719,24,gps,0.53,0.70,0.88,-89.2,,,,52,,1784955377000,2026-07-25T10:26:17.000+05:30,8503.520002697358,1784954105228,Default Profile,false
2026-07-25T04:56:22.000Z,12.216693333333334,75.40387666666668,-26.0,2.6,113.3,3.9751997,24,gps,0.53,0.70,0.88,-89.2,,,,52,,1784955382000,2026-07-25T10:26:22.000+05:30,8542.454919104783,1784954105228,Default Profile,false
2026-07-25T04:56:28.000Z,12.216690000000002,75.40388166666666,-26.1,2.5,115.93,0.0,22,gps,0.57,0.72,0.92,-89.2,,,,52,,1784955388000,2026-07-25T10:26:28.000+05:30,8543.112678650488,1784954105228,Default Profile,false
2026-07-25T04:56:34.000Z,12.216608333333333,75.40406,-23.5,2.3,109.13,5.241931,27,gps,0.50,0.68,0.84,-89.2,,,,52,,1784955394000,2026-07-25T10:26:34.000+05:30,8564.515361984008,1784954105228,Default Profile,false
2026-07-25T04:56:40.000Z,12.216471666666667,75.40441000000001,-20.60000000000001,2.5,110.96,6.7943335,26,gps,0.53,0.72,0.90,-89.2,,,,52,,1784955400000,2026-07-25T10:26:40.000+05:30,8605.475645047183,1784954105228,Default Profile,false
2026-07-25T04:56:46.000Z,12.216309999999998,75.40482,-16.799999999999997,2.4,114.91,7.682744,21,gps,0.61,1.25,1.39,-89.2,,,,52,,1784955406000,2026-07-25T10:26:46.000+05:30,8653.522816450173,1784954105228,Default Profile,false
2026-07-25T04:56:52.000Z,12.216186666666665,75.40515666666667,-12.700000000000003,2.7,108.63,5.7515063,20,gps,0.65,1.45,1.58,-89.2,,,,52,,1784955412000,2026-07-25T10:26:52.000+05:30,8692.59648479842,1784954105228,Default Profile,false
2026-07-25T04:56:57.000Z,12.216133333333335,75.40535833333334,-9.600000000000009,2.6,102.2,5.3505373,22,gps,0.58,0.77,0.96,-89.2,,,,52,,1784955417000,2026-07-25T10:26:57.000+05:30,8715.301204876689,1784954105228,Default Profile,false
2026-07-25T04:57:02.000Z,12.216090000000001,75.40560666666667,-8.0,2.4,98.2,5.1487665,22,gps,0.59,1.19,1.32,-89.2,,,,52,,1784955422000,2026-07-25T10:27:02.000+05:30,8742.71611264487,1784954105228,Default Profile,false
2026-07-25T04:57:08.000Z,12.216054999999999,75.40591166666667,-5.200000000000003,2.5,99.31,5.4159074,22,gps,0.58,0.77,0.96,-89.2,,,,52,,1784955428000,2026-07-25T10:27:08.000+05:30,8776.090318615814,1784954105228,Default Profile,false
2026-07-25T04:57:13.000Z,12.216031666666668,75.40615166666666,-4.6000000000000085,2.3,96.52,3.3570182,25,gps,0.53,0.72,0.89,-89.2,,,,52,,1784955433000,2026-07-25T10:27:13.000+05:30,8802.301551977547,1784954105228,Default Profile,false
2026-07-25T04:57:18.000Z,12.216023333333332,75.40618333333333,-4.200000000000003,2.3,105.96,0.0,22,gps,0.59,0.82,1.01,-89.2,,,,52,,1784955438000,2026-07-25T10:27:18.000+05:30,8805.865560226492,1784954105228,Default Profile,false
2026-07-25T04:57:24.000Z,12.216011666666668,75.40636333333333,-1.4000000000000057,2.4,95.49,4.4472,23,gps,0.59,1.34,1.46,-89.2,,,,52,,1784955444000,2026-07-25T10:27:24.000+05:30,8825.470409085889,1784954105228,Default Profile,false
2026-07-25T04:57:30.000Z,12.216010000000002,75.40675833333333,3.5999999999999943,2.4,84.16,7.55149,26,gps,0.52,0.97,1.10,-89.2,,,,52,,1784955450000,2026-07-25T10:27:30.000+05:30,8868.39827074533,1784954105228,Default Profile,false
2026-07-25T04:57:36.000Z,12.216041666666667,75.40730166666667,5.200000000000003,2.6,90.26,10.911596,26,gps,0.52,0.98,1.11,-89.2,,,,52,,1784955456000,2026-07-25T10:27:36.000+05:30,8927.551063159914,1784954105228,Default Profile,false
2026-07-25T04:57:42.000Z,12.215965000000002,75.40795499999999,2.799999999999997,2.7,98.53,11.996631,24,gps,0.58,1.04,1.19,-89.2,,,,52,,1784955462000,2026-07-25T10:27:42.000+05:30,8999.06339401755,1784954105228,Default Profile,false
2026-07-25T04:57:48.000Z,12.215836666666666,75.40852833333334,4.299999999999997,2.6,116.28,10.020098,24,gps,0.56,1.16,1.29,-89.2,,,,52,,1784955468000,2026-07-25T10:27:48.000+05:30,9062.984831317153,1784954105228,Default Profile,false
2026-07-25T04:57:54.000Z,12.215361666666668,75.40881333333333,9.099999999999994,2.7,150.97,9.880608,25,gps,0.55,1.13,1.26,-89.2,,,,52,,1784955474000,2026-07-25T10:27:54.000+05:30,9124.214123490807,1784954105228,Default Profile,false
2026-07-25T04:58:00.000Z,12.214901666666666,75.40909333333335,10.899999999999991,2.5,147.66,9.5630245,22,gps,0.62,1.22,1.37,-89.2,,,,52,,1784955480000,2026-07-25T10:28:00.000+05:30,9183.730966849535,1784954105228,Default Profile,false
2026-07-25T04:58:06.000Z,12.214435,75.40925333333333,7.599999999999994,3.0,167.49,8.7492485,23,gps,0.63,0.79,1.01,-89.2,,,,52,,1784955486000,2026-07-25T10:28:06.000+05:30,9238.457831594402,1784954105228,Default Profile,false
2026-07-25T04:58:12.000Z,12.213988333333335,75.409335,6.700000000000003,2.9,165.39,8.741013,20,gps,0.71,1.70,1.84,-89.2,,,,52,,1784955492000,2026-07-25T10:28:12.000+05:30,9288.91166745196,1784954105228,Default Profile,false
2026-07-25T04:58:18.000Z,12.213556666666667,75.409525,12.0,2.9,145.23,8.863517,22,gps,0.63,0.82,1.03,-89.2,,,,52,,1784955498000,2026-07-25T10:28:18.000+05:30,9341.163861851814,1784954105228,Default Profile,false
2026-07-25T04:58:24.000Z,12.21321,75.40998833333333,20.299999999999997,3.0,125.51,10.351064,17,gps,0.72,0.86,1.12,-89.2,,,,52,,1784955504000,2026-07-25T10:28:24.000+05:30,9404.578876700301,1784954105228,Default Profile,false
2026-07-25T04:58:30.000Z,12.212913333333331,75.41059833333334,20.099999999999994,3.2,124.68,11.732578,17,gps,0.68,0.87,1.10,-89.2,,,,52,,1784955510000,2026-07-25T10:28:30.000+05:30,9478.626578674284,1784954105228,Default Profile,false
2026-07-25T04:58:35.000Z,12.212491666666665,75.410915,16.0,2.7,164.61,11.995602,16,gps,0.85,2.14,2.30,-89.2,,,,52,,1784955515000,2026-07-25T10:28:35.000+05:30,9536.788343845325,1784954105228,Default Profile,false
2026-07-25T04:58:41.000Z,12.211689999999999,75.41089166666667,-2.700000000000003,2.5,188.99,14.566124,19,gps,0.66,0.86,1.08,-89.2,,,,52,,1784955521000,2026-07-25T10:28:41.000+05:30,9625.965671724736,1784954105228,Default Profile,false
2026-07-25T04:58:47.000Z,12.210935,75.41072166666666,-10.5,2.3,187.06,13.032252,21,gps,0.63,0.82,1.03,-89.3,,,,52,,1784955527000,2026-07-25T10:28:47.000+05:30,9711.926759389957,1784954105228,Default Profile,false
2026-07-25T04:58:53.000Z,12.210243333333334,75.410915,-22.099999999999994,2.5,149.81,14.117287,23,gps,0.58,0.78,0.97,-89.3,,,,52,,1784955533000,2026-07-25T10:28:53.000+05:30,9791.655032102082,1784954105228,Default Profile,false
2026-07-25T04:58:58.000Z,12.209723333333333,75.41130666666666,-22.700000000000003,2.2,139.68,13.309688,29,gps,0.50,0.67,0.84,-89.3,,,,52,,1784955538000,2026-07-25T10:28:58.000+05:30,9863.454677206639,1784954105228,Default Profile,false
2026-07-25T04:59:04.000Z,12.209213333333333,75.41172833333333,-23.799999999999997,2.3,140.23,10.708796,29,gps,0.50,0.67,0.84,-89.3,,,,52,,1784955544000,2026-07-25T10:29:04.000+05:30,9936.365851863311,1784954105228,Default Profile,false
2026-07-25T04:59:10.000Z,12.208960000000001,75.41194999999999,-26.099999999999994,2.2,142.48,2.9998012,29,gps,0.49,0.88,1.01,-89.3,,,,52,,1784955550000,2026-07-25T10:29:10.000+05:30,9973.431699509512,1784954105228,Default Profile,false
2026-07-25T04:59:16.000Z,12.20894,75.41196166666667,-26.799999999999997,2.2,135.77,0.0,28,gps,0.49,0.68,0.84,-89.3,,,,52,,1784955556000,2026-07-25T10:29:16.000+05:30,9975.991656564247,1784954105228,Default Profile,false
2026-07-25T04:59:21.000Z,12.20894,75.41196166666667,-26.799999999999997,1.0,135.77,0.0,29,gps,0.47,0.64,0.79,-89.3,,,,52,,1784955561000,2026-07-25T10:29:21.000+05:30,9975.991656564247,1784954105228,Default Profile,false
2026-07-25T04:59:27.000Z,12.20894,75.41196166666667,-26.799999999999997,1.0,135.77,0.0,29,gps,0.48,0.67,0.82,-89.3,,,,52,,1784955567000,2026-07-25T10:29:27.000+05:30,9975.991656564247,1784954105228,Default Profile,false
2026-07-25T04:59:33.000Z,12.20894,75.41196166666667,-26.799999999999997,1.0,135.77,0.0,30,gps,0.46,0.64,0.79,-89.3,,,,52,,1784955573000,2026-07-25T10:29:33.000+05:30,9975.991656564247,1784954105228,Default Profile,false
2026-07-25T04:59:39.000Z,12.20894,75.41196166666667,-26.799999999999997,1.0,135.77,0.0,30,gps,0.47,0.64,0.79,-89.3,,,,52,,1784955579000,2026-07-25T10:29:39.000+05:30,9975.991656564247,1784954105228,Default Profile,false
2026-07-25T04:59:45.000Z,12.20894,75.41196166666667,-26.799999999999997,1.1,135.77,0.0,29,gps,0.48,0.67,0.82,-89.3,,,,52,,1784955585000,2026-07-25T10:29:45.000+05:30,9975.991656564247,1784954105228,Default Profile,false
2026-07-25T04:59:51.000Z,12.20892,75.41196666666666,-25.0,1.7,178.9,0.0,31,gps,0.46,0.63,0.78,-89.3,,,,52,,1784955591000,2026-07-25T10:29:51.000+05:30,9978.280981438169,1784954105228,Default Profile,false
2026-07-25T04:59:56.000Z,12.20892,75.41196666666666,-25.0,1.0,178.9,0.0,29,gps,0.47,0.63,0.79,-89.3,,,,52,,1784955596000,2026-07-25T10:29:56.000+05:30,9978.280981438169,1784954105228,Default Profile,false
2026-07-25T05:00:02.000Z,12.20892,75.41196666666666,-25.0,1.0,178.9,0.0,25,gps,0.53,0.68,0.86,-89.3,,,,52,,1784955602000,2026-07-25T10:30:02.000+05:30,9978.280981438169,1784954105228,Default Profile,false
2026-07-25T05:00:07.000Z,12.20892,75.41196666666666,-25.0,1.0,178.9,0.0,24,gps,0.56,0.73,0.92,-89.3,,,,52,,1784955607000,2026-07-25T10:30:07.000+05:30,9978.280981438169,1784954105228,Default Profile,false
2026-07-25T05:00:13.000Z,12.20892,75.41196666666666,-25.0,1.2,178.9,0.0,26,gps,0.53,0.72,0.89,-89.3,,,,52,,1784955613000,2026-07-25T10:30:13.000+05:30,9978.280981438169,1784954105228,Default Profile,false
2026-07-25T05:00:19.000Z,12.208843333333334,75.41219,-23.599999999999994,2.1,73.71,6.2919645,29,gps,0.51,0.93,1.06,-89.3,,,,52,,1784955619000,2026-07-25T10:30:19.000+05:30,10004.006429418252,1784954105228,Default Profile,false
2026-07-25T05:00:25.000Z,12.208960000000001,75.41271833333333,-23.0,2.3,83.55,10.105026,27,gps,0.50,0.96,1.08,-89.3,,,,52,,1784955625000,2026-07-25T10:30:25.000+05:30,10062.872943031327,1784954105228,Default Profile,false
2026-07-25T05:00:31.000Z,12.20894,75.41319666666666,-22.799999999999997,2.3,93.44,3.7029116,28,gps,0.49,0.68,0.84,-89.3,,,,52,,1784955631000,2026-07-25T10:30:31.000+05:30,10114.905764482313,1784954105228,Default Profile,false
2026-07-25T05:00:37.000Z,12.20894,75.41320333333333,-24.200000000000003,2.0,91.02,0.0,28,gps,0.49,0.68,0.84,-89.3,,,,52,,1784955637000,2026-07-25T10:30:37.000+05:30,10115.630297954394,1784954105228,Default Profile,false
2026-07-25T05:00:43.000Z,12.208926666666665,75.41347833333333,-22.5,1.9,97.78,6.3619666,29,gps,0.48,0.67,0.82,-89.3,,,,52,,1784955643000,2026-07-25T10:30:43.000+05:30,10145.554055349812,1784954105228,Default Profile,false
2026-07-25T05:00:49.000Z,12.208815,75.41388333333333,-21.799999999999997,1.9,106.45,7.9354725,27,gps,0.52,0.67,0.85,-89.3,,,,52,,1784955649000,2026-07-25T10:30:49.000+05:30,10191.287339626635,1784954105228,Default Profile,false
2026-07-25T05:00:55.000Z,12.208666666666666,75.41434333333333,-20.5,2.0,111.39,8.648877,22,gps,0.60,0.74,0.95,-89.3,,,,52,,1784955655000,2026-07-25T10:30:55.000+05:30,10243.930800508064,1784954105228,Default Profile,false
2026-07-25T05:01:01.000Z,12.208391666666667,75.41480333333334,-21.299999999999997,2.5,127.27,10.45967,23,gps,0.56,0.76,0.95,-89.3,,,,52,,1784955661000,2026-07-25T10:31:01.000+05:30,10302.534041367333,1784954105228,Default Profile,false
2026-07-25T05:01:06.000Z,12.208183333333332,75.415265,-24.799999999999997,2.3,91.62,11.25646,24,gps,0.55,1.17,1.30,-89.3,,,,52,,1784955666000,2026-07-25T10:31:06.000+05:30,10357.797794695352,1784954105228,Default Profile,false
2026-07-25T05:01:12.000Z,12.208375,75.41592999999999,-28.599999999999994,2.0,72.73,12.690991,26,gps,0.53,0.95,1.08,-89.3,,,,52,,1784955672000,2026-07-25T10:31:12.000+05:30,10433.147085968625,1784954105228,Default Profile,false
2026-07-25T05:01:17.000Z,12.208594999999999,75.41649666666667,-27.0,2.4,78.86,12.749669,27,gps,0.51,0.68,0.85,-89.3,,,,52,,1784955677000,2026-07-25T10:31:17.000+05:30,10499.413219536804,1784954105228,Default Profile,false
2026-07-25T05:01:23.000Z,12.208645,75.41719666666667,-17.89999999999999,2.2,91.2,12.385761,26,gps,0.52,0.74,0.90,-89.3,,,,52,,1784955683000,2026-07-25T10:31:23.000+05:30,10575.692212477741,1784954105228,Default Profile,false
2026-07-25T05:01:29.000Z,12.208661666666668,75.41791666666667,-17.200000000000003,2.4,80.05,12.907174,26,gps,0.51,0.69,0.86,-89.3,,,,52,,1784955689000,2026-07-25T10:31:29.000+05:30,10653.963855095411,1784954105228,Default Profile,false
2026-07-25T05:01:35.000Z,12.209053333333335,75.41855000000001,-12.200000000000003,2.4,56.19,14.032357,28,gps,0.50,0.68,0.84,-89.3,,,,52,,1784955695000,2026-07-25T10:31:35.000+05:30,10735.415590534318,1784954105228,Default Profile,false
2026-07-25T05:01:41.000Z,12.209216666666668,75.419285,-11.799999999999997,2.6,89.03,13.895441,28,gps,0.49,0.67,0.83,-89.3,,,,52,,1784955701000,2026-07-25T10:31:41.000+05:30,10817.334012512081,1784954105228,Default Profile,false
2026-07-25T05:01:47.000Z,12.209261666666665,75.41999166666666,-10.200000000000003,2.6,84.15,12.270463,23,gps,0.55,0.71,0.90,-89.3,,,,52,,1784955707000,2026-07-25T10:31:47.000+05:30,10894.297306278775,1784954105228,Default Profile,false
2026-07-25T05:01:52.000Z,12.209273333333332,75.42051666666666,-3.3999999999999915,2.3,84.51,11.741843,20,gps,0.62,0.76,0.98,-89.3,,,,52,,1784955712000,2026-07-25T10:31:52.000+05:30,10951.368992480244,1784954105228,Default Profile,false
2026-07-25T05:01:58.000Z,12.209368333333336,75.42114,-7.599999999999994,2.6,79.4,10.650632,22,gps,0.56,0.74,0.93,-89.3,,,,52,,1784955718000,2026-07-25T10:31:58.000+05:30,11019.93143077606,1784954105228,Default Profile,false
2026-07-25T05:02:04.000Z,12.209518333333332,75.42171499999999,-10.5,2.4,76.52,8.974182,24,gps,0.54,0.71,0.89,-89.3,,,,52,,1784955724000,2026-07-25T10:32:04.000+05:30,11084.6099337529,1784954105228,Default Profile,false
2026-07-25T05:02:10.000Z,12.209551666666668,75.42185333333333,-13.5,2.3,82.21,0.0,25,gps,0.52,0.69,0.87,-89.3,,,,52,,1784955730000,2026-07-25T10:32:10.000+05:30,11100.094130718815,1784954105228,Default Profile,false
2026-07-25T05:02:16.000Z,12.209581666666669,75.42197666666667,-15.799999999999997,2.0,80.18,4.2763124,27,gps,0.51,0.94,1.07,-89.3,,,,52,,1784955736000,2026-07-25T10:32:16.000+05:30,11113.906832870573,1784954105228,Default Profile,false
2026-07-25T05:02:22.000Z,12.20965,75.42230666666666,-16.39999999999999,1.9,74.35,6.6455784,29,gps,0.48,0.83,0.96,-89.3,,,,52,,1784955742000,2026-07-25T10:32:22.000+05:30,11150.56721450812,1784954105228,Default Profile,false
2026-07-25T05:02:28.000Z,12.20978,75.42276166666667,-17.5,2.0,74.89,10.0561285,26,gps,0.51,0.94,1.08,-89.3,,,,52,,1784955748000,2026-07-25T10:32:28.000+05:30,11202.08601353816,1784954105228,Default Profile,false
2026-07-25T05:02:33.000Z,12.209933333333334,75.42329500000001,-18.299999999999997,1.9,72.86,12.5092945,26,gps,0.54,0.68,0.87,-89.3,,,,52,,1784955753000,2026-07-25T10:32:33.000+05:30,11262.504118953026,1784954105228,Default Profile,false
2026-07-25T05:02:39.000Z,12.210183333333335,75.42409333333333,-25.5,2.3,68.88,14.836353,25,gps,0.55,0.70,0.89,-89.3,,,,52,,1784955759000,2026-07-25T10:32:39.000+05:30,11353.611219755372,1784954105228,Default Profile,false
2026-07-25T05:02:45.000Z,12.210513333333331,75.42495666666667,-35.4,1.9,69.02,16.950832,28,gps,0.51,0.69,0.86,-89.3,,,,52,,1784955765000,2026-07-25T10:32:45.000+05:30,11454.357940381315,1784954105228,Default Profile,false
2026-07-25T05:02:51.000Z,12.210833333333335,75.42585666666668,-38.199999999999996,2.0,73.41,16.641483,26,gps,0.53,0.76,0.92,-89.3,,,,52,,1784955771000,2026-07-25T10:32:51.000+05:30,11558.440461863449,1784954105228,Default Profile,false
2026-07-25T05:02:57.000Z,12.211086666666665,75.426755,-36.599999999999994,2.4,75.29,16.682148,20,gps,0.63,0.81,1.03,-89.3,,,,52,,1784955777000,2026-07-25T10:32:57.000+05:30,11660.05324845757,1784954105228,Default Profile,false
2026-07-25T05:03:03.000Z,12.211433333333332,75.42750333333333,-42.9,2.3,57.88,11.38617,24,gps,0.55,0.78,0.95,-89.3,,,,52,,1784955783000,2026-07-25T10:33:03.000+05:30,11750.054285599042,1784954105228,Default Profile,false
2026-07-25T05:03:09.000Z,12.211575000000002,75.4277,-42.0,2.3,62.4,0.0,25,gps,0.55,1.20,1.31,-89.3,,,,52,,1784955789000,2026-07-25T10:33:09.000+05:30,11776.605607048337,1784954105228,Default Profile,false
2026-07-25T05:03:14.000Z,12.211605,75.42779166666666,-39.9,2.0,81.72,5.695401,26,gps,0.55,1.09,1.22,-89.3,,,,52,,1784955794000,2026-07-25T10:33:14.000+05:30,11787.111510980265,1784954105228,Default Profile,false
2026-07-25T05:03:20.000Z,12.211509999999999,75.42820166666667,-35.699999999999996,2.0,111.41,9.580524,27,gps,0.54,1.01,1.14,-89.3,,,,52,,1784955800000,2026-07-25T10:33:20.000+05:30,11832.90491745823,1784954105228,Default Profile,false
2026-07-25T05:03:26.000Z,12.211146666666666,75.42871833333334,-33.599999999999994,1.9,130.6,13.515576,28,gps,0.53,1.00,1.13,-89.3,,,,52,,1784955806000,2026-07-25T10:33:26.000+05:30,11902.07964616822,1784954105228,Default Profile,false
2026-07-25T05:03:32.000Z,12.210663333333333,75.4293,-28.599999999999994,2.1,135.14,14.228466,21,gps,0.62,0.80,1.01,-89.3,,,,52,,1784955812000,2026-07-25T10:33:32.000+05:30,11985.05305439222,1784954105228,Default Profile,false
2026-07-25T05:03:37.000Z,12.210194999999999,75.429875,-32.9,2.0,128.2,15.983154,26,gps,0.51,0.70,0.86,-89.3,,,,52,,1784955817000,2026-07-25T10:33:37.000+05:30,12066.398138461635,1784954105228,Default Profile,false
2026-07-25T05:03:43.000Z,12.209708333333333,75.43057,-42.599999999999994,2.2,130.19,13.448148,25,gps,0.52,0.71,0.88,-89.3,,,,52,,1784955823000,2026-07-25T10:33:43.000+05:30,12159.315041102293,1784954105228,Default Profile,false
2026-07-25T05:03:49.000Z,12.209448333333334,75.43083166666666,-43.0,2.1,137.92,1.76035,27,gps,0.51,0.91,1.04,-89.3,,,,52,,1784955829000,2026-07-25T10:33:49.000+05:30,12199.86796868124,1784954105228,Default Profile,false
2026-07-25T05:03:54.000Z,12.209416666666668,75.43086166666667,-43.8,2.0,136.26,2.740381,28,gps,0.50,0.89,1.02,-89.3,,,,52,,1784955834000,2026-07-25T10:33:54.000+05:30,12204.666804969955,1784954105228,Default Profile,false
2026-07-25T05:04:00.000Z,12.209243333333331,75.43108000000001,-43.099999999999994,2.0,120.37,6.516898,30,gps,0.48,0.66,0.82,-89.3,,,,52,,1784955840000,2026-07-25T10:34:00.000+05:30,12235.236684987209,1784954105228,Default Profile,false
2026-07-25T05:04:06.000Z,12.20909,75.43154,-40.099999999999994,1.8,106.43,9.714868,29,gps,0.49,0.90,1.03,-89.3,,,,52,,1784955846000,2026-07-25T10:34:06.000+05:30,12288.056903073273,1784954105228,Default Profile,false
2026-07-25T05:04:12.000Z,12.208881666666665,75.43214166666667,-40.199999999999996,1.8,112.27,11.470585,28,gps,0.49,0.89,1.01,-89.3,,,,52,,1784955852000,2026-07-25T10:34:12.000+05:30,12357.42825445506,1784954105228,Default Profile,false
2026-07-25T05:04:17.000Z,12.208705000000002,75.43259166666667,-37.699999999999996,2.2,114.14,7.232877,26,gps,0.51,0.68,0.85,-89.3,,,,52,,1784955857000,2026-07-25T10:34:17.000+05:30,12410.132185143788,1784954105228,Default Profile,false
2026-07-25T05:04:23.000Z,12.208654999999998,75.43270333333334,-34.199999999999996,1.9,110.39,4.0431433,25,gps,0.53,1.05,1.17,-89.3,,,,52,,1784955863000,2026-07-25T10:34:23.000+05:30,12423.481042881445,1784954105228,Default Profile,false
2026-07-25T05:04:29.000Z,12.208555,75.43299499999999,-30.699999999999996,2.0,106.75,6.95853,26,gps,0.52,0.72,0.89,-89.3,,,,52,,1784955869000,2026-07-25T10:34:29.000+05:30,12457.07316072202,1784954105228,Default Profile,false
2026-07-25T05:04:35.000Z,12.208411666666667,75.433505,-31.4,2.3,109.9,10.748944,26,gps,0.53,0.71,0.88,-89.3,,,,52,,1784955875000,2026-07-25T10:34:35.000+05:30,12514.746029978698,1784954105228,Default Profile,false
2026-07-25T05:04:40.000Z,12.208204999999998,75.43401833333334,-31.799999999999997,2.4,117.1,10.048408,25,gps,0.53,1.07,1.19,-89.3,,,,52,,1784955880000,2026-07-25T10:34:40.000+05:30,12575.082830473864,1784954105228,Default Profile,false
2026-07-25T05:04:46.000Z,12.208106666666668,75.434185,-29.9,2.2,119.27,0.0,22,gps,0.63,0.76,0.98,-89.3,,,,52,,1784955886000,2026-07-25T10:34:46.000+05:30,12596.240593555616,1784954105228,Default Profile,false
2026-07-25T05:04:51.000Z,12.208108333333334,75.43418333333334,-30.199999999999996,1.2,119.27,0.0,22,gps,0.60,0.82,1.02,-89.3,,,,52,,1784955891000,2026-07-25T10:34:51.000+05:30,12596.49973601343,1784954105228,Default Profile,false
2026-07-25T05:04:57.000Z,12.208106666666668,75.434205,-30.699999999999996,1.2,117.95,2.9364903,23,gps,0.58,0.81,0.99,-89.3,,,,52,,1784955897000,2026-07-25T10:34:57.000+05:30,12598.861758742605,1784954105228,Default Profile,false
2026-07-25T05:05:03.000Z,12.207986666666667,75.43451499999999,-31.4,2.0,107.67,8.151141,27,gps,0.51,1.04,1.16,-89.3,,,,52,,1784955903000,2026-07-25T10:35:03.000+05:30,12635.0988141834,1784954105228,Default Profile,false
2026-07-25T05:05:09.000Z,12.20793,75.43511166666667,-31.799999999999997,2.1,87.0,12.548927,27,gps,0.51,1.04,1.16,-89.3,,,,52,,1784955909000,2026-07-25T10:35:09.000+05:30,12700.250215549919,1784954105228,Default Profile,false
2026-07-25T05:05:15.000Z,12.208223333333335,75.43585666666667,-30.0,2.1,49.3,14.725173,24,gps,0.56,0.77,0.95,-89.3,,,,52,,1784955915000,2026-07-25T10:35:15.000+05:30,12787.540054066665,1784954105228,Default Profile,false
2026-07-25T05:05:21.000Z,12.208905,75.43643333333333,-36.8,1.9,34.53,16.720236,26,gps,0.53,0.71,0.89,-89.3,,,,52,,1784955921000,2026-07-25T10:35:21.000+05:30,12885.892109494878,1784954105228,Default Profile,false
2026-07-25T05:05:27.000Z,12.209615000000001,75.43685833333333,-35.0,2.0,34.78,11.853024,27,gps,0.52,0.70,0.88,-89.3,,,,52,,1784955927000,2026-07-25T10:35:27.000+05:30,12977.359420143526,1784954105228,Default Profile,false
2026-07-25T05:05:33.000Z,12.209853333333335,75.437365,-37.3,2.1,87.81,11.494777,21,gps,0.59,1.28,1.41,-89.3,,,,52,,1784955933000,2026-07-25T10:35:33.000+05:30,13038.469264340793,1784954105228,Default Profile,false
2026-07-25T05:05:38.000Z,12.209856666666667,75.43766333333333,-40.5,2.8,86.01,4.1260133,21,gps,0.59,0.80,0.99,-89.3,,,,52,,1784955938000,2026-07-25T10:35:38.000+05:30,13070.894143714633,1784954105228,Default Profile,false
2026-07-25T05:05:44.000Z,12.209894999999998,75.43779833333333,-44.0,2.3,81.82,4.9593487,25,gps,0.53,0.76,0.93,-89.3,,,,52,,1784955944000,2026-07-25T10:35:44.000+05:30,13086.17252535184,1784954105228,Default Profile,false
2026-07-25T05:05:50.000Z,12.209999999999999,75.43818333333334,-44.099999999999994,2.3,73.79,8.576302,24,gps,0.54,0.78,0.95,-89.3,,,,52,,1784955950000,2026-07-25T10:35:50.000+05:30,13129.612600320042,1784954105228,Default Profile,false
2026-07-25T05:05:56.000Z,12.210158333333334,75.438725,-43.099999999999994,2.3,81.2,10.835418,27,gps,0.50,0.70,0.86,-89.3,,,,52,,1784955956000,2026-07-25T10:35:56.000+05:30,13191.057035439133,1784954105228,Default Profile,false
2026-07-25T05:06:02.000Z,12.210186666666667,75.43933666666666,-44.5,2.1,83.21,10.772621,28,gps,0.49,0.89,1.01,-89.3,,,,52,,1784955962000,2026-07-25T10:36:02.000+05:30,13257.607287617991,1784954105228,Default Profile,false
2026-07-25T05:06:08.000Z,12.210311666666666,75.43989,-43.0,2.2,70.15,6.93022,27,gps,0.50,0.68,0.84,-89.3,,,,52,,1784955968000,2026-07-25T10:36:08.000+05:30,13319.328666144671,1784954105228,Default Profile,false
2026-07-25T05:06:14.000Z,12.210316666666666,75.43995166666667,-41.5,2.1,82.82,0.0,27,gps,0.50,0.65,0.83,-89.3,,,,52,,1784955974000,2026-07-25T10:36:14.000+05:30,13326.053587649018,1784954105228,Default Profile,false
2026-07-25T05:06:20.000Z,12.210316666666666,75.43995166666667,-41.5,1.0,82.82,0.0,26,gps,0.51,0.64,0.82,-89.3,,,,52,,1784955980000,2026-07-25T10:36:20.000+05:30,13326.053587649018,1784954105228,Default Profile,false
2026-07-25T05:06:25.000Z,12.210316666666666,75.43995166666667,-41.5,1.4,82.82,0.0,27,gps,0.52,0.64,0.83,-89.3,,,,52,,1784955985000,2026-07-25T10:36:25.000+05:30,13326.053587649018,1784954105228,Default Profile,false
2026-07-25T05:06:31.000Z,12.210316666666666,75.43995166666667,-41.5,1.0,82.82,0.0,28,gps,0.49,0.64,0.81,-89.3,,,,52,,1784955991000,2026-07-25T10:36:31.000+05:30,13326.053587649018,1784954105228,Default Profile,false
2026-07-25T05:06:37.000Z,12.210316666666666,75.43995166666667,-41.5,1.1,82.82,0.0,25,gps,0.53,0.66,0.85,-89.3,,,,52,,1784955997000,2026-07-25T10:36:37.000+05:30,13326.053587649018,1784954105228,Default Profile,false
2026-07-25T05:06:42.000Z,12.210316666666666,75.43995166666667,-41.5,1.0,82.82,0.0,26,gps,0.52,0.63,0.82,-89.3,,,,52,,1784956002000,2026-07-25T10:36:42.000+05:30,13326.053587649018,1784954105228,Default Profile,false
2026-07-25T05:06:48.000Z,12.210358333333334,75.44009333333334,-40.8,1.8,75.37,5.2547994,24,gps,0.55,0.93,1.08,-89.3,,,,52,,1784956008000,2026-07-25T10:36:48.000+05:30,13342.13184899334,1784954105228,Default Profile,false
2026-07-25T05:06:54.000Z,12.210478333333333,75.44047833333335,-39.599999999999994,2.2,89.4,8.299381,22,gps,0.57,1.10,1.24,-89.3,,,,52,,1784956014000,2026-07-25T10:36:54.000+05:30,13386.049538355119,1784954105228,Default Profile,false
2026-07-25T05:07:00.000Z,12.210258333333336,75.44085333333334,-40.099999999999994,2.5,147.72,8.960284,26,gps,0.51,0.92,1.05,-89.3,,,,52,,1784956020000,2026-07-25T10:37:00.000+05:30,13433.582531421685,1784954105228,Default Profile,false
2026-07-25T05:07:06.000Z,12.209693333333332,75.440995,-36.5,2.3,167.93,10.340255,27,gps,0.51,0.98,1.10,-89.3,,,,52,,1784956026000,2026-07-25T10:37:06.000+05:30,13498.266708177931,1784954105228,Default Profile,false
2026-07-25T05:07:12.000Z,12.209118333333333,75.44113166666666,-39.699999999999996,2.2,158.21,10.572909,29,gps,0.49,1.00,1.11,-89.3,,,,52,,1784956032000,2026-07-25T10:37:12.000+05:30,13563.906326524388,1784954105228,Default Profile,false
2026-07-25T05:07:18.000Z,12.208711666666666,75.44159333333333,-39.699999999999996,2.3,108.75,12.241638,24,gps,0.57,1.25,1.37,-89.3,,,,52,,1784956038000,2026-07-25T10:37:18.000+05:30,13631.450441162231,1784954105228,Default Profile,false
2026-07-25T05:07:23.000Z,12.208504999999999,75.44215166666666,-40.699999999999996,2.4,108.7,13.828012,25,gps,0.56,1.18,1.30,-89.3,,,,52,,1784956043000,2026-07-25T10:37:23.000+05:30,13696.335925475212,1784954105228,Default Profile,false
2026-07-25T05:07:28.000Z,12.208364999999999,75.44283999999999,-50.4,2.2,89.31,15.504977,25,gps,0.55,0.74,0.92,-89.3,,,,52,,1784956048000,2026-07-25T10:37:28.000+05:30,13772.746728639144,1784954105228,Default Profile,false
2026-07-25T05:07:34.000Z,12.208513333333334,75.44371833333334,-50.4,1.9,79.73,13.935075,25,gps,0.55,0.74,0.92,-89.3,,,,52,,1784956054000,2026-07-25T10:37:34.000+05:30,13869.618690151614,1784954105228,Default Profile,false
2026-07-25T05:07:40.000Z,12.208453333333333,75.44428666666666,-50.699999999999996,2.3,133.58,10.685119,21,gps,0.65,1.25,1.41,-89.3,,,,52,,1784956060000,2026-07-25T10:37:40.000+05:30,13931.744550701487,1784954105228,Default Profile,false
2026-07-25T05:07:46.000Z,12.20799333333333,75.444585,-44.699999999999996,2.5,148.53,10.86836,28,gps,0.50,0.98,1.10,-89.3,,,,52,,1784956066000,2026-07-25T10:37:46.000+05:30,13992.304741707097,1784954105228,Default Profile,false
2026-07-25T05:07:51.000Z,12.207595,75.44481666666667,-41.9,2.2,149.37,9.66391,28,gps,0.50,0.98,1.10,-89.3,,,,52,,1784956071000,2026-07-25T10:37:51.000+05:30,14043.253268515444,1784954105228,Default Profile,false
2026-07-25T05:07:57.000Z,12.20738,75.444935,-41.0,2.0,153.65,1.2487161,26,gps,0.53,0.73,0.90,-89.3,,,,52,,1784956077000,2026-07-25T10:37:57.000+05:30,14070.39979296201,1784954105228,Default Profile,false
2026-07-25T05:08:03.000Z,12.207221666666666,75.44501666666666,-40.599999999999994,2.0,157.17,5.306786,26,gps,0.53,1.00,1.13,-89.3,,,,52,,1784956083000,2026-07-25T10:38:03.000+05:30,14090.116347501686,1784954105228,Default Profile,false
2026-07-25T05:08:09.000Z,12.206846666666669,75.44514833333332,-38.9,2.1,168.04,8.149597,28,gps,0.50,0.98,1.10,-89.3,,,,52,,1784956089000,2026-07-25T10:38:09.000+05:30,14134.201459550843,1784954105228,Default Profile,false
2026-07-25T05:08:15.000Z,12.206376666666666,75.44521833333333,-38.099999999999994,2.0,175.76,7.600903,27,gps,0.51,1.06,1.18,-89.3,,,,52,,1784956095000,2026-07-25T10:38:15.000+05:30,14187.013892507168,1784954105228,Default Profile,false
2026-07-25T05:08:21.000Z,12.206013333333333,75.44528833333334,-34.099999999999994,2.3,164.43,6.0376916,25,gps,0.53,1.09,1.21,-89.3,,,,52,,1784956101000,2026-07-25T10:38:21.000+05:30,14228.12475879465,1784954105228,Default Profile,false
2026-07-25T05:08:26.000Z,12.205733333333335,75.44539,-30.199999999999996,2.4,154.08,6.007838,25,gps,0.57,1.16,1.30,-89.3,,,,52,,1784956106000,2026-07-25T10:38:26.000+05:30,14261.161832814303,1784954105228,Default Profile,false
2026-07-25T05:08:32.000Z,12.205409999999999,75.44553333333333,-25.799999999999997,2.4,160.08,5.8863635,24,gps,0.59,1.23,1.36,-89.3,,,,52,,1784956112000,2026-07-25T10:38:32.000+05:30,14300.344530936858,1784954105228,Default Profile,false
2026-07-25T05:08:37.000Z,12.205153333333332,75.44563666666666,-22.099999999999994,2.4,166.64,5.959454,25,gps,0.56,0.77,0.95,-89.3,,,,52,,1784956117000,2026-07-25T10:38:37.000+05:30,14331.014643446399,1784954105228,Default Profile,false
2026-07-25T05:08:43.000Z,12.20484,75.44569499999999,-17.0,2.5,172.4,5.509587,23,gps,0.61,0.79,1.00,-89.3,,,,52,,1784956123000,2026-07-25T10:38:43.000+05:30,14366.42782225418,1784954105228,Default Profile,false
2026-07-25T05:08:49.000Z,12.204514999999999,75.44570166666668,-12.599999999999994,2.2,187.45,5.323772,25,gps,0.56,0.77,0.95,-89.3,,,,52,,1784956129000,2026-07-25T10:38:49.000+05:30,14402.573435960345,1784954105228,Default Profile,false
2026-07-25T05:08:54.000Z,12.204258333333334,75.44570833333334,-7.799999999999997,2.2,183.66,6.002176,24,gps,0.58,1.21,1.34,-89.3,,,,52,,1784956134000,2026-07-25T10:38:54.000+05:30,14431.122662676627,1784954105228,Default Profile,false
2026-07-25T05:09:00.000Z,12.20391,75.44569166666666,-1.2000000000000028,2.0,186.15,6.7073455,27,gps,0.52,0.95,1.08,-89.3,,,,52,,1784956140000,2026-07-25T10:39:00.000+05:30,14469.897893812642,1784954105228,Default Profile,false
2026-07-25T05:09:06.000Z,12.203578333333333,75.44556166666666,3.4000000000000057,2.3,212.27,6.5307956,27,gps,0.52,0.96,1.09,-89.3,,,,52,,1784956146000,2026-07-25T10:39:06.000+05:30,14509.391288558283,1784954105228,Default Profile,false
2026-07-25T05:09:12.000Z,12.203294999999999,75.44542,10.400000000000006,2.4,199.94,2.8736942,27,gps,0.51,0.99,1.11,-89.3,,,,52,,1784956152000,2026-07-25T10:39:12.000+05:30,14544.457461573213,1784954105228,Default Profile,false
2026-07-25T05:09:18.000Z,12.203278333333333,75.44540166666667,12.700000000000003,2.2,206.1,2.7522197,28,gps,0.50,0.69,0.85,-89.3,,,,52,,1784956158000,2026-07-25T10:39:18.000+05:30,14547.178605715411,1784954105228,Default Profile,false
2026-07-25T05:09:24.000Z,12.202966666666669,75.44534666666667,11.900000000000006,2.0,188.57,7.2833195,27,gps,0.51,1.07,1.18,-89.3,,,,52,,1784956164000,2026-07-25T10:39:24.000+05:30,14582.346091411942,1784954105228,Default Profile,false
2026-07-25T05:09:30.000Z,12.202438333333335,75.44529000000001,9.799999999999997,2.2,185.03,10.447317,26,gps,0.55,0.76,0.94,-89.3,,,,52,,1784956170000,2026-07-25T10:39:30.000+05:30,14641.416009487217,1784954105228,Default Profile,false
2026-07-25T05:09:36.000Z,12.201863333333332,75.44524666666666,9.299999999999997,2.3,184.99,10.566217,25,gps,0.55,0.77,0.95,-89.3,,,,52,,1784956176000,2026-07-25T10:39:36.000+05:30,14705.52631116683,1784954105228,Default Profile,false
2026-07-25T05:09:42.000Z,12.201286666666666,75.44519333333332,10.900000000000006,2.5,184.18,9.7328825,25,gps,0.56,0.77,0.95,-89.3,,,,52,,1784956182000,2026-07-25T10:39:42.000+05:30,14769.910173721984,1784954105228,Default Profile,false
2026-07-25T05:09:48.000Z,12.200843333333333,75.44524833333334,12.600000000000009,2.5,168.46,7.293614,24,gps,0.55,0.76,0.94,-89.3,,,,52,,1784956188000,2026-07-25T10:39:48.000+05:30,14819.567682975203,1784954105228,Default Profile,false
2026-07-25T05:09:54.000Z,12.200461666666667,75.44535333333333,15.700000000000003,2.4,164.78,7.007943,24,gps,0.57,0.75,0.94,-89.3,,,,52,,1784956194000,2026-07-25T10:39:54.000+05:30,14863.514590331733,1784954105228,Default Profile,false
2026-07-25T05:09:59.000Z,12.20014,75.44549,16.10000000000001,2.4,158.98,6.7546997,25,gps,0.55,0.91,1.06,-89.3,,,,52,,1784956199000,2026-07-25T10:39:59.000+05:30,14902.243811431159,1784954105228,Default Profile,false
2026-07-25T05:10:05.000Z,12.199823333333333,75.44563166666667,21.0,2.5,148.12,6.489618,22,gps,0.69,1.07,1.28,-89.3,,,,52,,1784956205000,2026-07-25T10:40:05.000+05:30,14940.674644188253,1784954105228,Default Profile,false
2026-07-25T05:10:10.000Z,12.19956,75.44582333333332,23.60000000000001,2.2,150.44,7.2889814,27,gps,0.51,0.94,1.07,-89.3,,,,52,,1784956210000,2026-07-25T10:40:10.000+05:30,14976.609718661373,1784954105228,Default Profile,false
2026-07-25T05:10:16.000Z,12.199158333333333,75.44611,27.299999999999997,2.0,141.13,9.819356,26,gps,0.51,0.71,0.87,-89.3,,,,52,,1784956216000,2026-07-25T10:40:16.000+05:30,15031.06621893863,1784954105228,Default Profile,false
2026-07-25T05:10:21.000Z,12.198761666666666,75.44644666666666,26.900000000000006,2.0,136.13,12.219505,27,gps,0.51,0.69,0.86,-89.3,,,,52,,1784956221000,2026-07-25T10:40:21.000+05:30,15088.375094212783,1784954105228,Default Profile,false
2026-07-25T05:10:27.000Z,12.198343333333332,75.44712333333334,26.200000000000003,2.1,111.7,15.933227,22,gps,0.61,0.76,0.98,-89.3,,,,52,,1784956227000,2026-07-25T10:40:27.000+05:30,15175.394438644496,1784954105228,Default Profile,false
2026-07-25T05:10:33.000Z,12.198263333333333,75.44792166666666,17.10000000000001,2.5,77.85,11.8612585,22,gps,0.64,0.79,1.01,-89.3,,,,52,,1784956233000,2026-07-25T10:40:33.000+05:30,15262.615617404474,1784954105228,Default Profile,false
2026-07-25T05:10:39.000Z,12.198344999999998,75.44821666666667,17.0,2.0,68.95,0.0,26,gps,0.52,0.71,0.88,-89.3,,,,52,,1784956239000,2026-07-25T10:40:39.000+05:30,15295.938703891428,1784954105228,Default Profile,false
2026-07-25T05:10:44.000Z,12.19834,75.44821,15.700000000000003,1.1,68.95,0.0,27,gps,0.51,0.68,0.85,-89.3,,,,52,,1784956244000,2026-07-25T10:40:44.000+05:30,15296.85199384799,1784954105228,Default Profile,false
2026-07-25T05:10:50.000Z,12.19834,75.44821,15.700000000000003,1.0,68.95,0.0,21,gps,0.58,0.76,0.95,-89.3,,,,52,,1784956250000,2026-07-25T10:40:50.000+05:30,15296.85199384799,1784954105228,Default Profile,false
2026-07-25T05:10:56.000Z,12.19837,75.44834166666666,14.299999999999997,1.7,76.64,4.4240375,24,gps,0.54,0.72,0.90,-89.3,,,,52,,1784956256000,2026-07-25T10:40:56.000+05:30,15311.545770307852,1784954105228,Default Profile,false
2026-07-25T05:11:02.000Z,12.198548333333333,75.44868166666667,14.400000000000006,2.2,62.32,7.076401,23,gps,0.56,0.80,0.97,-89.3,,,,52,,1784956262000,2026-07-25T10:41:02.000+05:30,15353.482856558809,1784954105228,Default Profile,false
2026-07-25T05:11:07.000Z,12.198633333333332,75.44888833333333,16.299999999999997,2.0,65.15,5.3356104,27,gps,0.52,0.76,0.92,-89.3,,,,52,,1784956267000,2026-07-25T10:41:07.000+05:30,15377.85183930117,1784954105228,Default Profile,false
2026-07-25T05:11:13.000Z,12.198866666666667,75.44931,17.299999999999997,1.9,63.86,11.008879,27,gps,0.53,1.09,1.22,-89.3,,,,52,,1784956273000,2026-07-25T10:41:13.000+05:30,15430.515108678253,1784954105228,Default Profile,false
2026-07-25T05:11:18.000Z,12.199035,75.44988166666667,16.200000000000003,2.1,85.94,14.067358,24,gps,0.57,0.78,0.96,-89.3,,,,52,,1784956278000,2026-07-25T10:41:18.000+05:30,15495.4044653206,1784954105228,Default Profile,false
2026-07-25T05:11:24.000Z,12.198844999999999,75.45066833333334,20.200000000000003,2.0,100.33,15.093715,23,gps,0.59,0.76,0.96,-89.3,,,,52,,1784956284000,2026-07-25T10:41:24.000+05:30,15583.474266801106,1784954105228,Default Profile,false
2026-07-25T05:11:30.000Z,12.198934999999999,75.45140833333333,22.400000000000006,2.0,75.91,11.237415,23,gps,0.62,0.76,0.99,-89.3,,,,52,,1784956290000,2026-07-25T10:41:30.000+05:30,15664.520767424943,1784954105228,Default Profile,false
2026-07-25T05:11:36.000Z,12.198991666666666,75.45192,24.60000000000001,2.1,91.68,8.879473,24,gps,0.58,0.76,0.95,-89.3,,,,52,,1784956296000,2026-07-25T10:41:36.000+05:30,15720.48664569804,1784954105228,Default Profile,false
2026-07-25T05:11:42.000Z,12.198928333333333,75.45248666666666,25.60000000000001,2.1,101.28,11.055203,22,gps,0.65,0.80,1.03,-89.3,,,,52,,1784956302000,2026-07-25T10:41:42.000+05:30,15782.475637792271,1784954105228,Default Profile,false
2026-07-25T05:11:48.000Z,12.198788333333335,75.453115,28.60000000000001,1.9,102.13,11.220944,20,gps,0.69,0.83,1.08,-89.3,,,,52,,1784956308000,2026-07-25T10:41:48.000+05:30,15852.51739693646,1784954105228,Default Profile,false
2026-07-25T05:11:54.000Z,12.198650000000002,75.45368833333333,31.299999999999997,2.1,104.7,10.612543,21,gps,0.61,0.78,0.99,-89.3,,,,52,,1784956314000,2026-07-25T10:41:54.000+05:30,15916.700147054247,1784954105228,Default Profile,false
2026-07-25T05:12:00.000Z,12.198553333333333,75.45436500000001,31.10000000000001,2.2,90.13,13.694184,24,gps,0.58,0.76,0.96,-89.3,,,,52,,1784956320000,2026-07-25T10:42:00.000+05:30,15991.024524130162,1784954105228,Default Profile,false
2026-07-25T05:12:06.000Z,12.198581666666666,75.45519333333333,25.60000000000001,2.2,84.47,15.6213045,25,gps,0.55,0.77,0.94,-89.3,,,,52,,1784956326000,2026-07-25T10:42:06.000+05:30,16081.10644287254,1784954105228,Default Profile,false
2026-07-25T05:12:12.000Z,12.198644999999999,75.45607333333334,17.700000000000003,1.8,86.23,15.733,26,gps,0.53,0.76,0.93,-89.3,,,,52,,1784956332000,2026-07-25T10:42:12.000+05:30,16177.00751068223,1784954105228,Default Profile,false
2026-07-25T05:12:18.000Z,12.198731666666667,75.45700000000001,14.200000000000003,2.4,82.32,16.548834,27,gps,0.51,0.73,0.90,-89.3,,,,52,,1784956338000,2026-07-25T10:42:18.000+05:30,16278.181566544048,1784954105228,Default Profile,false
2026-07-25T05:12:23.000Z,12.198895,75.45774833333333,23.400000000000006,2.4,76.56,14.854883,29,gps,0.48,0.65,0.81,-89.3,,,,52,,1784956343000,2026-07-25T10:42:23.000+05:30,16361.516704104799,1784954105228,Default Profile,false
2026-07-25T05:12:29.000Z,12.199015000000001,75.45834166666667,27.200000000000003,2.2,79.03,6.390791,28,gps,0.49,0.67,0.83,-89.3,,,,52,,1784956349000,2026-07-25T10:42:29.000+05:30,16427.368648796986,1784954105228,Default Profile,false
2026-07-25T05:12:35.000Z,12.199026666666668,75.45837333333334,27.5,2.1,72.92,0.0,29,gps,0.48,0.65,0.81,-89.3,,,,52,,1784956355000,2026-07-25T10:42:35.000+05:30,16431.04668678376,1784954105228,Default Profile,false
2026-07-25T05:12:40.000Z,12.199028333333334,75.45840166666667,27.5,1.2,84.32,3.2309115,29,gps,0.48,0.65,0.81,-89.3,,,,52,,1784956360000,2026-07-25T10:42:40.000+05:30,16434.131640877735,1784954105228,Default Profile,false
2026-07-25T05:12:46.000Z,12.199043333333334,75.45869833333333,28.900000000000006,2.2,89.83,7.33788,30,gps,0.47,0.65,0.80,-89.3,,,,52,,1784956366000,2026-07-25T10:42:46.000+05:30,16466.41769775444,1784954105228,Default Profile,false
2026-07-25T05:12:52.000Z,12.199046666666668,75.45917,30.299999999999997,2.5,92.38,9.927447,25,gps,0.54,0.74,0.91,-89.3,,,,52,,1784956372000,2026-07-25T10:42:52.000+05:30,16517.681695594183,1784954105228,Default Profile,false
2026-07-25T05:12:58.000Z,12.199091666666668,75.459805,27.900000000000006,1.8,81.03,11.432495,30,gps,0.47,0.77,0.90,-89.3,,,,52,,1784956378000,2026-07-25T10:42:58.000+05:30,16586.877237559973,1784954105228,Default Profile,false
2026-07-25T05:13:04.000Z,12.199198333333333,75.46046,29.400000000000006,2.2,86.05,11.278079,32,gps,0.46,0.79,0.91,-89.3,,,,52,,1784956384000,2026-07-25T10:43:04.000+05:30,16659.04659565753,1784954105228,Default Profile,false
2026-07-25T05:13:09.000Z,12.199195000000001,75.460955,31.200000000000003,2.2,91.9,10.480774,32,gps,0.45,0.61,0.75,-89.3,,,,52,,1784956389000,2026-07-25T10:43:09.000+05:30,16712.84646142276,1784954105228,Default Profile,false
2026-07-25T05:13:15.000Z,12.199178333333334,75.461525,34.10000000000001,2.2,91.88,8.720939,23,gps,0.56,0.72,0.92,-89.3,,,,52,,1784956395000,2026-07-25T10:43:15.000+05:30,16774.824068123173,1784954105228,Default Profile,false
2026-07-25T05:13:21.000Z,12.19917,75.46169833333333,34.900000000000006,2.4,94.97,2.4325771,25,gps,0.55,1.01,1.15,-89.3,,,,52,,1784956401000,2026-07-25T10:43:21.000+05:30,16793.68540832583,1784954105228,Default Profile,false
2026-07-25T05:13:27.000Z,12.199155,75.46188166666667,36.400000000000006,2.0,93.81,4.1610146,26,gps,0.53,1.10,1.22,-89.3,,,,52,,1784956407000,2026-07-25T10:43:27.000+05:30,16813.680501975912,1784954105228,Default Profile,false
2026-07-25T05:13:32.000Z,12.199151666666667,75.46214,38.0,2.1,93.64,6.481897,26,gps,0.53,1.10,1.22,-89.3,,,,52,,1784956412000,2026-07-25T10:43:32.000+05:30,16841.75965767519,1784954105228,Default Profile,false
2026-07-25T05:13:37.000Z,12.199135000000002,75.46245333333333,41.10000000000001,2.1,95.37,7.028017,22,gps,0.59,0.79,0.98,-89.3,,,,52,,1784956417000,2026-07-25T10:43:37.000+05:30,16875.8643801499,1784954105228,Default Profile,false
2026-07-25T05:13:43.000Z,12.199144999999998,75.46281333333333,45.3,2.5,94.56,4.717429,21,gps,0.67,1.34,1.50,-89.3,,,,52,,1784956423000,2026-07-25T10:43:43.000+05:30,16915.00643238056,1784954105228,Default Profile,false
2026-07-25T05:13:49.000Z,12.199090000000002,75.46302666666666,49.89999999999999,2.3,123.56,3.7065148,24,gps,0.55,1.19,1.31,-89.3,,,,52,,1784956429000,2026-07-25T10:43:49.000+05:30,16938.985369588132,1784954105228,Default Profile,false
2026-07-25T05:13:55.000Z,12.198813333333332,75.46317666666667,52.10000000000001,2.0,152.29,7.25398,30,gps,0.48,0.84,0.97,-89.3,,,,52,,1784956435000,2026-07-25T10:43:55.000+05:30,16973.80195640681,1784954105228,Default Profile,false
2026-07-25T05:14:01.000Z,12.198336666666668,75.46341666666667,49.500000000000014,2.4,157.56,11.670812,28,gps,0.50,1.00,1.12,-89.3,,,,52,,1784956441000,2026-07-25T10:44:01.000+05:30,17032.875603862907,1784954105228,Default Profile,false
2026-07-25T05:14:07.000Z,12.197653333333335,75.46367166666667,45.39999999999999,2.4,160.58,12.445469,24,gps,0.58,1.18,1.31,-89.3,,,,52,,1784956447000,2026-07-25T10:44:07.000+05:30,17113.755409501427,1784954105228,Default Profile,false
2026-07-25T05:14:13.000Z,12.197080000000001,75.46382833333334,42.10000000000001,2.5,175.36,6.67955,22,gps,0.61,1.35,1.48,-89.3,,,,52,,1784956453000,2026-07-25T10:44:13.000+05:30,17179.74188477316,1784954105228,Default Profile,false
2026-07-25T05:14:19.000Z,12.197025,75.463825,34.900000000000006,2.3,173.94,0.0,26,gps,0.53,0.74,0.91,-89.3,,,,52,,1784956459000,2026-07-25T10:44:19.000+05:30,17185.868326798955,1784954105228,Default Profile,false
2026-07-25T05:14:25.000Z,12.196991666666667,75.46381500000001,33.60000000000001,1.3,191.45,3.6735725,27,gps,0.51,0.69,0.86,-89.3,,,,52,,1784956465000,2026-07-25T10:44:25.000+05:30,17189.73088621024,1784954105228,Default Profile,false
2026-07-25T05:14:31.000Z,12.196594999999999,75.46386333333334,32.5,2.0,163.89,10.437537,24,gps,0.58,1.14,1.28,-89.3,,,,52,,1784956471000,2026-07-25T10:44:31.000+05:30,17234.14992386521,1784954105228,Default Profile,false
2026-07-25T05:14:37.000Z,12.195906666666668,75.46418,29.10000000000001,2.2,152.22,15.52814,23,gps,0.61,0.74,0.96,-89.3,,,,52,,1784956477000,2026-07-25T10:44:37.000+05:30,17318.0711626206,1784954105228,Default Profile,false
2026-07-25T05:14:42.000Z,12.195221666666665,75.46455166666667,22.0,2.0,154.56,16.638395,23,gps,0.58,0.74,0.95,-89.3,,,,52,,1784956482000,2026-07-25T10:44:42.000+05:30,17404.288228445686,1784954105228,Default Profile,false
2026-07-25T05:14:48.000Z,12.194406666666664,75.46487,17.400000000000006,2.0,160.96,14.598552,23,gps,0.58,0.78,0.97,-89.3,,,,52,,1784956488000,2026-07-25T10:44:48.000+05:30,17501.29198373611,1784954105228,Default Profile,false
2026-07-25T05:14:54.000Z,12.193765,75.46529166666666,17.200000000000003,2.0,137.47,12.615327,23,gps,0.58,0.78,0.97,-89.3,,,,52,,1784956494000,2026-07-25T10:44:54.000+05:30,17586.092687679502,1784954105228,Default Profile,false
2026-07-25T05:15:00.000Z,12.193353333333334,75.46580166666666,14.799999999999997,2.0,120.45,11.258519,24,gps,0.55,1.05,1.19,-89.3,,,,52,,1784956500000,2026-07-25T10:45:00.000+05:30,17657.980524245308,1784954105228,Default Profile,false
2026-07-25T05:15:06.000Z,12.192991666666668,75.46633,11.600000000000009,2.5,139.13,12.193254,28,gps,0.49,0.65,0.81,-89.3,,,,52,,1784956506000,2026-07-25T10:45:06.000+05:30,17728.08510441034,1784954105228,Default Profile,false
2026-07-25T05:15:12.000Z,12.192453333333333,75.46676666666667,7.900000000000006,2.0,152.12,12.141268,29,gps,0.50,0.80,0.94,-89.3,,,,52,,1784956512000,2026-07-25T10:45:12.000+05:30,17804.476523783134,1784954105228,Default Profile,false
2026-07-25T05:15:18.000Z,12.191906666666666,75.46699833333334,14.5,2.7,157.52,9.219705,22,gps,0.63,1.24,1.39,-89.4,,,,52,,1784956518000,2026-07-25T10:45:18.000+05:30,17870.271618460683,1784954105228,Default Profile,false
2026-07-25T05:15:24.000Z,12.191558333333335,75.46712166666666,10.0,2.4,163.51,4.9001555,24,gps,0.58,1.13,1.27,-89.4,,,,52,,1784956524000,2026-07-25T10:45:24.000+05:30,17911.258501052293,1784954105228,Default Profile,false
2026-07-25T05:15:29.000Z,12.191396666666666,75.46718333333334,11.599999999999994,2.3,169.47,3.4568744,23,gps,0.59,1.22,1.36,-89.4,,,,52,,1784956529000,2026-07-25T10:45:29.000+05:30,17930.44383066567,1784954105228,Default Profile,false
2026-07-25T05:15:35.000Z,12.191226666666667,75.46720666666667,12.899999999999991,2.3,156.99,3.4141524,27,gps,0.52,0.90,1.04,-89.4,,,,52,,1784956535000,2026-07-25T10:45:35.000+05:30,17949.516326209934,1784954105228,Default Profile,false
2026-07-25T05:15:41.000Z,12.191068333333332,75.46726166666667,12.799999999999997,2.3,163.93,1.5482844,26,gps,0.53,0.90,1.04,-89.4,,,,52,,1784956541000,2026-07-25T10:45:41.000+05:30,17968.10935038963,1784954105228,Default Profile,false
2026-07-25T05:15:47.000Z,12.191015,75.46724999999999,12.699999999999989,2.2,163.93,0.0,26,gps,0.54,0.70,0.88,-89.4,,,,52,,1784956547000,2026-07-25T10:45:47.000+05:30,17974.17379352072,1784954105228,Default Profile,false
2026-07-25T05:15:53.000Z,12.191015,75.46724999999999,12.699999999999989,1.3,163.93,0.0,26,gps,0.52,0.67,0.85,-89.4,,,,52,,1784956553000,2026-07-25T10:45:53.000+05:30,17974.17379352072,1784954105228,Default Profile,false
2026-07-25T05:15:59.000Z,12.191015,75.46724999999999,12.699999999999989,1.0,163.93,0.0,26,gps,0.54,0.67,0.86,-89.4,,,,52,,1784956559000,2026-07-25T10:45:59.000+05:30,17974.17379352072,1784954105228,Default Profile,false
2026-07-25T05:16:04.000Z,12.191015,75.46724999999999,12.699999999999989,1.8,163.93,0.0,28,gps,0.50,0.65,0.82,-89.4,,,,52,,1784956564000,2026-07-25T10:46:04.000+05:30,17974.17379352072,1784954105228,Default Profile,false
2026-07-25T05:16:10.000Z,12.191015,75.46724999999999,12.699999999999989,1.0,163.93,0.0,29,gps,0.50,0.63,0.80,-89.4,,,,52,,1784956570000,2026-07-25T10:46:10.000+05:30,17974.17379352072,1784954105228,Default Profile,false
2026-07-25T05:16:16.000Z,12.191015,75.46724999999999,12.699999999999989,1.1,163.93,0.0,26,gps,0.53,0.65,0.84,-89.4,,,,52,,1784956576000,2026-07-25T10:46:16.000+05:30,17974.17379352072,1784954105228,Default Profile,false
2026-07-25T05:16:22.000Z,12.191015,75.46724999999999,12.699999999999989,1.1,163.93,0.0,22,gps,0.66,0.75,1.00,-89.4,,,,52,,1784956582000,2026-07-25T10:46:22.000+05:30,17974.17379352072,1784954105228,Default Profile,false
2026-07-25T05:16:27.000Z,12.191015,75.46724999999999,12.699999999999989,1.1,163.93,0.0,23,gps,0.61,0.74,0.96,-89.4,,,,52,,1784956587000,2026-07-25T10:46:27.000+05:30,17974.17379352072,1784954105228,Default Profile,false
2026-07-25T05:16:33.000Z,12.191015,75.46724999999999,12.699999999999989,1.1,163.93,0.0,25,gps,0.57,0.68,0.89,-89.4,,,,52,,1784956593000,2026-07-25T10:46:33.000+05:30,17974.17379352072,1784954105228,Default Profile,false
2026-07-25T05:16:39.000Z,12.191015,75.46724999999999,12.699999999999989,1.1,163.93,0.0,21,gps,0.65,0.74,0.98,-89.4,,,,52,,1784956599000,2026-07-25T10:46:39.000+05:30,17974.17379352072,1784954105228,Default Profile,false
2026-07-25T05:16:44.000Z,12.191015,75.46724999999999,12.699999999999989,1.1,163.93,0.0,24,gps,0.59,0.74,0.95,-89.4,,,,52,,1784956604000,2026-07-25T10:46:44.000+05:30,17974.17379352072,1784954105228,Default Profile,false
2026-07-25T05:16:50.000Z,12.191015,75.46724999999999,12.699999999999989,1.0,163.93,0.0,24,gps,0.59,0.74,0.95,-89.4,,,,52,,1784956610000,2026-07-25T10:46:50.000+05:30,17974.17379352072,1784954105228,Default Profile,false
2026-07-25T05:16:56.000Z,12.191015,75.46724999999999,12.699999999999989,1.0,163.93,0.0,26,gps,0.53,0.68,0.86,-89.4,,,,52,,1784956616000,2026-07-25T10:46:56.000+05:30,17974.17379352072,1784954105228,Default Profile,false
2026-07-25T05:17:01.000Z,12.191015,75.46724999999999,12.699999999999989,1.1,163.93,0.0,24,gps,0.57,0.71,0.91,-89.4,,,,52,,1784956621000,2026-07-25T10:47:01.000+05:30,17974.17379352072,1784954105228,Default Profile,false
2026-07-25T05:17:07.000Z,12.191015,75.46724999999999,12.699999999999989,1.0,163.93,0.0,25,gps,0.54,0.67,0.86,-89.4,,,,52,,1784956627000,2026-07-25T10:47:07.000+05:30,17974.17379352072,1784954105228,Default Profile,false
2026-07-25T05:17:13.000Z,12.191015,75.46724999999999,12.699999999999989,1.0,163.93,0.0,24,gps,0.57,0.71,0.91,-89.4,,,,52,,1784956633000,2026-07-25T10:47:13.000+05:30,17974.17379352072,1784954105228,Default Profile,false
2026-07-25T05:17:18.000Z,12.191015,75.46724999999999,12.699999999999989,1.4,163.93,0.0,25,gps,0.54,0.71,0.89,-89.4,,,,52,,1784956638000,2026-07-25T10:47:18.000+05:30,17974.17379352072,1784954105228,Default Profile,false
2026-07-25T05:17:23.000Z,12.191015,75.46724999999999,12.699999999999989,1.1,163.93,0.0,24,gps,0.57,0.71,0.91,-89.4,,,,52,,1784956643000,2026-07-25T10:47:23.000+05:30,17974.17379352072,1784954105228,Default Profile,false
2026-07-25T05:17:28.000Z,12.191015,75.46724999999999,12.699999999999989,1.1,163.93,0.0,25,gps,0.54,0.70,0.88,-89.4,,,,52,,1784956648000,2026-07-25T10:47:28.000+05:30,17974.17379352072,1784954105228,Default Profile,false
2026-07-25T05:17:34.000Z,12.191015,75.46724999999999,12.699999999999989,1.0,163.93,0.0,25,gps,0.53,0.67,0.86,-89.4,,,,52,,1784956654000,2026-07-25T10:47:34.000+05:30,17974.17379352072,1784954105228,Default Profile,false
2026-07-25T05:17:40.000Z,12.191015,75.46724999999999,12.699999999999989,1.2,163.93,0.0,21,gps,0.69,0.76,1.03,-89.4,,,,52,,1784956660000,2026-07-25T10:47:40.000+05:30,17974.17379352072,1784954105228,Default Profile,false
2026-07-25T05:17:46.000Z,12.191015,75.46724999999999,12.699999999999989,1.9,163.93,0.0,19,gps,0.76,0.80,1.10,-89.4,,,,52,,1784956666000,2026-07-25T10:47:46.000+05:30,17974.17379352072,1784954105228,Default Profile,false
2026-07-25T05:17:52.000Z,12.191015,75.46724999999999,12.699999999999989,1.1,163.93,0.0,21,gps,0.65,0.77,1.01,-89.4,,,,52,,1784956672000,2026-07-25T10:47:52.000+05:30,17974.17379352072,1784954105228,Default Profile,false
2026-07-25T05:17:57.000Z,12.191015,75.46724999999999,12.699999999999989,1.1,163.93,0.0,21,gps,0.70,0.79,1.05,-89.4,,,,52,,1784956677000,2026-07-25T10:47:57.000+05:30,17974.17379352072,1784954105228,Default Profile,false
2026-07-25T05:18:04.000Z,12.191015,75.46724999999999,12.699999999999989,1.1,163.93,0.0,22,gps,0.64,0.76,0.99,-89.4,,,,52,,1784956684000,2026-07-25T10:48:04.000+05:30,17974.17379352072,1784954105228,Default Profile,false
2026-07-25T05:18:09.000Z,12.191015,75.46724999999999,12.699999999999989,1.0,163.93,0.0,25,gps,0.57,0.71,0.91,-89.4,,,,51,,1784956689000,2026-07-25T10:48:09.000+05:30,17974.17379352072,1784954105228,Default Profile,false
2026-07-25T05:18:14.000Z,12.191015,75.46724999999999,12.699999999999989,1.0,163.93,0.0,23,gps,0.60,0.74,0.95,-89.4,,,,51,,1784956694000,2026-07-25T10:48:14.000+05:30,17974.17379352072,1784954105228,Default Profile,false
2026-07-25T05:18:20.000Z,12.191015,75.46724999999999,12.699999999999989,1.6,163.93,0.0,22,gps,0.61,0.75,0.97,-89.4,,,,51,,1784956700000,2026-07-25T10:48:20.000+05:30,17974.17379352072,1784954105228,Default Profile,false
2026-07-25T05:18:26.000Z,12.191015,75.46724999999999,12.699999999999989,1.0,163.93,0.0,24,gps,0.57,0.72,0.92,-89.4,,,,51,,1784956706000,2026-07-25T10:48:26.000+05:30,17974.17379352072,1784954105228,Default Profile,false
2026-07-25T05:18:31.000Z,12.191015,75.46724999999999,12.699999999999989,1.0,163.93,0.0,25,gps,0.57,0.70,0.90,-89.4,,,,51,,1784956711000,2026-07-25T10:48:31.000+05:30,17974.17379352072,1784954105228,Default Profile,false
2026-07-25T05:18:37.000Z,12.191015,75.46724999999999,12.699999999999989,1.0,163.93,0.0,24,gps,0.57,0.73,0.93,-89.4,,,,51,,1784956717000,2026-07-25T10:48:37.000+05:30,17974.17379352072,1784954105228,Default Profile,false
2026-07-25T05:18:42.000Z,12.191015,75.46724999999999,12.699999999999989,1.5,163.93,0.0,25,gps,0.56,0.68,0.88,-89.4,,,,51,,1784956722000,2026-07-25T10:48:42.000+05:30,17974.17379352072,1784954105228,Default Profile,false
2026-07-25T05:18:48.000Z,12.191015,75.46724999999999,12.699999999999989,1.0,163.93,0.0,24,gps,0.57,0.73,0.93,-89.4,,,,51,,1784956728000,2026-07-25T10:48:48.000+05:30,17974.17379352072,1784954105228,Default Profile,false
2026-07-25T05:18:53.000Z,12.191015,75.46724999999999,12.699999999999989,1.1,163.93,0.0,24,gps,0.56,0.70,0.90,-89.4,,,,51,,1784956733000,2026-07-25T10:48:53.000+05:30,17974.17379352072,1784954105228,Default Profile,false
2026-07-25T05:18:59.000Z,12.191015,75.46724999999999,12.699999999999989,1.0,163.93,0.0,25,gps,0.55,0.69,0.88,-89.4,,,,51,,1784956739000,2026-07-25T10:48:59.000+05:30,17974.17379352072,1784954105228,Default Profile,false
2026-07-25T05:19:05.000Z,12.191015,75.46724999999999,12.699999999999989,1.0,163.93,0.0,23,gps,0.59,0.73,0.94,-89.4,,,,51,,1784956745000,2026-07-25T10:49:05.000+05:30,17974.17379352072,1784954105228,Default Profile,false
2026-07-25T05:19:10.000Z,12.191015,75.46724999999999,12.699999999999989,1.0,163.93,0.0,23,gps,0.59,0.73,0.94,-89.4,,,,51,,1784956750000,2026-07-25T10:49:10.000+05:30,17974.17379352072,1784954105228,Default Profile,false
2026-07-25T05:19:16.000Z,12.191015,75.46724999999999,12.699999999999989,1.0,163.93,0.0,22,gps,0.61,0.73,0.95,-89.4,,,,51,,1784956756000,2026-07-25T10:49:16.000+05:30,17974.17379352072,1784954105228,Default Profile,false
2026-07-25T05:19:21.000Z,12.191015,75.46724999999999,12.699999999999989,1.0,163.93,0.0,26,gps,0.54,0.68,0.87,-89.4,,,,51,,1784956761000,2026-07-25T10:49:21.000+05:30,17974.17379352072,1784954105228,Default Profile,false
2026-07-25T05:19:27.000Z,12.191015,75.46724999999999,12.699999999999989,1.0,163.93,0.0,26,gps,0.54,0.68,0.87,-89.4,,,,51,,1784956767000,2026-07-25T10:49:27.000+05:30,17974.17379352072,1784954105228,Default Profile,false
2026-07-25T05:19:33.000Z,12.191015,75.46724999999999,12.699999999999989,1.7,163.93,0.0,23,gps,0.59,0.74,0.94,-89.4,,,,51,,1784956773000,2026-07-25T10:49:33.000+05:30,17974.17379352072,1784954105228,Default Profile,false
2026-07-25T05:19:39.000Z,12.191015,75.46724999999999,12.699999999999989,1.1,163.93,0.0,24,gps,0.57,0.74,0.93,-89.4,,,,51,,1784956779000,2026-07-25T10:49:39.000+05:30,17974.17379352072,1784954105228,Default Profile,false
2026-07-25T05:19:45.000Z,12.191015,75.46724999999999,12.699999999999989,1.1,163.93,0.0,23,gps,0.57,0.73,0.93,-89.4,,,,51,,1784956785000,2026-07-25T10:49:45.000+05:30,17974.17379352072,1784954105228,Default Profile,false
2026-07-25T05:19:50.000Z,12.191015,75.46724999999999,12.699999999999989,1.0,163.93,0.0,23,gps,0.61,0.73,0.95,-89.4,,,,51,,1784956790000,2026-07-25T10:49:50.000+05:30,17974.17379352072,1784954105228,Default Profile,false
2026-07-25T05:19:56.000Z,12.191015,75.46724999999999,12.699999999999989,1.0,163.93,0.0,24,gps,0.57,0.71,0.91,-89.4,,,,51,,1784956796000,2026-07-25T10:49:56.000+05:30,17974.17379352072,1784954105228,Default Profile,false
2026-07-25T05:20:02.000Z,12.191015,75.46724999999999,12.699999999999989,1.0,163.93,0.0,23,gps,0.60,0.74,0.95,-89.4,,,,51,,1784956802000,2026-07-25T10:50:02.000+05:30,17974.17379352072,1784954105228,Default Profile,false
2026-07-25T05:20:07.000Z,12.191015,75.46724999999999,12.699999999999989,1.0,163.93,0.0,23,gps,0.59,0.73,0.94,-89.4,,,,51,,1784956807000,2026-07-25T10:50:07.000+05:30,17974.17379352072,1784954105228,Default Profile,false
2026-07-25T05:20:13.000Z,12.191015,75.46724999999999,12.699999999999989,1.0,163.93,0.0,24,gps,0.57,0.73,0.93,-89.4,,,,51,,1784956813000,2026-07-25T10:50:13.000+05:30,17974.17379352072,1784954105228,Default Profile,false
2026-07-25T05:20:19.000Z,12.191015,75.46724999999999,12.699999999999989,1.0,163.93,0.0,24,gps,0.54,0.72,0.90,-89.4,,,,51,,1784956819000,2026-07-25T10:50:19.000+05:30,17974.17379352072,1784954105228,Default Profile,false
2026-07-25T05:20:24.000Z,12.191015,75.46724999999999,12.699999999999989,1.0,163.93,0.0,25,gps,0.56,0.72,0.91,-89.4,,,,51,,1784956824000,2026-07-25T10:50:24.000+05:30,17974.17379352072,1784954105228,Default Profile,false
2026-07-25T05:20:30.000Z,12.191015,75.46724999999999,12.699999999999989,1.0,163.93,0.0,25,gps,0.56,0.72,0.91,-89.4,,,,51,,1784956830000,2026-07-25T10:50:30.000+05:30,17974.17379352072,1784954105228,Default Profile,false
2026-07-25T05:20:35.000Z,12.191015,75.46724999999999,12.699999999999989,1.0,163.93,0.0,25,gps,0.56,0.72,0.91,-89.4,,,,51,,1784956835000,2026-07-25T10:50:35.000+05:30,17974.17379352072,1784954105228,Default Profile,false
2026-07-25T05:20:41.000Z,12.191015,75.46724999999999,12.699999999999989,1.0,163.93,0.0,26,gps,0.54,0.69,0.88,-89.4,,,,51,,1784956841000,2026-07-25T10:50:41.000+05:30,17974.17379352072,1784954105228,Default Profile,false
2026-07-25T05:20:46.000Z,12.191015,75.46724999999999,12.699999999999989,1.0,163.93,0.0,25,gps,0.56,0.72,0.91,-89.4,,,,51,,1784956846000,2026-07-25T10:50:46.000+05:30,17974.17379352072,1784954105228,Default Profile,false
2026-07-25T05:20:51.000Z,12.191015,75.46724999999999,12.699999999999989,1.0,163.93,0.0,26,gps,0.52,0.70,0.87,-89.4,,,,51,,1784956851000,2026-07-25T10:50:51.000+05:30,17974.17379352072,1784954105228,Default Profile,false
2026-07-25T05:20:57.000Z,12.191015,75.46724999999999,12.699999999999989,1.0,163.93,0.0,26,gps,0.54,0.69,0.87,-89.4,,,,51,,1784956857000,2026-07-25T10:50:57.000+05:30,17974.17379352072,1784954105228,Default Profile,false
2026-07-25T05:21:03.000Z,12.191015,75.46724999999999,12.699999999999989,1.0,163.93,0.0,22,gps,0.62,0.74,0.97,-89.4,,,,51,,1784956863000,2026-07-25T10:51:03.000+05:30,17974.17379352072,1784954105228,Default Profile,false
2026-07-25T05:21:09.000Z,12.191015,75.46724999999999,12.699999999999989,1.0,163.93,0.0,25,gps,0.55,0.69,0.88,-89.4,,,,51,,1784956869000,2026-07-25T10:51:09.000+05:30,17974.17379352072,1784954105228,Default Profile,false
2026-07-25T05:21:14.000Z,12.191015,75.46724999999999,12.699999999999989,1.0,163.93,0.0,25,gps,0.55,0.69,0.88,-89.4,,,,51,,1784956874000,2026-07-25T10:51:14.000+05:30,17974.17379352072,1784954105228,Default Profile,false
2026-07-25T05:21:20.000Z,12.191015,75.46724999999999,12.699999999999989,1.0,163.93,0.0,24,gps,0.58,0.73,0.93,-89.4,,,,51,,1784956880000,2026-07-25T10:51:20.000+05:30,17974.17379352072,1784954105228,Default Profile,false
2026-07-25T05:21:26.000Z,12.191015,75.46724999999999,12.699999999999989,1.0,163.93,0.0,26,gps,0.52,0.67,0.85,-89.4,,,,51,,1784956886000,2026-07-25T10:51:26.000+05:30,17974.17379352072,1784954105228,Default Profile,false
2026-07-25T05:21:31.000Z,12.191015,75.46724999999999,12.699999999999989,0.9,163.93,0.0,25,gps,0.54,0.71,0.89,-89.4,,,,51,,1784956891000,2026-07-25T10:51:31.000+05:30,17974.17379352072,1784954105228,Default Profile,false
2026-07-25T05:21:37.000Z,12.191015,75.46724999999999,12.699999999999989,1.0,163.93,0.0,21,gps,0.65,0.74,0.98,-89.4,,,,51,,1784956897000,2026-07-25T10:51:37.000+05:30,17974.17379352072,1784954105228,Default Profile,false
2026-07-25T05:21:43.000Z,12.191015,75.46724999999999,12.699999999999989,1.0,163.93,0.0,22,gps,0.64,0.76,1.00,-89.4,,,,51,,1784956903000,2026-07-25T10:51:43.000+05:30,17974.17379352072,1784954105228,Default Profile,false
2026-07-25T05:21:49.000Z,12.191015,75.46724999999999,12.699999999999989,1.0,163.93,0.0,22,gps,0.64,0.76,1.00,-89.4,,,,51,,1784956909000,2026-07-25T10:51:49.000+05:30,17974.17379352072,1784954105228,Default Profile,false
2026-07-25T05:21:54.000Z,12.191015,75.46724999999999,12.699999999999989,1.0,163.93,0.0,22,gps,0.64,0.76,1.00,-89.4,,,,51,,1784956914000,2026-07-25T10:51:54.000+05:30,17974.17379352072,1784954105228,Default Profile,false
2026-07-25T05:21:59.000Z,12.191015,75.46724999999999,12.699999999999989,1.0,163.93,0.0,23,gps,0.60,0.74,0.96,-89.4,,,,51,,1784956919000,2026-07-25T10:51:59.000+05:30,17974.17379352072,1784954105228,Default Profile,false
2026-07-25T05:22:05.000Z,12.191015,75.46724999999999,12.699999999999989,1.0,163.93,0.0,23,gps,0.60,0.74,0.96,-89.4,,,,51,,1784956925000,2026-07-25T10:52:05.000+05:30,17974.17379352072,1784954105228,Default Profile,false
2026-07-25T05:22:10.000Z,12.191015,75.46724999999999,12.699999999999989,1.0,163.93,0.0,26,gps,0.52,0.65,0.84,-89.4,,,,51,,1784956930000,2026-07-25T10:52:10.000+05:30,17974.17379352072,1784954105228,Default Profile,false
2026-07-25T05:22:15.000Z,12.191015,75.46724999999999,12.699999999999989,1.0,163.93,0.0,24,gps,0.58,0.73,0.93,-89.4,,,,51,,1784956935000,2026-07-25T10:52:15.000+05:30,17974.17379352072,1784954105228,Default Profile,false
2026-07-25T05:22:20.000Z,12.191015,75.46724999999999,12.699999999999989,1.0,163.93,0.0,24,gps,0.58,0.73,0.93,-89.4,,,,50,,1784956940000,2026-07-25T10:52:20.000+05:30,17974.17379352072,1784954105228,Default Profile,false
2026-07-25T05:22:26.000Z,12.191015,75.46724999999999,12.699999999999989,1.0,163.93,0.0,21,gps,0.68,0.76,1.02,-89.4,,,,50,,1784956946000,2026-07-25T10:52:26.000+05:30,17974.17379352072,1784954105228,Default Profile,false
2026-07-25T05:22:32.000Z,12.191015,75.46724999999999,12.699999999999989,1.0,163.93,0.0,22,gps,0.62,0.74,0.97,-89.4,,,,50,,1784956952000,2026-07-25T10:52:32.000+05:30,17974.17379352072,1784954105228,Default Profile,false
2026-07-25T05:22:38.000Z,12.191015,75.46724999999999,12.699999999999989,1.0,163.93,0.0,23,gps,0.60,0.74,0.95,-89.4,,,,50,,1784956958000,2026-07-25T10:52:38.000+05:30,17974.17379352072,1784954105228,Default Profile,false
2026-07-25T05:22:44.000Z,12.191015,75.46724999999999,12.699999999999989,1.0,163.93,0.0,25,gps,0.58,0.71,0.92,-89.4,,,,50,,1784956964000,2026-07-25T10:52:44.000+05:30,17974.17379352072,1784954105228,Default Profile,false
2026-07-25T05:22:49.000Z,12.191015,75.46724999999999,12.699999999999989,1.0,163.93,0.0,24,gps,0.59,0.71,0.93,-89.4,,,,50,,1784956969000,2026-07-25T10:52:49.000+05:30,17974.17379352072,1784954105228,Default Profile,false
2026-07-25T05:22:55.000Z,12.191015,75.46724999999999,12.699999999999989,1.0,163.93,0.0,23,gps,0.59,0.73,0.94,-89.4,,,,50,,1784956975000,2026-07-25T10:52:55.000+05:30,17974.17379352072,1784954105228,Default Profile,false
2026-07-25T05:23:01.000Z,12.190966666666668,75.46725666666666,14.5,1.6,175.1,2.07536,25,gps,0.56,0.69,0.89,-89.4,,,,50,,1784956981000,2026-07-25T10:53:01.000+05:30,17979.596839328864,1784954105228,Default Profile,false
2026-07-25T05:23:07.000Z,12.190783333333332,75.46730833333332,11.899999999999991,1.9,172.13,4.775593,27,gps,0.51,0.91,1.05,-89.4,,,,50,,1784956987000,2026-07-25T10:53:07.000+05:30,18000.741869197904,1784954105228,Default Profile,false
2026-07-25T05:23:12.000Z,12.190523333333333,75.46732333333333,8.399999999999991,2.0,196.94,5.629002,28,gps,0.51,0.86,1.00,-89.4,,,,50,,1784956992000,2026-07-25T10:53:12.000+05:30,18029.698481422784,1784954105228,Default Profile,false
2026-07-25T05:23:18.000Z,12.190176666666666,75.46719333333334,1.5,2.0,196.71,7.197361,26,gps,0.54,1.04,1.17,-89.4,,,,50,,1784956998000,2026-07-25T10:53:18.000+05:30,18070.753995973533,1784954105228,Default Profile,false
2026-07-25T05:23:24.000Z,12.189905,75.46712333333333,-3.3000000000000114,2.1,171.24,1.4463694,25,gps,0.54,0.74,0.92,-89.4,,,,50,,1784957004000,2026-07-25T10:53:24.000+05:30,18101.90531062999,1784954105228,Default Profile,false
2026-07-25T05:23:30.000Z,12.189896666666668,75.46712166666666,-4.5,2.1,171.24,0.0,22,gps,0.62,0.76,0.98,-89.4,,,,50,,1784957010000,2026-07-25T10:53:30.000+05:30,18102.849475218045,1784954105228,Default Profile,false
2026-07-25T05:23:35.000Z,12.189835,75.467145,-6.6000000000000085,2.1,168.81,3.2515004,21,gps,0.67,0.77,1.02,-89.4,,,,50,,1784957015000,2026-07-25T10:53:35.000+05:30,18110.16044490578,1784954105228,Default Profile,false
2026-07-25T05:23:41.000Z,12.189581666666667,75.46709833333333,-4.200000000000003,2.2,193.43,5.4447317,22,gps,0.62,0.76,0.98,-89.4,,,,50,,1784957021000,2026-07-25T10:53:41.000+05:30,18138.78281852804,1784954105228,Default Profile,false
2026-07-25T05:23:46.000Z,12.189436666666666,75.46708333333332,-2.3000000000000114,2.2,183.19,0.0,22,gps,0.67,1.14,1.32,-89.4,,,,50,,1784957026000,2026-07-25T10:53:46.000+05:30,18154.988298975215,1784954105228,Default Profile,false
2026-07-25T05:23:52.000Z,12.189468333333332,75.46704833333334,0.19999999999998863,2.3,312.64,1.4978417,19,gps,0.81,0.81,1.14,-89.4,,,,50,,1784957032000,2026-07-25T10:53:52.000+05:30,18160.171896664542,1784954105228,Default Profile,false
2026-07-25T05:23:58.000Z,12.189461666666666,75.46705166666668,3.0,2.5,312.64,0.0,18,gps,0.83,0.82,1.17,-89.4,,,,50,,1784957038000,2026-07-25T10:53:58.000+05:30,18160.996991472835,1784954105228,Default Profile,false
2026-07-25T05:24:04.000Z,12.189461666666666,75.46705166666668,3.0,2.5,312.64,0.0,19,gps,0.71,0.79,1.07,-89.4,,,,50,,1784957044000,2026-07-25T10:54:04.000+05:30,18160.996991472835,1784954105228,Default Profile,false
2026-07-25T05:24:10.000Z,12.189461666666666,75.46705166666668,3.0,1.9,312.64,0.0,18,gps,0.75,0.79,1.10,-89.4,,,,50,,1784957050000,2026-07-25T10:54:10.000+05:30,18160.996991472835,1784954105228,Default Profile,false
2026-07-25T05:24:15.000Z,12.189323333333334,75.46708333333332,3.5999999999999943,2.2,169.4,3.1660564,22,gps,0.67,1.10,1.29,-89.4,,,,50,,1784957055000,2026-07-25T10:54:15.000+05:30,18176.759311932197,1784954105228,Default Profile,false
2026-07-25T05:24:21.000Z,12.189085,75.467055,1.7999999999999972,2.6,191.51,5.2831087,20,gps,0.80,1.19,1.43,-89.4,,,,50,,1784957061000,2026-07-25T10:54:21.000+05:30,18203.439089848423,1784954105228,Default Profile,false
2026-07-25T05:24:26.000Z,12.188828333333333,75.46696166666668,-0.4000000000000057,2.4,199.16,6.5102067,20,gps,0.77,1.10,1.34,-89.4,,,,50,,1784957066000,2026-07-25T10:54:26.000+05:30,18233.72834292602,1784954105228,Default Profile,false
2026-07-25T05:24:32.000Z,12.188445000000002,75.46671833333333,-3.1000000000000085,2.7,202.52,8.636009,20,gps,0.70,1.28,1.46,-89.4,,,,50,,1784957072000,2026-07-25T10:54:32.000+05:30,18283.89144741692,1784954105228,Default Profile,false
2026-07-25T05:24:38.000Z,12.188016666666666,75.46662166666667,-5.0,2.7,168.06,8.214452,21,gps,0.70,1.18,1.37,-89.4,,,,50,,1784957078000,2026-07-25T10:54:38.000+05:30,18332.665017363874,1784954105228,Default Profile,false
2026-07-25T05:24:43.000Z,12.187728333333332,75.46686833333334,-9.300000000000011,2.7,129.43,7.6451693,21,gps,0.66,0.79,1.03,-89.4,,,,50,,1784957083000,2026-07-25T10:54:43.000+05:30,18374.458436617046,1784954105228,Default Profile,false
2026-07-25T05:24:49.000Z,12.187471666666665,75.46715166666667,-12.5,2.1,144.3,6.639402,23,gps,0.58,1.10,1.24,-89.4,,,,50,,1784957089000,2026-07-25T10:54:49.000+05:30,18416.44503880915,1784954105228,Default Profile,false
2026-07-25T05:24:54.000Z,12.187174999999998,75.46719833333333,-13.900000000000006,2.4,186.33,6.8792624,24,gps,0.55,0.73,0.91,-89.4,,,,50,,1784957094000,2026-07-25T10:54:54.000+05:30,18449.820531267535,1784954105228,Default Profile,false
2026-07-25T05:24:59.000Z,12.186794999999998,75.46706999999999,-12.400000000000006,2.3,199.36,7.5942116,25,gps,0.58,0.76,0.95,-89.4,,,,50,,1784957099000,2026-07-25T10:54:59.000+05:30,18494.31733073239,1784954105228,Default Profile,false
2026-07-25T05:25:04.000Z,12.186426666666668,75.46700000000001,-7.400000000000006,2.4,196.51,6.524619,21,gps,0.66,0.81,1.05,-89.4,,,,50,,1784957104000,2026-07-25T10:55:04.000+05:30,18535.974798885432,1784954105228,Default Profile,false
2026-07-25T05:25:10.000Z,12.186028333333335,75.46695333333334,-0.9000000000000057,2.4,208.5,6.294538,22,gps,0.65,0.79,1.02,-89.4,,,,50,,1784957110000,2026-07-25T10:55:10.000+05:30,18580.556918257746,1784954105228,Default Profile,false
2026-07-25T05:25:16.000Z,12.185851666666668,75.466725,-1.6000000000000085,2.2,248.62,5.479218,24,gps,0.55,1.07,1.21,-89.4,,,,50,,1784957116000,2026-07-25T10:55:16.000+05:30,18612.208276533183,1784954105228,Default Profile,false
2026-07-25T05:25:21.000Z,12.18576,75.46652666666667,1.2999999999999972,2.6,251.29,4.2948422,22,gps,0.63,1.16,1.32,-89.4,,,,49,,1784957121000,2026-07-25T10:55:21.000+05:30,18636.053362550607,1784954105228,Default Profile,false
2026-07-25T05:25:27.000Z,12.18568166666667,75.46646000000001,7.0,2.4,263.67,0.0,23,gps,0.61,0.73,0.95,-89.4,,,,49,,1784957127000,2026-07-25T10:55:27.000+05:30,18647.383537459573,1784954105228,Default Profile,false
2026-07-25T05:25:32.000Z,12.18563666666667,75.46644833333333,6.299999999999997,1.6,205.91,3.1933367,24,gps,0.59,0.73,0.94,-89.4,,,,49,,1784957132000,2026-07-25T10:55:32.000+05:30,18652.545481783476,1784954105228,Default Profile,false
2026-07-25T05:25:38.000Z,12.18543,75.46636333333332,7.3999999999999915,2.4,210.71,3.6308506,22,gps,0.63,1.11,1.27,-89.4,,,,49,,1784957138000,2026-07-25T10:55:38.000+05:30,18677.31331466587,1784954105228,Default Profile,false
2026-07-25T05:25:43.000Z,12.185186666666668,75.46625999999999,7.699999999999989,2.4,197.95,5.3356104,21,gps,0.64,0.78,1.01,-89.4,,,,49,,1784957143000,2026-07-25T10:55:43.000+05:30,18706.609151608707,1784954105228,Default Profile,false
2026-07-25T05:25:48.000Z,12.184893333333331,75.46623833333334,5.799999999999997,2.4,172.66,6.965221,22,gps,0.62,0.74,0.96,-89.4,,,,49,,1784957148000,2026-07-25T10:55:48.000+05:30,18739.311232633416,1784954105228,Default Profile,false
2026-07-25T05:25:53.000Z,12.184523333333335,75.46623833333334,5.299999999999997,2.4,184.69,8.502696,22,gps,0.63,0.75,0.98,-89.4,,,,49,,1784957153000,2026-07-25T10:55:53.000+05:30,18780.45335549153,1784954105228,Default Profile,false
2026-07-25T05:25:59.000Z,12.184083333333335,75.46622166666666,6.099999999999994,2.8,185.86,7.4197206,19,gps,0.82,1.31,1.54,-89.4,,,,49,,1784957159000,2026-07-25T10:55:59.000+05:30,18829.41264763273,1784954105228,Default Profile,false
2026-07-25T05:26:04.000Z,12.183688333333334,75.46615833333334,5.0,2.7,195.99,8.472328,19,gps,0.75,1.49,1.67,-89.4,,,,49,,1784957164000,2026-07-25T10:56:04.000+05:30,18873.870800046614,1784954105228,Default Profile,false
2026-07-25T05:26:10.000Z,12.18329,75.46594833333333,3.299999999999997,2.8,203.67,7.9730473,19,gps,0.75,1.49,1.67,-89.4,,,,49,,1784957170000,2026-07-25T10:56:10.000+05:30,18923.69869281686,1784954105228,Default Profile,false
2026-07-25T05:26:15.000Z,12.182965000000001,75.46573833333333,6.099999999999994,2.9,215.04,8.792485,20,gps,0.70,0.79,1.06,-89.4,,,,49,,1784957175000,2026-07-25T10:56:15.000+05:30,18966.441672031888,1784954105228,Default Profile,false
2026-07-25T05:26:20.000Z,12.18265,75.4654,10.699999999999989,3.0,231.51,10.298562,19,gps,0.78,1.31,1.52,-89.4,,,,49,,1784957180000,2026-07-25T10:56:20.000+05:30,19017.22704136806,1784954105228,Default Profile,false
2026-07-25T05:26:26.000Z,12.182246666666666,75.46509333333333,12.799999999999997,3.1,199.39,9.959875,18,gps,0.82,0.80,1.14,-89.4,,,,49,,1784957186000,2026-07-25T10:56:26.000+05:30,19073.105591281445,1784954105228,Default Profile,false
2026-07-25T05:26:32.000Z,12.18185,75.46522333333334,12.5,3.4,162.27,7.5128856,21,gps,0.67,0.77,1.02,-89.4,,,,49,,1784957192000,2026-07-25T10:56:32.000+05:30,19119.42090215084,1784954105228,Default Profile,false
2026-07-25T05:26:38.000Z,12.181491666666666,75.46549666666667,13.399999999999991,3.1,159.18,9.527509,18,gps,0.79,1.63,1.81,-89.4,,,,49,,1784957198000,2026-07-25T10:56:38.000+05:30,19169.12233449156,1784954105228,Default Profile,false
2026-07-25T05:26:44.000Z,12.181093333333335,75.46542,14.599999999999994,3.2,199.4,6.896763,15,gps,0.92,0.90,1.29,-89.4,,,,49,,1784957204000,2026-07-25T10:56:44.000+05:30,19214.192029677983,1784954105228,Default Profile,false
2026-07-25T05:26:50.000Z,12.180996666666665,75.46506500000001,13.699999999999989,3.4,247.39,6.4324837,19,gps,0.71,1.58,1.73,-89.4,,,,49,,1784957210000,2026-07-25T10:56:50.000+05:30,19254.24669100347,1784954105228,Default Profile,false
2026-07-25T05:26:55.000Z,12.180966666666666,75.46472333333332,15.699999999999989,2.7,222.09,6.869483,22,gps,0.59,1.17,1.31,-89.4,,,,49,,1784957215000,2026-07-25T10:56:55.000+05:30,19291.532471528335,1784954105228,Default Profile,false
2026-07-25T05:27:01.000Z,12.180838333333334,75.46460333333333,13.599999999999994,2.6,194.91,1.5899769,21,gps,0.65,0.82,1.05,-89.4,,,,49,,1784957221000,2026-07-25T10:57:01.000+05:30,19310.865156774413,1784954105228,Default Profile,false
2026-07-25T05:27:06.000Z,12.180841666666668,75.46460666666667,12.299999999999997,2.8,194.91,0.0,20,gps,0.71,0.78,1.06,-89.4,,,,49,,1784957226000,2026-07-25T10:57:06.000+05:30,19311.38346773574,1784954105228,Default Profile,false
2026-07-25T05:27:12.000Z,12.180735,75.46456333333334,12.099999999999994,2.6,199.74,4.822947,21,gps,0.68,0.77,1.02,-89.4,,,,49,,1784957232000,2026-07-25T10:57:12.000+05:30,19324.145214735996,1784954105228,Default Profile,false
2026-07-25T05:27:18.000Z,12.180301666666667,75.4645,10.899999999999991,2.6,191.35,9.433829,23,gps,0.59,1.16,1.31,-89.4,,,,49,,1784957238000,2026-07-25T10:57:18.000+05:30,19372.818921814232,1784954105228,Default Profile,false
2026-07-25T05:27:24.000Z,12.179716666666666,75.46448833333334,7.0,2.7,175.24,11.6934595,23,gps,0.62,1.13,1.29,-89.4,,,,49,,1784957244000,2026-07-25T10:57:24.000+05:30,19437.88031268414,1784954105228,Default Profile,false
2026-07-25T05:27:29.000Z,12.179160000000001,75.46453666666666,4.799999999999997,2.8,176.22,11.664635,23,gps,0.59,0.75,0.96,-89.4,,,,49,,1784957249000,2026-07-25T10:57:29.000+05:30,19500.001357402274,1784954105228,Default Profile,false
2026-07-25T05:27:34.000Z,12.178689999999998,75.46458,3.3999999999999915,2.8,171.51,9.856931,22,gps,0.62,0.79,1.00,-89.4,,,,49,,1784957254000,2026-07-25T10:57:34.000+05:30,19552.474784620503,1784954105228,Default Profile,false
2026-07-25T05:27:40.000Z,12.178278333333333,75.46453833333334,-0.4000000000000057,2.7,194.26,8.140332,24,gps,0.58,0.78,0.97,-89.4,,,,49,,1784957260000,2026-07-25T10:57:40.000+05:30,19598.473518936255,1784954105228,Default Profile,false
2026-07-25T05:27:45.000Z,12.177978333333332,75.46432666666666,1.1999999999999886,2.7,221.44,9.213528,24,gps,0.58,0.76,0.96,-89.4,,,,49,,1784957265000,2026-07-25T10:57:45.000+05:30,19638.996255858496,1784954105228,Default Profile,false
2026-07-25T05:27:51.000Z,12.177476666666667,75.464105,2.0999999999999943,2.6,193.61,9.341694,24,gps,0.60,1.18,1.32,-89.4,,,,49,,1784957271000,2026-07-25T10:57:51.000+05:30,19699.759894375642,1784954105228,Default Profile,false
2026-07-25T05:27:57.000Z,12.176936666666666,75.46404000000001,-5.800000000000011,2.6,178.53,10.646,25,gps,0.56,1.01,1.16,-89.4,,,,49,,1784957277000,2026-07-25T10:57:57.000+05:30,19760.21936990874,1784954105228,Default Profile,false
2026-07-25T05:28:03.000Z,12.176366666666668,75.46409999999999,-13.5,2.8,166.81,9.930536,20,gps,0.68,1.37,1.53,-89.4,,,,49,,1784957283000,2026-07-25T10:58:03.000+05:30,19823.93511427772,1784954105228,Default Profile,false
2026-07-25T05:28:08.000Z,12.175925,75.46422166666666,-16.80000000000001,2.8,160.64,10.39533,22,gps,0.68,1.31,1.48,-89.4,,,,49,,1784957288000,2026-07-25T10:58:08.000+05:30,19874.795544983655,1784954105228,Default Profile,false
2026-07-25T05:28:14.000Z,12.175450000000001,75.46446166666666,-19.900000000000006,2.9,139.1,7.304938,19,gps,0.72,0.83,1.10,-89.4,,,,49,,1784957294000,2026-07-25T10:58:14.000+05:30,19933.703965940113,1784954105228,Default Profile,false
2026-07-25T05:28:20.000Z,12.175379999999999,75.46453166666667,-23.60000000000001,2.5,130.89,0.0,24,gps,0.58,0.78,0.97,-89.4,,,,49,,1784957300000,2026-07-25T10:58:20.000+05:30,19944.58860479377,1784954105228,Default Profile,false
2026-07-25T05:28:26.000Z,12.175289999999999,75.46460166666667,-23.700000000000003,2.4,140.65,4.4945545,23,gps,0.62,1.27,1.41,-89.4,,,,49,,1784957306000,2026-07-25T10:58:26.000+05:30,19957.160048438116,1784954105228,Default Profile,false
2026-07-25T05:28:32.000Z,12.175004999999999,75.46483833333333,-24.30000000000001,2.6,156.61,9.653615,21,gps,0.62,0.81,1.02,-89.4,,,,49,,1784957312000,2026-07-25T10:58:32.000+05:30,19997.97703650087,1784954105228,Default Profile,false
2026-07-25T05:28:37.000Z,12.174525000000001,75.46495666666667,-25.60000000000001,2.8,169.99,12.436204,20,gps,0.69,1.37,1.53,-89.4,,,,49,,1784957317000,2026-07-25T10:58:37.000+05:30,20052.878509329883,1784954105228,Default Profile,false
2026-07-25T05:28:42.000Z,12.173918333333331,75.465215,-26.900000000000006,2.9,149.94,14.370015,21,gps,0.66,1.37,1.52,-89.4,,,,49,,1784957322000,2026-07-25T10:58:42.000+05:30,20125.947422098026,1784954105228,Default Profile,false
2026-07-25T05:28:47.000Z,12.173271666666668,75.46545166666667,-32.300000000000004,3.0,164.68,14.98099,20,gps,0.70,1.40,1.57,-89.4,,,,49,,1784957327000,2026-07-25T10:58:47.000+05:30,20202.316417296603,1784954105228,Default Profile,false
2026-07-25T05:28:53.000Z,12.172445000000002,75.46571166666666,-41.400000000000006,3.0,159.63,14.514137,21,gps,0.64,0.81,1.03,-89.4,,,,49,,1784957333000,2026-07-25T10:58:53.000+05:30,20298.483772474927,1784954105228,Default Profile,false
2026-07-25T05:28:58.000Z,12.171953333333333,75.46596166666667,-43.400000000000006,2.8,163.89,12.019279,21,gps,0.66,1.37,1.52,-89.4,,,,49,,1784957338000,2026-07-25T10:58:58.000+05:30,20359.535507693116,1784954105228,Default Profile,false
2026-07-25T05:29:04.000Z,12.171316666666666,75.46594833333333,-41.50000000000001,2.8,198.02,12.68327,21,gps,0.64,0.81,1.03,-89.4,,,,49,,1784957344000,2026-07-25T10:59:04.000+05:30,20430.34444390479,1784954105228,Default Profile,false
2026-07-25T05:29:10.000Z,12.170781666666668,75.46553666666667,-47.7,3.0,222.4,12.10009,21,gps,0.68,1.44,1.59,-89.4,,,,49,,1784957350000,2026-07-25T10:59:10.000+05:30,20504.783744850236,1784954105228,Default Profile,false
2026-07-25T05:29:16.000Z,12.170308333333333,75.46521833333333,-48.800000000000004,2.9,208.35,9.855387,19,gps,0.77,1.65,1.82,-89.4,,,,49,,1784957356000,2026-07-25T10:59:16.000+05:30,20567.771187195867,1784954105228,Default Profile,false
2026-07-25T05:29:22.000Z,12.169860000000002,75.46486499999999,-52.400000000000006,2.8,228.32,9.717441,22,gps,0.59,0.78,0.98,-89.4,,,,49,,1784957362000,2026-07-25T10:59:22.000+05:30,20630.701896257207,1784954105228,Default Profile,false
2026-07-25T05:29:28.000Z,12.169648333333335,75.46441,-54.2,2.7,253.21,10.299592,24,gps,0.57,1.24,1.36,-89.4,,,,49,,1784957368000,2026-07-25T10:59:28.000+05:30,20685.473441942515,1784954105228,Default Profile,false
2026-07-25T05:29:33.000Z,12.169516666666668,75.46389333333333,-57.10000000000001,2.8,255.5,11.775815,22,gps,0.60,1.37,1.50,-89.4,,,,49,,1784957373000,2026-07-25T10:59:33.000+05:30,20743.510140295963,1784954105228,Default Profile,false
2026-07-25T05:29:38.000Z,12.169391666666668,75.46345500000001,-55.60000000000001,2.7,263.85,6.65227,19,gps,0.68,1.94,2.06,-89.4,,,,49,,1784957378000,2026-07-25T10:59:38.000+05:30,20793.14132407076,1784954105228,Default Profile,false
2026-07-25T05:29:44.000Z,12.169385,75.46339666666667,-52.10000000000001,2.5,260.63,0.0,22,gps,0.61,0.80,1.01,-89.4,,,,49,,1784957384000,2026-07-25T10:59:44.000+05:30,20799.52512401666,1784954105228,Default Profile,false
2026-07-25T05:29:49.000Z,12.169388333333332,75.46339166666667,-51.7,1.1,264.08,2.1978638,23,gps,0.61,0.80,1.01,-89.4,,,,49,,1784957389000,2026-07-25T10:59:49.000+05:30,20800.182963657255,1784954105228,Default Profile,false
2026-07-25T05:29:55.000Z,12.169344999999998,75.463205,-52.00000000000001,2.2,265.14,5.4653206,26,gps,0.52,0.96,1.09,-89.4,,,,49,,1784957395000,2026-07-25T10:59:55.000+05:30,20821.037221616873,1784954105228,Default Profile,false
2026-07-25T05:30:00.000Z,12.169243333333334,75.46293666666666,-51.800000000000004,2.1,221.84,6.973457,26,gps,0.55,0.73,0.91,-89.4,,,,49,,1784957400000,2026-07-25T11:00:00.000+05:30,20852.318253492253,1784954105228,Default Profile,false
2026-07-25T05:30:06.000Z,12.168878333333335,75.46291333333333,-49.400000000000006,2.5,168.04,7.451119,24,gps,0.57,0.73,0.92,-89.4,,,,49,,1784957406000,2026-07-25T11:00:06.000+05:30,20892.983570211672,1784954105228,Default Profile,false
2026-07-25T05:30:12.000Z,12.168401666666666,75.46299,-46.400000000000006,2.6,178.09,8.069301,23,gps,0.57,0.76,0.95,-89.4,,,,49,,1784957412000,2026-07-25T11:00:12.000+05:30,20946.63759683698,1784954105228,Default Profile,false
2026-07-25T05:30:18.000Z,12.16807,75.46296833333334,-46.10000000000001,2.5,188.92,3.2736332,23,gps,0.60,0.72,0.93,-89.4,,,,49,,1784957418000,2026-07-25T11:00:18.000+05:30,20983.592367932542,1784954105228,Default Profile,false
2026-07-25T05:30:24.000Z,12.168058333333333,75.46294333333334,-46.10000000000001,2.5,185.94,0.0,24,gps,0.56,0.70,0.89,-89.4,,,,49,,1784957424000,2026-07-25T11:00:24.000+05:30,20986.60356163195,1784954105228,Default Profile,false
2026-07-25T05:30:30.000Z,12.168058333333333,75.46294333333334,-46.10000000000001,1.1,185.94,0.0,23,gps,0.57,0.75,0.94,-89.4,,,,49,,1784957430000,2026-07-25T11:00:30.000+05:30,20986.60356163195,1784954105228,Default Profile,false
2026-07-25T05:30:35.000Z,12.168058333333333,75.46294333333334,-46.10000000000001,1.1,185.94,0.0,23,gps,0.57,0.72,0.92,-89.4,,,,49,,1784957435000,2026-07-25T11:00:35.000+05:30,20986.60356163195,1784954105228,Default Profile,false
2026-07-25T05:30:41.000Z,12.168058333333333,75.46294333333334,-46.10000000000001,1.1,185.94,0.0,22,gps,0.60,0.73,0.94,-89.4,,,,49,,1784957441000,2026-07-25T11:00:41.000+05:30,20986.60356163195,1784954105228,Default Profile,false
2026-07-25T05:30:47.000Z,12.168058333333333,75.46294333333334,-46.10000000000001,1.0,185.94,0.0,22,gps,0.60,0.73,0.94,-89.4,,,,49,,1784957447000,2026-07-25T11:00:47.000+05:30,20986.60356163195,1784954105228,Default Profile,false
2026-07-25T05:30:53.000Z,12.168058333333333,75.46294333333334,-46.10000000000001,1.1,185.94,0.0,22,gps,0.60,0.73,0.94,-89.4,,,,49,,1784957453000,2026-07-25T11:00:53.000+05:30,20986.60356163195,1784954105228,Default Profile,false
2026-07-25T05:30:58.000Z,12.168058333333333,75.46294333333334,-46.10000000000001,1.9,185.94,0.0,21,gps,0.60,0.74,0.96,-89.4,,,,49,,1784957458000,2026-07-25T11:00:58.000+05:30,20986.60356163195,1784954105228,Default Profile,false
2026-07-25T05:31:04.000Z,12.168058333333333,75.46294333333334,-46.10000000000001,1.1,185.94,0.0,21,gps,0.64,0.75,0.99,-89.4,,,,49,,1784957464000,2026-07-25T11:01:04.000+05:30,20986.60356163195,1784954105228,Default Profile,false
2026-07-25T05:31:09.000Z,12.168058333333333,75.46294333333334,-46.10000000000001,1.5,185.94,0.0,21,gps,0.64,0.75,0.99,-89.4,,,,49,,1784957469000,2026-07-25T11:01:09.000+05:30,20986.60356163195,1784954105228,Default Profile,false
2026-07-25T05:31:15.000Z,12.168058333333333,75.46294333333334,-46.10000000000001,1.0,185.94,0.0,22,gps,0.60,0.73,0.94,-89.4,,,,49,,1784957475000,2026-07-25T11:01:15.000+05:30,20986.60356163195,1784954105228,Default Profile,false
2026-07-25T05:31:20.000Z,12.168058333333333,75.46294333333334,-46.10000000000001,1.1,185.94,0.0,25,gps,0.55,0.69,0.88,-89.4,,,,49,,1784957480000,2026-07-25T11:01:20.000+05:30,20986.60356163195,1784954105228,Default Profile,false
2026-07-25T05:31:25.000Z,12.168058333333333,75.46294333333334,-46.10000000000001,1.0,185.94,0.0,24,gps,0.57,0.69,0.89,-89.4,,,,49,,1784957485000,2026-07-25T11:01:25.000+05:30,20986.60356163195,1784954105228,Default Profile,false
2026-07-25T05:31:30.000Z,12.168058333333333,75.46294333333334,-46.10000000000001,1.5,185.94,0.0,22,gps,0.61,0.70,0.93,-89.4,,,,49,,1784957490000,2026-07-25T11:01:30.000+05:30,20986.60356163195,1784954105228,Default Profile,false
2026-07-25T05:31:36.000Z,12.168058333333333,75.46294333333334,-46.10000000000001,1.1,185.94,0.0,23,gps,0.58,0.71,0.92,-89.4,,,,49,,1784957496000,2026-07-25T11:01:36.000+05:30,20986.60356163195,1784954105228,Default Profile,false
2026-07-25T05:31:41.000Z,12.168058333333333,75.46294333333334,-46.10000000000001,1.8,185.94,0.0,23,gps,0.58,0.71,0.92,-89.4,,,,49,,1784957501000,2026-07-25T11:01:41.000+05:30,20986.60356163195,1784954105228,Default Profile,false
2026-07-25T05:31:47.000Z,12.168058333333333,75.46294333333334,-46.10000000000001,1.6,185.94,0.0,23,gps,0.59,0.71,0.92,-89.4,,,,49,,1784957507000,2026-07-25T11:01:47.000+05:30,20986.60356163195,1784954105228,Default Profile,false
2026-07-25T05:31:53.000Z,12.168058333333333,75.46294333333334,-46.10000000000001,1.0,185.94,0.0,22,gps,0.60,0.71,0.94,-89.4,,,,49,,1784957513000,2026-07-25T11:01:53.000+05:30,20986.60356163195,1784954105228,Default Profile,false
2026-07-25T05:31:58.000Z,12.168068333333334,75.462935,-46.00000000000001,1.7,220.24,2.7995741,23,gps,0.58,0.71,0.91,-89.4,,,,49,,1784957518000,2026-07-25T11:01:58.000+05:30,20988.037757027614,1784954105228,Default Profile,false
2026-07-25T05:32:04.000Z,12.167973333333334,75.46283166666667,-43.2,2.5,246.86,0.0,22,gps,0.59,0.78,0.97,-89.4,,,,49,,1784957524000,2026-07-25T11:02:04.000+05:30,21003.456763711474,1784954105228,Default Profile,false
2026-07-25T05:32:10.000Z,12.167926666666665,75.46278166666666,-41.400000000000006,2.4,229.21,1.5601231,24,gps,0.55,0.97,1.11,-89.4,,,,49,,1784957530000,2026-07-25T11:02:10.000+05:30,21010.971031331213,1784954105228,Default Profile,false
2026-07-25T05:32:16.000Z,12.167881666666664,75.46276333333334,-39.7,2.1,158.27,0.0,24,gps,0.55,0.68,0.88,-89.4,,,,49,,1784957536000,2026-07-25T11:02:16.000+05:30,21016.357020991796,1784954105228,Default Profile,false
2026-07-25T05:32:22.000Z,12.167845,75.46274,-39.300000000000004,1.6,232.02,2.406841,25,gps,0.54,0.68,0.87,-89.4,,,,49,,1784957542000,2026-07-25T11:02:22.000+05:30,21021.15866074467,1784954105228,Default Profile,false
2026-07-25T05:32:28.000Z,12.167681666666665,75.46250333333334,-38.00000000000001,2.4,238.19,6.751611,26,gps,0.53,0.95,1.09,-89.4,,,,49,,1784957548000,2026-07-25T11:02:28.000+05:30,21052.64872974602,1784954105228,Default Profile,false
2026-07-25T05:32:33.000Z,12.167503333333332,75.46223499999999,-38.2,2.5,239.76,6.5832973,21,gps,0.67,1.37,1.52,-89.4,,,,49,,1784957553000,2026-07-25T11:02:33.000+05:30,21087.918184087514,1784954105228,Default Profile,false
2026-07-25T05:32:39.000Z,12.167238333333334,75.46184833333334,-37.10000000000001,2.8,226.5,8.285998,21,gps,0.67,1.37,1.52,-89.4,,,,49,,1784957559000,2026-07-25T11:02:39.000+05:30,21139.2481455354,1784954105228,Default Profile,false
2026-07-25T05:32:45.000Z,12.166928333333333,75.46163333333334,-39.300000000000004,2.6,208.59,2.618392,24,gps,0.61,1.24,1.38,-89.4,,,,49,,1784957565000,2026-07-25T11:02:45.000+05:30,21180.893819887693,1784954105228,Default Profile,false
2026-07-25T05:32:50.000Z,12.166924999999999,75.46162833333332,-39.7,2.6,208.59,0.0,21,gps,0.62,0.81,1.02,-89.4,,,,49,,1784957570000,2026-07-25T11:02:50.000+05:30,21181.55166368653,1784954105228,Default Profile,false
2026-07-25T05:32:56.000Z,12.166908333333334,75.46160333333334,-41.00000000000001,1.5,225.36,2.711042,21,gps,0.64,0.81,1.03,-89.4,,,,49,,1784957576000,2026-07-25T11:02:56.000+05:30,21184.840882756038,1784954105228,Default Profile,false
2026-07-25T05:33:02.000Z,12.166665,75.46138666666667,-43.400000000000006,2.5,226.79,7.747599,24,gps,0.56,1.18,1.31,-89.4,,,,49,,1784957582000,2026-07-25T11:03:02.000+05:30,21220.712291980675,1784954105228,Default Profile,false
2026-07-25T05:33:08.000Z,12.166365,75.46100499999999,-45.60000000000001,2.5,225.04,9.542436,23,gps,0.59,1.12,1.27,-89.4,,,,49,,1784957588000,2026-07-25T11:03:08.000+05:30,21273.946593056233,1784954105228,Default Profile,false
2026-07-25T05:33:13.000Z,12.165971666666668,75.46070833333333,-44.400000000000006,2.6,212.33,10.428272,22,gps,0.70,1.31,1.49,-89.4,,,,49,,1784957593000,2026-07-25T11:03:13.000+05:30,21328.28591061228,1784954105228,Default Profile,false
2026-07-25T05:33:19.000Z,12.165538333333332,75.46030333333333,-42.300000000000004,2.8,240.7,10.853948,21,gps,0.68,1.31,1.47,-89.4,,,,49,,1784957599000,2026-07-25T11:03:19.000+05:30,21393.552517762855,1784954105228,Default Profile,false
2026-07-25T05:33:25.000Z,12.165473333333333,75.459645,-44.2,2.7,280.41,13.436824,23,gps,0.66,1.23,1.40,-89.4,,,,49,,1784957605000,2026-07-25T11:03:25.000+05:30,21465.47599296464,1784954105228,Default Profile,false
2026-07-25T05:33:31.000Z,12.165695000000001,75.45881666666668,-53.900000000000006,2.5,272.28,13.382263,26,gps,0.56,0.70,0.89,-89.4,,,,49,,1784957611000,2026-07-25T11:03:31.000+05:30,21558.82681081459,1784954105228,Default Profile,false
2026-07-25T05:33:36.000Z,12.165449999999998,75.45825333333333,-54.60000000000001,2.6,232.82,12.660623,25,gps,0.58,0.70,0.91,-89.4,,,,49,,1784957616000,2026-07-25T11:03:36.000+05:30,21625.84664980967,1784954105228,Default Profile,false
2026-07-25T05:33:41.000Z,12.165133333333332,75.457825,-51.900000000000006,3.0,233.06,12.570546,21,gps,0.69,0.79,1.04,-89.4,,,,49,,1784957621000,2026-07-25T11:03:41.000+05:30,21684.22130318016,1784954105228,Default Profile,false
2026-07-25T05:33:47.000Z,12.164583333333333,75.45742833333334,-47.2,2.9,197.13,11.725372,21,gps,0.67,0.79,1.04,-89.4,,,,49,,1784957627000,2026-07-25T11:03:47.000+05:30,21759.04958536783,1784954105228,Default Profile,false
2026-07-25T05:33:53.000Z,12.164001666666666,75.45729833333333,-43.800000000000004,2.8,202.38,10.382977,24,gps,0.57,0.75,0.94,-89.4,,,,49,,1784957633000,2026-07-25T11:03:53.000+05:30,21825.253604129855,1784954105228,Default Profile,false
2026-07-25T05:33:59.000Z,12.163445000000001,75.45710000000001,-44.900000000000006,2.5,192.65,10.496216,27,gps,0.52,0.68,0.86,-89.4,,,,49,,1784957639000,2026-07-25T11:03:59.000+05:30,21890.798979913267,1784954105228,Default Profile,false
2026-07-25T05:34:04.000Z,12.163008333333334,75.45704500000001,-38.50000000000001,2.5,184.96,9.832739,25,gps,0.55,0.95,1.10,-89.4,,,,49,,1784957644000,2026-07-25T11:04:04.000+05:30,21939.72076565019,1784954105228,Default Profile,false
2026-07-25T05:34:10.000Z,12.162713333333333,75.45700166666667,-35.300000000000004,2.5,193.33,1.5987272,24,gps,0.58,1.05,1.20,-89.4,,,,49,,1784957650000,2026-07-25T11:04:10.000+05:30,21972.85973088315,1784954105228,Default Profile,false
2026-07-25T05:34:16.000Z,12.16271,75.45700333333333,-36.10000000000001,1.2,204.61,3.5629072,22,gps,0.60,0.75,0.96,-89.4,,,,49,,1784957656000,2026-07-25T11:04:16.000+05:30,21973.27228630133,1784954105228,Default Profile,false
2026-07-25T05:34:21.000Z,12.162493333333336,75.45688333333332,-35.00000000000001,2.4,209.68,6.637858,22,gps,0.60,0.75,0.96,-89.4,,,,49,,1784957661000,2026-07-25T11:04:21.000+05:30,22000.668975157765,1784954105228,Default Profile,false
2026-07-25T05:34:27.000Z,12.162063333333332,75.45669666666666,-32.7,2.6,202.23,8.597405,23,gps,0.59,0.71,0.92,-89.4,,,,49,,1784957667000,2026-07-25T11:04:27.000+05:30,22052.609959372476,1784954105228,Default Profile,false
2026-07-25T05:34:32.000Z,12.161629999999999,75.45649166666666,-32.900000000000006,2.7,209.79,10.393785,22,gps,0.61,1.16,1.31,-89.4,,,,49,,1784957672000,2026-07-25T11:04:32.000+05:30,22105.69753856178,1784954105228,Default Profile,false
2026-07-25T05:34:38.000Z,12.161206666666665,75.45619833333333,-30.60000000000001,3.0,215.59,9.208381,20,gps,0.68,0.80,1.05,-89.4,,,,49,,1784957678000,2026-07-25T11:04:38.000+05:30,22162.552502543454,1784954105228,Default Profile,false
2026-07-25T05:34:43.000Z,12.160876666666665,75.45590666666666,-25.10000000000001,2.9,217.44,9.851784,21,gps,0.67,0.80,1.04,-89.4,,,,49,,1784957683000,2026-07-25T11:04:43.000+05:30,22211.04601854062,1784954105228,Default Profile,false
2026-07-25T05:34:49.000Z,12.160441666666667,75.45549333333334,-21.80000000000001,3.0,218.77,11.359405,21,gps,0.67,0.80,1.04,-89.4,,,,48,,1784957689000,2026-07-25T11:04:49.000+05:30,22277.063246284368,1784954105228,Default Profile,false
2026-07-25T05:34:54.000Z,12.159953333333332,75.45529166666667,-20.900000000000006,3.1,188.75,12.548413,19,gps,0.76,1.40,1.59,-89.4,,,,48,,1784957694000,2026-07-25T11:04:54.000+05:30,22335.621319782418,1784954105228,Default Profile,false
2026-07-25T05:34:59.000Z,12.159351666666664,75.45518166666668,-21.400000000000006,2.9,198.64,9.01433,20,gps,0.70,1.23,1.41,-89.4,,,,48,,1784957699000,2026-07-25T11:04:59.000+05:30,22403.583703377524,1784954105228,Default Profile,false
2026-07-25T05:35:05.000Z,12.159231666666669,75.45514833333333,-21.30000000000001,2.6,188.2,0.0,23,gps,0.60,0.72,0.94,-89.4,,,,48,,1784957705000,2026-07-25T11:05:05.000+05:30,22417.410298013543,1784954105228,Default Profile,false
2026-07-25T05:35:11.000Z,12.159168333333332,75.455085,-24.900000000000006,2.6,208.01,4.6649275,22,gps,0.66,1.08,1.27,-89.4,,,,48,,1784957711000,2026-07-25T11:05:11.000+05:30,22427.258598231012,1784954105228,Default Profile,false
2026-07-25T05:35:16.000Z,12.158916666666668,75.45494166666667,-26.60000000000001,2.6,203.35,8.087316,24,gps,0.58,1.05,1.20,-89.4,,,,48,,1784957716000,2026-07-25T11:05:16.000+05:30,22459.287589079147,1784954105228,Default Profile,false
2026-07-25T05:35:22.000Z,12.15838,75.45473166666667,-28.500000000000007,2.4,191.84,11.712504,25,gps,0.55,0.98,1.12,-89.4,,,,48,,1784957722000,2026-07-25T11:05:22.000+05:30,22523.179192778414,1784954105228,Default Profile,false
2026-07-25T05:35:28.000Z,12.157745,75.45451833333333,-28.300000000000004,2.7,211.34,11.723313,26,gps,0.54,0.69,0.88,-89.4,,,,48,,1784957728000,2026-07-25T11:05:28.000+05:30,22597.49845858321,1784954105228,Default Profile,false
2026-07-25T05:35:33.000Z,12.157363333333334,75.45416833333334,-24.80000000000001,2.7,223.52,10.300106,27,gps,0.53,0.92,1.06,-89.4,,,,48,,1784957733000,2026-07-25T11:05:33.000+05:30,22654.494536109974,1784954105228,Default Profile,false
2026-07-25T05:35:39.000Z,12.156855,75.45396333333333,-19.30000000000001,2.6,191.84,9.400372,26,gps,0.57,0.96,1.12,-89.4,,,,48,,1784957739000,2026-07-25T11:05:39.000+05:30,22715.252566625455,1784954105228,Default Profile,false
2026-07-25T05:35:45.000Z,12.156473333333334,75.45382666666666,-12.400000000000006,2.7,203.19,7.102137,24,gps,0.60,1.03,1.19,-89.4,,,,48,,1784957745000,2026-07-25T11:05:45.000+05:30,22760.216986547457,1784954105228,Default Profile,false
2026-07-25T05:35:51.000Z,12.156191666666667,75.453665,-3.0,2.7,200.83,5.822023,23,gps,0.62,1.12,1.28,-89.4,,,,48,,1784957751000,2026-07-25T11:05:51.000+05:30,22796.13023609406,1784954105228,Default Profile,false
2026-07-25T05:35:57.000Z,12.155875,75.45364833333333,0.29999999999999716,2.8,170.06,5.755624,22,gps,0.66,1.29,1.45,-89.4,,,,48,,1784957757000,2026-07-25T11:05:57.000+05:30,22831.388539233158,1784954105228,Default Profile,false
2026-07-25T05:36:02.000Z,12.155640000000002,75.45374166666667,2.5999999999999943,2.9,144.65,4.7349296,19,gps,0.75,1.35,1.54,-89.4,,,,48,,1784957762000,2026-07-25T11:06:02.000+05:30,22859.41977740789,1784954105228,Default Profile,false
2026-07-25T05:36:08.000Z,12.155304999999998,75.45394333333334,1.8999999999999915,2.8,160.04,7.200449,21,gps,0.65,0.80,1.03,-89.4,,,,48,,1784957768000,2026-07-25T11:06:08.000+05:30,22902.641755428787,1784954105228,Default Profile,false
2026-07-25T05:36:13.000Z,12.154901666666667,75.45396000000001,2.3999999999999915,2.9,192.91,9.302575,23,gps,0.60,0.79,0.99,-89.4,,,,48,,1784957773000,2026-07-25T11:06:13.000+05:30,22947.52695359004,1784954105228,Default Profile,false
2026-07-25T05:36:18.000Z,12.154348333333333,75.45375,-1.2000000000000028,2.9,198.98,13.263362,19,gps,0.68,0.82,1.07,-89.4,,,,48,,1784957778000,2026-07-25T11:06:18.000+05:30,23013.152947808983,1784954105228,Default Profile,false
2026-07-25T05:36:24.000Z,12.153595,75.45342000000001,-4.700000000000003,3.4,206.86,16.235884,16,gps,0.89,0.84,1.22,-89.5,,,,48,,1784957784000,2026-07-25T11:06:24.000+05:30,23104.277438676185,1784954105228,Default Profile,false
2026-07-25T05:36:30.000Z,12.153015000000002,75.45286,-8.599999999999994,2.7,216.61,8.481078,25,gps,0.61,1.13,1.28,-89.5,,,,48,,1784957790000,2026-07-25T11:06:30.000+05:30,23192.96196922903,1784954105228,Default Profile,false
2026-07-25T05:36:36.000Z,12.152973333333334,75.45278833333333,-10.099999999999994,2.6,236.39,0.0,25,gps,0.58,0.77,0.97,-89.5,,,,48,,1784957796000,2026-07-25T11:06:36.000+05:30,23202.02595221263,1784954105228,Default Profile,false
2026-07-25T05:36:42.000Z,12.152874999999998,75.45268666666666,-14.799999999999997,2.4,219.27,4.800814,24,gps,0.61,1.19,1.33,-89.5,,,,48,,1784957802000,2026-07-25T11:06:42.000+05:30,23217.572365259188,1784954105228,Default Profile,false
2026-07-25T05:36:48.000Z,12.152631666666666,75.45240166666667,-18.900000000000006,2.6,234.46,8.489314,24,gps,0.60,0.77,0.98,-89.5,,,,48,,1784957808000,2026-07-25T11:06:48.000+05:30,23258.704925785205,1784954105228,Default Profile,false
2026-07-25T05:36:54.000Z,12.152298333333333,75.45192333333333,-20.0,2.6,239.78,11.0428505,27,gps,0.53,0.69,0.88,-89.5,,,,48,,1784957814000,2026-07-25T11:06:54.000+05:30,23322.55969550064,1784954105228,Default Profile,false
2026-07-25T05:36:59.000Z,12.151996666666665,75.45147,-16.0,2.6,227.16,13.214978,27,gps,0.53,1.01,1.14,-89.5,,,,48,,1784957819000,2026-07-25T11:06:59.000+05:30,23382.171679732295,1784954105228,Default Profile,false
2026-07-25T05:37:04.000Z,12.151469999999998,75.45098333333334,-16.0,2.6,223.85,16.483465,24,gps,0.59,0.78,0.98,-89.5,,,,48,,1784957824000,2026-07-25T11:07:04.000+05:30,23461.090899455467,1784954105228,Default Profile,false
2026-07-25T05:37:10.000Z,12.15071,75.45038500000001,-20.799999999999997,2.7,206.82,16.071686,23,gps,0.63,0.78,1.00,-89.5,,,,48,,1784957830000,2026-07-25T11:07:10.000+05:30,23567.730314743098,1784954105228,Default Profile,false
2026-07-25T05:37:16.000Z,12.150058333333334,75.44990333333334,-25.700000000000003,2.5,234.51,13.3277025,26,gps,0.54,0.74,0.92,-89.5,,,,48,,1784957836000,2026-07-25T11:07:16.000+05:30,23657.129530963975,1784954105228,Default Profile,false
2026-07-25T05:37:21.000Z,12.149778333333332,75.44948333333333,-28.299999999999997,2.5,232.75,8.597405,28,gps,0.53,1.01,1.14,-89.5,,,,48,,1784957841000,2026-07-25T11:07:21.000+05:30,23712.390822258836,1784954105228,Default Profile,false
2026-07-25T05:37:26.000Z,12.149733333333332,75.44937833333333,-35.4,2.4,239.22,0.0,28,gps,0.51,0.68,0.85,-89.5,,,,48,,1784957846000,2026-07-25T11:07:26.000+05:30,23724.853402555756,1784954105228,Default Profile,false
2026-07-25T05:37:31.000Z,12.149733333333332,75.44938,-35.5,1.2,239.22,0.0,27,gps,0.57,0.74,0.93,-89.5,,,,48,,1784957851000,2026-07-25T11:07:31.000+05:30,23725.03457632733,1784954105228,Default Profile,false
2026-07-25T05:37:37.000Z,12.149621666666667,75.44916666666667,-36.3,2.3,245.31,6.2744637,27,gps,0.54,1.08,1.21,-89.5,,,,48,,1784957857000,2026-07-25T11:07:37.000+05:30,23751.339778788057,1784954105228,Default Profile,false
2026-07-25T05:37:43.000Z,12.149488333333332,75.44877,-29.0,2.4,258.69,8.728145,27,gps,0.54,1.03,1.16,-89.5,,,,48,,1784957863000,2026-07-25T11:07:43.000+05:30,23796.936834156364,1784954105228,Default Profile,false
2026-07-25T05:37:49.000Z,12.149215,75.44817333333334,-24.700000000000003,2.3,239.4,12.509809,29,gps,0.49,0.86,0.99,-89.5,,,,48,,1784957869000,2026-07-25T11:07:49.000+05:30,23868.56511314968,1784954105228,Default Profile,false
2026-07-25T05:37:54.000Z,12.148866666666667,75.447655,-23.400000000000006,2.5,233.32,14.325234,28,gps,0.50,0.68,0.85,-89.5,,,,48,,1784957874000,2026-07-25T11:07:54.000+05:30,23936.939215331844,1784954105228,Default Profile,false
2026-07-25T05:37:59.000Z,12.148456666666668,75.4471,-34.4,2.6,232.09,14.839956,28,gps,0.52,0.71,0.88,-89.5,,,,48,,1784957879000,2026-07-25T11:07:59.000+05:30,24012.55854785678,1784954105228,Default Profile,false
2026-07-25T05:38:05.000Z,12.147908333333332,75.44647499999999,-28.0,2.5,233.33,13.522782,27,gps,0.53,0.72,0.89,-89.5,,,,48,,1784957885000,2026-07-25T11:08:05.000+05:30,24103.846501065746,1784954105228,Default Profile,false
2026-07-25T05:38:11.000Z,12.147658333333334,75.4459,-22.799999999999997,2.8,260.58,12.652387,25,gps,0.57,0.72,0.92,-89.5,,,,48,,1784957891000,2026-07-25T11:08:11.000+05:30,24172.25480178023,1784954105228,Default Profile,false
2026-07-25T05:38:17.000Z,12.147816666666666,75.44522166666667,-21.5,2.7,289.82,12.629739,20,gps,0.60,1.20,1.34,-89.5,,,,48,,1784957897000,2026-07-25T11:08:17.000+05:30,24248.065750846214,1784954105228,Default Profile,false
2026-07-25T05:38:22.000Z,12.14792,75.44465666666666,-25.700000000000003,2.7,267.79,12.641063,19,gps,0.68,1.34,1.50,-89.5,,,,48,,1784957902000,2026-07-25T11:08:22.000+05:30,24310.549634246992,1784954105228,Default Profile,false
2026-07-25T05:38:28.000Z,12.147788333333331,75.44397666666667,-28.9,2.9,258.79,11.409847,18,gps,0.70,0.83,1.08,-89.5,,,,48,,1784957908000,2026-07-25T11:08:28.000+05:30,24385.904990876705,1784954105228,Default Profile,false
2026-07-25T05:38:34.000Z,12.147483333333332,75.44345666666666,-43.4,2.8,227.25,12.265316,21,gps,0.60,0.81,1.01,-89.5,,,,48,,1784957914000,2026-07-25T11:08:34.000+05:30,24451.8250454719,1784954105228,Default Profile,false
2026-07-25T05:38:39.000Z,12.147145,75.44306666666667,-50.8,2.9,216.54,10.45967,21,gps,0.63,0.81,1.03,-89.5,,,,48,,1784957919000,2026-07-25T11:08:39.000+05:30,24508.505517908303,1784954105228,Default Profile,false
2026-07-25T05:38:45.000Z,12.146780000000001,75.44293833333333,-56.2,2.8,195.49,5.07722,24,gps,0.60,0.77,0.98,-89.5,,,,48,,1784957925000,2026-07-25T11:08:45.000+05:30,24551.422328029796,1784954105228,Default Profile,false
2026-07-25T05:38:50.000Z,12.146798333333333,75.44294166666667,-60.4,2.7,195.06,0.0,26,gps,0.54,0.72,0.90,-89.5,,,,48,,1784957930000,2026-07-25T11:08:50.000+05:30,24553.49285482078,1784954105228,Default Profile,false
2026-07-25T05:38:56.000Z,12.146798333333333,75.44294166666667,-60.4,2.5,195.06,0.0,28,gps,0.53,0.69,0.87,-89.5,,,,48,,1784957936000,2026-07-25T11:08:56.000+05:30,24553.49285482078,1784954105228,Default Profile,false
2026-07-25T05:39:02.000Z,12.146678333333334,75.44291,-59.5,2.2,195.17,4.474995,30,gps,0.49,0.83,0.96,-89.5,,,,48,,1784957942000,2026-07-25T11:09:02.000+05:30,24567.27312317419,1784954105228,Default Profile,false
2026-07-25T05:39:08.000Z,12.1463,75.44287166666666,-56.4,2.3,182.17,8.383281,29,gps,0.48,0.65,0.81,-89.5,,,,48,,1784957948000,2026-07-25T11:09:08.000+05:30,24609.547746530363,1784954105228,Default Profile,false
2026-07-25T05:39:14.000Z,12.145761666666665,75.442825,-61.1,2.4,187.93,9.043155,27,gps,0.53,0.68,0.86,-89.5,,,,48,,1784957954000,2026-07-25T11:09:14.000+05:30,24669.622254937603,1784954105228,Default Profile,false
2026-07-25T05:39:19.000Z,12.145321666666666,75.44275333333333,-58.6,2.4,196.54,10.437537,27,gps,0.57,0.90,1.06,-89.5,,,,48,,1784957959000,2026-07-25T11:09:19.000+05:30,24719.16439977272,1784954105228,Default Profile,false
2026-07-25T05:39:25.000Z,12.144763333333334,75.44254833333333,-53.4,2.6,203.63,11.012482,26,gps,0.58,0.97,1.14,-89.5,,,,48,,1784957965000,2026-07-25T11:09:25.000+05:30,24785.126610669187,1784954105228,Default Profile,false
2026-07-25T05:39:31.000Z,12.144296666666666,75.44229333333332,-51.4,2.6,212.89,8.871238,28,gps,0.56,0.95,1.10,-89.5,,,,48,,1784957971000,2026-07-25T11:09:31.000+05:30,24843.95753676458,1784954105228,Default Profile,false
2026-07-25T05:39:37.000Z,12.14396,75.44200833333333,-48.3,2.4,226.04,6.7696266,29,gps,0.51,0.90,1.04,-89.5,,,,48,,1784957977000,2026-07-25T11:09:37.000+05:30,24892.55044929553,1784954105228,Default Profile,false
2026-07-25T05:39:42.000Z,12.143799999999999,75.44178333333333,-42.3,2.2,241.77,5.750477,26,gps,0.57,0.94,1.10,-89.5,,,,48,,1784957982000,2026-07-25T11:09:42.000+05:30,24922.795596105596,1784954105228,Default Profile,false
2026-07-25T05:39:47.000Z,12.143733333333333,75.44150333333333,-40.4,2.4,264.81,6.307406,28,gps,0.56,0.89,1.05,-89.5,,,,48,,1784957987000,2026-07-25T11:09:47.000+05:30,24954.12316817834,1784954105228,Default Profile,false
2026-07-25T05:39:53.000Z,12.143781666666666,75.44115333333333,-34.2,2.3,281.56,6.4010854,29,gps,0.54,0.87,1.03,-89.5,,,,48,,1784957993000,2026-07-25T11:09:53.000+05:30,24992.54822427483,1784954105228,Default Profile,false
2026-07-25T05:39:58.000Z,12.14384,75.44086166666666,-29.9,2.4,281.23,6.702713,28,gps,0.54,0.67,0.86,-89.5,,,,48,,1784957998000,2026-07-25T11:09:58.000+05:30,25024.91102310805,1784954105228,Default Profile,false
2026-07-25T05:40:04.000Z,12.143934999999999,75.440525,-24.700000000000003,2.4,289.86,6.185417,26,gps,0.60,1.07,1.23,-89.5,,,,48,,1784958004000,2026-07-25T11:10:04.000+05:30,25063.002945976925,1784954105228,Default Profile,false
2026-07-25T05:40:09.000Z,12.144026666666665,75.44026166666666,-21.5,2.3,296.03,5.757683,27,gps,0.59,1.07,1.22,-89.5,,,,48,,1784958009000,2026-07-25T11:10:09.000+05:30,25093.38956631329,1784954105228,Default Profile,false
2026-07-25T05:40:15.000Z,12.144179999999999,75.44002166666668,-14.799999999999997,2.4,310.57,4.9413333,25,gps,0.63,1.13,1.29,-89.5,,,,48,,1784958015000,2026-07-25T11:10:15.000+05:30,25124.556289208027,1784954105228,Default Profile,false
2026-07-25T05:40:20.000Z,12.144305000000001,75.43979833333333,-9.799999999999997,2.4,291.96,5.8451858,25,gps,0.59,0.75,0.95,-89.5,,,,48,,1784958020000,2026-07-25T11:10:20.000+05:30,25152.531336385582,1784954105228,Default Profile,false
2026-07-25T05:40:25.000Z,12.144371666666666,75.43950333333333,-5.799999999999997,2.3,264.43,5.8173904,25,gps,0.61,1.12,1.28,-89.5,,,,48,,1784958025000,2026-07-25T11:10:25.000+05:30,25185.44539483258,1784954105228,Default Profile,false
2026-07-25T05:40:31.000Z,12.144323333333334,75.43912833333334,-4.900000000000006,2.6,260.81,6.0340886,24,gps,0.61,1.06,1.23,-89.5,,,,48,,1784958031000,2026-07-25T11:10:31.000+05:30,25226.56307185975,1784954105228,Default Profile,false
2026-07-25T05:40:37.000Z,12.144269999999999,75.43872333333334,-4.900000000000006,2.3,265.99,5.263035,27,gps,0.54,0.96,1.10,-89.5,,,,48,,1784958037000,2026-07-25T11:10:37.000+05:30,25270.98681905369,1784954105228,Default Profile,false
2026-07-25T05:40:43.000Z,12.144206666666665,75.43840666666667,-3.0,2.2,241.05,4.9192004,28,gps,0.50,0.91,1.04,-89.5,,,,48,,1784958043000,2026-07-25T11:10:43.000+05:30,25306.123517925545,1784954105228,Default Profile,false
2026-07-25T05:40:49.000Z,12.143975000000001,75.43839333333334,1.2999999999999972,2.3,124.22,5.1595755,28,gps,0.50,0.88,1.01,-89.5,,,,48,,1784958049000,2026-07-25T11:10:49.000+05:30,25331.92442026219,1784954105228,Default Profile,false
2026-07-25T05:40:55.000Z,12.143883333333333,75.43871166666666,1.4000000000000057,2.2,100.71,6.576606,27,gps,0.52,0.67,0.84,-89.5,,,,48,,1784958055000,2026-07-25T11:10:55.000+05:30,25367.999297387534,1784954105228,Default Profile,false
2026-07-25T05:41:00.000Z,12.143848333333334,75.43904333333333,3.9000000000000057,2.3,92.57,7.7558346,28,gps,,,,-89.5,,,,48,,1784958060000,2026-07-25T11:11:00.000+05:30,25404.263111855442,1784954105228,Default Profile,false
2026-07-25T05:41:06.000Z,12.143795,75.43954833333333,5.900000000000006,2.6,107.43,10.214148,25,gps,0.57,0.92,1.08,-89.5,,,,48,,1784958066000,2026-07-25T11:11:06.000+05:30,25459.479378534466,1784954105228,Default Profile,false
2026-07-25T05:41:12.000Z,12.143419999999999,75.44013,3.9000000000000057,2.5,136.41,12.798568,22,gps,0.67,1.03,1.23,-89.5,,,,48,,1784958072000,2026-07-25T11:11:12.000+05:30,25535.221727730575,1784954105228,Default Profile,false
2026-07-25T05:41:17.000Z,12.142956666666665,75.44042666666665,3.799999999999997,2.6,149.14,11.0166,23,gps,0.62,0.73,0.96,-89.5,,,,48,,1784958077000,2026-07-25T11:11:17.000+05:30,25596.00320239159,1784954105228,Default Profile,false
2026-07-25T05:41:23.000Z,12.142451666666666,75.44076,7.599999999999994,2.6,139.08,10.597101,22,gps,0.68,1.07,1.26,-89.5,,,,48,,1784958083000,2026-07-25T11:11:23.000+05:30,25662.83310091015,1784954105228,Default Profile,false
2026-07-25T05:41:28.000Z,12.142135,75.44103166666667,6.5,2.8,146.04,7.961209,21,gps,0.75,0.73,1.05,-89.5,,,,48,,1784958088000,2026-07-25T11:11:28.000+05:30,25708.78974983925,1784954105228,Default Profile,false
2026-07-25T05:41:34.000Z,12.141826666666669,75.44129333333333,10.200000000000003,2.9,142.82,7.332218,19,gps,0.90,1.24,1.54,-89.5,,,,48,,1784958094000,2026-07-25T11:11:34.000+05:30,25753.338515756208,1784954105228,Default Profile,false
2026-07-25T05:41:40.000Z,12.141601666666668,75.44148833333334,10.799999999999997,2.6,140.1,4.991776,23,gps,0.66,1.06,1.25,-89.5,,,,48,,1784958100000,2026-07-25T11:11:40.000+05:30,25786.130240292932,1784954105228,Default Profile,false
2026-07-25T05:41:45.000Z,12.141423333333334,75.44165666666666,18.099999999999994,2.5,137.47,5.803493,22,gps,0.71,0.73,1.02,-89.5,,,,48,,1784958105000,2026-07-25T11:11:45.000+05:30,25813.113144127143,1784954105228,Default Profile,false
2026-07-25T05:41:50.000Z,12.141228333333334,75.44187166666667,20.5,2.5,137.76,6.005779,23,gps,0.75,1.06,1.29,-89.5,,,,48,,1784958110000,2026-07-25T11:11:50.000+05:30,25844.99433854678,1784954105228,Default Profile,false
2026-07-25T05:41:56.000Z,12.141038333333332,75.44208166666667,28.200000000000003,2.6,139.76,4.819344,25,gps,0.63,1.00,1.18,-89.5,,,,48,,1784958116000,2026-07-25T11:11:56.000+05:30,25876.098970267758,1784954105228,Default Profile,false
2026-07-25T05:42:02.000Z,12.140783333333331,75.44225499999999,34.7,2.6,150.86,5.210533,24,gps,0.63,1.04,1.22,-89.5,,,,48,,1784958122000,2026-07-25T11:12:02.000+05:30,25910.143596593505,1784954105228,Default Profile,false
2026-07-25T05:42:08.000Z,12.140515,75.44242333333334,39.5,2.8,152.62,4.599558,23,gps,0.66,1.06,1.25,-89.5,,,,48,,1784958128000,2026-07-25T11:12:08.000+05:30,25945.14537656508,1784954105228,Default Profile,false
2026-07-25T05:42:14.000Z,12.140158333333334,75.44253499999999,46.30000000000001,2.6,171.82,5.796287,23,gps,0.65,1.11,1.28,-89.5,,,,48,,1784958134000,2026-07-25T11:12:14.000+05:30,25986.621090867553,1784954105228,Default Profile,false
2026-07-25T05:42:20.000Z,12.139835000000001,75.44246666666666,48.69999999999999,2.6,217.19,6.039236,24,gps,0.62,0.74,0.96,-89.5,,,,48,,1784958140000,2026-07-25T11:12:20.000+05:30,26023.333502523285,1784954105228,Default Profile,false
2026-07-25T05:42:26.000Z,12.139563333333335,75.44226333333333,56.19999999999999,2.4,210.69,6.1607103,23,gps,0.64,0.78,1.01,-89.5,,,,48,,1784958146000,2026-07-25T11:12:26.000+05:30,26060.764890765022,1784954105228,Default Profile,false
2026-07-25T05:42:32.000Z,12.139295,75.44209000000001,62.400000000000006,2.5,219.81,5.796287,25,gps,0.60,0.75,0.96,-89.5,,,,48,,1784958152000,2026-07-25T11:12:32.000+05:30,26096.053925199783,1784954105228,Default Profile,false
2026-07-25T05:42:38.000Z,12.139061666666665,75.441885,66.30000000000001,2.5,231.58,4.819859,26,gps,0.61,1.11,1.27,-89.5,,,,48,,1784958158000,2026-07-25T11:12:38.000+05:30,26130.25627556719,1784954105228,Default Profile,false
2026-07-25T05:42:43.000Z,12.139076666666664,75.44176833333333,72.1,2.6,329.04,3.491361,21,gps,0.64,0.80,1.02,-89.5,,,,48,,1784958163000,2026-07-25T11:12:43.000+05:30,26143.048153326505,1784954105228,Default Profile,false
2026-07-25T05:42:49.000Z,12.139375,75.44190499999999,78.4,2.8,27.47,7.527298,18,gps,0.75,1.35,1.55,-89.5,,,,48,,1784958169000,2026-07-25T11:12:49.000+05:30,26179.396243348667,1784954105228,Default Profile,false
2026-07-25T05:42:55.000Z,12.139781666666666,75.44204166666667,82.30000000000001,2.4,8.22,5.989308,20,gps,0.69,0.82,1.07,-89.5,,,,48,,1784958175000,2026-07-25T11:12:55.000+05:30,26226.993589609334,1784954105228,Default Profile,false
2026-07-25T05:43:01.000Z,12.139990000000001,75.44186833333333,81.4,2.6,290.98,3.755928,22,gps,0.70,1.32,1.49,-89.5,,,,48,,1784958181000,2026-07-25T11:13:01.000+05:30,26256.854859157134,1784954105228,Default Profile,false
2026-07-25T05:43:06.000Z,12.139811666666667,75.44174833333334,80.0,2.6,206.32,4.6258087,24,gps,0.65,1.18,1.34,-89.5,,,,48,,1784958186000,2026-07-25T11:13:06.000+05:30,26280.590724548583,1784954105228,Default Profile,false
2026-07-25T05:43:11.000Z,12.139526666666665,75.44164500000001,80.19999999999999,2.6,203.53,6.3861585,24,gps,0.61,0.76,0.98,-89.5,,,,48,,1784958191000,2026-07-25T11:13:11.000+05:30,26314.213275977014,1784954105228,Default Profile,false
2026-07-25T05:43:17.000Z,12.139175,75.441435,82.5,2.5,212.07,6.813893,23,gps,0.62,0.77,0.99,-89.5,,,,48,,1784958197000,2026-07-25T11:13:17.000+05:30,26359.492862961837,1784954105228,Default Profile,false
2026-07-25T05:43:23.000Z,12.138789999999998,75.44127833333333,83.5,2.7,193.73,6.7402873,21,gps,0.67,0.80,1.04,-89.5,,,,48,,1784958203000,2026-07-25T11:13:23.000+05:30,26405.566237234474,1784954105228,Default Profile,false
2026-07-25T05:43:29.000Z,12.138485,75.44122999999999,86.0,2.7,177.72,5.562603,23,gps,0.62,0.75,0.97,-89.5,,,,48,,1784958209000,2026-07-25T11:13:29.000+05:30,26439.885289191825,1784954105228,Default Profile,false
2026-07-25T05:43:35.000Z,12.138181666666666,75.44123666666665,88.9,2.5,172.66,5.6151047,25,gps,0.57,1.03,1.17,-89.5,,,,48,,1784958215000,2026-07-25T11:13:35.000+05:30,26473.622202011924,1784954105228,Default Profile,false
2026-07-25T05:43:41.000Z,12.137866666666666,75.44126,95.9,2.6,173.42,5.7041516,26,gps,0.54,0.67,0.86,-89.5,,,,48,,1784958221000,2026-07-25T11:13:41.000+05:30,26508.740329620345,1784954105228,Default Profile,false
2026-07-25T05:43:46.000Z,12.137581666666666,75.44129166666667,99.5,2.4,181.63,5.9064374,25,gps,0.56,0.94,1.10,-89.5,,,,48,,1784958226000,2026-07-25T11:13:46.000+05:30,26540.617307649158,1784954105228,Default Profile,false
2026-07-25T05:43:52.000Z,12.137253333333335,75.44128333333333,104.5,2.6,186.58,6.365055,26,gps,0.54,0.67,0.86,-89.5,,,,48,,1784958232000,2026-07-25T11:13:52.000+05:30,26577.137546176273,1784954105228,Default Profile,false
2026-07-25T05:43:57.000Z,12.136998333333334,75.44126333333334,105.9,2.6,188.32,5.5451026,25,gps,0.58,0.92,1.08,-89.5,,,,48,,1784958237000,2026-07-25T11:13:57.000+05:30,26605.575486736536,1784954105228,Default Profile,false
2026-07-25T05:44:03.000Z,12.136586666666668,75.44120166666667,104.0,2.4,195.91,7.8479695,26,gps,0.57,0.91,1.08,-89.5,,,,48,,1784958243000,2026-07-25T11:14:03.000+05:30,26651.839007697607,1784954105228,Default Profile,false
2026-07-25T05:44:08.000Z,12.136183333333333,75.44109333333334,106.9,2.6,193.62,9.852298,26,gps,0.55,0.86,1.02,-89.5,,,,48,,1784958248000,2026-07-25T11:14:08.000+05:30,26698.208111453972,1784954105228,Default Profile,false
2026-07-25T05:44:13.000Z,12.135685,75.44097666666667,109.0,2.4,195.18,9.682955,28,gps,0.52,0.89,1.03,-89.5,,,,48,,1784958253000,2026-07-25T11:14:13.000+05:30,26755.053155557576,1784954105228,Default Profile,false
2026-07-25T05:44:19.000Z,12.135208333333333,75.44082166666666,106.0,2.3,199.69,6.5307956,31,gps,0.47,0.80,0.93,-89.5,,,,48,,1784958259000,2026-07-25T11:14:19.000+05:30,26810.670002647814,1784954105228,Default Profile,false
2026-07-25T05:44:25.000Z,12.135148333333332,75.44061666666667,105.6,2.3,305.83,5.0967793,31,gps,0.48,0.79,0.92,-89.5,,,,48,,1784958265000,2026-07-25T11:14:25.000+05:30,26833.932829729067,1784954105228,Default Profile,false
2026-07-25T05:44:31.000Z,12.135391666666665,75.44066500000001,106.19999999999999,2.2,53.52,2.2024963,31,gps,0.47,0.77,0.91,-89.5,,,,48,,1784958271000,2026-07-25T11:14:31.000+05:30,26861.495713518012,1784954105228,Default Profile,false
2026-07-25T05:44:36.000Z,12.135411666666668,75.44068666666666,105.9,2.2,53.52,0.0,27,gps,0.52,0.68,0.85,-89.5,,,,48,,1784958276000,2026-07-25T11:14:36.000+05:30,26864.73509105642,1784954105228,Default Profile,false
2026-07-25T05:44:42.000Z,12.135411666666668,75.44068666666666,105.9,1.0,53.52,0.0,28,gps,0.51,0.62,0.80,-89.5,,,,48,,1784958282000,2026-07-25T11:14:42.000+05:30,26864.73509105642,1784954105228,Default Profile,false
2026-07-25T05:44:48.000Z,12.135411666666668,75.44068666666666,105.9,1.0,53.52,0.0,25,gps,0.53,0.70,0.88,-89.5,,,,48,,1784958288000,2026-07-25T11:14:48.000+05:30,26864.73509105642,1784954105228,Default Profile,false
2026-07-25T05:44:54.000Z,12.135413333333334,75.44072166666666,105.80000000000001,1.7,93.63,1.9878572,24,gps,0.58,0.70,0.91,-89.5,,,,48,,1784958294000,2026-07-25T11:14:54.000+05:30,26868.54445552926,1784954105228,Default Profile,false
2026-07-25T05:45:00.000Z,12.135303333333331,75.44083166666665,105.69999999999999,2.1,169.86,4.245429,30,gps,0.48,0.61,0.78,-89.5,,,,48,,1784958300000,2026-07-25T11:15:00.000+05:30,26885.650146701453,1784954105228,Default Profile,false
2026-07-25T05:45:05.000Z,12.135081666666668,75.44080000000001,106.69999999999999,2.3,205.01,5.721652,29,gps,0.49,0.62,0.79,-89.5,,,,48,,1784958305000,2026-07-25T11:15:05.000+05:30,26910.53759190424,1784954105228,Default Profile,false
2026-07-25T05:45:10.000Z,12.134848333333332,75.44063833333333,103.9,2.5,224.36,6.36454,26,gps,0.58,0.96,1.12,-89.5,,,,47,,1784958310000,2026-07-25T11:15:10.000+05:30,26941.87515314464,1784954105228,Default Profile,false
2026-07-25T05:45:16.000Z,12.134613333333334,75.440295,103.1,2.5,239.93,8.484681,25,gps,0.55,0.70,0.89,-89.5,,,,47,,1784958316000,2026-07-25T11:15:16.000+05:30,26987.437117287718,1784954105228,Default Profile,false
2026-07-25T05:45:21.000Z,12.134430000000002,75.43987166666668,102.19999999999999,2.6,243.86,12.041411,29,gps,0.52,0.87,1.01,-89.5,,,,47,,1784958321000,2026-07-25T11:15:21.000+05:30,27037.7708951456,1784954105228,Default Profile,false
2026-07-25T05:45:27.000Z,12.133921666666668,75.43916333333333,101.69999999999999,2.6,228.24,16.942596,30,gps,0.49,0.63,0.80,-89.5,,,,47,,1784958327000,2026-07-25T11:15:27.000+05:30,27133.29308378493,1784954105228,Default Profile,false
2026-07-25T05:45:32.000Z,12.133378333333333,75.438635,100.19999999999999,2.5,214.14,16.0022,30,gps,0.50,0.63,0.80,-89.5,,,,47,,1784958332000,2026-07-25T11:15:32.000+05:30,27216.653296342116,1784954105228,Default Profile,false
2026-07-25T05:45:38.000Z,12.132553333333332,75.43848666666666,97.4,2.7,184.66,11.468526,29,gps,0.51,0.66,0.83,-89.5,,,,47,,1784958338000,2026-07-25T11:15:38.000+05:30,27309.795611051188,1784954105228,Default Profile,false
2026-07-25T05:45:44.000Z,12.132264999999999,75.43848,97.19999999999999,2.6,190.67,5.333552,21,gps,0.69,1.16,1.35,-89.5,,,,47,,1784958344000,2026-07-25T11:15:44.000+05:30,27341.865005238655,1784954105228,Default Profile,false
2026-07-25T05:45:49.000Z,12.132031666666668,75.43844,96.4,2.6,194.65,5.5471616,27,gps,0.54,0.69,0.87,-89.5,,,,47,,1784958349000,2026-07-25T11:15:49.000+05:30,27368.172364770046,1784954105228,Default Profile,false
2026-07-25T05:45:55.000Z,12.131664999999998,75.43831166666668,97.80000000000001,2.4,207.56,7.6225214,28,gps,0.51,0.67,0.84,-89.5,,,,47,,1784958355000,2026-07-25T11:15:55.000+05:30,27411.264733808817,1784954105228,Default Profile,false
2026-07-25T05:46:00.000Z,12.131366666666668,75.43802000000001,99.4,2.6,225.75,10.864757,28,gps,0.52,0.86,1.01,-89.5,,,,47,,1784958360000,2026-07-25T11:16:00.000+05:30,27457.15404220207,1784954105228,Default Profile,false
2026-07-25T05:46:05.000Z,12.130923333333332,75.43760666666667,96.19999999999999,2.7,220.44,12.636946,27,gps,0.53,0.68,0.87,-89.5,,,,47,,1784958365000,2026-07-25T11:16:05.000+05:30,27523.856530078614,1784954105228,Default Profile,false
2026-07-25T05:46:11.000Z,12.130641666666667,75.43706333333333,89.6,2.4,269.43,11.692945,30,gps,0.49,0.87,1.00,-89.5,,,,47,,1784958371000,2026-07-25T11:16:11.000+05:30,27590.713312643522,1784954105228,Default Profile,false
2026-07-25T05:46:17.000Z,12.130903333333332,75.436355,89.30000000000001,2.5,293.33,14.8034115,23,gps,0.58,0.76,0.96,-89.5,,,,47,,1784958377000,2026-07-25T11:16:17.000+05:30,27673.031263408797,1784954105228,Default Profile,false
2026-07-25T05:46:22.000Z,12.131253333333332,75.43574833333334,85.0,2.6,305.93,16.12316,21,gps,0.60,0.80,1.00,-89.5,,,,47,,1784958382000,2026-07-25T11:16:22.000+05:30,27749.609834531922,1784954105228,Default Profile,false
2026-07-25T05:46:28.000Z,12.131791666666667,75.434975,68.0,2.1,307.44,16.124702,23,gps,0.57,0.72,0.92,-89.5,,,,47,,1784958388000,2026-07-25T11:16:28.000+05:30,27852.813711718114,1784954105228,Default Profile,false
2026-07-25T05:46:33.000Z,12.132166666666668,75.43434,68.80000000000001,2.6,297.4,15.140039,24,gps,0.54,0.74,0.91,-89.5,,,,47,,1784958393000,2026-07-25T11:16:33.000+05:30,27933.461847904116,1784954105228,Default Profile,false
2026-07-25T05:46:39.000Z,12.132196666666667,75.43347166666668,73.69999999999999,2.5,262.7,15.413872,21,gps,0.60,0.80,0.99,-89.5,,,,47,,1784958399000,2026-07-25T11:16:39.000+05:30,28027.9185261298,1784954105228,Default Profile,false
2026-07-25T05:46:44.000Z,12.13205,75.43279166666666,52.900000000000006,2.6,243.58,14.412222,24,gps,0.57,0.74,0.93,-89.5,,,,47,,1784958404000,2026-07-25T11:16:44.000+05:30,28103.619888264497,1784954105228,Default Profile,false
2026-07-25T05:46:50.000Z,12.131621666666668,75.432255,46.400000000000006,2.6,225.54,13.538738,27,gps,0.52,0.70,0.88,-89.5,,,,47,,1784958410000,2026-07-25T11:16:50.000+05:30,28178.934214380883,1784954105228,Default Profile,false
2026-07-25T05:46:55.000Z,12.131051666666668,75.43183166666667,41.80000000000001,2.7,207.61,15.210042,24,gps,0.57,0.78,0.96,-89.5,,,,47,,1784958415000,2026-07-25T11:16:55.000+05:30,28257.2612622955,1784954105228,Default Profile,false
2026-07-25T05:47:00.000Z,12.130438333333332,75.43157500000001,45.099999999999994,2.6,207.29,13.9803705,27,gps,0.57,0.70,0.90,-89.5,,,,47,,1784958420000,2026-07-25T11:17:00.000+05:30,28330.94805046209,1784954105228,Default Profile,false
2026-07-25T05:47:06.000Z,12.129853333333331,75.43112666666666,45.599999999999994,2.7,224.9,13.884632,27,gps,0.52,0.68,0.86,-89.5,,,,47,,1784958426000,2026-07-25T11:17:06.000+05:30,28412.230882020005,1784954105228,Default Profile,false
2026-07-25T05:47:12.000Z,12.129285000000001,75.43055166666666,51.0,2.6,224.58,15.515272,27,gps,0.52,0.68,0.86,-89.5,,,,47,,1784958432000,2026-07-25T11:17:12.000+05:30,28501.11939346643,1784954105228,Default Profile,false
2026-07-25T05:47:17.000Z,12.128723333333335,75.430055,54.400000000000006,2.7,226.19,15.860136,25,gps,0.57,0.73,0.93,-89.5,,,,47,,1784958437000,2026-07-25T11:17:17.000+05:30,28583.677936326716,1784954105228,Default Profile,false
2026-07-25T05:47:23.000Z,12.128186666666666,75.42935333333334,55.099999999999994,2.8,235.49,16.0861,25,gps,0.58,0.73,0.93,-89.5,,,,47,,1784958443000,2026-07-25T11:17:23.000+05:30,28680.52697231056,1784954105228,Default Profile,false
2026-07-25T05:47:28.000Z,12.127794999999999,75.42871833333334,52.80000000000001,2.7,233.14,14.218687,23,gps,0.63,0.76,0.98,-89.5,,,,47,,1784958448000,2026-07-25T11:17:28.000+05:30,28762.14959718272,1784954105228,Default Profile,false
2026-07-25T05:47:34.000Z,12.127198333333334,75.42826166666667,54.69999999999999,2.7,204.23,12.783641,23,gps,0.63,0.79,1.01,-89.5,,,,47,,1784958454000,2026-07-25T11:17:34.000+05:30,28845.014146622863,1784954105228,Default Profile,false
2026-07-25T05:47:39.000Z,12.126745000000001,75.42804333333333,52.19999999999999,2.6,212.39,10.828212,26,gps,0.56,0.70,0.89,-89.5,,,,47,,1784958459000,2026-07-25T11:17:39.000+05:30,28900.731210948972,1784954105228,Default Profile,false
2026-07-25T05:47:45.000Z,12.126285,75.42755166666667,51.400000000000006,2.8,229.55,11.82317,23,gps,0.60,0.74,0.95,-89.5,,,,47,,1784958465000,2026-07-25T11:17:45.000+05:30,28974.712893035256,1784954105228,Default Profile,false
2026-07-25T05:47:50.000Z,12.126055000000001,75.42727833333333,49.900000000000006,2.9,231.83,5.3783326,20,gps,0.71,1.38,1.55,-89.5,,,,47,,1784958470000,2026-07-25T11:17:50.000+05:30,29013.91826048635,1784954105228,Default Profile,false
2026-07-25T05:47:55.000Z,12.126055000000001,75.42725833333334,46.30000000000001,2.5,242.61,3.4815812,22,gps,0.65,1.46,1.60,-89.5,,,,47,,1784958475000,2026-07-25T11:17:55.000+05:30,29016.092538977464,1784954105228,Default Profile,false
2026-07-25T05:48:01.000Z,12.12598,75.42692833333334,39.80000000000001,2.6,269.39,8.554169,26,gps,0.57,0.91,1.07,-89.5,,,,47,,1784958481000,2026-07-25T11:18:01.000+05:30,29052.92469802951,1784954105228,Default Profile,false
2026-07-25T05:48:07.000Z,12.125935,75.42617,36.8,2.4,270.24,13.881029,26,gps,0.54,0.70,0.88,-89.5,,,,47,,1784958487000,2026-07-25T11:18:07.000+05:30,29135.51783304328,1784954105228,Default Profile,false
2026-07-25T05:48:12.000Z,12.125843333333334,75.42558833333332,33.0,2.5,240.62,12.526794,20,gps,0.71,1.26,1.45,-89.5,,,,47,,1784958492000,2026-07-25T11:18:12.000+05:30,29199.5693624637,1784954105228,Default Profile,false
2026-07-25T05:48:18.000Z,12.125291666666666,75.42501666666666,26.799999999999997,3.1,224.95,13.22939,19,gps,0.78,1.51,1.70,-89.5,,,,47,,1784958498000,2026-07-25T11:18:18.000+05:30,29286.8923854347,1784954105228,Default Profile,false
2026-07-25T05:48:24.000Z,12.125018333333333,75.42453666666667,13.099999999999994,2.8,249.5,7.1566978,21,gps,0.70,1.30,1.48,-89.5,,,,47,,1784958504000,2026-07-25T11:18:24.000+05:30,29347.281145440305,1784954105228,Default Profile,false
2026-07-25T05:48:29.000Z,12.124916666666666,75.424445,8.200000000000003,2.6,222.52,1.0073113,23,gps,0.58,1.16,1.30,-89.5,,,,47,,1784958509000,2026-07-25T11:18:29.000+05:30,29362.35130687128,1784954105228,Default Profile,false
2026-07-25T05:48:35.000Z,12.124921666666667,75.42443666666667,6.299999999999997,2.6,222.52,0.0,23,gps,0.59,0.74,0.95,-89.5,,,,47,,1784958515000,2026-07-25T11:18:35.000+05:30,29363.41425515308,1784954105228,Default Profile,false
2026-07-25T05:48:41.000Z,12.124726666666668,75.42412333333333,9.5,2.7,234.22,9.168232,24,gps,0.58,0.74,0.94,-89.5,,,,47,,1784958521000,2026-07-25T11:18:41.000+05:30,29403.793693909305,1784954105228,Default Profile,false
2026-07-25T05:48:47.000Z,12.124436666666668,75.42364833333333,10.799999999999997,2.7,239.81,9.416843,24,gps,0.61,0.73,0.95,-89.5,,,,47,,1784958527000,2026-07-25T11:18:47.000+05:30,29464.67444778561,1784954105228,Default Profile,false
2026-07-25T05:48:53.000Z,12.124210000000001,75.42324333333333,11.299999999999997,2.7,239.06,7.619433,23,gps,0.63,0.73,0.96,-89.5,,,,47,,1784958533000,2026-07-25T11:18:53.000+05:30,29515.407485901538,1784954105228,Default Profile,false
2026-07-25T05:48:58.000Z,12.12409,75.42298833333332,12.900000000000006,2.6,246.15,5.1518545,24,gps,0.63,1.07,1.24,-89.5,,,,47,,1784958538000,2026-07-25T11:18:58.000+05:30,29546.173850115523,1784954105228,Default Profile,false
2026-07-25T05:49:03.000Z,12.123958333333333,75.42276,16.799999999999997,2.5,239.64,5.864745,24,gps,0.64,1.04,1.22,-89.5,,,,47,,1784958543000,2026-07-25T11:19:03.000+05:30,29574.99294846433,1784954105228,Default Profile,false
2026-07-25T05:49:09.000Z,12.123733333333332,75.422495,21.900000000000006,2.6,219.6,6.0098968,23,gps,0.67,1.05,1.24,-89.5,,,,47,,1784958549000,2026-07-25T11:19:09.000+05:30,29613.149552875137,1784954105228,Default Profile,false
2026-07-25T05:49:15.000Z,12.12344,75.42236,32.400000000000006,2.6,196.03,7.1639037,26,gps,0.55,0.91,1.06,-89.5,,,,47,,1784958555000,2026-07-25T11:19:15.000+05:30,29648.916582999078,1784954105228,Default Profile,false
2026-07-25T05:49:20.000Z,12.123085,75.42226166666666,35.8,2.6,198.62,8.63395,25,gps,0.55,0.95,1.10,-89.5,,,,47,,1784958560000,2026-07-25T11:19:20.000+05:30,29689.812734504598,1784954105228,Default Profile,false
2026-07-25T05:49:26.000Z,12.122576666666665,75.42203666666666,39.80000000000001,2.6,208.04,10.395844,27,gps,0.51,0.90,1.04,-89.5,,,,47,,1784958566000,2026-07-25T11:19:26.000+05:30,29751.402583719104,1784954105228,Default Profile,false
2026-07-25T05:49:32.000Z,12.122198333333332,75.42174166666668,43.69999999999999,2.7,231.72,5.2059007,22,gps,0.60,1.18,1.32,-89.5,,,,47,,1784958572000,2026-07-25T11:19:32.000+05:30,29804.30184329074,1784954105228,Default Profile,false
2026-07-25T05:49:38.000Z,12.122140000000002,75.42172000000001,45.19999999999999,2.5,232.15,0.0,25,gps,0.59,0.74,0.95,-89.5,,,,47,,1784958578000,2026-07-25T11:19:38.000+05:30,29811.202669184833,1784954105228,Default Profile,false
2026-07-25T05:49:44.000Z,12.121990000000002,75.42156833333334,38.5,2.4,230.59,5.8323174,30,gps,0.49,0.84,0.97,-89.5,,,,47,,1784958584000,2026-07-25T11:19:44.000+05:30,29834.65620788781,1784954105228,Default Profile,false
2026-07-25T05:49:50.000Z,12.12177,75.42128333333334,36.099999999999994,2.5,232.76,7.278172,29,gps,0.50,0.88,1.01,-89.5,,,,47,,1784958590000,2026-07-25T11:19:50.000+05:30,29874.133265299744,1784954105228,Default Profile,false
2026-07-25T05:49:56.000Z,12.121498333333333,75.42095666666667,34.900000000000006,2.5,232.22,7.360528,29,gps,0.50,0.81,0.95,-89.5,,,,47,,1784958596000,2026-07-25T11:19:56.000+05:30,29920.756766070936,1784954105228,Default Profile,false
2026-07-25T05:50:02.000Z,12.121286666666666,75.42058833333334,35.599999999999994,2.4,242.83,7.5834026,28,gps,0.52,0.79,0.94,-89.5,,,,47,,1784958602000,2026-07-25T11:20:02.000+05:30,29967.20512872709,1784954105228,Default Profile,false
2026-07-25T05:50:08.000Z,12.121105,75.42026333333334,39.099999999999994,2.5,244.05,5.7262845,28,gps,0.55,0.83,1.00,-89.5,,,,47,,1784958608000,2026-07-25T11:20:08.000+05:30,30007.904688220882,1784954105228,Default Profile,false
2026-07-25T05:50:13.000Z,12.120993333333335,75.42005,45.599999999999994,2.4,236.25,6.131886,30,gps,0.51,0.85,0.99,-89.5,,,,47,,1784958613000,2026-07-25T11:20:13.000+05:30,30034.212087348744,1784954105228,Default Profile,false
2026-07-25T05:50:19.000Z,12.120719999999999,75.41983,50.19999999999999,2.4,196.84,5.962542,30,gps,0.49,0.64,0.81,-89.5,,,,47,,1784958619000,2026-07-25T11:20:19.000+05:30,30072.887656969542,1784954105228,Default Profile,false
2026-07-25T05:50:25.000Z,12.120420000000001,75.41980666666667,54.599999999999994,2.5,184.52,5.9337177,28,gps,0.51,0.66,0.84,-89.5,,,,47,,1784958625000,2026-07-25T11:20:25.000+05:30,30106.342446666837,1784954105228,Default Profile,false
2026-07-25T05:50:30.000Z,12.120173333333332,75.41970666666666,60.5,2.4,223.38,5.4210544,30,gps,0.49,0.84,0.97,-89.5,,,,47,,1784958630000,2026-07-25T11:20:30.000+05:30,30135.846547299072,1784954105228,Default Profile,false
2026-07-25T05:50:36.000Z,12.120103333333335,75.41940333333334,65.6,2.4,274.4,5.568265,29,gps,0.50,0.86,1.00,-89.5,,,,47,,1784958636000,2026-07-25T11:20:36.000+05:30,30169.72997527704,1784954105228,Default Profile,false
2026-07-25T05:50:41.000Z,12.120091666666667,75.41913333333333,69.0,2.4,243.98,5.9398947,30,gps,0.49,0.81,0.95,-89.5,,,,47,,1784958641000,2026-07-25T11:20:41.000+05:30,30199.112043043006,1784954105228,Default Profile,false
2026-07-25T05:50:47.000Z,12.119878333333334,75.41887666666666,75.0,2.4,238.16,6.5817533,30,gps,0.48,0.79,0.93,-89.5,,,,47,,1784958647000,2026-07-25T11:20:47.000+05:30,30235.736349717943,1784954105228,Default Profile,false
2026-07-25T05:50:52.000Z,12.119701666666666,75.418615,79.6,2.4,238.66,6.9441175,28,gps,0.50,0.87,1.00,-89.5,,,,47,,1784958652000,2026-07-25T11:20:52.000+05:30,30270.30747834887,1784954105228,Default Profile,false
2026-07-25T05:50:58.000Z,12.119395,75.41825833333334,82.80000000000001,2.3,225.28,10.309886,29,gps,0.48,0.90,1.02,-89.5,,,,47,,1784958658000,2026-07-25T11:20:58.000+05:30,30321.944096640505,1784954105228,Default Profile,false
2026-07-25T05:51:04.000Z,12.118934999999999,75.41780333333332,82.19999999999999,2.5,220.61,12.179872,27,gps,0.50,0.92,1.05,-89.5,,,,47,,1784958664000,2026-07-25T11:21:04.000+05:30,30393.100155625543,1784954105228,Default Profile,false
2026-07-25T05:51:09.000Z,12.118454999999999,75.41742166666667,69.9,2.6,214.1,13.546459,27,gps,0.52,0.69,0.86,-89.5,,,,47,,1784958669000,2026-07-25T11:21:09.000+05:30,30460.705321270572,1784954105228,Default Profile,false
2026-07-25T05:51:15.000Z,12.117786666666666,75.417,68.0,2.5,211.8,14.680907,25,gps,0.52,0.72,0.89,-89.5,,,,47,,1784958675000,2026-07-25T11:21:15.000+05:30,30548.022478998693,1784954105228,Default Profile,false
2026-07-25T05:51:20.000Z,12.117268333333334,75.41660333333333,71.0,2.7,221.58,14.467298,27,gps,0.50,0.67,0.84,-89.5,,,,47,,1784958680000,2026-07-25T11:21:20.000+05:30,30620.006096407964,1784954105228,Default Profile,false
2026-07-25T05:51:25.000Z,12.116843333333334,75.41617833333333,76.1,2.6,223.88,12.727536,28,gps,0.49,0.67,0.83,-89.5,,,,47,,1784958685000,2026-07-25T11:21:25.000+05:30,30686.098483749698,1784954105228,Default Profile,false
2026-07-25T05:51:31.000Z,12.116324999999998,75.41573666666666,78.80000000000001,2.8,213.67,12.1850195,23,gps,0.59,0.72,0.93,-89.5,,,,47,,1784958691000,2026-07-25T11:21:31.000+05:30,30761.115462460763,1784954105228,Default Profile,false
2026-07-25T05:51:37.000Z,12.115801666666668,75.41531333333334,80.69999999999999,3.0,222.74,14.021033,19,gps,0.70,0.80,1.06,-89.5,,,,47,,1784958697000,2026-07-25T11:21:37.000+05:30,30835.30787683437,1784954105228,Default Profile,false
2026-07-25T05:51:43.000Z,12.1152,75.41476833333333,84.1,3.1,218.08,12.447528,17,gps,0.78,0.80,1.11,-89.5,,,,47,,1784958703000,2026-07-25T11:21:43.000+05:30,30924.675921903145,1784954105228,Default Profile,false
2026-07-25T05:51:49.000Z,12.114928333333333,75.414575,81.0,3.3,206.8,4.070938,17,gps,0.70,0.74,1.02,-89.5,,,,47,,1784958709000,2026-07-25T11:21:49.000+05:30,30961.476931957328,1784954105228,Default Profile,false
2026-07-25T05:51:54.000Z,12.114915,75.41458833333333,78.80000000000001,2.9,209.93,0.0,18,gps,0.69,0.76,1.03,-89.5,,,,47,,1784958714000,2026-07-25T11:21:54.000+05:30,30963.550426721966,1784954105228,Default Profile,false
2026-07-25T05:51:59.000Z,12.114915,75.41458833333333,78.4,2.8,209.93,0.0,21,gps,0.62,0.72,0.95,-89.5,,,,47,,1784958719000,2026-07-25T11:21:59.000+05:30,30963.550426721966,1784954105228,Default Profile,false
2026-07-25T05:52:05.000Z,12.114716666666668,75.41454,76.30000000000001,2.7,203.18,5.972322,22,gps,0.62,0.71,0.94,-89.5,,,,47,,1784958725000,2026-07-25T11:22:05.000+05:30,30986.22146777923,1784954105228,Default Profile,false
2026-07-25T05:52:11.000Z,12.114351666666668,75.41426499999999,74.9,2.9,226.79,8.777558,23,gps,0.59,1.01,1.17,-89.5,,,,47,,1784958731000,2026-07-25T11:22:11.000+05:30,31036.630823312105,1784954105228,Default Profile,false
2026-07-25T05:52:17.000Z,12.11427,75.414045,73.0,2.7,233.61,1.417545,21,gps,0.72,1.16,1.37,-89.5,,,,47,,1784958737000,2026-07-25T11:22:17.000+05:30,31062.21479043147,1784954105228,Default Profile,false
2026-07-25T05:52:23.000Z,12.114203333333334,75.41389166666666,70.30000000000001,2.5,250.97,5.946071,25,gps,0.57,0.72,0.92,-89.5,,,,47,,1784958743000,2026-07-25T11:22:23.000+05:30,31080.4589207984,1784954105228,Default Profile,false
2026-07-25T05:52:29.000Z,12.114016666666664,75.41346666666666,68.9,2.7,244.19,9.67369,25,gps,0.60,0.71,0.93,-89.5,,,,47,,1784958749000,2026-07-25T11:22:29.000+05:30,31131.112396100976,1784954105228,Default Profile,false
2026-07-25T05:52:35.000Z,12.113746666666668,75.41288,68.6,2.8,234.47,11.657429,24,gps,0.61,0.72,0.94,-89.5,,,,47,,1784958755000,2026-07-25T11:22:35.000+05:30,31201.606859863023,1784954105228,Default Profile,false
2026-07-25T05:52:41.000Z,12.11321,75.41245333333333,70.1,2.7,213.65,13.571681,22,gps,0.66,0.76,1.01,-89.5,,,,47,,1784958761000,2026-07-25T11:22:41.000+05:30,31277.189885999836,1784954105228,Default Profile,false
2026-07-25T05:52:46.000Z,12.112721666666667,75.41207333333334,71.80000000000001,2.6,220.32,12.806804,21,gps,0.66,0.80,1.04,-89.5,,,,47,,1784958766000,2026-07-25T11:22:46.000+05:30,31345.419650677362,1784954105228,Default Profile,false
2026-07-25T05:52:52.000Z,12.112153333333334,75.41146499999999,66.4,2.7,224.46,15.286221,20,gps,0.69,0.79,1.05,-89.5,,,,47,,1784958772000,2026-07-25T11:22:52.000+05:30,31436.895875278875,1784954105228,Default Profile,false
2026-07-25T05:52:57.000Z,12.111616666666665,75.41105166666667,83.19999999999999,2.8,211.52,15.923962,19,gps,0.72,0.78,1.07,-89.5,,,,47,,1784958777000,2026-07-25T11:22:57.000+05:30,31511.598190030338,1784954105228,Default Profile,false
2026-07-25T05:53:02.000Z,12.110956666666668,75.41063833333332,80.80000000000001,2.6,216.33,15.395342,17,gps,0.79,0.82,1.14,-89.5,,,,47,,1784958782000,2026-07-25T11:23:02.000+05:30,31597.652126066914,1784954105228,Default Profile,false
2026-07-25T05:53:08.000Z,12.110201666666667,75.41019166666666,76.1,2.6,198.46,13.319982,17,gps,0.93,0.79,1.22,-89.5,,,,47,,1784958788000,2026-07-25T11:23:08.000+05:30,31694.637721612653,1784954105228,Default Profile,false
2026-07-25T05:53:14.000Z,12.10986,75.41013833333334,79.6,2.7,204.53,3.4754045,23,gps,0.57,1.01,1.16,-89.5,,,,47,,1784958794000,2026-07-25T11:23:14.000+05:30,31733.069263196146,1784954105228,Default Profile,false
2026-07-25T05:53:20.000Z,12.109798333333334,75.41017166666667,79.9,2.4,202.4,3.6540132,26,gps,0.55,0.93,1.08,-89.5,,,,47,,1784958800000,2026-07-25T11:23:20.000+05:30,31740.825050395928,1784954105228,Default Profile,false
2026-07-25T05:53:26.000Z,12.109538333333335,75.41010666666666,79.80000000000001,2.4,198.11,6.609033,26,gps,0.52,0.69,0.86,-89.5,,,,47,,1784958806000,2026-07-25T11:23:26.000+05:30,31770.58689989601,1784954105228,Default Profile,false
2026-07-25T05:53:32.000Z,12.109218333333335,75.40997,81.5,2.5,198.33,6.8180103,25,gps,0.52,0.70,0.87,-89.5,,,,47,,1784958812000,2026-07-25T11:23:32.000+05:30,31809.146989216,1784954105228,Default Profile,false
2026-07-25T05:53:37.000Z,12.108905,75.40985666666667,84.69999999999999,2.5,200.56,7.7465696,24,gps,0.55,0.72,0.90,-89.5,,,,47,,1784958817000,2026-07-25T11:23:37.000+05:30,31846.102703811503,1784954105228,Default Profile,false
2026-07-25T05:53:43.000Z,12.108443333333332,75.40971166666667,85.80000000000001,2.7,188.02,9.579495,23,gps,0.58,0.72,0.92,-89.5,,,,47,,1784958823000,2026-07-25T11:23:43.000+05:30,31899.803748662216,1784954105228,Default Profile,false
2026-07-25T05:53:48.000Z,12.108008333333332,75.40975499999999,88.0,2.7,175.79,10.773136,26,gps,0.53,0.93,1.07,-89.5,,,,47,,1784958828000,2026-07-25T11:23:48.000+05:30,31948.402439735346,1784954105228,Default Profile,false
2026-07-25T05:53:53.000Z,12.107473333333333,75.40982166666666,86.6,2.9,170.49,13.315864,25,gps,0.57,0.98,1.13,-89.5,,,,47,,1784958833000,2026-07-25T11:23:53.000+05:30,32008.3316476587,1784954105228,Default Profile,false
2026-07-25T05:53:59.000Z,12.106691666666666,75.40995666666666,83.70000000000002,2.2,168.51,14.33141,24,gps,0.59,0.68,0.90,-89.6,,,,47,,1784958839000,2026-07-25T11:23:59.000+05:30,32096.479566252223,1784954105228,Default Profile,false
2026-07-25T05:54:05.000Z,12.1059,75.41021500000001,85.20000000000002,2.5,164.12,15.910579,24,gps,0.55,0.68,0.87,-89.6,,,,47,,1784958845000,2026-07-25T11:24:05.000+05:30,32188.880933511766,1784954105228,Default Profile,false
2026-07-25T05:54:11.000Z,12.105178333333333,75.41031500000001,87.80000000000001,2.8,183.66,12.218476,23,gps,0.64,0.96,1.15,-89.6,,,,47,,1784958851000,2026-07-25T11:24:11.000+05:30,32269.859777843903,1784954105228,Default Profile,false
2026-07-25T05:54:17.000Z,12.104543333333334,75.41002833333333,84.80000000000001,2.6,212.86,13.974709,26,gps,0.53,0.68,0.86,-89.6,,,,47,,1784958857000,2026-07-25T11:24:17.000+05:30,32347.04131564899,1784954105228,Default Profile,false
2026-07-25T05:54:23.000Z,12.103861666666667,75.40952833333334,76.20000000000002,2.6,216.42,14.085888,27,gps,0.51,0.66,0.83,-89.6,,,,47,,1784958863000,2026-07-25T11:24:23.000+05:30,32440.317684805257,1784954105228,Default Profile,false
2026-07-25T05:54:29.000Z,12.103371666666666,75.40917166666667,69.4,2.7,216.37,9.382872,29,gps,0.48,0.82,0.95,-89.6,,,,47,,1784958869000,2026-07-25T11:24:29.000+05:30,32507.193661117806,1784954105228,Default Profile,false
2026-07-25T05:54:35.000Z,12.103336666666667,75.409115,67.30000000000001,2.6,215.97,0.0,27,gps,0.51,0.66,0.83,-89.6,,,,47,,1784958875000,2026-07-25T11:24:35.000+05:30,32514.480906982877,1784954105228,Default Profile,false
2026-07-25T05:54:41.000Z,12.103223333333336,75.40904666666667,66.30000000000001,2.5,214.97,4.9485393,25,gps,0.54,0.94,1.09,-89.6,,,,47,,1784958881000,2026-07-25T11:24:41.000+05:30,32529.109952658146,1784954105228,Default Profile,false
2026-07-25T05:54:47.000Z,12.102881666666667,75.40878666666667,65.30000000000001,2.6,217.32,9.259852,23,gps,0.56,0.94,1.09,-89.6,,,,47,,1784958887000,2026-07-25T11:24:47.000+05:30,32576.464410431374,1784954105228,Default Profile,false
2026-07-25T05:54:53.000Z,12.102383333333334,75.40839833333332,65.0,2.6,219.66,12.611209,24,gps,0.56,0.68,0.88,-89.6,,,,47,,1784958893000,2026-07-25T11:24:53.000+05:30,32646.128700476664,1784954105228,Default Profile,false
2026-07-25T05:54:58.000Z,12.101883333333335,75.407985,62.5,2.5,218.68,14.753483,24,gps,0.56,0.68,0.88,-89.6,,,,47,,1784958898000,2026-07-25T11:24:58.000+05:30,32717.617175491945,1784954105228,Default Profile,false
2026-07-25T05:55:04.000Z,12.101229999999997,75.40744333333333,64.4,2.7,221.83,16.263678,23,gps,0.62,0.71,0.94,-89.6,,,,47,,1784958904000,2026-07-25T11:25:04.000+05:30,32811.136792708196,1784954105228,Default Profile,false
2026-07-25T05:55:09.000Z,12.100661666666667,75.40688666666667,63.099999999999994,2.6,223.28,17.739388,27,gps,0.53,0.64,0.83,-89.6,,,,47,,1784958909000,2026-07-25T11:25:09.000+05:30,32898.63967223639,1784954105228,Default Profile,false
2026-07-25T05:55:15.000Z,12.099923333333333,75.40624166666666,59.400000000000006,2.6,220.2,17.274078,23,gps,0.57,0.71,0.91,-89.6,,,,47,,1784958915000,2026-07-25T11:25:15.000+05:30,33006.61218626826,1784954105228,Default Profile,false
2026-07-25T05:55:21.000Z,12.099185,75.40563,60.70000000000002,2.6,219.74,17.830492,20,gps,0.70,0.73,1.01,-89.6,,,,47,,1784958921000,2026-07-25T11:25:21.000+05:30,33112.26690561879,1784954105228,Default Profile,false
2026-07-25T05:55:27.000Z,12.0986,75.40517666666666,65.1,2.6,218.05,11.243077,21,gps,0.61,0.72,0.95,-89.6,,,,47,,1784958927000,2026-07-25T11:25:27.000+05:30,33193.88031507507,1784954105228,Default Profile,false
2026-07-25T05:55:33.000Z,12.09838,75.40499833333334,66.6,2.6,219.75,1.2651873,23,gps,0.61,0.73,0.96,-89.6,,,,47,,1784958933000,2026-07-25T11:25:33.000+05:30,33225.0953491486,1784954105228,Default Profile,false
2026-07-25T05:55:38.000Z,12.098393333333336,75.40501333333333,65.6,2.3,219.75,0.0,28,gps,0.50,0.63,0.80,-89.6,,,,47,,1784958938000,2026-07-25T11:25:38.000+05:30,33227.29940506785,1784954105228,Default Profile,false
2026-07-25T05:55:44.000Z,12.098393333333336,75.40501333333333,65.6,1.0,219.75,0.0,24,gps,0.53,0.69,0.87,-89.6,,,,47,,1784958944000,2026-07-25T11:25:44.000+05:30,33227.29940506785,1784954105228,Default Profile,false
2026-07-25T05:55:49.000Z,12.098374999999999,75.40499166666667,66.80000000000001,1.6,222.1,3.420329,25,gps,0.52,0.68,0.86,-89.6,,,,47,,1784958949000,2026-07-25T11:25:49.000+05:30,33230.41471628077,1784954105228,Default Profile,false
2026-07-25T05:55:55.000Z,12.098158333333334,75.40481,70.1,2.3,220.78,6.3882174,23,gps,0.60,1.03,1.19,-89.6,,,,47,,1784958955000,2026-07-25T11:25:55.000+05:30,33261.56864783665,1784954105228,Default Profile,false
2026-07-25T05:56:00.000Z,12.097868333333334,75.40455333333333,71.20000000000002,2.6,222.41,8.900062,22,gps,0.59,1.10,1.25,-89.6,,,,47,,1784958960000,2026-07-25T11:26:00.000+05:30,33304.213612621155,1784954105228,Default Profile,false
2026-07-25T05:56:06.000Z,12.097460000000002,75.40409666666666,69.4,2.7,222.38,11.267269,24,gps,0.57,1.02,1.17,-89.6,,,,47,,1784958966000,2026-07-25T11:26:06.000+05:30,33371.49532886784,1784954105228,Default Profile,false
2026-07-25T05:56:12.000Z,12.097003333333335,75.40361333333334,68.20000000000002,2.8,222.31,12.224653,23,gps,0.60,1.06,1.21,-89.6,,,,46,,1784958972000,2026-07-25T11:26:12.000+05:30,33444.571237374774,1784954105228,Default Profile,false
2026-07-25T05:56:17.000Z,12.096521666666668,75.40324666666667,69.70000000000002,2.6,215.98,11.432495,23,gps,0.58,0.73,0.93,-89.6,,,,46,,1784958977000,2026-07-25T11:26:17.000+05:30,33511.33847666688,1784954105228,Default Profile,false
2026-07-25T05:56:23.000Z,12.096291666666666,75.40310500000001,70.0,2.5,206.83,1.5312986,24,gps,0.59,0.98,1.14,-89.6,,,,46,,1784958983000,2026-07-25T11:26:23.000+05:30,33541.19345722348,1784954105228,Default Profile,false
2026-07-25T05:56:29.000Z,12.096131666666668,75.40297333333334,70.1,2.5,212.7,6.789701,25,gps,0.56,0.97,1.12,-89.6,,,,46,,1784958989000,2026-07-25T11:26:29.000+05:30,33564.02901686335,1784954105228,Default Profile,false
2026-07-25T05:56:35.000Z,12.095638333333333,75.40265166666667,67.6,2.7,217.12,12.151048,25,gps,0.63,0.98,1.16,-89.6,,,,46,,1784958995000,2026-07-25T11:26:35.000+05:30,33629.085540070904,1784954105228,Default Profile,false
2026-07-25T05:56:40.000Z,12.09513,75.40224333333335,58.70000000000002,2.5,220.28,15.009814,27,gps,0.54,0.66,0.85,-89.6,,,,46,,1784959000000,2026-07-25T11:26:40.000+05:30,33700.960655566385,1784954105228,Default Profile,false
2026-07-25T05:56:45.000Z,12.09455,75.40171666666667,51.099999999999994,2.6,228.04,16.613174,26,gps,0.58,0.70,0.91,-89.6,,,,46,,1784959005000,2026-07-25T11:26:45.000+05:30,33787.20664429871,1784954105228,Default Profile,false
2026-07-25T05:56:51.000Z,12.093928333333334,75.40094166666667,47.599999999999994,2.5,231.21,17.233929,26,gps,0.59,0.65,0.88,-89.6,,,,46,,1784959011000,2026-07-25T11:26:51.000+05:30,33896.19626571369,1784954105228,Default Profile,false
2026-07-25T05:56:57.000Z,12.093333333333332,75.40034833333334,48.599999999999994,2.6,219.68,12.234947,27,gps,0.54,0.68,0.87,-89.6,,,,46,,1784959017000,2026-07-25T11:26:57.000+05:30,33988.60297424708,1784954105228,Default Profile,false
2026-07-25T05:57:02.000Z,12.093128333333334,75.40018,50.5,2.6,206.27,2.5622873,24,gps,0.61,0.97,1.14,-89.6,,,,46,,1784959022000,2026-07-25T11:27:02.000+05:30,34017.83632897656,1784954105228,Default Profile,false
2026-07-25T05:57:08.000Z,12.093095000000002,75.40015166666667,51.80000000000001,2.5,212.06,4.1332192,24,gps,0.60,1.00,1.17,-89.6,,,,46,,1784959028000,2026-07-25T11:27:08.000+05:30,34022.65590043046,1784954105228,Default Profile,false
2026-07-25T05:57:13.000Z,12.092873333333333,75.39998166666666,51.70000000000002,2.5,218.37,7.853117,26,gps,0.56,0.94,1.10,-89.6,,,,46,,1784959033000,2026-07-25T11:27:13.000+05:30,34053.46466112356,1784954105228,Default Profile,false
2026-07-25T05:57:19.000Z,12.092424999999999,75.399625,50.599999999999994,2.6,219.13,12.326053,28,gps,0.53,0.66,0.85,-89.6,,,,46,,1784959039000,2026-07-25T11:27:19.000+05:30,34116.62405762336,1784954105228,Default Profile,false
2026-07-25T05:57:25.000Z,12.091804999999999,75.39919833333333,44.599999999999994,2.5,211.4,13.412117,29,gps,0.49,0.62,0.80,-89.6,,,,46,,1784959045000,2026-07-25T11:27:25.000+05:30,34199.719907172315,1784954105228,Default Profile,false
2026-07-25T05:57:30.000Z,12.091511666666667,75.39902833333333,44.20000000000002,2.5,202.86,3.120761,28,gps,0.53,0.84,0.99,-89.6,,,,46,,1784959050000,2026-07-25T11:27:30.000+05:30,34237.21029608648,1784954105228,Default Profile,false
2026-07-25T05:57:35.000Z,12.09146,75.39897166666667,43.900000000000006,2.4,213.48,4.7488275,30,gps,0.49,0.80,0.93,-89.6,,,,46,,1784959055000,2026-07-25T11:27:35.000+05:30,34245.63448057312,1784954105228,Default Profile,false
2026-07-25T05:57:41.000Z,12.091141666666665,75.39877333333334,43.900000000000006,2.4,208.62,8.710644,28,gps,0.53,0.66,0.85,-89.6,,,,46,,1784959061000,2026-07-25T11:27:41.000+05:30,34287.08293846559,1784954105228,Default Profile,false
2026-07-25T05:57:46.000Z,12.090663333333335,75.398605,44.0,2.7,200.21,12.656505,25,gps,0.59,0.96,1.13,-89.6,,,,46,,1784959066000,2026-07-25T11:27:46.000+05:30,34343.332147585395,1784954105228,Default Profile,false
2026-07-25T05:57:52.000Z,12.089966666666665,75.39814166666666,37.400000000000006,2.7,224.81,16.427874,24,gps,0.59,0.72,0.93,-89.6,,,,46,,1784959072000,2026-07-25T11:27:52.000+05:30,34435.738019363285,1784954105228,Default Profile,false
2026-07-25T05:57:58.000Z,12.089410000000003,75.39750166666666,33.0,2.4,219.62,13.453295,23,gps,0.60,0.74,0.95,-89.6,,,,46,,1784959078000,2026-07-25T11:27:58.000+05:30,34528.870669811695,1784954105228,Default Profile,false
2026-07-25T05:58:04.000Z,12.088606666666665,75.39716,23.80000000000001,2.9,198.08,16.377947,21,gps,0.77,0.76,1.08,-89.6,,,,46,,1784959084000,2026-07-25T11:28:04.000+05:30,34625.61411283399,1784954105228,Default Profile,false
2026-07-25T05:58:09.000Z,12.087858333333335,75.39694666666666,14.100000000000009,2.7,194.54,16.669794,23,gps,0.63,0.71,0.95,-89.6,,,,46,,1784959089000,2026-07-25T11:28:09.000+05:30,34711.99746898582,1784954105228,Default Profile,false
2026-07-25T05:58:15.000Z,12.087058333333335,75.39669166666665,9.200000000000003,2.7,203.87,15.374753,22,gps,0.67,0.74,1.00,-89.6,,,,46,,1784959095000,2026-07-25T11:28:15.000+05:30,34805.17414914043,1784954105228,Default Profile,false
2026-07-25T05:58:20.000Z,12.086496666666669,75.39643666666666,10.200000000000003,2.9,206.64,12.926734,21,gps,0.65,0.73,0.98,-89.6,,,,46,,1784959100000,2026-07-25T11:28:20.000+05:30,34873.506430589936,1784954105228,Default Profile,false
2026-07-25T05:58:25.000Z,12.086075000000001,75.39621333333334,5.800000000000011,2.8,205.94,8.890283,24,gps,0.60,1.03,1.19,-89.6,,,,46,,1784959105000,2026-07-25T11:28:25.000+05:30,34926.30866427341,1784954105228,Default Profile,false
2026-07-25T05:58:31.000Z,12.08578,75.39615333333333,-0.6999999999999886,2.7,181.94,2.1211703,23,gps,0.64,1.05,1.23,-89.6,,,,46,,1784959111000,2026-07-25T11:28:31.000+05:30,34959.75360999354,1784954105228,Default Profile,false
2026-07-25T05:58:37.000Z,12.085790000000001,75.39615333333333,-3.0999999999999943,2.7,184.28,0.0,21,gps,0.67,0.73,0.99,-89.6,,,,46,,1784959117000,2026-07-25T11:28:37.000+05:30,34960.86555926014,1784954105228,Default Profile,false
2026-07-25T05:58:43.000Z,12.085751666666665,75.39609999999999,-1.5999999999999943,2.6,211.29,2.925681,23,gps,0.63,1.06,1.23,-89.6,,,,46,,1784959123000,2026-07-25T11:28:43.000+05:30,34968.062537460784,1784954105228,Default Profile,false
2026-07-25T05:58:48.000Z,12.085558333333331,75.39599666666666,-1.3999999999999915,2.6,203.39,4.8872876,22,gps,0.64,0.74,0.98,-89.6,,,,46,,1784959128000,2026-07-25T11:28:48.000+05:30,34992.319213061695,1784954105228,Default Profile,false
2026-07-25T05:58:54.000Z,12.085356666666666,75.39588166666667,0.0,2.7,206.33,4.328299,16,gps,0.72,1.54,1.70,-89.6,,,,46,,1784959134000,2026-07-25T11:28:54.000+05:30,35017.99409848945,1784954105228,Default Profile,false
2026-07-25T05:58:59.000Z,12.085131666666665,75.39578,0.30000000000001137,2.7,209.19,5.974381,16,gps,0.77,1.39,1.58,-89.6,,,,46,,1784959139000,2026-07-25T11:28:59.000+05:30,35045.34624992067,1784954105228,Default Profile,false
2026-07-25T05:59:05.000Z,12.084691666666666,75.39552166666667,4.5,2.3,209.6,9.356106,26,gps,0.54,1.01,1.15,-89.6,,,,46,,1784959145000,2026-07-25T11:29:05.000+05:30,35101.76175292005,1784954105228,Default Profile,false
2026-07-25T05:59:10.000Z,12.084394999999999,75.39532,2.1000000000000085,2.6,209.35,5.818935,22,gps,0.62,0.76,0.98,-89.6,,,,46,,1784959150000,2026-07-25T11:29:10.000+05:30,35141.372444509325,1784954105228,Default Profile,false
2026-07-25T05:59:16.000Z,12.084163333333333,75.39515166666666,2.0,2.4,211.31,7.035738,26,gps,0.56,0.71,0.91,-89.6,,,,46,,1784959156000,2026-07-25T11:29:16.000+05:30,35172.972871539125,1784954105228,Default Profile,false
2026-07-25T05:59:22.000Z,12.083725,75.394875,2.0,2.7,215.1,10.996526,24,gps,0.61,1.04,1.20,-89.6,,,,46,,1784959162000,2026-07-25T11:29:22.000+05:30,35230.24915962052,1784954105228,Default Profile,false
2026-07-25T05:59:28.000Z,12.083146666666668,75.39449166666667,-0.7999999999999972,2.8,216.0,12.904601,23,gps,0.66,1.04,1.23,-89.6,,,,46,,1784959168000,2026-07-25T11:29:28.000+05:30,35306.882921979064,1784954105228,Default Profile,false
2026-07-25T05:59:34.000Z,12.082509999999997,75.39414833333333,2.200000000000003,2.6,202.67,13.875367,25,gps,0.59,0.70,0.92,-89.6,,,,46,,1784959174000,2026-07-25T11:29:34.000+05:30,35386.91679048551,1784954105228,Default Profile,false
2026-07-25T05:59:39.000Z,12.081968333333334,75.39389333333334,-1.2999999999999972,2.5,202.47,11.936923,24,gps,0.57,0.73,0.93,-89.6,,,,46,,1784959179000,2026-07-25T11:29:39.000+05:30,35453.222805421596,1784954105228,Default Profile,false
2026-07-25T05:59:45.000Z,12.081366666666668,75.39389,6.700000000000003,2.8,177.89,9.616555,26,gps,0.53,0.99,1.13,-89.6,,,,46,,1784959185000,2026-07-25T11:29:45.000+05:30,35520.12606802955,1784954105228,Default Profile,false
2026-07-25T05:59:51.000Z,12.080841666666666,75.39388166666666,9.200000000000003,2.7,188.96,9.518244,23,gps,0.65,1.04,1.22,-89.6,,,,46,,1784959191000,2026-07-25T11:29:51.000+05:30,35578.510436108496,1784954105228,Default Profile,false
2026-07-25T05:59:57.000Z,12.080373333333334,75.393705,10.800000000000011,2.9,202.14,9.258823,23,gps,0.67,1.06,1.25,-89.6,,,,46,,1784959197000,2026-07-25T11:29:57.000+05:30,35634.01665972493,1784954105228,Default Profile,false
2026-07-25T06:00:02.000Z,12.079963333333334,75.39357166666667,11.0,2.8,200.2,9.175438,20,gps,0.69,0.77,1.04,-89.6,,,,46,,1784959202000,2026-07-25T11:30:02.000+05:30,35681.856219824615,1784954105228,Default Profile,false
2026-07-25T06:00:08.000Z,12.079461666666669,75.39349999999999,13.100000000000009,2.7,183.67,9.215587,25,gps,0.58,0.70,0.91,-89.6,,,,46,,1784959208000,2026-07-25T11:30:08.000+05:30,35738.18066181258,1784954105228,Default Profile,false
2026-07-25T06:00:14.000Z,12.078943333333333,75.39340166666666,15.300000000000011,2.8,196.73,10.398418,25,gps,0.58,1.00,1.16,-89.6,,,,46,,1784959214000,2026-07-25T11:30:14.000+05:30,35796.80005513879,1784954105228,Default Profile,false
2026-07-25T06:00:19.000Z,12.078420000000001,75.393245,14.600000000000009,2.7,198.08,11.849421,26,gps,0.56,0.69,0.89,-89.6,,,,46,,1784959219000,2026-07-25T11:30:19.000+05:30,35857.43417873725,1784954105228,Default Profile,false
2026-07-25T06:00:24.000Z,12.077858333333332,75.39304333333332,11.5,2.6,198.74,14.009194,28,gps,0.53,0.66,0.85,-89.6,,,,46,,1784959224000,2026-07-25T11:30:24.000+05:30,35923.62629027196,1784954105228,Default Profile,false
2026-07-25T06:00:30.000Z,12.077103333333332,75.39276,10.0,2.5,202.9,14.74113,25,gps,0.59,0.70,0.91,-89.6,,,,46,,1784959230000,2026-07-25T11:30:30.000+05:30,36013.052752491945,1784954105228,Default Profile,false
2026-07-25T06:00:36.000Z,12.076383333333334,75.39246,12.700000000000003,2.2,200.55,13.587123,25,gps,0.61,0.70,0.93,-89.6,,,,46,,1784959236000,2026-07-25T11:30:36.000+05:30,36099.50352687975,1784954105228,Default Profile,false
2026-07-25T06:00:42.000Z,12.075758333333333,75.39221833333333,16.30000000000001,2.9,202.13,11.655885,21,gps,0.75,1.15,1.37,-89.6,,,,46,,1784959242000,2026-07-25T11:30:42.000+05:30,36173.80233874723,1784954105228,Default Profile,false
2026-07-25T06:00:48.000Z,12.075411666666666,75.39209833333332,22.200000000000003,3.0,191.58,2.6780996,21,gps,0.73,1.08,1.30,-89.6,,,,46,,1784959248000,2026-07-25T11:30:48.000+05:30,36214.49839912457,1784954105228,Default Profile,false
2026-07-25T06:00:53.000Z,12.075429999999999,75.392095,24.5,2.6,191.58,0.0,25,gps,0.61,0.71,0.93,-89.6,,,,46,,1784959253000,2026-07-25T11:30:53.000+05:30,36216.568942869555,1784954105228,Default Profile,false
2026-07-25T06:00:58.000Z,12.07536,75.39203333333333,24.200000000000003,1.7,201.51,4.8095646,26,gps,0.56,0.67,0.88,-89.6,,,,46,,1784959258000,2026-07-25T11:30:58.000+05:30,36226.84250729733,1784954105228,Default Profile,false
2026-07-25T06:01:03.000Z,12.075043333333333,75.39197666666668,25.0,2.5,193.95,7.9035597,23,gps,0.66,0.73,0.98,-89.6,,,,46,,1784959263000,2026-07-25T11:31:03.000+05:30,36262.58927446384,1784954105228,Default Profile,false
2026-07-25T06:01:08.000Z,12.074600000000002,75.39189333333334,27.10000000000001,2.7,194.84,10.338196,25,gps,0.57,0.70,0.90,-89.6,,,,46,,1784959268000,2026-07-25T11:31:08.000+05:30,36312.71155171498,1784954105228,Default Profile,false
2026-07-25T06:01:14.000Z,12.073979999999999,75.391525,18.80000000000001,2.5,222.48,13.741024,28,gps,0.53,0.67,0.86,-89.6,,,,46,,1784959274000,2026-07-25T11:31:14.000+05:30,36392.44173110961,1784954105228,Default Profile,false
2026-07-25T06:01:19.000Z,12.073495,75.39106333333334,15.800000000000011,2.6,225.18,14.848706,27,gps,0.54,0.65,0.84,-89.6,,,,46,,1784959279000,2026-07-25T11:31:19.000+05:30,36466.11925197497,1784954105228,Default Profile,false
2026-07-25T06:01:24.000Z,12.073161666666666,75.39055833333333,11.200000000000003,2.6,254.19,12.616871,29,gps,0.53,0.87,1.02,-89.6,,,,46,,1784959284000,2026-07-25T11:31:24.000+05:30,36532.369310724804,1784954105228,Default Profile,false
2026-07-25T06:01:30.000Z,12.072966666666666,75.389765,1.9000000000000057,2.6,251.77,14.076109,30,gps,0.52,0.63,0.81,-89.6,,,,46,,1784959290000,2026-07-25T11:31:30.000+05:30,36621.31615561584,1784954105228,Default Profile,false
2026-07-25T06:01:36.000Z,12.072591666666664,75.38904833333332,-2.6999999999999886,2.5,227.04,15.059228,26,gps,0.57,0.67,0.87,-89.6,,,,46,,1784959296000,2026-07-25T11:31:36.000+05:30,36709.698146725554,1784954105228,Default Profile,false
2026-07-25T06:01:42.000Z,12.072021666666668,75.38846166666667,1.5,2.6,228.98,16.082497,25,gps,0.58,0.67,0.88,-89.6,,,,46,,1784959302000,2026-07-25T11:31:42.000+05:30,36799.623343928295,1784954105228,Default Profile,false
2026-07-25T06:01:48.000Z,12.071573333333333,75.38794666666666,-5.0,2.7,226.38,9.02411,24,gps,0.58,0.71,0.92,-89.6,,,,46,,1784959308000,2026-07-25T11:31:48.000+05:30,36874.59769422628,1784954105228,Default Profile,false
2026-07-25T06:01:53.000Z,12.071319999999998,75.38760666666667,-10.299999999999997,2.7,231.79,9.116245,24,gps,0.58,1.01,1.17,-89.6,,,,46,,1784959313000,2026-07-25T11:31:53.000+05:30,36921.076895528524,1784954105228,Default Profile,false
2026-07-25T06:01:59.000Z,12.070989999999998,75.38716666666666,-16.0,2.8,230.78,9.995391,24,gps,0.59,0.67,0.89,-89.6,,,,46,,1784959319000,2026-07-25T11:31:59.000+05:30,36981.372146981426,1784954105228,Default Profile,false
2026-07-25T06:02:04.000Z,12.070693333333335,75.38688666666667,-18.799999999999997,2.7,224.05,7.6019325,23,gps,0.61,1.10,1.25,-89.6,,,,46,,1784959324000,2026-07-25T11:32:04.000+05:30,37026.26275993401,1784954105228,Default Profile,false
2026-07-25T06:02:09.000Z,12.070525000000002,75.3867,-21.39999999999999,2.5,243.99,4.574851,23,gps,0.61,1.10,1.25,-89.6,,,,46,,1784959329000,2026-07-25T11:32:09.000+05:30,37053.87333823549,1784954105228,Default Profile,false
2026-07-25T06:02:15.000Z,12.070510000000002,75.38664833333334,-21.0,2.9,227.7,2.0717568,16,gps,1.03,0.81,1.31,-89.6,,,,46,,1784959335000,2026-07-25T11:32:15.000+05:30,37059.7337556734,1784954105228,Default Profile,false
2026-07-25T06:02:21.000Z,12.070383333333332,75.38650166666666,-16.39999999999999,2.8,222.72,4.4163165,21,gps,0.67,0.71,0.98,-89.6,,,,46,,1784959341000,2026-07-25T11:32:21.000+05:30,37081.01092788866,1784954105228,Default Profile,false
2026-07-25T06:02:26.000Z,12.070189999999998,75.38630666666667,-12.899999999999991,2.7,219.56,7.003825,21,gps,0.66,0.72,0.98,-89.6,,,,46,,1784959346000,2026-07-25T11:32:26.000+05:30,37111.20603985461,1784954105228,Default Profile,false
2026-07-25T06:02:32.000Z,12.069918333333332,75.38602666666667,-10.5,2.7,232.15,7.4289856,22,gps,0.61,1.00,1.17,-89.6,,,,46,,1784959352000,2026-07-25T11:32:32.000+05:30,37154.09538956004,1784954105228,Default Profile,false
2026-07-25T06:02:38.000Z,12.069721666666664,75.38573,-6.599999999999994,2.5,242.03,6.5935917,23,gps,0.60,0.96,1.13,-89.6,,,,46,,1784959358000,2026-07-25T11:32:38.000+05:30,37193.06769125275,1784954105228,Default Profile,false
2026-07-25T06:02:43.000Z,12.069666666666668,75.38562499999999,-3.5,2.5,240.64,0.0,23,gps,0.60,0.71,0.93,-89.6,,,,46,,1784959363000,2026-07-25T11:32:43.000+05:30,37206.019847855416,1784954105228,Default Profile,false
2026-07-25T06:02:49.000Z,12.069626666666666,75.38553666666667,-1.1999999999999886,2.5,250.35,3.4347415,23,gps,0.62,0.97,1.16,-89.6,,,,46,,1784959369000,2026-07-25T11:32:49.000+05:30,37216.60477359408,1784954105228,Default Profile,false
2026-07-25T06:02:54.000Z,12.069546666666668,75.38529833333334,1.3000000000000114,2.4,243.63,6.4309397,23,gps,0.62,1.03,1.21,-89.6,,,,46,,1784959374000,2026-07-25T11:32:54.000+05:30,37244.0046142395,1784954105228,Default Profile,false
2026-07-25T06:03:00.000Z,12.069353333333334,75.38489333333334,2.8000000000000114,2.4,247.92,8.909327,23,gps,0.63,1.04,1.21,-89.6,,,,46,,1784959380000,2026-07-25T11:33:00.000+05:30,37293.010091461445,1784954105228,Default Profile,false
2026-07-25T06:03:06.000Z,12.06916,75.38433666666667,0.8000000000000114,2.3,253.14,11.582279,23,gps,0.65,1.06,1.24,-89.6,,,,46,,1784959386000,2026-07-25T11:33:06.000+05:30,37357.24454522235,1784954105228,Default Profile,false
2026-07-25T06:03:12.000Z,12.069009999999999,75.3837,0.0,2.9,253.01,11.212194,20,gps,0.73,1.15,1.36,-89.6,,,,46,,1784959392000,2026-07-25T11:33:12.000+05:30,37428.454732974176,1784954105228,Default Profile,false
2026-07-25T06:03:18.000Z,12.068791666666668,75.38310499999999,4.200000000000003,3.2,249.12,11.06241,18,gps,0.78,1.29,1.51,-89.6,,,,46,,1784959398000,2026-07-25T11:33:18.000+05:30,37497.55835703792,1784954105228,Default Profile,false
2026-07-25T06:03:23.000Z,12.068541666666667,75.38268,7.1000000000000085,2.9,244.64,10.14466,19,gps,0.74,0.80,1.09,-89.6,,,,46,,1784959403000,2026-07-25T11:33:23.000+05:30,37551.488330948116,1784954105228,Default Profile,false
2026-07-25T06:03:29.000Z,12.068328333333334,75.38220500000001,8.400000000000006,2.8,245.43,8.479019,19,gps,0.75,0.79,1.09,-89.6,,,,46,,1784959409000,2026-07-25T11:33:29.000+05:30,37608.32547957314,1784954105228,Default Profile,false
2026-07-25T06:03:35.000Z,12.06819,75.38198666666668,11.0,2.9,240.76,1.1982733,19,gps,0.75,0.75,1.06,-89.6,,,,46,,1784959415000,2026-07-25T11:33:35.000+05:30,37636.613996655266,1784954105228,Default Profile,false
2026-07-25T06:03:40.000Z,12.068211666666665,75.381995,11.600000000000009,2.7,240.76,0.0,19,gps,0.71,0.76,1.04,-89.6,,,,46,,1784959420000,2026-07-25T11:33:40.000+05:30,37639.18799297004,1784954105228,Default Profile,false
2026-07-25T06:03:46.000Z,12.068125000000002,75.38182,11.900000000000006,3.0,232.2,6.8113194,18,gps,0.89,0.85,1.23,-89.6,,,,46,,1784959426000,2026-07-25T11:33:46.000+05:30,37660.51812952139,1784954105228,Default Profile,false
2026-07-25T06:03:51.000Z,12.067845,75.38149666666666,12.200000000000003,3.0,221.51,10.265105,20,gps,0.75,1.17,1.40,-89.6,,,,46,,1784959431000,2026-07-25T11:33:51.000+05:30,37707.48066984281,1784954105228,Default Profile,false
2026-07-25T06:03:57.000Z,12.067336666666666,75.38103666666666,8.0,2.9,223.39,13.199536,22,gps,0.60,1.11,1.26,-89.6,,,,46,,1784959437000,2026-07-25T11:33:57.000+05:30,37782.958528652896,1784954105228,Default Profile,false
2026-07-25T06:04:03.000Z,12.06682,75.38049166666666,0.9000000000000057,2.4,225.53,14.735468,22,gps,0.65,0.71,0.96,-89.6,,,,46,,1784959443000,2026-07-25T11:34:03.000+05:30,37865.496932169466,1784954105228,Default Profile,false
2026-07-25T06:04:09.000Z,12.066201666666666,75.37988666666666,-0.5,2.6,222.43,16.981716,20,gps,0.68,0.76,1.02,-89.6,,,,46,,1784959449000,2026-07-25T11:34:09.000+05:30,37960.65572736558,1784954105228,Default Profile,false
2026-07-25T06:04:15.000Z,12.065485,75.37925333333332,-4.199999999999989,2.4,221.75,16.853035,18,gps,0.71,0.75,1.03,-89.6,,,,46,,1784959455000,2026-07-25T11:34:15.000+05:30,38065.98000060571,1784954105228,Default Profile,false
2026-07-25T06:04:20.000Z,12.065011666666665,75.37876,12.0,2.6,223.13,14.373618,20,gps,0.72,0.75,1.04,-89.6,,,,46,,1784959460000,2026-07-25T11:34:20.000+05:30,38141.1323605829,1784954105228,Default Profile,false
2026-07-25T06:04:26.000Z,12.064416666666666,75.37829,15.400000000000006,2.6,217.59,13.141888,20,gps,0.77,0.73,1.06,-89.6,,,,46,,1784959466000,2026-07-25T11:34:26.000+05:30,38224.73396556077,1784954105228,Default Profile,false
2026-07-25T06:04:31.000Z,12.064041666666666,75.37799333333334,14.600000000000009,2.9,223.62,8.376075,20,gps,0.71,0.71,1.01,-89.6,,,,46,,1784959471000,2026-07-25T11:34:31.000+05:30,38277.453894893806,1784954105228,Default Profile,false
2026-07-25T06:04:36.000Z,12.063795,75.377775,15.300000000000011,2.9,219.88,7.0501504,19,gps,0.81,1.09,1.36,-89.6,,,,46,,1784959476000,2026-07-25T11:34:36.000+05:30,38313.72996537395,1784954105228,Default Profile,false
2026-07-25T06:04:42.000Z,12.063436666666666,75.37750333333334,14.800000000000011,3.1,209.19,7.8598084,18,gps,1.26,1.54,1.99,-89.6,,,,46,,1784959482000,2026-07-25T11:34:42.000+05:30,38363.331110743144,1784954105228,Default Profile,false
2026-07-25T06:04:48.000Z,12.063033333333331,75.37729166666666,13.299999999999997,2.9,204.0,8.487255,20,gps,0.88,1.42,1.68,-89.7,,,,46,,1784959488000,2026-07-25T11:34:48.000+05:30,38413.74102040301,1784954105228,Default Profile,false
2026-07-25T06:04:53.000Z,12.062745,75.37717833333333,14.099999999999994,2.8,191.63,3.4090052,20,gps,0.86,1.30,1.56,-89.7,,,,46,,1784959493000,2026-07-25T11:34:53.000+05:30,38448.08919926569,1784954105228,Default Profile,false
2026-07-25T06:04:59.000Z,12.062703333333332,75.37719,11.299999999999997,2.4,191.63,0.0,22,gps,0.65,0.71,0.97,-89.7,,,,46,,1784959499000,2026-07-25T11:34:59.000+05:30,38452.89286868628,1784954105228,Default Profile,false
2026-07-25T06:05:05.000Z,12.062570000000001,75.37711833333333,10.799999999999997,2.3,209.7,4.254694,23,gps,0.63,1.00,1.18,-89.7,,,,46,,1784959505000,2026-07-25T11:35:05.000+05:30,38469.64222786131,1784954105228,Default Profile,false
2026-07-25T06:05:10.000Z,12.062285000000001,75.37698833333334,12.099999999999994,2.4,199.24,8.385855,24,gps,0.61,1.03,1.20,-89.7,,,,46,,1784959510000,2026-07-25T11:35:10.000+05:30,38504.34269791987,1784954105228,Default Profile,false
2026-07-25T06:05:15.000Z,12.061818333333333,75.37686333333333,13.700000000000003,2.7,193.51,11.027924,24,gps,0.57,0.71,0.91,-89.7,,,,46,,1784959515000,2026-07-25T11:35:15.000+05:30,38557.9843628083,1784954105228,Default Profile,false
2026-07-25T06:05:21.000Z,12.061165,75.37674833333334,14.599999999999994,2.8,190.23,12.409438,24,gps,0.59,0.70,0.92,-89.7,,,,46,,1784959521000,2026-07-25T11:35:21.000+05:30,38631.70013992915,1784954105228,Default Profile,false
2026-07-25T06:05:26.000Z,12.060509999999999,75.37663833333333,5.3999999999999915,2.6,184.22,13.565504,21,gps,0.70,0.74,1.02,-89.7,,,,46,,1784959526000,2026-07-25T11:35:26.000+05:30,38705.508507233295,1784954105228,Default Profile,false
2026-07-25T06:05:32.000Z,12.05969,75.376495,3.200000000000003,2.7,197.15,16.570452,23,gps,0.61,0.69,0.92,-89.7,,,,46,,1784959532000,2026-07-25T11:35:32.000+05:30,38798.01089627364,1784954105228,Default Profile,false
2026-07-25T06:05:38.000Z,12.058851666666666,75.37612,-5.400000000000006,2.9,211.83,15.903373,21,gps,0.67,0.73,0.99,-89.7,,,,46,,1784959538000,2026-07-25T11:35:38.000+05:30,38899.7581815271,1784954105228,Default Profile,false
2026-07-25T06:05:44.000Z,12.058228333333334,75.37557333333332,-6.1000000000000085,2.7,225.22,14.9670925,18,gps,0.77,0.80,1.11,-89.7,,,,46,,1784959544000,2026-07-25T11:35:44.000+05:30,38991.06988075229,1784954105228,Default Profile,false
2026-07-25T06:05:50.000Z,12.057605,75.37500166666668,-10.400000000000006,2.9,215.67,14.664436,20,gps,0.72,0.75,1.04,-89.7,,,,46,,1784959550000,2026-07-25T11:35:50.000+05:30,39084.1743537705,1784954105228,Default Profile,false
2026-07-25T06:05:56.000Z,12.057031666666667,75.37464666666666,-9.100000000000009,3.1,201.79,11.072704,20,gps,0.82,1.23,1.48,-89.7,,,,46,,1784959556000,2026-07-25T11:35:56.000+05:30,39158.70291406348,1784954105228,Default Profile,false
2026-07-25T06:06:01.000Z,12.056628333333332,75.37450666666668,-9.700000000000003,3.1,203.98,8.566008,20,gps,1.11,1.46,1.84,-89.7,,,,46,,1784959561000,2026-07-25T11:36:01.000+05:30,39206.064982835516,1784954105228,Default Profile,false
2026-07-25T06:06:07.000Z,12.056143333333333,75.37437166666668,-7.400000000000006,3.2,194.91,8.761601,19,gps,0.82,0.80,1.15,-89.7,,,,46,,1784959567000,2026-07-25T11:36:07.000+05:30,39261.956874828225,1784954105228,Default Profile,false
2026-07-25T06:06:12.000Z,12.055765000000001,75.37427666666667,-7.1000000000000085,3.3,198.83,7.3512626,17,gps,1.08,0.90,1.41,-89.7,,,,46,,1784959572000,2026-07-25T11:36:12.000+05:30,39305.27545451205,1784954105228,Default Profile,false
2026-07-25T06:06:18.000Z,12.055563333333335,75.37422,-8.799999999999997,3.1,204.38,2.8690617,18,gps,1.22,1.69,2.08,-89.7,,,,46,,1784959578000,2026-07-25T11:36:18.000+05:30,39328.53101048921,1784954105228,Default Profile,false
2026-07-25T06:06:24.000Z,12.055533333333335,75.37420666666667,-9.5,3.0,208.34,0.0,19,gps,0.82,0.80,1.15,-89.7,,,,46,,1784959584000,2026-07-25T11:36:24.000+05:30,39332.16833008926,1784954105228,Default Profile,false
2026-07-25T06:06:29.000Z,12.055533333333335,75.37420666666667,-9.5,3.0,208.34,0.0,19,gps,0.77,0.77,1.09,-89.7,,,,46,,1784959589000,2026-07-25T11:36:29.000+05:30,39332.16833008926,1784954105228,Default Profile,false
2026-07-25T06:06:34.000Z,12.055533333333335,75.37420666666667,-9.5,2.6,208.34,0.0,23,gps,0.63,0.71,0.95,-89.7,,,,46,,1784959594000,2026-07-25T11:36:34.000+05:30,39332.16833008926,1784954105228,Default Profile,false
2026-07-25T06:06:39.000Z,12.055533333333335,75.37420666666667,-9.5,1.1,208.34,0.0,23,gps,0.63,0.71,0.95,-89.7,,,,46,,1784959599000,2026-07-25T11:36:39.000+05:30,39332.16833008926,1784954105228,Default Profile,false
2026-07-25T06:06:45.000Z,12.055451666666666,75.37416166666667,-14.600000000000009,2.2,193.74,3.500111,23,gps,0.64,1.01,1.20,-89.7,,,,46,,1784959605000,2026-07-25T11:36:45.000+05:30,39342.48378566711,1784954105228,Default Profile,false
2026-07-25T06:06:51.000Z,12.055169999999999,75.3741,-13.400000000000006,2.8,192.44,6.837055,21,gps,0.77,1.13,1.37,-89.7,,,,46,,1784959611000,2026-07-25T11:36:51.000+05:30,39374.51352410614,1784954105228,Default Profile,false
2026-07-25T06:06:57.000Z,12.054756666666666,75.37398833333333,-11.600000000000009,2.9,195.24,8.242247,20,gps,0.76,1.18,1.40,-89.7,,,,46,,1784959617000,2026-07-25T11:36:57.000+05:30,39422.05114253027,1784954105228,Default Profile,false
2026-07-25T06:07:03.000Z,12.054178333333335,75.37386166666667,-7.6000000000000085,2.7,190.29,11.69243,23,gps,0.61,1.02,1.18,-89.7,,,,46,,1784959623000,2026-07-25T11:37:03.000+05:30,39487.81747701125,1784954105228,Default Profile,false
2026-07-25T06:07:09.000Z,12.05355,75.37376333333333,-4.5,2.6,199.19,11.166384,23,gps,0.61,1.02,1.19,-89.7,,,,46,,1784959629000,2026-07-25T11:37:09.000+05:30,39558.498498096546,1784954105228,Default Profile,false
2026-07-25T06:07:15.000Z,12.053071666666664,75.373495,-3.1000000000000085,3.0,217.26,7.6894355,20,gps,0.72,0.80,1.07,-89.7,,,,46,,1784959635000,2026-07-25T11:37:15.000+05:30,39619.1650647802,1784954105228,Default Profile,false
2026-07-25T06:07:20.000Z,12.053053333333333,75.37346666666667,-4.5,2.9,231.46,0.0,19,gps,0.80,0.79,1.12,-89.7,,,,46,,1784959640000,2026-07-25T11:37:20.000+05:30,39622.859488352835,1784954105228,Default Profile,false
2026-07-25T06:07:26.000Z,12.052964999999999,75.37342166666667,-6.0,2.8,213.59,3.8804908,21,gps,0.68,1.04,1.24,-89.7,,,,46,,1784959646000,2026-07-25T11:37:26.000+05:30,39633.83318206316,1784954105228,Default Profile,false
2026-07-25T06:07:32.000Z,12.052691666666666,75.37324,-6.799999999999997,2.8,215.24,7.132506,21,gps,0.72,0.76,1.05,-89.7,,,,46,,1784959652000,2026-07-25T11:37:32.000+05:30,39670.082534828485,1784954105228,Default Profile,false
2026-07-25T06:07:37.000Z,12.052445,75.37303666666666,-7.0,2.9,222.67,7.1108875,19,gps,1.02,1.49,1.80,-89.7,,,,46,,1784959657000,2026-07-25T11:37:37.000+05:30,39705.31329589659,1784954105228,Default Profile,false
2026-07-25T06:07:43.000Z,12.052131666666666,75.37272833333333,-6.5,3.2,227.2,8.966976,19,gps,1.01,0.88,1.34,-89.7,,,,46,,1784959663000,2026-07-25T11:37:43.000+05:30,39753.66740009678,1784954105228,Default Profile,false
2026-07-25T06:07:49.000Z,12.051686666666667,75.37228333333334,-12.0,3.3,231.48,11.974498,19,gps,0.78,0.77,1.10,-89.7,,,,46,,1784959669000,2026-07-25T11:37:49.000+05:30,39822.87825235438,1784954105228,Default Profile,false
2026-07-25T06:07:55.000Z,12.051278333333334,75.37182,-15.600000000000009,3.1,219.35,9.763766,19,gps,0.70,0.75,1.02,-89.7,,,,46,,1784959675000,2026-07-25T11:37:55.000+05:30,39890.703086844595,1784954105228,Default Profile,false
2026-07-25T06:08:01.000Z,12.050821666666666,75.37144333333335,-15.0,3.1,222.8,11.97141,20,gps,0.69,0.73,1.00,-89.7,,,,46,,1784959681000,2026-07-25T11:38:01.000+05:30,39955.94312361046,1784954105228,Default Profile,false
2026-07-25T06:08:06.000Z,12.050418333333335,75.37111333333334,-15.600000000000009,3.0,216.37,11.316168,21,gps,0.69,0.75,1.02,-89.7,,,,46,,1784959686000,2026-07-25T11:38:06.000+05:30,40013.38163953438,1784954105228,Default Profile,false
2026-07-25T06:08:12.000Z,12.049775,75.37072833333333,-24.0,2.8,208.47,13.673595,22,gps,0.65,0.70,0.95,-89.7,,,,46,,1784959692000,2026-07-25T11:38:12.000+05:30,40096.267936891854,1784954105228,Default Profile,false
2026-07-25T06:08:17.000Z,12.04921,75.37029666666668,-26.900000000000006,2.9,216.91,15.590422,21,gps,0.68,0.74,1.00,-89.7,,,,46,,1784959697000,2026-07-25T11:38:17.000+05:30,40174.69313727995,1784954105228,Default Profile,false
2026-07-25T06:08:22.000Z,12.048715,75.36981833333333,-18.700000000000003,2.6,215.79,16.312576,21,gps,0.68,0.73,1.00,-89.7,,,,46,,1784959702000,2026-07-25T11:38:22.000+05:30,40250.42476665466,1784954105228,Default Profile,false
2026-07-25T06:08:28.000Z,12.048008333333334,75.36934333333333,-30.800000000000004,2.7,205.04,14.442076,20,gps,0.74,0.77,1.07,-89.7,,,,46,,1784959708000,2026-07-25T11:38:28.000+05:30,40344.45991834246,1784954105228,Default Profile,false
2026-07-25T06:08:34.000Z,12.047454999999998,75.36914166666666,-33.0,2.8,191.58,8.492402,21,gps,0.69,1.03,1.25,-89.7,,,,46,,1784959714000,2026-07-25T11:38:34.000+05:30,40409.77928489395,1784954105228,Default Profile,false
2026-07-25T06:08:39.000Z,12.047085000000001,75.369095,-31.300000000000004,3.0,183.96,9.126025,20,gps,0.95,1.24,1.56,-89.7,,,,46,,1784959719000,2026-07-25T11:38:39.000+05:30,40451.23321082846,1784954105228,Default Profile,false
2026-07-25T06:08:45.000Z,12.046528333333333,75.36914166666666,-31.400000000000006,3.1,172.77,10.742252,19,gps,1.13,1.51,1.89,-89.7,,,,46,,1784959725000,2026-07-25T11:38:45.000+05:30,40513.339403981256,1784954105228,Default Profile,false
2026-07-25T06:08:50.000Z,12.046298333333334,75.369195,-30.0,3.2,169.05,3.8084297,19,gps,0.95,0.83,1.27,-89.7,,,,46,,1784959730000,2026-07-25T11:38:50.000+05:30,40539.56362546983,1784954105228,Default Profile,false
2026-07-25T06:08:55.000Z,12.046278333333332,75.36921000000001,-30.200000000000003,3.1,177.1,0.0,19,gps,0.75,0.74,1.05,-89.7,,,,46,,1784959735000,2026-07-25T11:38:55.000+05:30,40542.321617863374,1784954105228,Default Profile,false
2026-07-25T06:09:00.000Z,12.046278333333332,75.36921000000001,-30.200000000000003,3.1,177.1,0.0,19,gps,0.75,0.74,1.05,-89.7,,,,46,,1784959740000,2026-07-25T11:39:00.000+05:30,40542.321617863374,1784954105228,Default Profile,false
2026-07-25T06:09:06.000Z,12.046243333333333,75.36922666666666,-30.400000000000006,3.0,177.89,2.7316308,19,gps,0.80,0.76,1.10,-89.7,,,,46,,1784959746000,2026-07-25T11:39:06.000+05:30,40546.61477725004,1784954105228,Default Profile,false
2026-07-25T06:09:12.000Z,12.045965,75.36923833333334,-29.300000000000004,3.0,174.25,6.561679,19,gps,1.49,2.10,2.58,-89.7,,,,46,,1784959752000,2026-07-25T11:39:12.000+05:30,40577.59002510352,1784954105228,Default Profile,false
2026-07-25T06:09:17.000Z,12.045594999999999,75.36925500000001,-31.300000000000004,3.1,183.07,9.002492,18,gps,1.23,1.69,2.09,-89.7,,,,46,,1784959757000,2026-07-25T11:39:17.000+05:30,40618.77205056082,1784954105228,Default Profile,false
2026-07-25T06:09:23.000Z,12.044983333333334,75.36921333333333,-31.800000000000004,2.9,186.81,12.071265,21,gps,0.68,0.74,1.00,-89.7,,,,45,,1784959763000,2026-07-25T11:39:23.000+05:30,40686.93704521986,1784954105228,Default Profile,false
2026-07-25T06:09:28.000Z,12.044438333333336,75.36912833333334,-31.900000000000006,3.1,192.48,12.687902,19,gps,1.13,1.51,1.89,-89.7,,,,45,,1784959768000,2026-07-25T11:39:28.000+05:30,40748.23918098654,1784954105228,Default Profile,false
2026-07-25T06:09:34.000Z,12.043829999999998,75.36892833333333,-33.300000000000004,3.3,198.16,9.609349,19,gps,1.02,0.88,1.35,-89.7,,,,45,,1784959774000,2026-07-25T11:39:34.000+05:30,40819.293330738095,1784954105228,Default Profile,false
2026-07-25T06:09:39.000Z,12.043541666666666,75.36880333333333,-33.1,3.3,199.81,3.8290186,19,gps,0.79,0.81,1.13,-89.7,,,,45,,1784959779000,2026-07-25T11:39:39.000+05:30,40854.11720140372,1784954105228,Default Profile,false
2026-07-25T06:09:45.000Z,12.043548333333336,75.36876333333333,-31.1,3.0,187.13,0.0,16,gps,0.94,0.83,1.25,-89.7,,,,45,,1784959785000,2026-07-25T11:39:45.000+05:30,40858.52981256058,1784954105228,Default Profile,false
2026-07-25T06:09:50.000Z,12.043550000000002,75.36875166666667,-31.700000000000003,3.2,187.13,0.0,15,gps,1.10,0.87,1.40,-89.7,,,,45,,1784959790000,2026-07-25T11:39:50.000+05:30,40859.811996752804,1784954105228,Default Profile,false
2026-07-25T06:09:56.000Z,12.043550000000002,75.36875166666667,-31.700000000000003,2.3,187.13,0.0,16,gps,0.88,0.74,1.15,-89.7,,,,45,,1784959796000,2026-07-25T11:39:56.000+05:30,40859.811996752804,1784954105228,Default Profile,false
2026-07-25T06:10:01.000Z,12.043550000000002,75.36875166666667,-31.700000000000003,2.7,187.13,0.0,16,gps,0.82,0.73,1.10,-89.7,,,,45,,1784959801000,2026-07-25T11:40:01.000+05:30,40859.811996752804,1784954105228,Default Profile,false
2026-07-25T06:10:07.000Z,12.043344999999999,75.36870333333333,-32.300000000000004,2.8,191.61,4.6237497,16,gps,0.85,1.19,1.46,-89.7,,,,45,,1784959807000,2026-07-25T11:40:07.000+05:30,40883.20509589879,1784954105228,Default Profile,false
2026-07-25T06:10:12.000Z,12.043081666666668,75.36864666666666,-32.6,3.0,196.95,5.251196,15,gps,2.02,2.75,3.41,-89.7,,,,45,,1784959812000,2026-07-25T11:40:12.000+05:30,40913.12784719196,1784954105228,Default Profile,false
2026-07-25T06:10:17.000Z,12.042898333333335,75.36861833333334,-32.900000000000006,2.9,197.98,2.3847082,18,gps,1.22,1.68,2.08,-89.7,,,,45,,1784959817000,2026-07-25T11:40:17.000+05:30,40933.74512029297,1784954105228,Default Profile,false
2026-07-25T06:10:22.000Z,12.042783333333334,75.36864333333332,-32.800000000000004,2.9,188.38,2.7357485,20,gps,1.02,1.36,1.71,-89.7,,,,45,,1784959822000,2026-07-25T11:40:22.000+05:30,40946.81834927143,1784954105228,Default Profile,false
2026-07-25T06:10:28.000Z,12.042729999999999,75.36859833333332,-31.0,2.7,180.28,0.0,22,gps,0.65,0.73,0.98,-89.7,,,,45,,1784959828000,2026-07-25T11:40:28.000+05:30,40954.507133561936,1784954105228,Default Profile,false
2026-07-25T06:10:34.000Z,12.042729999999999,75.36859833333332,-31.0,2.5,180.28,0.0,22,gps,0.63,0.71,0.95,-89.7,,,,45,,1784959834000,2026-07-25T11:40:34.000+05:30,40954.507133561936,1784954105228,Default Profile,false
2026-07-25T06:10:39.000Z,12.042729999999999,75.36859833333332,-31.0,1.7,180.28,0.0,24,gps,0.59,0.70,0.91,-89.7,,,,45,,1784959839000,2026-07-25T11:40:39.000+05:30,40954.507133561936,1784954105228,Default Profile,false
2026-07-25T06:10:45.000Z,12.042768333333333,75.36857333333334,-27.6,2.2,325.39,0.0,24,gps,0.56,0.70,0.90,-89.7,,,,45,,1784959845000,2026-07-25T11:40:45.000+05:30,40959.562820235005,1784954105228,Default Profile,false
2026-07-25T06:10:51.000Z,12.042768333333333,75.36857333333334,-27.6,2.3,325.39,0.0,25,gps,0.55,0.70,0.89,-89.7,,,,45,,1784959851000,2026-07-25T11:40:51.000+05:30,40959.562820235005,1784954105228,Default Profile,false
2026-07-25T06:10:56.000Z,12.042768333333333,75.36857333333334,-27.6,1.0,325.39,0.0,26,gps,0.55,0.68,0.87,-89.7,,,,45,,1784959856000,2026-07-25T11:40:56.000+05:30,40959.562820235005,1784954105228,Default Profile,false
2026-07-25T06:11:02.000Z,12.042768333333333,75.36857333333334,-27.6,1.0,325.39,0.0,28,gps,0.51,0.66,0.83,-89.7,,,,45,,1784959862000,2026-07-25T11:41:02.000+05:30,40959.562820235005,1784954105228,Default Profile,false
2026-07-25T06:11:07.000Z,12.042768333333333,75.36857333333334,-27.6,1.0,325.39,0.0,27,gps,0.52,0.67,0.85,-89.7,,,,45,,1784959867000,2026-07-25T11:41:07.000+05:30,40959.562820235005,1784954105228,Default Profile,false
2026-07-25T06:11:12.000Z,12.042768333333333,75.36857333333334,-27.6,1.0,325.39,0.0,27,gps,0.51,0.69,0.86,-89.7,,,,45,,1784959872000,2026-07-25T11:41:12.000+05:30,40959.562820235005,1784954105228,Default Profile,false
2026-07-25T06:11:18.000Z,12.042768333333333,75.36857333333334,-27.6,1.0,325.39,0.0,27,gps,0.52,0.67,0.84,-89.7,,,,45,,1784959878000,2026-07-25T11:41:18.000+05:30,40959.562820235005,1784954105228,Default Profile,false
2026-07-25T06:11:24.000Z,12.042768333333333,75.36857333333334,-27.6,1.1,325.39,0.0,24,gps,0.56,0.71,0.91,-89.7,,,,45,,1784959884000,2026-07-25T11:41:24.000+05:30,40959.562820235005,1784954105228,Default Profile,false
2026-07-25T06:11:29.000Z,12.042721666666667,75.368555,-25.5,1.8,212.08,1.7304962,25,gps,0.56,0.72,0.91,-89.7,,,,45,,1784959889000,2026-07-25T11:41:29.000+05:30,40965.12174095243,1784954105228,Default Profile,false
2026-07-25T06:11:34.000Z,12.042563333333332,75.36850333333334,-23.799999999999997,2.2,202.88,5.3875976,25,gps,0.57,0.70,0.90,-89.7,,,,45,,1784959894000,2026-07-25T11:41:34.000+05:30,40983.60242027365,1784954105228,Default Profile,false
2026-07-25T06:11:40.000Z,12.042165,75.36843833333334,-25.10000000000001,2.6,190.73,5.735035,26,gps,0.55,0.92,1.07,-89.7,,,,45,,1784959900000,2026-07-25T11:41:40.000+05:30,41028.455556082765,1784954105228,Default Profile,false
2026-07-25T06:11:46.000Z,12.041926666666665,75.36836666666666,-29.5,2.2,188.84,3.7255595,24,gps,0.67,0.71,0.97,-89.7,,,,45,,1784959906000,2026-07-25T11:41:46.000+05:30,41056.079234657904,1784954105228,Default Profile,false
2026-07-25T06:11:51.000Z,12.041786666666667,75.36830333333334,-34.900000000000006,2.5,203.84,2.9138424,27,gps,0.53,0.68,0.86,-89.7,,,,45,,1784959911000,2026-07-25T11:41:51.000+05:30,41073.102058649165,1784954105228,Default Profile,false
2026-07-25T06:11:57.000Z,12.041788333333333,75.36821,-39.400000000000006,2.2,269.36,2.616333,29,gps,0.50,0.86,1.00,-89.7,,,,45,,1784959917000,2026-07-25T11:41:57.000+05:30,41083.25357874899,1784954105228,Default Profile,false
2026-07-25T06:12:03.000Z,12.041766666666668,75.36803,-40.800000000000004,2.3,261.4,3.561363,28,gps,0.52,0.66,0.84,-89.7,,,,45,,1784959923000,2026-07-25T11:42:03.000+05:30,41102.975953072564,1784954105228,Default Profile,false
2026-07-25T06:12:09.000Z,12.041756666666666,75.36783,-41.900000000000006,2.2,271.99,2.677585,27,gps,0.54,0.66,0.85,-89.7,,,,45,,1784959929000,2026-07-25T11:42:09.000+05:30,41124.75399292262,1784954105228,Default Profile,false
2026-07-25T06:12:15.000Z,12.041711666666666,75.36772666666667,-44.2,2.2,255.7,0.0,29,gps,0.52,0.65,0.83,-89.7,,,,45,,1784959935000,2026-07-25T11:42:15.000+05:30,41137.055005719405,1784954105228,Default Profile,false
2026-07-25T06:12:21.000Z,12.041693333333335,75.367665,-42.800000000000004,2.2,254.62,3.6323948,29,gps,0.52,0.84,0.98,-89.7,,,,45,,1784959941000,2026-07-25T11:42:21.000+05:30,41144.06414822948,1784954105228,Default Profile,false
2026-07-25T06:12:26.000Z,12.041681666666667,75.36745333333333,-42.400000000000006,2.4,261.43,5.0386157,26,gps,0.57,0.68,0.88,-89.7,,,,45,,1784959946000,2026-07-25T11:42:26.000+05:30,41167.1190445084,1784954105228,Default Profile,false
2026-07-25T06:12:32.000Z,12.041671666666666,75.36736166666667,-42.6,2.4,256.53,0.0,24,gps,0.60,0.71,0.93,-89.7,,,,45,,1784959952000,2026-07-25T11:42:32.000+05:30,41177.14945467461,1784954105228,Default Profile,false
2026-07-25T06:12:38.000Z,12.04167,75.36717333333333,-41.1,2.5,271.1,5.371641,25,gps,0.56,0.93,1.09,-89.7,,,,45,,1784959958000,2026-07-25T11:42:38.000+05:30,41197.63120560865,1784954105228,Default Profile,false
2026-07-25T06:12:44.000Z,12.041666666666666,75.36678333333333,-39.0,2.5,274.31,8.144964,23,gps,0.61,1.07,1.23,-89.7,,,,45,,1784959964000,2026-07-25T11:42:44.000+05:30,41240.04462664613,1784954105228,Default Profile,false
2026-07-25T06:12:50.000Z,12.041666666666666,75.36637333333333,-41.1,2.5,279.69,4.821918,21,gps,0.69,1.10,1.30,-89.7,,,,45,,1784959970000,2026-07-25T11:42:50.000+05:30,41284.63139255819,1784954105228,Default Profile,false
2026-07-25T06:12:56.000Z,12.041681666666667,75.36606666666667,-40.300000000000004,2.4,274.09,5.8822455,27,gps,0.54,0.88,1.03,-89.7,,,,45,,1784959976000,2026-07-25T11:42:56.000+05:30,41318.02252588778,1784954105228,Default Profile,false
2026-07-25T06:13:02.000Z,12.041738333333335,75.36572666666666,-37.0,2.5,279.22,7.2112584,25,gps,0.60,0.95,1.12,-89.7,,,,45,,1784959982000,2026-07-25T11:43:02.000+05:30,41355.529969756,1784954105228,Default Profile,false
2026-07-25T06:13:07.000Z,12.041765000000002,75.36531,-36.5,2.4,277.13,9.256764,27,gps,0.52,0.68,0.86,-89.7,,,,45,,1784959987000,2026-07-25T11:43:07.000+05:30,41400.938626951196,1784954105228,Default Profile,false
2026-07-25T06:13:13.000Z,12.041865,75.36470833333333,-32.1,2.2,279.55,11.473158,28,gps,0.52,0.83,0.98,-89.7,,,,45,,1784959993000,2026-07-25T11:43:13.000+05:30,41467.30688663468,1784954105228,Default Profile,false
2026-07-25T06:13:19.000Z,12.041986666666666,75.36400666666667,-35.400000000000006,2.2,278.97,13.923236,30,gps,0.51,0.61,0.80,-89.7,,,,45,,1784959999000,2026-07-25T11:43:19.000+05:30,41544.80183476007,1784954105228,Default Profile,false
2026-07-25T06:13:24.000Z,12.042068333333335,75.36336166666666,-40.0,2.6,283.47,13.019383,25,gps,0.59,0.67,0.89,-89.7,,,,45,,1784960004000,2026-07-25T11:43:24.000+05:30,41615.52971841119,1784954105228,Default Profile,false
2026-07-25T06:13:29.000Z,12.042139999999998,75.36290166666666,-42.6,2.6,276.69,8.766748,27,gps,0.55,0.67,0.87,-89.7,,,,45,,1784960009000,2026-07-25T11:43:29.000+05:30,41666.184575532,1784954105228,Default Profile,false
2026-07-25T06:13:34.000Z,12.042208333333333,75.36247,-43.7,2.5,288.53,10.259958,27,gps,0.55,0.67,0.87,-89.7,,,,45,,1784960014000,2026-07-25T11:43:34.000+05:30,41713.738431734375,1784954105228,Default Profile,false
2026-07-25T06:13:39.000Z,12.042363333333332,75.36197333333332,-41.6,2.4,293.15,10.883801,27,gps,0.52,0.94,1.08,-89.7,,,,45,,1784960019000,2026-07-25T11:43:39.000+05:30,41770.43316899903,1784954105228,Default Profile,false
2026-07-25T06:13:45.000Z,12.042638333333333,75.36152,-41.0,2.3,298.37,7.9462814,28,gps,0.53,0.89,1.04,-89.7,,,,45,,1784960025000,2026-07-25T11:43:45.000+05:30,41828.44563271189,1784954105228,Default Profile,false
2026-07-25T06:13:50.000Z,12.042825,75.361155,-40.7,2.4,297.68,9.790017,27,gps,0.52,0.67,0.85,-89.7,,,,45,,1784960030000,2026-07-25T11:43:50.000+05:30,41873.23800914021,1784954105228,Default Profile,false
2026-07-25T06:13:56.000Z,12.042946666666667,75.36054333333333,-42.0,2.4,272.25,11.962145,28,gps,0.53,0.86,1.01,-89.7,,,,45,,1784960036000,2026-07-25T11:43:56.000+05:30,41941.117198842774,1784954105228,Default Profile,false
2026-07-25T06:14:02.000Z,12.042988333333335,75.35986,-43.6,2.5,267.57,11.157634,27,gps,0.57,0.90,1.06,-89.7,,,,45,,1784960042000,2026-07-25T11:44:02.000+05:30,42015.57240782945,1784954105228,Default Profile,false
2026-07-25T06:14:07.000Z,12.043036666666668,75.35943,-46.900000000000006,2.3,281.8,9.5702305,27,gps,0.54,0.88,1.03,-89.7,,,,45,,1784960047000,2026-07-25T11:44:07.000+05:30,42062.64173854283,1784954105228,Default Profile,false
2026-07-25T06:14:13.000Z,12.043121666666666,75.35886,-47.7,2.4,278.61,11.665665,30,gps,0.49,0.84,0.97,-89.7,,,,45,,1784960053000,2026-07-25T11:44:13.000+05:30,42125.34433315093,1784954105228,Default Profile,false
2026-07-25T06:14:18.000Z,12.043168333333332,75.35842166666666,-48.7,2.3,271.23,6.4638815,30,gps,0.49,0.64,0.81,-89.7,,,,45,,1784960058000,2026-07-25T11:44:18.000+05:30,42173.29364611851,1784954105228,Default Profile,false
2026-07-25T06:14:24.000Z,12.043185000000001,75.358185,-44.900000000000006,2.3,276.44,5.1276627,28,gps,0.52,0.88,1.02,-89.7,,,,45,,1784960064000,2026-07-25T11:44:24.000+05:30,42199.09721519388,1784954105228,Default Profile,false
2026-07-25T06:14:30.000Z,12.043235000000001,75.35787499999999,-45.0,2.4,280.31,6.88441,24,gps,0.59,0.96,1.12,-89.7,,,,45,,1784960070000,2026-07-25T11:44:30.000+05:30,42233.264347805845,1784954105228,Default Profile,false
2026-07-25T06:14:35.000Z,12.043236666666667,75.35747500000001,-44.1,2.5,267.92,9.262426,27,gps,0.54,0.66,0.86,-89.7,,,,45,,1784960075000,2026-07-25T11:44:35.000+05:30,42276.76377225641,1784954105228,Default Profile,false
2026-07-25T06:14:40.000Z,12.043321666666667,75.35701333333333,-42.400000000000006,2.3,274.96,10.269223,27,gps,0.55,0.92,1.07,-89.7,,,,45,,1784960080000,2026-07-25T11:44:40.000+05:30,42327.8508197844,1784954105228,Default Profile,false
2026-07-25T06:14:45.000Z,12.043320000000001,75.35652,-43.6,2.1,270.59,10.206942,29,gps,0.51,0.87,1.00,-89.7,,,,45,,1784960085000,2026-07-25T11:44:45.000+05:30,42381.49992615785,1784954105228,Default Profile,false
2026-07-25T06:14:50.000Z,12.043325000000001,75.35616833333333,-41.400000000000006,2.9,263.98,6.91169,18,gps,0.68,0.76,1.02,-89.7,,,,45,,1784960090000,2026-07-25T11:44:50.000+05:30,42419.7468518998,1784954105228,Default Profile,false
2026-07-25T06:14:56.000Z,12.043366666666667,75.35611333333333,-39.1,3.1,339.87,1.552917,17,gps,0.68,0.76,1.02,-89.7,,,,45,,1784960096000,2026-07-25T11:44:56.000+05:30,42427.312533969736,1784954105228,Default Profile,false
2026-07-25T06:15:02.000Z,12.043439999999999,75.35612833333333,-38.1,2.7,343.08,0.0,17,gps,0.72,0.81,1.08,-89.7,,,,45,,1784960102000,2026-07-25T11:45:02.000+05:30,42435.628384815456,1784954105228,Default Profile,false
2026-07-25T06:15:08.000Z,12.043484999999999,75.35605000000001,-39.900000000000006,2.4,319.84,2.0521975,19,gps,0.67,1.23,1.40,-89.7,,,,45,,1784960108000,2026-07-25T11:45:08.000+05:30,42445.50783180328,1784954105228,Default Profile,false
2026-07-25T06:15:13.000Z,12.043426666666669,75.35589833333333,-40.900000000000006,2.1,221.24,3.9875531,24,gps,0.53,1.10,1.22,-89.7,,,,44,,1784960113000,2026-07-25T11:45:13.000+05:30,42463.23081721902,1784954105228,Default Profile,false
2026-07-25T06:15:19.000Z,12.043128333333334,75.35583,-39.400000000000006,1.9,182.2,4.1491756,26,gps,0.52,0.99,1.11,-89.7,,,,44,,1784960119000,2026-07-25T11:45:19.000+05:30,42497.22609753001,1784954105228,Default Profile,false
2026-07-25T06:15:25.000Z,12.043066666666668,75.35581,-38.0,2.1,185.22,0.0,22,gps,0.59,0.75,0.95,-89.7,,,,44,,1784960125000,2026-07-25T11:45:25.000+05:30,42504.41978564096,1784954105228,Default Profile,false
2026-07-25T06:15:30.000Z,12.043066666666668,75.35581,-38.0,2.4,185.22,0.0,22,gps,0.65,0.73,0.98,-89.7,,,,44,,1784960130000,2026-07-25T11:45:30.000+05:30,42504.41978564096,1784954105228,Default Profile,false
2026-07-25T06:15:36.000Z,12.04298,75.35581666666667,-36.300000000000004,2.2,172.19,4.2016773,24,gps,0.56,0.94,1.10,-89.7,,,,44,,1784960136000,2026-07-25T11:45:36.000+05:30,42514.083911129725,1784954105228,Default Profile,false
2026-07-25T06:15:42.000Z,12.042678333333333,75.35581833333335,-36.800000000000004,3.1,171.25,7.24523,20,gps,0.63,0.70,0.95,-89.7,,,,44,,1784960142000,2026-07-25T11:45:42.000+05:30,42547.628203658496,1784954105228,Default Profile,false
2026-07-25T06:15:47.000Z,12.042265000000002,75.35582166666667,-35.2,3.3,178.2,9.59751,18,gps,0.68,0.78,1.03,-89.7,,,,44,,1784960147000,2026-07-25T11:45:47.000+05:30,42593.59020281427,1784954105228,Default Profile,false
2026-07-25T06:15:53.000Z,12.041743333333333,75.35587833333334,-33.7,3.2,173.54,11.140648,16,gps,0.80,0.81,1.14,-89.7,,,,44,,1784960153000,2026-07-25T11:45:53.000+05:30,42651.92330461849,1784954105228,Default Profile,false
2026-07-25T06:15:58.000Z,12.041248333333332,75.35604166666667,-36.1,3.9,167.38,12.369289,14,gps,1.00,0.92,1.36,-89.7,,,,44,,1784960158000,2026-07-25T11:45:58.000+05:30,42709.75981467732,1784954105228,Default Profile,false
2026-07-25T06:16:03.000Z,12.040778333333332,75.35625833333333,-39.400000000000006,4.8,159.53,11.880303,10,gps,1.93,0.95,2.15,-89.7,,,,44,,1784960163000,2026-07-25T11:46:03.000+05:30,42767.08740212741,1784954105228,Default Profile,false
2026-07-25T06:16:09.000Z,12.040218333333334,75.35657333333333,-40.7,6.5,153.49,12.253477,6,gps,4.11,0.97,4.22,-89.7,,,,44,,1784960169000,2026-07-25T11:46:09.000+05:30,42838.157159299415,1784954105228,Default Profile,false
2026-07-25T06:16:15.000Z,12.039628333333333,75.35704166666666,-42.1,7.4,146.1,14.837382,6,gps,5.66,6.06,8.29,-89.7,,,,44,,1784960175000,2026-07-25T11:46:15.000+05:30,42921.21110194292,1784954105228,Default Profile,false
2026-07-25T06:16:21.000Z,12.039080000000002,75.35754333333333,-42.800000000000004,6.6,144.67,13.361159,8,gps,5.20,4.40,6.81,-89.7,,,,44,,1784960181000,2026-07-25T11:46:21.000+05:30,43003.027410747854,1784954105228,Default Profile,false
2026-07-25T06:16:26.000Z,12.038741666666665,75.35783833333333,-45.0,6.4,145.13,11.609045,9,gps,3.03,0.95,3.17,-89.7,,,,44,,1784960186000,2026-07-25T11:46:26.000+05:30,43052.46959639454,1784954105228,Default Profile,false
2026-07-25T06:16:31.000Z,12.038833333333333,75.35779833333332,-50.7,4.2,144.41,4.6664715,14,gps,1.19,1.71,2.08,-89.7,,,,44,,1784960191000,2026-07-25T11:46:31.000+05:30,43063.551872615724,1784954105228,Default Profile,false
2026-07-25T06:16:37.000Z,12.038838333333334,75.35782666666667,-47.2,2.4,139.87,3.220617,25,gps,0.54,0.96,1.10,-89.7,,,,44,,1784960197000,2026-07-25T11:46:37.000+05:30,43066.68286237003,1784954105228,Default Profile,false
2026-07-25T06:16:42.000Z,12.038665,75.35798,-49.6,2.2,139.18,5.731432,22,gps,0.64,1.04,1.23,-89.7,,,,44,,1784960202000,2026-07-25T11:46:42.000+05:30,43092.16876788725,1784954105228,Default Profile,false
2026-07-25T06:16:48.000Z,12.038338333333336,75.35824333333333,-51.2,2.1,144.96,7.0671363,21,gps,0.63,1.02,1.19,-89.7,,,,44,,1784960208000,2026-07-25T11:46:48.000+05:30,43138.42358566204,1784954105228,Default Profile,false
2026-07-25T06:16:54.000Z,12.03809,75.35844,-49.900000000000006,2.4,143.05,6.322848,21,gps,0.68,1.15,1.34,-89.7,,,,44,,1784960214000,2026-07-25T11:46:54.000+05:30,43173.35096870084,1784954105228,Default Profile,false
2026-07-25T06:17:00.000Z,12.037835,75.35868333333333,-47.2,1.9,139.24,7.248318,26,gps,0.53,0.94,1.08,-89.7,,,,44,,1784960220000,2026-07-25T11:47:00.000+05:30,43212.13562453674,1784954105228,Default Profile,false
2026-07-25T06:17:06.000Z,12.037508333333335,75.35898166666666,-44.800000000000004,2.1,136.19,8.286513,24,gps,0.56,0.97,1.12,-89.7,,,,44,,1784960226000,2026-07-25T11:47:06.000+05:30,43260.83883799751,1784954105228,Default Profile,false
2026-07-25T06:17:11.000Z,12.037305,75.35918333333333,-43.400000000000006,2.2,133.0,5.1945767,23,gps,0.57,1.01,1.16,-89.7,,,,44,,1784960231000,2026-07-25T11:47:11.000+05:30,43292.33764339732,1784954105228,Default Profile,false
2026-07-25T06:17:16.000Z,12.037141666666665,75.35934166666667,-41.5,2.0,137.03,6.3413777,25,gps,0.54,0.94,1.08,-89.7,,,,44,,1784960236000,2026-07-25T11:47:16.000+05:30,43317.36438422814,1784954105228,Default Profile,false
2026-07-25T06:17:21.000Z,12.036896666666667,75.35953666666666,-42.1,2.4,140.0,5.8292294,24,gps,0.55,0.96,1.11,-89.7,,,,44,,1784960241000,2026-07-25T11:47:21.000+05:30,43351.887906657044,1784954105228,Default Profile,false
2026-07-25T06:17:27.000Z,12.036798333333335,75.35958833333333,-40.400000000000006,2.4,156.64,0.0,23,gps,0.55,0.72,0.91,-89.7,,,,44,,1784960247000,2026-07-25T11:47:27.000+05:30,43364.181257292694,1784954105228,Default Profile,false
2026-07-25T06:17:33.000Z,12.036803333333333,75.35958833333333,-40.400000000000006,2.0,156.64,0.0,26,gps,0.52,0.68,0.86,-89.7,,,,44,,1784960253000,2026-07-25T11:47:33.000+05:30,43364.7372319257,1784954105228,Default Profile,false
2026-07-25T06:17:39.000Z,12.036803333333333,75.35958833333333,-40.400000000000006,1.2,156.64,0.0,27,gps,0.51,0.67,0.84,-89.7,,,,44,,1784960259000,2026-07-25T11:47:39.000+05:30,43364.7372319257,1784954105228,Default Profile,false
2026-07-25T06:17:44.000Z,12.036803333333333,75.35958833333333,-40.400000000000006,1.0,156.64,0.0,27,gps,0.52,0.65,0.83,-89.7,,,,44,,1784960264000,2026-07-25T11:47:44.000+05:30,43364.7372319257,1784954105228,Default Profile,false
2026-07-25T06:17:50.000Z,12.036803333333333,75.35958833333333,-40.400000000000006,1.8,156.64,0.0,20,gps,0.65,0.73,0.98,-89.7,,,,44,,1784960270000,2026-07-25T11:47:50.000+05:30,43364.7372319257,1784954105228,Default Profile,false
