time,lat,lon,elevation,accuracy,bearing,speed,satellites,provider,hdop,vdop,pdop,geoidheight,ageofdgpsdata,dgpsid,activity,battery,annotation,timestamp_ms,time_offset,distance,starttimestamp_ms,profile_name,battery_charging
2026-07-25T05:35:50.927Z,12.274444999999998,75.36366500000001,35.0,4.2,238.33,0.3268486,7,gps,2.13,0.93,2.33,-89.0,,,,57,,1784957750927,2026-07-25T11:05:50.927+05:30,0.0,1784957749276,Default Profile,true
2026-07-25T05:35:56.497Z,12.274375000000001,75.363585,34.400000000000006,2.9,148.12,1.1704783,23,gps,0.57,0.77,0.96,-89.0,,,,57,,1784957756497,2026-07-25T11:05:56.497+05:30,11.667916467334804,1784957749276,Default Profile,true
2026-07-25T05:36:02.500Z,12.274285,75.363635,34.7,2.5,143.31,2.2730134,28,gps,0.54,0.76,0.93,-89.0,,,,57,,1784957762500,2026-07-25T11:06:02.500+05:30,23.054956126758007,1784957749276,Default Profile,true
2026-07-25T05:36:08.000Z,12.274189999999999,75.36372166666666,33.900000000000006,2.2,146.49,2.1057286,40,gps,0.43,0.67,0.79,-89.0,,,,57,,1784957768000,2026-07-25T11:06:08.000+05:30,37.206294922439184,1784957749276,Default Profile,true
2026-07-25T05:36:14.000Z,12.274069999999998,75.36370833333334,33.7,2.2,214.15,2.1505094,40,gps,0.42,0.67,0.79,-89.0,,,,57,,1784957774000,2026-07-25T11:06:14.000+05:30,50.628099838332034,1784957749276,Default Profile,true
2026-07-25T05:36:19.000Z,12.273955,75.363615,33.2,2.2,216.83,2.4480188,44,gps,0.41,0.62,0.74,-89.0,,,,57,,1784957779000,2026-07-25T11:06:19.000+05:30,66.94855581575581,1784957749276,Default Profile,true
2026-07-25T05:36:24.000Z,12.273823333333333,75.36353166666666,30.0,2.3,216.7,2.7728086,43,gps,0.44,0.87,0.98,-89.0,,,,57,,1784957784000,2026-07-25T11:06:24.000+05:30,84.16285184022968,1784957749276,Default Profile,true
2026-07-25T05:36:29.000Z,12.273734999999999,75.36346666666667,16.700000000000003,2.0,230.44,2.518021,45,gps,0.41,0.81,0.91,-89.0,,,,57,,1784957789000,2026-07-25T11:06:29.000+05:30,96.26055485796046,1784957749276,Default Profile,true
2026-07-25T05:36:34.000Z,12.273636666666668,75.36336,1.5,2.0,224.0,2.4078705,44,gps,0.43,0.81,0.92,-89.0,,,,57,,1784957794000,2026-07-25T11:06:34.000+05:30,112.19407379527567,1784957749276,Default Profile,true
2026-07-25T05:36:40.000Z,12.273496666666665,75.36323166666666,-13.200000000000003,2.0,221.66,3.0708327,41,gps,0.47,0.92,1.03,-89.0,,,,57,,1784957800000,2026-07-25T11:06:40.000+05:30,133.09315620415316,1784957749276,Default Profile,true
2026-07-25T05:36:45.000Z,12.273396666666667,75.36310833333333,-21.099999999999994,2.1,232.91,3.3642244,42,gps,0.46,0.90,1.01,-89.0,,,,57,,1784957805000,2026-07-25T11:06:45.000+05:30,150.5063430974401,1784957749276,Default Profile,true
2026-07-25T05:36:51.000Z,12.273278333333334,75.362955,-27.799999999999997,2.1,224.19,3.3734894,41,gps,0.46,0.95,1.06,-89.0,,,,57,,1784957811000,2026-07-25T11:06:51.000+05:30,171.73597329918982,1784957749276,Default Profile,true
2026-07-25T05:36:56.000Z,12.273153333333335,75.36282166666666,-30.4,2.1,219.83,3.5279062,41,gps,0.47,0.96,1.07,-89.0,,,,57,,1784957816000,2026-07-25T11:06:56.000+05:30,191.8125687011188,1784957749276,Default Profile,true
2026-07-25T05:37:02.000Z,12.272968333333331,75.36266166666665,-33.0,2.2,221.39,3.94689,38,gps,0.49,0.91,1.03,-89.0,,,,57,,1784957822000,2026-07-25T11:07:02.000+05:30,218.74567572571328,1784957749276,Default Profile,true
2026-07-25T05:37:07.000Z,12.272820000000001,75.36251,-37.2,2.0,233.45,4.057555,43,gps,0.47,0.88,1.00,-89.0,,,,57,,1784957827000,2026-07-25T11:07:07.000+05:30,242.06115197037718,1784957749276,Default Profile,true
2026-07-25T05:37:12.000Z,12.272735,75.3624,-38.9,1.9,234.0,3.4007697,46,gps,0.42,0.77,0.88,-89.0,,,,57,,1784957832000,2026-07-25T11:07:12.000+05:30,257.2986180780269,1784957749276,Default Profile,true
2026-07-25T05:37:18.000Z,12.272666666666664,75.36232,-41.0,2.0,230.72,2.1710982,43,gps,0.46,0.84,0.96,-89.0,,,,57,,1784957838000,2026-07-25T11:07:18.000+05:30,268.84377267131686,1784957749276,Default Profile,true
2026-07-25T05:37:24.000Z,12.272580000000001,75.36230333333333,-42.3,2.2,167.68,1.736158,39,gps,0.47,0.65,0.81,-89.0,,,,57,,1784957844000,2026-07-25T11:07:24.000+05:30,278.64933572656537,1784957749276,Default Profile,true
2026-07-25T05:37:29.000Z,12.272465,75.36235666666667,-43.0,2.4,152.48,2.0666096,39,gps,0.49,0.68,0.83,-89.0,,,,57,,1784957849000,2026-07-25T11:07:29.000+05:30,292.6885155167814,1784957749276,Default Profile,true
2026-07-25T05:37:35.000Z,12.272283333333332,75.36237666666666,-43.3,2.5,181.68,2.7954564,35,gps,0.53,0.94,1.08,-89.0,,,,57,,1784957855000,2026-07-25T11:07:35.000+05:30,313.00547644854066,1784957749276,Default Profile,true
2026-07-25T05:37:41.000Z,12.272103333333332,75.36238333333334,-38.2,2.4,170.67,3.0528176,40,gps,0.49,0.95,1.07,-89.0,,,,57,,1784957861000,2026-07-25T11:07:41.000+05:30,333.0336665018212,1784957749276,Default Profile,true
2026-07-25T05:37:46.000Z,12.272026666666667,75.36242833333334,-37.5,2.2,137.44,2.2380123,38,gps,0.48,0.68,0.83,-89.0,,,,57,,1784957866000,2026-07-25T11:07:46.000+05:30,342.86124113361603,1784957749276,Default Profile,true
2026-07-25T05:37:52.000Z,12.272005000000002,75.36245333333333,-36.5,2.3,134.1,0.7175228,37,gps,0.50,0.67,0.84,-89.0,,,,57,,1784957872000,2026-07-25T11:07:52.000+05:30,346.49207078215665,1784957749276,Default Profile,true
2026-07-25T05:37:57.000Z,12.271986666666665,75.36247,-35.9,2.5,142.26,0.0,30,gps,0.57,0.70,0.90,-89.0,,,,57,,1784957877000,2026-07-25T11:07:57.000+05:30,349.2188171832058,1784957749276,Default Profile,true
2026-07-25T05:38:02.000Z,12.271986666666665,75.36247,-35.9,2.6,136.64,0.0,32,gps,0.53,0.70,0.87,-89.0,,,,57,,1784957882000,2026-07-25T11:08:02.000+05:30,349.2188171832058,1784957749276,Default Profile,true
2026-07-25T05:38:08.000Z,12.271986666666665,75.36247,-35.9,2.4,136.64,0.0,34,gps,0.53,0.68,0.86,-89.0,,,,57,,1784957888000,2026-07-25T11:08:08.000+05:30,349.2188171832058,1784957749276,Default Profile,true
2026-07-25T05:38:14.000Z,12.271986666666665,75.36247,-35.9,2.5,240.41,0.0,31,gps,0.52,0.72,0.89,-89.0,,,,57,,1784957894000,2026-07-25T11:08:14.000+05:30,349.2188171832058,1784957749276,Default Profile,true
2026-07-25T05:38:20.000Z,12.271986666666665,75.36247,-35.9,2.5,240.41,0.0,31,gps,0.53,0.70,0.88,-89.0,,,,57,,1784957900000,2026-07-25T11:08:20.000+05:30,349.2188171832058,1784957749276,Default Profile,true
2026-07-25T05:38:25.000Z,12.271980000000001,75.36245000000001,-30.0,2.6,240.41,0.0,24,gps,0.63,0.73,0.97,-89.0,,,,57,,1784957905000,2026-07-25T11:08:25.000+05:30,351.5148591439286,1784957749276,Default Profile,true
2026-07-25T05:38:31.000Z,12.271999999999998,75.36238,-28.200000000000003,2.3,187.41,0.0,32,gps,0.57,0.71,0.91,-89.0,,,,57,,1784957911000,2026-07-25T11:08:31.000+05:30,359.4391065778838,1784957749276,Default Profile,true
2026-07-25T05:38:36.000Z,12.271998333333332,75.36237666666666,-28.0,2.1,156.97,0.0,34,gps,0.54,0.69,0.88,-89.0,,,,57,,1784957916000,2026-07-25T11:08:36.000+05:30,359.8459478772549,1784957749276,Default Profile,true
2026-07-25T05:38:42.000Z,12.271998333333332,75.36237666666666,-28.0,2.1,221.2,0.0,33,gps,0.58,0.70,0.91,-89.0,,,,57,,1784957922000,2026-07-25T11:08:42.000+05:30,359.8459478772549,1784957749276,Default Profile,true
2026-07-25T05:38:48.000Z,12.271998333333332,75.36237666666666,-28.0,1.7,101.07,0.0,36,gps,0.50,0.65,0.82,-89.0,,,,57,,1784957928000,2026-07-25T11:08:48.000+05:30,359.8459478772549,1784957749276,Default Profile,true
2026-07-25T05:38:54.000Z,12.271998333333332,75.36237666666666,-28.0,2.1,101.07,0.0,37,gps,0.49,0.65,0.81,-89.0,,,,57,,1784957934000,2026-07-25T11:08:54.000+05:30,359.8459478772549,1784957749276,Default Profile,true
2026-07-25T05:38:59.000Z,12.271998333333332,75.36237666666666,-28.0,2.0,121.75,0.0,30,gps,0.54,0.74,0.92,-89.0,,,,57,,1784957939000,2026-07-25T11:08:59.000+05:30,359.8459478772549,1784957749276,Default Profile,true
2026-07-25T05:39:05.000Z,12.271998333333332,75.36237666666666,-28.0,2.4,121.75,0.0,28,gps,0.56,0.77,0.95,-89.0,,,,57,,1784957945000,2026-07-25T11:09:05.000+05:30,359.8459478772549,1784957749276,Default Profile,true
2026-07-25T05:39:11.000Z,12.271998333333332,75.36237666666666,-28.0,2.0,121.75,0.0,35,gps,0.52,0.66,0.83,-89.0,,,,57,,1784957951000,2026-07-25T11:09:11.000+05:30,359.8459478772549,1784957749276,Default Profile,true
2026-07-25T05:39:17.000Z,12.271998333333332,75.36237666666666,-28.0,1.8,198.17,0.0,38,gps,0.46,0.68,0.82,-89.0,,,,57,,1784957957000,2026-07-25T11:09:17.000+05:30,359.8459478772549,1784957749276,Default Profile,true
2026-07-25T05:39:23.000Z,12.271998333333332,75.36237666666666,-28.0,1.5,198.17,0.0,39,gps,0.45,0.64,0.78,-89.0,,,,58,,1784957963000,2026-07-25T11:09:23.000+05:30,359.8459478772549,1784957749276,Default Profile,true
2026-07-25T05:39:29.000Z,12.271998333333332,75.36237666666666,-28.0,1.5,198.17,0.0,41,gps,0.45,0.66,0.80,-89.0,,,,58,,1784957969000,2026-07-25T11:09:29.000+05:30,359.8459478772549,1784957749276,Default Profile,true
2026-07-25T05:39:35.000Z,12.271998333333332,75.36237666666666,-28.0,1.5,198.17,0.0,35,gps,0.52,0.71,0.88,-89.0,,,,58,,1784957975000,2026-07-25T11:09:35.000+05:30,359.8459478772549,1784957749276,Default Profile,true
2026-07-25T05:39:41.000Z,12.271998333333332,75.36237666666666,-28.0,1.5,198.17,0.0,37,gps,0.48,0.65,0.80,-89.0,,,,58,,1784957981000,2026-07-25T11:09:41.000+05:30,359.8459478772549,1784957749276,Default Profile,true
2026-07-25T05:39:47.000Z,12.271998333333332,75.36237666666666,-28.0,1.8,198.17,0.0,36,gps,0.48,0.69,0.84,-89.0,,,,58,,1784957987000,2026-07-25T11:09:47.000+05:30,359.8459478772549,1784957749276,Default Profile,true
2026-07-25T05:39:52.000Z,12.271998333333332,75.36237666666666,-28.0,1.7,198.17,0.0,36,gps,0.49,0.66,0.82,-89.0,,,,58,,1784957992000,2026-07-25T11:09:52.000+05:30,359.8459478772549,1784957749276,Default Profile,true
2026-07-25T05:39:58.000Z,12.271998333333332,75.36237666666666,-28.0,2.0,198.17,0.0,37,gps,0.47,0.65,0.81,-89.0,,,,58,,1784957998000,2026-07-25T11:09:58.000+05:30,359.8459478772549,1784957749276,Default Profile,true
2026-07-25T05:40:04.000Z,12.271998333333332,75.36237666666666,-28.0,1.5,152.4,0.0,40,gps,0.45,0.63,0.77,-89.0,,,,58,,1784958004000,2026-07-25T11:10:04.000+05:30,359.8459478772549,1784957749276,Default Profile,true
2026-07-25T05:40:10.000Z,12.271998333333332,75.36237666666666,-28.0,1.5,152.4,0.0,41,gps,0.43,0.62,0.76,-89.0,,,,58,,1784958010000,2026-07-25T11:10:10.000+05:30,359.8459478772549,1784957749276,Default Profile,true
2026-07-25T05:40:15.000Z,12.271998333333332,75.36237666666666,-28.0,1.5,152.4,0.0,42,gps,0.43,0.62,0.76,-89.0,,,,58,,1784958015000,2026-07-25T11:10:15.000+05:30,359.8459478772549,1784957749276,Default Profile,true
2026-07-25T05:40:21.000Z,12.271998333333332,75.36237666666666,-28.0,1.5,152.4,0.0,37,gps,0.47,0.65,0.80,-89.0,,,,58,,1784958021000,2026-07-25T11:10:21.000+05:30,359.8459478772549,1784957749276,Default Profile,true
2026-07-25T05:40:27.000Z,12.271998333333332,75.36237666666666,-28.0,1.7,152.4,0.0,35,gps,0.48,0.65,0.81,-89.0,,,,58,,1784958027000,2026-07-25T11:10:27.000+05:30,359.8459478772549,1784957749276,Default Profile,true
2026-07-25T05:40:33.000Z,12.271998333333332,75.36237666666666,-28.0,1.5,152.4,0.0,34,gps,0.50,0.66,0.82,-89.0,,,,58,,1784958033000,2026-07-25T11:10:33.000+05:30,359.8459478772549,1784957749276,Default Profile,true
2026-07-25T05:40:39.000Z,12.271998333333332,75.36237666666666,-28.0,1.5,152.4,0.0,35,gps,0.48,0.65,0.80,-89.0,,,,58,,1784958039000,2026-07-25T11:10:39.000+05:30,359.8459478772549,1784957749276,Default Profile,true
2026-07-25T05:40:45.000Z,12.271998333333332,75.36237666666666,-28.0,2.0,109.53,0.0,38,gps,0.48,0.67,0.83,-89.0,,,,58,,1784958045000,2026-07-25T11:10:45.000+05:30,359.8459478772549,1784957749276,Default Profile,true
2026-07-25T05:40:51.000Z,12.271998333333332,75.36237666666666,-28.0,2.2,109.53,0.0,37,gps,0.49,0.68,0.83,-89.0,,,,58,,1784958051000,2026-07-25T11:10:51.000+05:30,359.8459478772549,1784957749276,Default Profile,true
2026-07-25T05:40:57.000Z,12.271998333333332,75.36237666666666,-28.0,2.1,1.59,0.0,36,gps,0.48,0.71,0.86,-89.0,,,,58,,1784958057000,2026-07-25T11:10:57.000+05:30,359.8459478772549,1784957749276,Default Profile,true
2026-07-25T05:41:03.000Z,12.271998333333332,75.36237666666666,-28.0,2.2,151.78,0.0,34,gps,0.52,0.70,0.87,-89.0,,,,60,,1784958063000,2026-07-25T11:11:03.000+05:30,359.8459478772549,1784957749276,Default Profile,true
2026-07-25T05:41:09.000Z,12.27197,75.36248,-25.9,2.3,96.27,0.0,30,gps,0.58,0.76,0.96,-89.0,,,,60,,1784958069000,2026-07-25T11:11:09.000+05:30,371.5071885677105,1784957749276,Default Profile,true
2026-07-25T05:41:15.000Z,12.27197,75.36248,-25.9,2.3,96.27,0.0,31,gps,0.57,0.77,0.96,-89.0,,,,60,,1784958075000,2026-07-25T11:11:15.000+05:30,371.5071885677105,1784957749276,Default Profile,true
2026-07-25T05:41:21.000Z,12.27197,75.36248,-25.9,1.5,130.99,0.0,32,gps,0.55,0.73,0.91,-89.0,,,,60,,1784958081000,2026-07-25T11:11:21.000+05:30,371.5071885677105,1784957749276,Default Profile,true
2026-07-25T05:41:26.000Z,12.27197,75.36248,-25.9,1.5,130.99,0.0,33,gps,0.53,0.73,0.91,-89.0,,,,60,,1784958086000,2026-07-25T11:11:26.000+05:30,371.5071885677105,1784957749276,Default Profile,true
2026-07-25T05:41:32.000Z,12.27197,75.36248,-25.9,2.0,130.99,0.0,33,gps,0.52,0.73,0.89,-89.0,,,,60,,1784958092000,2026-07-25T11:11:32.000+05:30,371.5071885677105,1784957749276,Default Profile,true
2026-07-25T05:41:38.000Z,12.27197,75.36248,-25.9,2.3,178.02,0.0,33,gps,0.53,0.68,0.86,-89.0,,,,60,,1784958098000,2026-07-25T11:11:38.000+05:30,371.5071885677105,1784957749276,Default Profile,true
2026-07-25T05:41:44.000Z,12.271856666666668,75.36253,-26.1,2.3,169.63,0.63104945,41,gps,0.44,0.61,0.75,-89.0,,,,61,,1784958104000,2026-07-25T11:11:44.000+05:30,385.2304171905356,1784957749276,Default Profile,true
2026-07-25T05:41:50.000Z,12.271696666666665,75.36255,-26.799999999999997,2.0,161.37,1.9188844,46,gps,0.41,0.75,0.86,-89.0,,,,61,,1784958110000,2026-07-25T11:11:50.000+05:30,403.1538284438767,1784957749276,Default Profile,true
2026-07-25T05:41:56.000Z,12.271523333333334,75.36262,-29.299999999999997,1.9,149.78,3.2267935,42,gps,0.46,0.85,0.97,-89.0,,,,61,,1784958116000,2026-07-25T11:11:56.000+05:30,423.87403635593415,1784957749276,Default Profile,true
2026-07-25T05:42:02.000Z,12.271356666666668,75.36271666666667,-30.200000000000003,2.1,151.99,3.5963643,41,gps,0.45,0.89,1.00,-89.0,,,,61,,1784958122000,2026-07-25T11:12:02.000+05:30,445.17594596492364,1784957749276,Default Profile,true
2026-07-25T05:42:08.000Z,12.271106666666666,75.36279833333333,-28.299999999999997,2.1,181.87,4.042114,40,gps,0.47,0.92,1.03,-89.0,,,,61,,1784958128000,2026-07-25T11:12:08.000+05:30,474.35654660498574,1784957749276,Default Profile,true
2026-07-25T05:42:14.000Z,12.270675000000002,75.362725,-28.9,2.0,188.18,7.8999567,40,gps,0.47,0.92,1.03,-89.0,,,,61,,1784958134000,2026-07-25T11:12:14.000+05:30,523.0125510512711,1784957749276,Default Profile,true
2026-07-25T05:42:20.000Z,12.270204999999999,75.36266333333333,-30.0,2.0,183.27,8.005989,39,gps,0.47,0.92,1.03,-89.0,,,,61,,1784958140000,2026-07-25T11:12:20.000+05:30,575.7019377643046,1784957749276,Default Profile,true
2026-07-25T05:42:25.000Z,12.269831666666668,75.36262166666667,-29.799999999999997,2.1,189.51,7.9040747,41,gps,0.47,0.94,1.05,-89.0,,,,62,,1784958145000,2026-07-25T11:12:25.000+05:30,617.4608484177108,1784957749276,Default Profile,true
2026-07-25T05:42:31.000Z,12.269419999999998,75.36259166666667,-31.5,2.2,174.23,7.53296,38,gps,0.50,0.99,1.11,-89.0,,,,62,,1784958151000,2026-07-25T11:12:31.000+05:30,663.3520062291342,1784957749276,Default Profile,true
2026-07-25T05:42:37.000Z,12.268996666666665,75.36266,-30.299999999999997,2.1,174.06,8.369898,38,gps,0.49,1.00,1.11,-89.0,,,,62,,1784958157000,2026-07-25T11:12:37.000+05:30,711.0064845613246,1784957749276,Default Profile,true
2026-07-25T05:42:43.000Z,12.268525,75.36272166666666,-23.299999999999997,2.1,173.65,8.305558,38,gps,0.48,0.70,0.85,-89.0,,,,62,,1784958163000,2026-07-25T11:12:43.000+05:30,763.879702211907,1784957749276,Default Profile,true
2026-07-25T05:42:49.000Z,12.268031666666666,75.36273666666666,-21.599999999999994,2.1,178.42,8.879988,39,gps,0.48,0.67,0.82,-89.0,,,,62,,1784958169000,2026-07-25T11:12:49.000+05:30,818.7600727229055,1784957749276,Default Profile,true
2026-07-25T05:42:55.000Z,12.26748833333333,75.36276,-20.099999999999994,2.1,179.51,10.259443,38,gps,0.47,0.92,1.03,-89.0,,,,62,,1784958175000,2026-07-25T11:12:55.000+05:30,879.2291553802486,1784957749276,Default Profile,true
2026-07-25T05:43:01.000Z,12.266883333333332,75.36278833333334,-20.299999999999997,2.0,173.55,10.457097,39,gps,0.47,0.93,1.04,-89.0,,,,62,,1784958181000,2026-07-25T11:13:01.000+05:30,946.572491356729,1784957749276,Default Profile,true
2026-07-25T05:43:06.000Z,12.266443333333333,75.36287999999999,-20.5,2.3,166.14,9.365371,34,gps,0.51,0.99,1.11,-89.1,,,,62,,1784958186000,2026-07-25T11:13:06.000+05:30,996.501796434205,1784957749276,Default Profile,true
2026-07-25T05:43:12.000Z,12.265918333333332,75.36299166666666,-26.699999999999996,2.2,167.72,9.854872,35,gps,0.50,0.96,1.08,-89.1,,,,62,,1784958192000,2026-07-25T11:13:12.000+05:30,1056.1267118329147,1784957749276,Default Profile,true
2026-07-25T05:43:18.000Z,12.265336666666666,75.36308666666667,-26.799999999999997,2.3,169.26,11.737211,38,gps,0.45,0.88,0.99,-89.1,,,,63,,1784958198000,2026-07-25T11:13:18.000+05:30,1121.6236186930423,1784957749276,Default Profile,true
2026-07-25T05:43:24.000Z,12.264653333333335,75.36325666666667,-20.799999999999997,2.4,164.92,14.078168,34,gps,0.53,0.71,0.88,-89.1,,,,63,,1784958204000,2026-07-25T11:13:24.000+05:30,1199.8198446975214,1784957749276,Default Profile,true
2026-07-25T05:43:30.000Z,12.263938333333332,75.36343166666667,-21.39999999999999,2.3,162.87,11.617795,28,gps,0.68,0.78,1.04,-89.1,,,,63,,1784958210000,2026-07-25T11:13:30.000+05:30,1281.5665033465102,1784957749276,Default Profile,true
2026-07-25T05:43:35.000Z,12.263478333333333,75.36352333333333,-18.89999999999999,2.4,168.94,9.270662,30,gps,0.66,1.13,1.31,-89.1,,,,63,,1784958215000,2026-07-25T11:13:35.000+05:30,1333.6769182459013,1784957749276,Default Profile,true
2026-07-25T05:43:41.000Z,12.263053333333335,75.36360833333333,-18.299999999999997,2.4,162.59,6.200344,32,gps,0.56,0.69,0.89,-89.1,,,,63,,1784958221000,2026-07-25T11:13:41.000+05:30,1381.8288205621898,1784957749276,Default Profile,true
2026-07-25T05:43:47.000Z,12.262723333333334,75.36373166666667,-19.19999999999999,2.2,163.29,5.8575387,34,gps,0.50,0.89,1.02,-89.1,,,,63,,1784958227000,2026-07-25T11:13:47.000+05:30,1420.8936883912854,1784957749276,Default Profile,true
2026-07-25T05:43:53.000Z,12.26242,75.36385166666668,-16.39999999999999,2.1,148.28,6.6440344,37,gps,0.49,0.69,0.84,-89.1,,,,63,,1784958233000,2026-07-25T11:13:53.000+05:30,1457.0553865987945,1784957749276,Default Profile,true
2026-07-25T05:43:59.000Z,12.262094999999999,75.36408166666666,-13.699999999999989,2.1,142.8,7.949885,40,gps,0.48,0.68,0.83,-89.1,,,,63,,1784958239000,2026-07-25T11:13:59.000+05:30,1500.9933946293477,1784957749276,Default Profile,true
2026-07-25T05:44:05.000Z,12.261728333333334,75.36438166666667,-9.899999999999991,2.3,138.05,10.0592165,34,gps,0.54,0.74,0.92,-89.1,,,,63,,1784958245000,2026-07-25T11:14:05.000+05:30,1553.1940467375448,1784957749276,Default Profile,true
2026-07-25T05:44:11.000Z,12.261245,75.36479166666666,-10.399999999999991,2.1,139.26,11.464408,33,gps,0.58,1.24,1.38,-89.1,,,,64,,1784958251000,2026-07-25T11:14:11.000+05:30,1623.0019147657765,1784957749276,Default Profile,true
2026-07-25T05:44:17.000Z,12.260786666666668,75.365225,-8.899999999999991,2.2,141.64,10.393271,38,gps,0.51,1.09,1.20,-89.1,,,,64,,1784958257000,2026-07-25T11:14:17.000+05:30,1692.387781373922,1784957749276,Default Profile,true
2026-07-25T05:44:23.000Z,12.260323333333334,75.36552333333334,-9.399999999999991,2.2,156.74,9.222278,34,gps,0.57,1.24,1.37,-89.1,,,,64,,1784958263000,2026-07-25T11:14:23.000+05:30,1753.2579302390209,1784957749276,Default Profile,true
2026-07-25T05:44:29.000Z,12.259848333333332,75.36564333333334,-17.69999999999999,2.2,166.2,8.292689,33,gps,0.58,1.12,1.26,-89.1,,,,64,,1784958269000,2026-07-25T11:14:29.000+05:30,1807.6611966354262,1784957749276,Default Profile,true
2026-07-25T05:44:35.000Z,12.25942,75.36572500000001,-23.099999999999994,2.1,158.51,8.234012,35,gps,0.53,0.72,0.89,-89.1,,,,64,,1784958275000,2026-07-25T11:14:35.000+05:30,1856.109295695403,1784957749276,Default Profile,true
2026-07-25T05:44:40.000Z,12.259073333333333,75.36587833333333,-28.999999999999993,2.1,151.73,7.547887,36,gps,0.52,0.95,1.08,-89.1,,,,64,,1784958280000,2026-07-25T11:14:40.000+05:30,1898.1034343178785,1784957749276,Default Profile,true
2026-07-25T05:44:46.000Z,12.258728333333332,75.36612166666667,-32.599999999999994,2.2,132.02,7.5679607,36,gps,0.52,0.70,0.87,-89.1,,,,64,,1784958286000,2026-07-25T11:14:46.000+05:30,1944.694858108567,1784957749276,Default Profile,true
2026-07-25T05:44:51.000Z,12.258438333333334,75.36636333333333,-32.99999999999999,2.3,150.74,9.320075,35,gps,0.54,0.74,0.91,-89.1,,,,65,,1784958291000,2026-07-25T11:14:51.000+05:30,1986.2808527321454,1784957749276,Default Profile,true
2026-07-25T05:44:56.000Z,12.258011666666668,75.36651166666667,-31.39999999999999,2.4,162.03,9.703029,32,gps,0.56,0.75,0.94,-89.1,,,,65,,1784958296000,2026-07-25T11:14:56.000+05:30,2036.3871375359734,1784957749276,Default Profile,true
2026-07-25T05:45:02.000Z,12.257556666666668,75.36671333333334,-32.599999999999994,3.1,148.83,8.9088125,25,gps,0.76,0.79,1.10,-89.1,,,,65,,1784958302000,2026-07-25T11:15:02.000+05:30,2091.522471106413,1784957749276,Default Profile,true
2026-07-25T05:45:08.000Z,12.257165000000002,75.36702333333332,-30.39999999999999,2.8,143.18,7.949885,21,gps,0.81,1.48,1.69,-89.1,,,,65,,1784958308000,2026-07-25T11:15:08.000+05:30,2146.5803889850704,1784957749276,Default Profile,true
2026-07-25T05:45:14.000Z,12.256908333333335,75.36730833333333,-29.89999999999999,2.6,112.35,6.441234,23,gps,0.78,0.80,1.12,-89.1,,,,65,,1784958314000,2026-07-25T11:15:14.000+05:30,2188.694055217613,1784957749276,Default Profile,true
2026-07-25T05:45:19.000Z,12.25681,75.36758833333333,-26.89999999999999,2.5,96.02,6.7644796,27,gps,0.62,1.23,1.38,-89.1,,,,65,,1784958319000,2026-07-25T11:15:19.000+05:30,2221.024070122811,1784957749276,Default Profile,true
2026-07-25T05:45:25.000Z,12.25681,75.36802833333333,-24.0,2.7,81.65,8.172759,18,gps,0.79,0.83,1.15,-89.1,,,,65,,1784958325000,2026-07-25T11:15:25.000+05:30,2268.834618063481,1784957749276,Default Profile,true
2026-07-25T05:45:31.000Z,12.256878333333335,75.36847833333333,-24.099999999999994,2.8,82.93,7.863926,22,gps,0.65,0.80,1.04,-89.1,,,,66,,1784958331000,2026-07-25T11:15:31.000+05:30,2318.3186079261545,1784957749276,Default Profile,true
2026-07-25T05:45:37.000Z,12.256863333333335,75.36897333333333,-23.299999999999997,2.5,87.51,9.12551,26,gps,0.59,1.22,1.36,-89.1,,,,66,,1784958337000,2026-07-25T11:15:37.000+05:30,2372.1313167994012,1784957749276,Default Profile,true
2026-07-25T05:45:42.000Z,12.256853333333334,75.36943333333333,-23.299999999999997,2.6,94.23,9.8873,26,gps,0.56,0.76,0.95,-89.1,,,,66,,1784958342000,2026-07-25T11:15:42.000+05:30,2422.1274291078043,1784957749276,Default Profile,true
2026-07-25T05:45:48.000Z,12.256754999999998,75.37005500000001,-24.39999999999999,2.5,102.47,10.927038,28,gps,0.57,0.79,0.97,-89.1,,,,66,,1784958348000,2026-07-25T11:15:48.000+05:30,2490.557155808792,1784957749276,Default Profile,true
2026-07-25T05:45:54.000Z,12.256473333333334,75.3706,-26.099999999999994,2.5,121.9,9.814209,25,gps,0.68,1.44,1.59,-89.1,,,,66,,1784958354000,2026-07-25T11:15:54.000+05:30,2557.549216436947,1784957749276,Default Profile,true
2026-07-25T05:46:00.000Z,12.256173333333333,75.37108833333333,-23.19999999999999,2.5,121.12,9.867225,28,gps,0.59,0.76,0.96,-89.1,,,,66,,1784958360000,2026-07-25T11:16:00.000+05:30,2620.2263538252737,1784957749276,Default Profile,true
2026-07-25T05:46:05.000Z,12.255961666666668,75.37151666666666,-22.799999999999997,2.3,116.58,10.8760805,34,gps,0.49,1.01,1.12,-89.1,,,,66,,1784958365000,2026-07-25T11:16:05.000+05:30,2672.381929137447,1784957749276,Default Profile,true
2026-07-25T05:46:10.000Z,12.255735,75.37200166666666,-20.89999999999999,2.2,114.42,10.989834,31,gps,0.54,1.16,1.28,-89.1,,,,66,,1784958370000,2026-07-25T11:16:10.000+05:30,2730.7992967639043,1784957749276,Default Profile,true
2026-07-25T05:46:15.000Z,12.255585,75.37243666666667,-17.599999999999994,2.6,109.58,9.509493,27,gps,0.61,0.78,0.99,-89.1,,,,66,,1784958375000,2026-07-25T11:16:15.000+05:30,2780.923233816873,1784957749276,Default Profile,true
2026-07-25T05:46:21.000Z,12.255385,75.37296166666667,-16.299999999999997,2.6,111.98,9.0719795,29,gps,0.57,1.02,1.17,-89.1,,,,66,,1784958381000,2026-07-25T11:16:21.000+05:30,2842.151727737843,1784957749276,Default Profile,true
2026-07-25T05:46:26.000Z,12.255289999999999,75.37329166666667,-13.599999999999994,2.3,111.0,6.0397506,30,gps,0.53,1.02,1.15,-89.1,,,,66,,1784958386000,2026-07-25T11:16:26.000+05:30,2879.5334351387546,1784957749276,Default Profile,true
2026-07-25T05:46:32.000Z,12.255205,75.37359166666667,-9.5,2.3,117.21,4.662354,30,gps,0.56,1.03,1.18,-89.1,,,,66,,1784958392000,2026-07-25T11:16:32.000+05:30,2913.4742795989528,1784957749276,Default Profile,true
2026-07-25T05:46:37.000Z,12.255124999999998,75.37362833333333,-5.0,2.0,169.75,0.0,37,gps,0.49,0.70,0.86,-89.1,,,,66,,1784958397000,2026-07-25T11:16:37.000+05:30,2923.221368438055,1784957749276,Default Profile,true
2026-07-25T05:46:43.000Z,12.255135,75.37362833333333,-4.8999999999999915,1.8,169.75,0.0,38,gps,0.47,0.69,0.84,-89.1,,,,66,,1784958403000,2026-07-25T11:16:43.000+05:30,2924.333317704656,1784957749276,Default Profile,true
2026-07-25T05:46:49.000Z,12.255135,75.37362833333333,-4.8999999999999915,1.7,169.75,0.0,38,gps,0.48,0.71,0.85,-89.1,,,,66,,1784958409000,2026-07-25T11:16:49.000+05:30,2924.333317704656,1784957749276,Default Profile,true
2026-07-25T05:46:54.000Z,12.255135,75.37362833333333,-4.8999999999999915,1.7,169.75,0.0,41,gps,0.44,0.66,0.79,-89.1,,,,66,,1784958414000,2026-07-25T11:16:54.000+05:30,2924.333317704656,1784957749276,Default Profile,true
2026-07-25T05:46:59.000Z,12.255135,75.37362833333333,-4.8999999999999915,1.7,169.75,0.0,40,gps,0.45,0.67,0.81,-89.1,,,,66,,1784958419000,2026-07-25T11:16:59.000+05:30,2924.333317704656,1784957749276,Default Profile,true
2026-07-25T05:47:04.000Z,12.255135,75.37362833333333,-4.8999999999999915,2.8,169.75,0.0,32,gps,0.54,0.72,0.90,-89.1,,,,66,,1784958424000,2026-07-25T11:17:04.000+05:30,2924.333317704656,1784957749276,Default Profile,true
2026-07-25T05:47:10.000Z,12.255038333333335,75.37361666666668,-2.3999999999999915,2.1,220.96,1.9018986,40,gps,0.47,0.69,0.83,-89.1,,,,66,,1784958430000,2026-07-25T11:17:10.000+05:30,2935.1566590606335,1784957749276,Default Profile,true
2026-07-25T05:47:15.000Z,12.254960000000002,75.37351166666667,-2.3999999999999915,2.0,229.23,3.233485,42,gps,0.45,0.86,0.97,-89.1,,,,66,,1784958435000,2026-07-25T11:17:15.000+05:30,2949.5108748173625,1784957749276,Default Profile,true
2026-07-25T05:47:21.000Z,12.254821666666665,75.37334333333334,-0.7999999999999972,2.1,230.22,4.3844037,40,gps,0.47,0.94,1.05,-89.1,,,,66,,1784958441000,2026-07-25T11:17:21.000+05:30,2973.410166046526,1784957749276,Default Profile,true
2026-07-25T05:47:27.000Z,12.254643333333336,75.37309166666667,-1.3999999999999915,1.9,235.01,5.4900274,42,gps,0.46,0.66,0.81,-89.1,,,,66,,1784958447000,2026-07-25T11:17:27.000+05:30,3007.189524407053,1784957749276,Default Profile,true
2026-07-25T05:47:32.000Z,12.254426666666665,75.37287166666667,-2.6999999999999886,2.1,215.21,7.334277,40,gps,0.47,0.82,0.94,-89.1,,,,66,,1784958452000,2026-07-25T11:17:32.000+05:30,3041.1292905504583,1784957749276,Default Profile,true
2026-07-25T05:47:38.000Z,12.254026666666668,75.37260500000001,-4.699999999999989,2.1,217.6,9.713838,40,gps,0.47,0.65,0.81,-89.1,,,,66,,1784958458000,2026-07-25T11:17:38.000+05:30,3094.2133756646444,1784957749276,Default Profile,true
2026-07-25T05:47:43.000Z,12.253665000000002,75.37225666666667,-6.799999999999997,2.1,226.29,10.193044,39,gps,0.47,0.88,1.00,-89.1,,,,66,,1784958463000,2026-07-25T11:17:43.000+05:30,3149.439658468113,1784957749276,Default Profile,true
2026-07-25T05:47:49.000Z,12.253261666666667,75.37179666666665,-11.599999999999994,2.1,226.47,9.657218,40,gps,0.47,0.87,0.98,-89.1,,,,66,,1784958469000,2026-07-25T11:17:49.000+05:30,3216.5949849977137,1784957749276,Default Profile,true
2026-07-25T05:47:55.000Z,12.252878333333335,75.37158333333333,-14.199999999999989,2.3,186.44,8.041505,37,gps,0.48,0.68,0.83,-89.1,,,,66,,1784958475000,2026-07-25T11:17:55.000+05:30,3265.115444263909,1784957749276,Default Profile,true
2026-07-25T05:48:00.000Z,12.252493333333332,75.37168833333334,-16.799999999999997,2.3,158.87,9.46883,39,gps,0.48,0.97,1.09,-89.1,,,,66,,1784958480000,2026-07-25T11:18:00.000+05:30,3309.4198131912644,1784957749276,Default Profile,true
2026-07-25T05:48:05.000Z,12.252131666666665,75.37199166666666,-18.5,2.4,135.87,10.997041,32,gps,0.57,1.09,1.22,-89.1,,,,66,,1784958485000,2026-07-25T11:18:05.000+05:30,3361.416975325261,1784957749276,Default Profile,true
2026-07-25T05:48:11.000Z,12.251706666666667,75.37238666666667,-21.0,2.5,138.19,10.604307,28,gps,0.63,1.16,1.32,-89.1,,,,66,,1784958491000,2026-07-25T11:18:11.000+05:30,3425.257166459395,1784957749276,Default Profile,true
2026-07-25T05:48:17.000Z,12.25127,75.372895,-20.69999999999999,2.2,124.53,11.25646,28,gps,0.59,0.75,0.96,-89.1,,,,66,,1784958497000,2026-07-25T11:18:17.000+05:30,3498.8010439895925,1784957749276,Default Profile,true
2026-07-25T05:48:22.000Z,12.250913333333331,75.373345,-22.39999999999999,2.2,131.16,11.712504,31,gps,0.58,1.04,1.19,-89.1,,,,66,,1784958502000,2026-07-25T11:18:22.000+05:30,3561.7606571864235,1784957749276,Default Profile,true
2026-07-25T05:48:28.000Z,12.250436666666667,75.3738,-15.299999999999997,2.1,134.85,12.203034,34,gps,0.52,1.00,1.13,-89.1,,,,66,,1784958508000,2026-07-25T11:18:28.000+05:30,3634.243628200254,1784957749276,Default Profile,true
2026-07-25T05:48:34.000Z,12.249985,75.37428666666666,-12.199999999999989,2.3,133.2,11.539042,33,gps,0.51,0.72,0.89,-89.1,,,,66,,1784958514000,2026-07-25T11:18:34.000+05:30,3707.1746398630203,1784957749276,Default Profile,true
2026-07-25T05:48:40.000Z,12.249481666666668,75.37470666666667,-10.199999999999989,2.2,147.29,11.253372,32,gps,0.54,1.03,1.17,-89.1,,,,66,,1784958520000,2026-07-25T11:18:40.000+05:30,3779.3917315744684,1784957749276,Default Profile,true
2026-07-25T05:48:45.000Z,12.24907166666667,75.37502500000001,-6.5,2.2,139.52,10.475627,33,gps,0.53,1.00,1.14,-89.1,,,,66,,1784958525000,2026-07-25T11:18:45.000+05:30,3836.6192734905285,1784957749276,Default Profile,true
2026-07-25T05:48:51.000Z,12.248626666666667,75.37544166666666,-3.6999999999999886,2.2,132.39,10.785489,30,gps,0.57,1.07,1.22,-89.1,,,,66,,1784958531000,2026-07-25T11:18:51.000+05:30,3903.6894221940306,1784957749276,Default Profile,true
2026-07-25T05:48:57.000Z,12.24825,75.375885,-2.6999999999999886,2.2,127.83,10.0561285,28,gps,0.58,1.12,1.26,-89.1,,,,66,,1784958537000,2026-07-25T11:18:57.000+05:30,3967.52500865119,1784957749276,Default Profile,true
2026-07-25T05:49:03.000Z,12.247816666666665,75.37617,-2.0999999999999943,2.4,166.58,9.04367,32,gps,0.54,1.03,1.16,-89.1,,,,66,,1784958543000,2026-07-25T11:19:03.000+05:30,4024.803590490473,1784957749276,Default Profile,true
2026-07-25T05:49:09.000Z,12.247404999999999,75.37630333333333,-1.0999999999999943,2.4,143.81,7.8927507,27,gps,0.66,0.79,1.03,-89.1,,,,66,,1784958549000,2026-07-25T11:19:09.000+05:30,4072.8170377463616,1784957749276,Default Profile,true
2026-07-25T05:49:15.000Z,12.246993333333334,75.37651833333332,-3.8999999999999915,2.6,154.17,8.214452,28,gps,0.65,1.13,1.30,-89.1,,,,66,,1784958555000,2026-07-25T11:19:15.000+05:30,4124.209591184315,1784957749276,Default Profile,true
2026-07-25T05:49:20.000Z,12.246615,75.37672333333333,-8.299999999999997,2.3,149.09,9.203234,27,gps,0.69,1.62,1.76,-89.1,,,,66,,1784958560000,2026-07-25T11:19:20.000+05:30,4171.812208666172,1784957749276,Default Profile,true
2026-07-25T05:49:26.000Z,12.246183333333333,75.37703333333334,-3.0999999999999943,2.3,146.08,9.010727,30,gps,0.61,0.76,0.97,-89.1,,,,66,,1784958566000,2026-07-25T11:19:26.000+05:30,4230.45235365344,1784957749276,Default Profile,true
2026-07-25T05:49:32.000Z,12.245856666666668,75.37725999999999,-2.5999999999999943,2.5,129.21,5.616134,31,gps,0.59,1.10,1.25,-89.1,,,,66,,1784958572000,2026-07-25T11:19:32.000+05:30,4274.339481682404,1784957749276,Default Profile,true
2026-07-25T05:49:38.000Z,12.245764999999999,75.37764999999999,0.10000000000000853,2.4,105.53,6.9626474,28,gps,0.67,1.20,1.38,-89.1,,,,66,,1784958578000,2026-07-25T11:19:38.000+05:30,4317.927317572765,1784957749276,Default Profile,true
2026-07-25T05:49:43.000Z,12.245685,75.37796,3.6000000000000085,2.5,110.79,7.3831754,28,gps,0.63,0.76,0.99,-89.1,,,,67,,1784958583000,2026-07-25T11:19:43.000+05:30,4352.7681877436635,1784957749276,Default Profile,true
2026-07-25T05:49:49.000Z,12.245518333333333,75.37833166666665,8.900000000000006,2.5,119.56,7.860838,27,gps,0.59,1.07,1.22,-89.1,,,,67,,1784958589000,2026-07-25T11:19:49.000+05:30,4397.204369178332,1784957749276,Default Profile,true
2026-07-25T05:49:55.000Z,12.245288333333333,75.378735,10.600000000000009,2.4,125.44,7.4125147,27,gps,0.61,1.15,1.30,-89.1,,,,67,,1784958595000,2026-07-25T11:19:55.000+05:30,4447.948687634378,1784957749276,Default Profile,true
2026-07-25T05:50:01.000Z,12.245038333333332,75.37907166666668,15.100000000000009,2.4,136.6,7.124785,29,gps,0.60,1.12,1.27,-89.1,,,,67,,1784958601000,2026-07-25T11:20:01.000+05:30,4493.895975520831,1784957749276,Default Profile,true
2026-07-25T05:50:07.000Z,12.244748333333332,75.37924333333333,21.30000000000001,2.4,157.37,5.157002,32,gps,0.58,1.07,1.21,-89.1,,,,67,,1784958607000,2026-07-25T11:20:07.000+05:30,4531.149402182319,1784957749276,Default Profile,true
2026-07-25T05:50:12.000Z,12.244584999999999,75.37932333333333,25.700000000000003,2.3,155.93,2.9689178,33,gps,0.55,0.71,0.90,-89.1,,,,67,,1784958612000,2026-07-25T11:20:12.000+05:30,4551.284559370824,1784957749276,Default Profile,true
2026-07-25T05:50:18.000Z,12.244398333333333,75.37942166666667,33.80000000000001,2.3,159.28,3.994759,30,gps,0.60,0.72,0.94,-89.1,,,,67,,1784958618000,2026-07-25T11:20:18.000+05:30,4574.629923512323,1784957749276,Default Profile,true
2026-07-25T05:50:24.000Z,12.244186666666668,75.37950500000001,38.2,2.3,157.21,3.393049,29,gps,0.75,1.09,1.33,-89.1,,,,67,,1784958624000,2026-07-25T11:20:24.000+05:30,4599.848107860891,1784957749276,Default Profile,true
2026-07-25T05:50:30.000Z,12.244001666666668,75.379555,43.400000000000006,2.5,169.13,3.3328264,32,gps,0.63,1.01,1.19,-89.1,,,,67,,1784958630000,2026-07-25T11:20:30.000+05:30,4621.124599228872,1784957749276,Default Profile,true
2026-07-25T05:50:36.000Z,12.24379,75.37961666666666,43.20000000000002,2.5,161.63,3.445036,32,gps,0.61,0.96,1.14,-89.1,,,,67,,1784958636000,2026-07-25T11:20:36.000+05:30,4645.596206517489,1784957749276,Default Profile,true
2026-07-25T05:50:42.000Z,12.243598333333333,75.379735,40.70000000000002,2.5,154.42,4.125499,30,gps,0.62,0.95,1.14,-89.1,,,,67,,1784958642000,2026-07-25T11:20:42.000+05:30,4670.487267634019,1784957749276,Default Profile,true
2026-07-25T05:50:47.000Z,12.24343,75.37986,37.80000000000001,2.5,137.32,5.173473,30,gps,0.62,0.73,0.95,-89.1,,,,67,,1784958647000,2026-07-25T11:20:47.000+05:30,4693.614319974387,1784957749276,Default Profile,true
2026-07-25T05:50:52.000Z,12.243260000000001,75.38006,35.60000000000001,2.4,129.11,5.598119,30,gps,0.62,1.13,1.28,-89.1,,,,67,,1784958652000,2026-07-25T11:20:52.000+05:30,4722.418131438173,1784957749276,Default Profile,true
2026-07-25T05:50:58.000Z,12.24301,75.38032333333334,34.2,2.2,121.94,6.3084354,28,gps,0.61,0.75,0.97,-89.1,,,,67,,1784958658000,2026-07-25T11:20:58.000+05:30,4762.3131055730155,1784957749276,Default Profile,true
2026-07-25T05:51:03.000Z,12.242803333333333,75.38060666666667,32.60000000000001,2.2,129.39,6.8360257,26,gps,0.69,1.24,1.42,-89.1,,,,67,,1784958663000,2026-07-25T11:21:03.000+05:30,4800.732353449119,1784957749276,Default Profile,true
2026-07-25T05:51:09.000Z,12.242473333333331,75.380895,28.5,2.2,153.91,8.736895,32,gps,0.54,0.74,0.91,-89.1,,,,67,,1784958669000,2026-07-25T11:21:09.000+05:30,4848.983495932687,1784957749276,Default Profile,true
2026-07-25T05:51:15.000Z,12.241736666666668,75.38101499999999,23.200000000000003,2.2,173.35,15.494683,31,gps,0.56,1.20,1.32,-89.1,,,,67,,1784958675000,2026-07-25T11:21:15.000+05:30,4931.928525566718,1784957749276,Default Profile,true
2026-07-25T05:51:21.000Z,12.240888333333332,75.38115166666667,21.0,2.0,163.09,13.642198,36,gps,0.50,0.98,1.10,-89.1,,,,67,,1784958681000,2026-07-25T11:21:21.000+05:30,5027.420792515578,1784957749276,Default Profile,true
2026-07-25T05:51:26.000Z,12.240378333333334,75.38139500000001,26.400000000000006,2.6,151.97,10.606881,35,gps,0.58,0.71,0.92,-89.1,,,,67,,1784958686000,2026-07-25T11:21:26.000+05:30,5089.991974697155,1784957749276,Default Profile,true
2026-07-25T05:51:32.000Z,12.239976666666667,75.38165000000001,30.200000000000003,2.5,149.71,7.8217187,37,gps,0.55,1.01,1.15,-89.1,,,,67,,1784958692000,2026-07-25T11:21:32.000+05:30,5142.553000020592,1784957749276,Default Profile,true
2026-07-25T05:51:37.000Z,12.239735,75.38182833333333,36.900000000000006,2.5,142.85,6.2440953,37,gps,0.55,1.02,1.16,-89.1,,,,67,,1784958697000,2026-07-25T11:21:37.000+05:30,5175.68389159049,1784957749276,Default Profile,true
2026-07-25T05:51:43.000Z,12.239535,75.38205666666666,41.30000000000001,2.6,125.45,4.2114573,31,gps,0.66,0.75,0.99,-89.1,,,,67,,1784958703000,2026-07-25T11:21:43.000+05:30,5209.003964132843,1784957749276,Default Profile,true
2026-07-25T05:51:49.000Z,12.239356666666668,75.382195,46.599999999999994,2.4,151.34,3.2170138,35,gps,0.57,0.71,0.92,-89.1,,,,67,,1784958709000,2026-07-25T11:21:49.000+05:30,5233.8875042226,1784957749276,Default Profile,true
2026-07-25T05:51:55.000Z,12.239201666666668,75.38227499999999,53.5,2.3,154.82,2.6528783,34,gps,0.60,1.11,1.26,-89.1,,,,67,,1784958715000,2026-07-25T11:21:55.000+05:30,5253.191075585829,1784957749276,Default Profile,true
2026-07-25T05:52:01.000Z,12.238969999999998,75.38236166666667,57.400000000000006,2.3,162.48,3.4903314,34,gps,0.61,1.06,1.23,-89.1,,,,67,,1784958721000,2026-07-25T11:22:01.000+05:30,5280.618832638924,1784957749276,Default Profile,true
2026-07-25T05:52:07.000Z,12.238786666666666,75.38243666666668,62.80000000000001,2.5,154.0,3.4645953,32,gps,0.64,0.74,0.98,-89.1,,,,67,,1784958727000,2026-07-25T11:22:07.000+05:30,5302.573377521354,1784957749276,Default Profile,true
2026-07-25T05:52:12.000Z,12.238529999999999,75.38252833333333,59.30000000000001,2.3,167.63,5.536352,31,gps,0.64,0.74,0.98,-89.1,,,,67,,1784958732000,2026-07-25T11:22:12.000+05:30,5332.801827705537,1784957749276,Default Profile,true
2026-07-25T05:52:17.000Z,12.23827,75.3826,65.6,2.4,165.03,5.5785594,29,gps,0.69,0.76,1.03,-89.1,,,,67,,1784958737000,2026-07-25T11:22:17.000+05:30,5362.743075984822,1784957749276,Default Profile,true
2026-07-25T05:52:23.000Z,12.237995000000002,75.38268666666666,73.7,2.5,164.12,5.480762,26,gps,0.69,1.32,1.49,-89.2,,,,67,,1784958743000,2026-07-25T11:22:23.000+05:30,5394.739135583407,1784957749276,Default Profile,true
2026-07-25T05:52:28.000Z,12.237648333333334,75.38277500000001,71.8,2.3,163.56,6.064972,28,gps,0.66,1.21,1.38,-89.2,,,,67,,1784958748000,2026-07-25T11:22:28.000+05:30,5434.463897314312,1784957749276,Default Profile,true
2026-07-25T05:52:34.000Z,12.237330000000002,75.38285166666667,73.89999999999999,2.3,167.69,4.067335,29,gps,0.62,0.81,1.02,-89.2,,,,67,,1784958754000,2026-07-25T11:22:34.000+05:30,5470.828175827853,1784957749276,Default Profile,true
2026-07-25T05:52:40.000Z,12.237206666666669,75.38292666666666,78.2,2.2,142.4,0.0,36,gps,0.50,0.68,0.85,-89.2,,,,67,,1784958760000,2026-07-25T11:22:40.000+05:30,5486.781216766309,1784957749276,Default Profile,true
2026-07-25T05:52:46.000Z,12.237185,75.38293,76.99999999999999,2.0,142.4,0.0,35,gps,0.50,0.68,0.84,-89.2,,,,67,,1784958766000,2026-07-25T11:22:46.000+05:30,5489.217518593742,1784957749276,Default Profile,true
2026-07-25T05:52:52.000Z,12.237185,75.38293,76.99999999999999,2.0,142.4,0.0,33,gps,0.51,0.71,0.88,-89.2,,,,67,,1784958772000,2026-07-25T11:22:52.000+05:30,5489.217518593742,1784957749276,Default Profile,true
2026-07-25T05:52:58.000Z,12.23712,75.38306333333334,75.3,2.2,102.92,5.001041,35,gps,0.52,1.00,1.13,-89.2,,,,67,,1784958778000,2026-07-25T11:22:58.000+05:30,5505.409304367089,1784957749276,Default Profile,true
2026-07-25T05:53:04.000Z,12.237068333333331,75.38353333333333,74.8,2.3,93.87,10.509599,34,gps,0.54,0.70,0.88,-89.2,,,,67,,1784958784000,2026-07-25T11:23:04.000+05:30,5556.805578262441,1784957749276,Default Profile,true
2026-07-25T05:53:10.000Z,12.237003333333332,75.384255,71.3,2.3,97.61,12.462969,33,gps,0.53,0.71,0.89,-89.2,,,,67,,1784958790000,2026-07-25T11:23:10.000+05:30,5635.560354416941,1784957749276,Default Profile,true
2026-07-25T05:53:16.000Z,12.236988333333333,75.38505166666667,70.89999999999999,2.2,77.13,14.362294,33,gps,0.55,0.71,0.90,-89.2,,,,67,,1784958796000,2026-07-25T11:23:16.000+05:30,5722.148986461314,1784957749276,Default Profile,true
2026-07-25T05:53:21.000Z,12.237096666666666,75.3857,68.99999999999999,2.1,87.26,12.410982,31,gps,0.57,1.07,1.22,-89.2,,,,67,,1784958801000,2026-07-25T11:23:21.000+05:30,5793.62478418727,1784957749276,Default Profile,true
2026-07-25T05:53:26.000Z,12.237091666666666,75.38617666666667,67.49999999999999,2.3,90.7,9.169776,31,gps,0.59,0.74,0.95,-89.2,,,,67,,1784958806000,2026-07-25T11:23:26.000+05:30,5845.426396998412,1784957749276,Default Profile,true
2026-07-25T05:53:32.000Z,12.237031666666667,75.38641333333334,70.8,2.5,88.92,0.0,29,gps,0.58,0.79,0.98,-89.2,,,,67,,1784958812000,2026-07-25T11:23:32.000+05:30,5871.995881773906,1784957749276,Default Profile,true
2026-07-25T05:53:38.000Z,12.236970000000001,75.38647999999999,76.7,2.4,125.89,3.8295333,30,gps,0.57,1.12,1.26,-89.2,,,,67,,1784958818000,2026-07-25T11:23:38.000+05:30,5881.970974126385,1784957749276,Default Profile,true
2026-07-25T05:53:44.000Z,12.236696666666667,75.38674833333333,78.7,2.6,143.3,9.399343,28,gps,0.58,1.11,1.25,-89.2,,,,67,,1784958824000,2026-07-25T11:23:44.000+05:30,5924.090113440384,1784957749276,Default Profile,true
2026-07-25T05:53:50.000Z,12.236043333333335,75.38714,79.8,2.4,149.37,15.832341,29,gps,0.67,1.42,1.57,-89.2,,,,67,,1784958830000,2026-07-25T11:23:50.000+05:30,6008.287235849187,1784957749276,Default Profile,true
2026-07-25T05:53:56.000Z,12.235251666666667,75.38763166666666,71.7,2.0,142.44,16.705309,34,gps,0.50,1.10,1.21,-89.2,,,,67,,1784958836000,2026-07-25T11:23:56.000+05:30,6111.262054020582,1784957749276,Default Profile,true
2026-07-25T05:54:02.000Z,12.234565000000002,75.38825666666666,61.10000000000001,2.1,135.96,15.662482,35,gps,0.51,0.73,0.89,-89.2,,,,67,,1784958842000,2026-07-25T11:24:02.000+05:30,6213.4521314552185,1784957749276,Default Profile,true
2026-07-25T05:54:08.000Z,12.234049999999998,75.388925,50.89999999999999,2.1,125.22,15.566744,34,gps,0.53,0.74,0.91,-89.2,,,,67,,1784958848000,2026-07-25T11:24:08.000+05:30,6305.940403957058,1784957749276,Default Profile,true
2026-07-25T05:54:13.000Z,12.233666666666666,75.38953666666666,44.10000000000001,2.2,123.61,15.7855015,34,gps,0.54,0.74,0.91,-89.2,,,,67,,1784958853000,2026-07-25T11:24:13.000+05:30,6384.902963759901,1784957749276,Default Profile,true
2026-07-25T05:54:19.000Z,12.233226666666667,75.39033166666667,32.3,2.2,114.86,17.498497,31,gps,0.67,1.42,1.57,-89.2,,,,67,,1784958859000,2026-07-25T11:24:19.000+05:30,6484.187475430465,1784957749276,Default Profile,true
2026-07-25T05:54:24.000Z,12.232916666666664,75.39100666666667,23.0,2.3,99.48,14.112654,33,gps,0.56,1.12,1.26,-89.2,,,,67,,1784958864000,2026-07-25T11:24:24.000+05:30,6565.235446079775,1784957749276,Default Profile,true
2026-07-25T05:54:30.000Z,12.232885,75.39183,18.799999999999997,2.4,99.56,13.5011635,34,gps,0.56,0.77,0.95,-89.2,,,,67,,1784958870000,2026-07-25T11:24:30.000+05:30,6654.776486752848,1784957749276,Default Profile,true
2026-07-25T05:54:36.000Z,12.232615,75.39234833333333,12.899999999999991,2.5,135.19,8.581964,32,gps,0.55,0.77,0.95,-89.2,,,,67,,1784958876000,2026-07-25T11:24:36.000+05:30,6718.605439056185,1784957749276,Default Profile,true
2026-07-25T05:54:42.000Z,12.232513333333335,75.39242333333333,11.0,2.2,146.96,0.0,32,gps,0.55,0.75,0.93,-89.2,,,,67,,1784958882000,2026-07-25T11:24:42.000+05:30,6732.541932906407,1784957749276,Default Profile,true
2026-07-25T05:54:48.000Z,12.232446666666666,75.39243499999999,8.899999999999991,2.1,150.31,2.1479359,34,gps,0.50,1.05,1.16,-89.2,,,,67,,1784958888000,2026-07-25T11:24:48.000+05:30,6740.062562266128,1784957749276,Default Profile,true
2026-07-25T05:54:53.000Z,12.232286666666669,75.39252166666667,6.799999999999997,2.1,150.61,4.7982407,37,gps,0.47,0.69,0.84,-89.2,,,,67,,1784958893000,2026-07-25T11:24:53.000+05:30,6760.192813326004,1784957749276,Default Profile,true
2026-07-25T05:54:59.000Z,12.231956666666667,75.39266166666667,5.0,2.4,162.17,7.741422,31,gps,0.56,0.74,0.93,-89.2,,,,67,,1784958899000,2026-07-25T11:24:59.000+05:30,6799.916048042932,1784957749276,Default Profile,true
2026-07-25T05:55:05.000Z,12.231541666666665,75.39280666666667,2.8999999999999915,2.7,169.96,7.9318695,23,gps,0.74,1.36,1.55,-89.2,,,,67,,1784958905000,2026-07-25T11:25:05.000+05:30,6848.678065385029,1784957749276,Default Profile,true
2026-07-25T05:55:10.000Z,12.231131666666666,75.39286833333334,6.5,2.6,169.02,7.5051646,26,gps,0.65,0.75,1.00,-89.2,,,,67,,1784958910000,2026-07-25T11:25:10.000+05:30,6894.7578779058085,1784957749276,Default Profile,true
2026-07-25T05:55:16.000Z,12.230661666666666,75.39308833333332,9.399999999999991,2.5,151.83,9.349415,29,gps,0.57,1.15,1.29,-89.2,,,,67,,1784958916000,2026-07-25T11:25:16.000+05:30,6952.228311752368,1784957749276,Default Profile,true
2026-07-25T05:55:22.000Z,12.230196666666666,75.39340833333334,9.200000000000003,2.4,145.77,10.5507765,33,gps,0.54,0.74,0.91,-89.2,,,,67,,1784958922000,2026-07-25T11:25:22.000+05:30,7014.540098449958,1784957749276,Default Profile,true
2026-07-25T05:55:28.000Z,12.229723333333334,75.39375833333334,9.299999999999997,2.4,143.91,9.961934,30,gps,0.56,0.78,0.96,-89.2,,,,67,,1784958928000,2026-07-25T11:25:28.000+05:30,7079.477109890151,1784957749276,Default Profile,true
2026-07-25T05:55:33.000Z,12.229379999999999,75.39408666666667,8.899999999999991,2.6,133.38,9.534715,26,gps,0.65,0.79,1.02,-89.2,,,,67,,1784958933000,2026-07-25T11:25:33.000+05:30,7131.732016064249,1784957749276,Default Profile,true
2026-07-25T05:55:39.000Z,12.228985,75.394405,8.299999999999997,2.5,148.11,7.6498017,30,gps,0.58,1.26,1.39,-89.2,,,,67,,1784958939000,2026-07-25T11:25:39.000+05:30,7187.641537299258,1784957749276,Default Profile,true
2026-07-25T05:55:45.000Z,12.228531666666667,75.39449166666667,5.8999999999999915,2.5,172.57,7.5051646,29,gps,0.60,1.23,1.36,-89.2,,,,67,,1784958945000,2026-07-25T11:25:45.000+05:30,7238.922201176041,1784957749276,Default Profile,true
2026-07-25T05:55:50.000Z,12.228206666666665,75.39455333333333,0.7000000000000028,2.3,170.79,4.601617,35,gps,0.52,1.03,1.16,-89.2,,,,67,,1784958950000,2026-07-25T11:25:50.000+05:30,7275.676653370518,1784957749276,Default Profile,true
2026-07-25T05:55:56.000Z,12.228131666666664,75.39457833333333,-2.1000000000000085,2.2,161.34,0.0,38,gps,0.49,0.68,0.84,-89.2,,,,67,,1784958956000,2026-07-25T11:25:56.000+05:30,7284.447643752924,1784957749276,Default Profile,true
2026-07-25T05:56:01.000Z,12.228131666666664,75.39457833333333,-2.1000000000000085,2.2,161.34,0.0,37,gps,0.51,0.67,0.85,-89.2,,,,67,,1784958961000,2026-07-25T11:26:01.000+05:30,7284.447643752924,1784957749276,Default Profile,true
2026-07-25T05:56:06.000Z,12.228103333333335,75.39457999999999,-0.20000000000000284,2.2,194.94,2.2524245,34,gps,0.54,0.69,0.88,-89.2,,,,67,,1784958966000,2026-07-25T11:26:06.000+05:30,7287.603368585325,1784957749276,Default Profile,true
2026-07-25T05:56:12.000Z,12.227889999999999,75.39464500000001,0.29999999999999716,2.4,162.85,4.100792,35,gps,0.51,1.02,1.14,-89.2,,,,67,,1784958972000,2026-07-25T11:26:12.000+05:30,7312.354314367853,1784957749276,Default Profile,true
2026-07-25T05:56:18.000Z,12.227533333333334,75.394785,1.7000000000000028,2.3,159.7,8.043564,36,gps,0.51,0.98,1.11,-89.2,,,,67,,1784958978000,2026-07-25T11:26:18.000+05:30,7354.831924765736,1784957749276,Default Profile,true
2026-07-25T05:56:24.000Z,12.227055,75.39501,0.29999999999999716,2.4,153.92,10.333564,35,gps,0.51,1.01,1.13,-89.2,,,,67,,1784958984000,2026-07-25T11:26:24.000+05:30,7413.371273534385,1784957749276,Default Profile,true
2026-07-25T05:56:30.000Z,12.226484999999998,75.39536333333334,2.799999999999997,2.3,152.41,10.939906,31,gps,0.54,1.10,1.23,-89.2,,,,67,,1784958990000,2026-07-25T11:26:30.000+05:30,7487.476247788247,1784957749276,Default Profile,true
2026-07-25T05:56:35.000Z,12.225990000000001,75.39558333333333,4.8999999999999915,2.2,154.21,10.862698,35,gps,0.48,0.93,1.05,-89.2,,,,67,,1784958995000,2026-07-25T11:26:35.000+05:30,7547.4859131244975,1784957749276,Default Profile,true
2026-07-25T05:56:41.000Z,12.225458333333332,75.39578,6.0,2.1,159.23,9.603172,36,gps,0.48,0.94,1.06,-89.2,,,,67,,1784959001000,2026-07-25T11:26:41.000+05:30,7610.349191954176,1784957749276,Default Profile,true
2026-07-25T05:56:47.000Z,12.225025,75.39593333333333,3.5999999999999943,2.3,159.9,7.2256703,28,gps,0.68,0.71,0.98,-89.2,,,,67,,1784959007000,2026-07-25T11:26:47.000+05:30,7661.333568528359,1784957749276,Default Profile,true
2026-07-25T05:56:52.000Z,12.22474,75.39606333333333,-0.7000000000000028,2.7,149.25,6.963677,24,gps,0.79,0.73,1.08,-89.2,,,,67,,1784959012000,2026-07-25T11:26:52.000+05:30,7696.03052706844,1784957749276,Default Profile,true
2026-07-25T05:56:58.000Z,12.224455,75.396335,-1.5,2.6,137.43,7.882971,24,gps,0.63,0.77,1.00,-89.2,,,,67,,1784959018000,2026-07-25T11:26:58.000+05:30,7739.342168498319,1784957749276,Default Profile,true
2026-07-25T05:57:04.000Z,12.224188333333332,75.39661833333334,-3.299999999999997,2.5,128.32,5.2136216,28,gps,0.63,1.14,1.31,-89.2,,,,67,,1784959024000,2026-07-25T11:27:04.000+05:30,7782.089313527308,1784957749276,Default Profile,true
2026-07-25T05:57:10.000Z,12.224098333333332,75.39668499999999,-2.0,2.4,135.33,0.0,30,gps,0.56,0.73,0.91,-89.2,,,,67,,1784959030000,2026-07-25T11:27:10.000+05:30,7794.444060337101,1784957749276,Default Profile,true
2026-07-25T05:57:15.000Z,12.224098333333332,75.39668499999999,-2.0,2.4,135.33,0.0,28,gps,0.61,0.77,0.98,-89.2,,,,67,,1784959035000,2026-07-25T11:27:15.000+05:30,7794.444060337101,1784957749276,Default Profile,true
2026-07-25T05:57:21.000Z,12.224071666666669,75.39674833333333,3.799999999999997,2.3,117.89,1.9930044,34,gps,0.53,0.73,0.90,-89.2,,,,67,,1784959041000,2026-07-25T11:27:21.000+05:30,7801.938298254381,1784957749276,Default Profile,true
2026-07-25T05:57:27.000Z,12.224088333333334,75.39678166666666,6.3999999999999915,2.1,117.89,0.0,36,gps,0.51,0.72,0.88,-89.2,,,,67,,1784959047000,2026-07-25T11:27:27.000+05:30,7806.007296691037,1784957749276,Default Profile,true
2026-07-25T05:57:33.000Z,12.224088333333334,75.39678166666666,6.3999999999999915,2.0,117.89,0.0,33,gps,0.55,0.73,0.91,-89.2,,,,67,,1784959053000,2026-07-25T11:27:33.000+05:30,7806.007296691037,1784957749276,Default Profile,true
2026-07-25T05:57:38.000Z,12.224088333333334,75.39678166666666,6.3999999999999915,2.0,117.89,0.0,34,gps,0.54,0.71,0.89,-89.2,,,,67,,1784959058000,2026-07-25T11:27:38.000+05:30,7806.007296691037,1784957749276,Default Profile,true
2026-07-25T05:57:43.000Z,12.224060000000001,75.39690833333334,6.8999999999999915,2.1,112.05,3.7677667,34,gps,0.56,0.97,1.12,-89.2,,,,67,,1784959063000,2026-07-25T11:27:43.000+05:30,7820.128579221244,1784957749276,Default Profile,true
2026-07-25T05:57:49.000Z,12.223896666666667,75.39718333333333,6.700000000000003,2.3,120.3,5.3263454,31,gps,0.56,1.03,1.18,-89.2,,,,67,,1784959069000,2026-07-25T11:27:49.000+05:30,7855.099766774678,1784957749276,Default Profile,true
2026-07-25T05:57:54.000Z,12.223719999999998,75.397385,6.0,2.5,136.26,6.7768326,29,gps,0.59,0.77,0.97,-89.2,,,,67,,1784959074000,2026-07-25T11:27:54.000+05:30,7884.531226992939,1784957749276,Default Profile,true
2026-07-25T05:58:00.000Z,12.223465,75.397705,3.5,2.4,132.03,8.007019,34,gps,0.53,1.06,1.18,-89.2,,,,68,,1784959080000,2026-07-25T11:28:00.000+05:30,7929.401455094319,1784957749276,Default Profile,true
2026-07-25T05:58:05.000Z,12.223193333333333,75.39798666666667,4.3999999999999915,2.4,133.72,8.0965805,33,gps,0.55,0.98,1.13,-89.2,,,,68,,1784959085000,2026-07-25T11:28:05.000+05:30,7972.407094112302,1784957749276,Default Profile,true
2026-07-25T05:58:10.000Z,12.222888333333334,75.39826,6.599999999999994,2.6,141.66,8.270042,29,gps,0.61,0.71,0.94,-89.2,,,,68,,1784959090000,2026-07-25T11:28:10.000+05:30,8017.490737698084,1784957749276,Default Profile,true
2026-07-25T05:58:15.000Z,12.222505000000002,75.39845833333334,8.299999999999997,2.7,157.04,8.464092,28,gps,0.61,0.75,0.96,-89.2,,,,68,,1784959095000,2026-07-25T11:28:15.000+05:30,8065.255066140286,1784957749276,Default Profile,true
2026-07-25T05:58:21.000Z,12.222033333333332,75.39868499999999,7.700000000000003,2.6,149.01,7.969959,30,gps,0.62,1.08,1.24,-89.2,,,,68,,1784959101000,2026-07-25T11:28:21.000+05:30,8123.1986696874865,1784957749276,Default Profile,true
2026-07-25T05:58:27.000Z,12.221708333333334,75.39892499999999,16.0,2.3,144.31,6.3732905,29,gps,0.62,1.18,1.33,-89.2,,,,68,,1784959107000,2026-07-25T11:28:27.000+05:30,8167.7660067293355,1784957749276,Default Profile,true
2026-07-25T05:58:32.000Z,12.221523333333334,75.39909166666666,19.5,2.4,140.9,3.3951077,33,gps,0.51,0.68,0.85,-89.2,,,,68,,1784959112000,2026-07-25T11:28:32.000+05:30,8195.174584082852,1784957749276,Default Profile,true
2026-07-25T05:58:38.000Z,12.221483333333333,75.39908833333334,21.799999999999997,2.2,148.7,0.0,34,gps,0.49,0.65,0.82,-89.2,,,,68,,1784959118000,2026-07-25T11:28:38.000+05:30,8199.637108420855,1784957749276,Default Profile,true
2026-07-25T05:58:44.000Z,12.221396666666665,75.39913333333334,21.700000000000003,2.2,133.72,2.6755261,36,gps,0.48,0.85,0.97,-89.2,,,,68,,1784959124000,2026-07-25T11:28:44.000+05:30,8210.443839538404,1784957749276,Default Profile,true
2026-07-25T05:58:49.000Z,12.221258333333333,75.399265,20.299999999999997,2.3,139.14,5.0725875,33,gps,0.56,1.03,1.17,-89.2,,,,68,,1784959129000,2026-07-25T11:28:49.000+05:30,8231.452135489764,1784957749276,Default Profile,true
2026-07-25T05:58:55.000Z,12.220953333333334,75.39955833333333,15.599999999999994,2.2,136.97,9.001462,34,gps,0.55,1.03,1.17,-89.2,,,,68,,1784959135000,2026-07-25T11:28:55.000+05:30,8277.996710411911,1784957749276,Default Profile,true
2026-07-25T05:59:01.000Z,12.220511666666669,75.39994499999999,14.5,2.5,142.37,11.26521,30,gps,0.67,0.78,1.03,-89.2,,,,68,,1784959141000,2026-07-25T11:29:01.000+05:30,8342.6316055115,1784957749276,Default Profile,true
2026-07-25T05:59:06.000Z,12.220223333333335,75.40025333333332,16.200000000000003,2.7,137.51,7.35641,26,gps,0.69,1.27,1.45,-89.2,,,,68,,1784959146000,2026-07-25T11:29:06.000+05:30,8389.007483122703,1784957749276,Default Profile,true
2026-07-25T05:59:12.000Z,12.220093333333333,75.40039666666667,15.799999999999997,2.9,150.6,0.0,27,gps,0.70,0.79,1.06,-89.2,,,,68,,1784959152000,2026-07-25T11:29:12.000+05:30,8410.258220985475,1784957749276,Default Profile,true
2026-07-25T05:59:17.000Z,12.220078333333333,75.400405,15.299999999999997,2.9,150.6,0.0,26,gps,0.67,0.81,1.05,-89.2,,,,68,,1784959157000,2026-07-25T11:29:17.000+05:30,8412.156149720673,1784957749276,Default Profile,true
2026-07-25T05:59:23.000Z,12.220078333333333,75.400405,15.299999999999997,2.8,150.6,0.0,25,gps,0.76,0.79,1.10,-89.2,,,,68,,1784959163000,2026-07-25T11:29:23.000+05:30,8412.156149720673,1784957749276,Default Profile,true
2026-07-25T05:59:28.000Z,12.220024999999998,75.40048,15.299999999999997,2.8,141.7,3.827989,29,gps,0.67,1.02,1.22,-89.2,,,,68,,1784959168000,2026-07-25T11:29:28.000+05:30,8422.235973432613,1784957749276,Default Profile,true
2026-07-25T05:59:34.000Z,12.219761666666667,75.400715,26.39999999999999,2.5,145.55,8.622112,27,gps,0.74,0.82,1.10,-89.2,,,,68,,1784959174000,2026-07-25T11:29:34.000+05:30,8461.089853242156,1784957749276,Default Profile,true
2026-07-25T05:59:40.000Z,12.219346666666668,75.40107833333333,26.700000000000003,2.5,140.64,10.386065,31,gps,0.70,1.21,1.40,-89.2,,,,68,,1784959180000,2026-07-25T11:29:40.000+05:30,8521.823267175634,1784957749276,Default Profile,true
2026-07-25T05:59:46.000Z,12.218853333333334,75.40147166666667,17.700000000000003,2.3,142.43,10.128704,33,gps,0.59,1.13,1.28,-89.2,,,,68,,1784959186000,2026-07-25T11:29:46.000+05:30,8591.367533923541,1784957749276,Default Profile,true
2026-07-25T05:59:52.000Z,12.218383333333334,75.40183666666667,10.899999999999991,2.4,141.19,10.414889,32,gps,0.55,1.10,1.23,-89.2,,,,68,,1784959192000,2026-07-25T11:29:52.000+05:30,8656.977960567994,1784957749276,Default Profile,true
2026-07-25T05:59:58.000Z,12.217931666666667,75.40222333333332,2.0999999999999943,2.3,145.9,10.2929,29,gps,0.61,0.77,0.98,-89.2,,,,68,,1784959198000,2026-07-25T11:29:58.000+05:30,8722.461993390425,1784957749276,Default Profile,true
2026-07-25T06:00:04.000Z,12.217465,75.40248333333334,-5.5,2.5,148.98,10.263046,25,gps,0.71,0.83,1.09,-89.2,,,,68,,1784959204000,2026-07-25T11:30:04.000+05:30,8781.547241517173,1784957749276,Default Profile,true
2026-07-25T06:00:10.000Z,12.217126666666665,75.40282333333333,-10.100000000000009,2.5,118.56,8.313793,30,gps,0.56,0.69,0.89,-89.2,,,,68,,1784959210000,2026-07-25T11:30:10.000+05:30,8834.279028902287,1784957749276,Default Profile,true
2026-07-25T06:00:16.000Z,12.216956666666666,75.403295,-13.299999999999997,2.4,107.97,9.309266,30,gps,0.56,0.73,0.92,-89.2,,,,68,,1784959216000,2026-07-25T11:30:16.000+05:30,8888.912640917995,1784957749276,Default Profile,true
2026-07-25T06:00:22.000Z,12.216773333333332,75.40373166666667,-16.900000000000006,2.5,111.62,6.8087454,30,gps,0.58,0.73,0.94,-89.2,,,,68,,1784959222000,2026-07-25T11:30:22.000+05:30,8940.56150145483,1784957749276,Default Profile,true
2026-07-25T06:00:27.000Z,12.21674,75.40387166666666,-20.900000000000006,2.8,88.66,1.8617502,26,gps,0.69,0.79,1.05,-89.2,,,,68,,1784959227000,2026-07-25T11:30:27.000+05:30,8956.221222159213,1784957749276,Default Profile,true
2026-07-25T06:00:33.000Z,12.216733333333332,75.40386,-23.0,2.7,88.66,0.0,20,gps,0.76,0.80,1.11,-89.2,,,,68,,1784959233000,2026-07-25T11:30:33.000+05:30,8957.689924246806,1784957749276,Default Profile,true
2026-07-25T06:00:39.000Z,12.216733333333332,75.40386,-23.0,2.8,88.66,0.0,23,gps,0.67,0.74,1.00,-89.2,,,,68,,1784959239000,2026-07-25T11:30:39.000+05:30,8957.689924246806,1784957749276,Default Profile,true
2026-07-25T06:00:44.000Z,12.216733333333332,75.40386,-23.0,2.6,88.66,0.0,26,gps,0.64,0.72,0.96,-89.2,,,,68,,1784959244000,2026-07-25T11:30:44.000+05:30,8957.689924246806,1784957749276,Default Profile,true
2026-07-25T06:00:49.000Z,12.216714999999999,75.40400833333334,-21.10000000000001,2.4,112.07,2.9210486,32,gps,0.51,0.93,1.06,-89.2,,,,68,,1784959249000,2026-07-25T11:30:49.000+05:30,8973.938706995461,1784957749276,Default Profile,true
2026-07-25T06:00:55.000Z,12.216591666666666,75.40428166666668,-19.299999999999997,2.2,110.13,6.7428613,35,gps,0.51,0.70,0.86,-89.2,,,,68,,1784959255000,2026-07-25T11:30:55.000+05:30,9006.656627908202,1784957749276,Default Profile,true
2026-07-25T06:01:01.000Z,12.216418333333335,75.40467166666667,-15.700000000000003,2.1,114.66,8.002386,37,gps,0.49,0.87,1.00,-89.2,,,,68,,1784959261000,2026-07-25T11:31:01.000+05:30,9053.217148399997,1784957749276,Default Profile,true
2026-07-25T06:01:07.000Z,12.216270000000002,75.40509666666667,-10.900000000000006,2.4,106.22,7.021326,35,gps,0.51,0.83,0.98,-89.2,,,,68,,1784959267000,2026-07-25T11:31:07.000+05:30,9102.261560960224,1784957749276,Default Profile,true
2026-07-25T06:01:12.000Z,12.216199999999999,75.40537166666667,-5.200000000000003,2.2,109.02,6.326451,37,gps,0.49,0.83,0.96,-89.2,,,,68,,1784959272000,2026-07-25T11:31:12.000+05:30,9133.144711876628,1784957749276,Default Profile,true
2026-07-25T06:01:17.000Z,12.216128333333332,75.40559,-3.700000000000003,2.2,99.11,4.085865,36,gps,0.51,0.88,1.02,-89.2,,,,68,,1784959277000,2026-07-25T11:31:17.000+05:30,9158.174975475009,1784957749276,Default Profile,true
2026-07-25T06:01:23.000Z,12.216106666666667,75.4058,-1.9000000000000057,2.2,87.24,3.9448311,34,gps,0.56,0.66,0.87,-89.2,,,,68,,1784959283000,2026-07-25T11:31:23.000+05:30,9181.123973545453,1784957749276,Default Profile,true
2026-07-25T06:01:28.000Z,12.216096666666665,75.40599166666667,0.5,2.1,96.85,3.7250447,36,gps,0.52,0.87,1.02,-89.2,,,,68,,1784959288000,2026-07-25T11:31:28.000+05:30,9201.98340565685,1784957749276,Default Profile,true
2026-07-25T06:01:34.000Z,12.21606,75.40618333333333,0.7000000000000028,2.1,102.57,2.443901,33,gps,0.57,0.94,1.09,-89.2,,,,68,,1784959294000,2026-07-25T11:31:34.000+05:30,9223.208454149986,1784957749276,Default Profile,true
2026-07-25T06:01:40.000Z,12.216045000000001,75.40620666666668,0.7000000000000028,2.1,102.57,0.0,36,gps,0.53,0.67,0.85,-89.2,,,,68,,1784959300000,2026-07-25T11:31:40.000+05:30,9226.243622484531,1784957749276,Default Profile,true
2026-07-25T06:01:46.000Z,12.216046666666667,75.40631,1.5,2.1,99.62,2.8932536,35,gps,0.53,0.96,1.09,-89.2,,,,68,,1784959306000,2026-07-25T11:31:46.000+05:30,9237.475118939212,1784957749276,Default Profile,true
2026-07-25T06:01:52.000Z,12.216031666666668,75.40658166666667,3.5999999999999943,2.0,90.09,5.9177613,33,gps,0.59,0.97,1.14,-89.2,,,,68,,1784959312000,2026-07-25T11:31:52.000+05:30,9267.046142435413,1784957749276,Default Profile,true
2026-07-25T06:01:57.000Z,12.21605,75.40691833333334,5.299999999999997,2.5,86.25,7.9617233,36,gps,0.53,0.87,1.02,-89.2,,,,68,,1784959317000,2026-07-25T11:31:57.000+05:30,9303.690849020866,1784957749276,Default Profile,true
2026-07-25T06:02:02.000Z,12.216066666666666,75.4073,2.8999999999999915,2.5,87.39,9.372063,35,gps,0.56,0.99,1.14,-89.2,,,,68,,1784959322000,2026-07-25T11:32:02.000+05:30,9345.21065573169,1784957749276,Default Profile,true
2026-07-25T06:02:07.000Z,12.215995000000001,75.40775666666667,-1.6000000000000085,2.5,104.39,9.875976,33,gps,0.64,0.73,0.97,-89.2,,,,68,,1784959327000,2026-07-25T11:32:07.000+05:30,9395.47558694403,1784957749276,Default Profile,true
2026-07-25T06:02:13.000Z,12.215871666666665,75.40829333333333,-1.7999999999999972,2.9,103.78,9.630453,24,gps,1.19,0.86,1.47,-89.2,,,,68,,1784959333000,2026-07-25T11:32:13.000+05:30,9455.38964493533,1784957749276,Default Profile,true
2026-07-25T06:02:19.000Z,12.215771666666667,75.40857833333332,-1.4000000000000057,2.5,133.45,2.6822176,29,gps,0.66,1.03,1.22,-89.2,,,,68,,1784959339000,2026-07-25T11:32:19.000+05:30,9488.298152866526,1784957749276,Default Profile,true
2026-07-25T06:02:24.000Z,12.21576,75.40857333333334,0.5999999999999943,2.2,133.45,0.0,36,gps,0.51,0.67,0.84,-89.2,,,,68,,1784959344000,2026-07-25T11:32:24.000+05:30,9489.704633812073,1784957749276,Default Profile,true
2026-07-25T06:02:29.000Z,12.215713333333333,75.40860666666667,1.5999999999999943,2.1,147.42,2.6698642,36,gps,0.52,0.67,0.85,-89.2,,,,68,,1784959349000,2026-07-25T11:32:29.000+05:30,9496.033122433595,1784957749276,Default Profile,true
2026-07-25T06:02:35.000Z,12.215536666666667,75.40874666666667,3.700000000000003,2.4,149.73,5.2898,36,gps,0.55,0.94,1.09,-89.2,,,,68,,1784959355000,2026-07-25T11:32:35.000+05:30,9520.880549159652,1784957749276,Default Profile,true
2026-07-25T06:02:41.000Z,12.215243333333335,75.40893,6.8999999999999915,2.5,151.18,7.102137,33,gps,0.59,0.97,1.14,-89.2,,,,68,,1784959361000,2026-07-25T11:32:41.000+05:30,9559.101662196916,1784957749276,Default Profile,true
2026-07-25T06:02:46.000Z,12.214951666666666,75.409095,7.799999999999997,2.5,153.64,7.269422,37,gps,0.52,0.92,1.06,-89.2,,,,68,,1784959366000,2026-07-25T11:32:46.000+05:30,9596.160724384621,1784957749276,Default Profile,true
2026-07-25T06:02:52.000Z,12.214501666666669,75.40921333333334,7.200000000000003,2.4,170.08,9.165144,35,gps,0.56,0.71,0.90,-89.2,,,,68,,1784959372000,2026-07-25T11:32:52.000+05:30,9647.82461465461,1784957749276,Default Profile,true
2026-07-25T06:02:58.000Z,12.213988333333335,75.40934333333333,9.0,2.4,163.44,9.396255,32,gps,0.65,1.14,1.31,-89.2,,,,68,,1784959378000,2026-07-25T11:32:58.000+05:30,9706.627142498059,1784957749276,Default Profile,true
2026-07-25T06:03:04.000Z,12.213536666666668,75.40965,12.599999999999994,2.5,136.36,9.890388,33,gps,0.59,1.05,1.20,-89.2,,,,68,,1784959384000,2026-07-25T11:33:04.000+05:30,9766.902386411512,1784957749276,Default Profile,true
2026-07-25T06:03:10.000Z,12.213216666666664,75.41006666666667,13.099999999999994,2.5,119.77,9.393166,34,gps,0.58,1.03,1.18,-89.2,,,,68,,1784959390000,2026-07-25T11:33:10.000+05:30,9824.492471140802,1784957749276,Default Profile,true
2026-07-25T06:03:15.000Z,12.213013333333333,75.41047166666667,10.399999999999991,2.6,119.2,9.536774,30,gps,0.65,1.08,1.26,-89.2,,,,68,,1784959395000,2026-07-25T11:33:15.000+05:30,9873.974697032716,1784957749276,Default Profile,true
2026-07-25T06:03:20.000Z,12.212693333333334,75.41076,8.200000000000003,2.4,153.49,9.861049,29,gps,0.63,1.05,1.22,-89.2,,,,68,,1784959400000,2026-07-25T11:33:20.000+05:30,9921.388048979676,1784957749276,Default Profile,true
2026-07-25T06:03:26.000Z,12.212078333333332,75.41086666666666,-0.9000000000000057,2.2,176.65,11.458746,32,gps,0.59,0.96,1.12,-89.2,,,,68,,1784959406000,2026-07-25T11:33:26.000+05:30,9990.748521727493,1784957749276,Default Profile,true
2026-07-25T06:03:32.000Z,12.211419999999999,75.41076500000001,-8.399999999999991,2.3,194.04,11.569926,35,gps,0.51,0.92,1.06,-89.3,,,,68,,1784959412000,2026-07-25T11:33:32.000+05:30,10064.78100003796,1784957749276,Default Profile,true
2026-07-25T06:03:37.000Z,12.210891666666665,75.41070166666667,-17.89999999999999,2.3,181.37,11.642502,33,gps,0.56,0.68,0.88,-89.3,,,,68,,1784959417000,2026-07-25T11:33:37.000+05:30,10123.930824380051,1784957749276,Default Profile,true
2026-07-25T06:03:42.000Z,12.210363333333332,75.41084500000001,-26.5,2.1,150.49,11.975527,35,gps,0.51,1.02,1.14,-89.3,,,,68,,1784959422000,2026-07-25T11:33:42.000+05:30,10184.708948369453,1784957749276,Default Profile,true
2026-07-25T06:03:48.000Z,12.209849999999998,75.41122333333333,-28.5,2.4,141.06,10.037598,38,gps,0.48,0.93,1.04,-89.3,,,,68,,1784959428000,2026-07-25T11:33:48.000+05:30,10255.056292926778,1784957749276,Default Profile,true
2026-07-25T06:03:54.000Z,12.209461666666668,75.41158166666668,-28.5,2.4,137.52,8.771381,41,gps,0.46,0.86,0.98,-89.3,,,,68,,1784959434000,2026-07-25T11:33:54.000+05:30,10313.20415709397,1784957749276,Default Profile,true
2026-07-25T06:04:00.000Z,12.20918,75.41183333333333,-28.099999999999994,2.4,141.35,5.7726097,37,gps,0.52,0.91,1.05,-89.3,,,,68,,1784959440000,2026-07-25T11:34:00.000+05:30,10354.78563178692,1784957749276,Default Profile,true
2026-07-25T06:04:06.000Z,12.209049999999998,75.411955,-26.5,2.1,137.03,1.1457716,40,gps,0.48,0.65,0.81,-89.3,,,,68,,1784959446000,2026-07-25T11:34:06.000+05:30,10374.376379112071,1784957749276,Default Profile,true
2026-07-25T06:04:11.000Z,12.20903,75.41195333333333,-26.799999999999997,1.9,137.03,0.0,41,gps,0.46,0.62,0.77,-89.3,,,,68,,1784959451000,2026-07-25T11:34:11.000+05:30,10376.60764197332,1784957749276,Default Profile,true
2026-07-25T06:04:16.000Z,12.20903,75.41195333333333,-26.799999999999997,1.8,137.03,0.0,40,gps,0.47,0.64,0.80,-89.3,,,,68,,1784959456000,2026-07-25T11:34:16.000+05:30,10376.60764197332,1784957749276,Default Profile,true
2026-07-25T06:04:22.000Z,12.20903,75.41195333333333,-26.799999999999997,1.8,137.03,0.0,40,gps,0.47,0.64,0.80,-89.3,,,,68,,1784959462000,2026-07-25T11:34:22.000+05:30,10376.60764197332,1784957749276,Default Profile,true
2026-07-25T06:04:28.000Z,12.20903,75.41195333333333,-26.799999999999997,1.8,137.03,0.0,40,gps,0.47,0.65,0.80,-89.3,,,,68,,1784959468000,2026-07-25T11:34:28.000+05:30,10376.60764197332,1784957749276,Default Profile,true
2026-07-25T06:04:34.000Z,12.20903,75.41195333333333,-26.799999999999997,1.7,137.03,0.0,38,gps,0.49,0.65,0.82,-89.3,,,,68,,1784959474000,2026-07-25T11:34:34.000+05:30,10376.60764197332,1784957749276,Default Profile,true
2026-07-25T06:04:39.000Z,12.20903,75.41195333333333,-26.799999999999997,1.7,137.03,0.0,39,gps,0.48,0.65,0.80,-89.3,,,,68,,1784959479000,2026-07-25T11:34:39.000+05:30,10376.60764197332,1784957749276,Default Profile,true
2026-07-25T06:04:45.000Z,12.20903,75.41195333333333,-26.799999999999997,1.7,137.03,0.0,38,gps,0.50,0.65,0.82,-89.3,,,,68,,1784959485000,2026-07-25T11:34:45.000+05:30,10376.60764197332,1784957749276,Default Profile,true
2026-07-25T06:04:50.000Z,12.20903,75.41195333333333,-26.799999999999997,1.7,137.03,0.0,40,gps,0.47,0.64,0.79,-89.3,,,,68,,1784959490000,2026-07-25T11:34:50.000+05:30,10376.60764197332,1784957749276,Default Profile,true
2026-07-25T06:04:56.000Z,12.20903,75.41195333333333,-26.799999999999997,1.7,137.03,0.0,38,gps,0.48,0.69,0.84,-89.3,,,,68,,1784959496000,2026-07-25T11:34:56.000+05:30,10376.60764197332,1784957749276,Default Profile,true
2026-07-25T06:05:02.000Z,12.20903,75.41195333333333,-26.799999999999997,1.8,137.03,0.0,40,gps,0.47,0.65,0.80,-89.3,,,,68,,1784959502000,2026-07-25T11:35:02.000+05:30,10376.60764197332,1784957749276,Default Profile,true
2026-07-25T06:05:07.000Z,12.20903,75.41195333333333,-26.799999999999997,1.7,137.03,0.0,38,gps,0.49,0.67,0.83,-89.3,,,,68,,1784959507000,2026-07-25T11:35:07.000+05:30,10376.60764197332,1784957749276,Default Profile,true
2026-07-25T06:05:13.000Z,12.20903,75.41195333333333,-26.799999999999997,1.7,137.03,0.0,39,gps,0.47,0.67,0.82,-89.3,,,,68,,1784959513000,2026-07-25T11:35:13.000+05:30,10376.60764197332,1784957749276,Default Profile,true
2026-07-25T06:05:18.000Z,12.20903,75.41195333333333,-26.799999999999997,1.7,137.03,0.0,38,gps,0.48,0.69,0.84,-89.3,,,,68,,1784959518000,2026-07-25T11:35:18.000+05:30,10376.60764197332,1784957749276,Default Profile,true
2026-07-25T06:05:24.000Z,12.20903,75.41195333333333,-26.799999999999997,1.8,137.03,0.0,38,gps,0.49,0.68,0.84,-89.3,,,,68,,1784959524000,2026-07-25T11:35:24.000+05:30,10376.60764197332,1784957749276,Default Profile,true
2026-07-25T06:05:30.000Z,12.20903,75.41195333333333,-26.799999999999997,1.8,137.03,0.0,39,gps,0.48,0.66,0.82,-89.3,,,,68,,1784959530000,2026-07-25T11:35:30.000+05:30,10376.60764197332,1784957749276,Default Profile,true
2026-07-25T06:05:35.000Z,12.20903,75.41195333333333,-26.799999999999997,1.8,137.03,0.0,40,gps,0.47,0.65,0.81,-89.3,,,,68,,1784959535000,2026-07-25T11:35:35.000+05:30,10376.60764197332,1784957749276,Default Profile,true
2026-07-25T06:05:41.000Z,12.20903,75.41195333333333,-26.799999999999997,1.8,137.03,0.0,38,gps,0.49,0.66,0.82,-89.3,,,,68,,1784959541000,2026-07-25T11:35:41.000+05:30,10376.60764197332,1784957749276,Default Profile,true
2026-07-25T06:05:47.000Z,12.20903,75.41195333333333,-26.799999999999997,1.7,137.03,0.0,38,gps,0.49,0.66,0.82,-89.3,,,,68,,1784959547000,2026-07-25T11:35:47.000+05:30,10376.60764197332,1784957749276,Default Profile,true
2026-07-25T06:05:52.000Z,12.20903,75.41195333333333,-26.799999999999997,1.8,137.03,0.0,38,gps,0.49,0.65,0.82,-89.3,,,,68,,1784959552000,2026-07-25T11:35:52.000+05:30,10376.60764197332,1784957749276,Default Profile,true
2026-07-25T06:05:58.000Z,12.20903,75.41195333333333,-26.799999999999997,1.9,137.03,0.0,39,gps,0.48,0.65,0.81,-89.3,,,,69,,1784959558000,2026-07-25T11:35:58.000+05:30,10376.60764197332,1784957749276,Default Profile,true
2026-07-25T06:06:04.000Z,12.20903,75.41195333333333,-26.799999999999997,1.8,137.03,0.0,38,gps,0.49,0.68,0.84,-89.3,,,,69,,1784959564000,2026-07-25T11:36:04.000+05:30,10376.60764197332,1784957749276,Default Profile,true
2026-07-25T06:06:09.000Z,12.20903,75.41195333333333,-26.799999999999997,1.8,137.03,0.0,41,gps,0.45,0.63,0.77,-89.3,,,,69,,1784959569000,2026-07-25T11:36:09.000+05:30,10376.60764197332,1784957749276,Default Profile,true
2026-07-25T06:06:15.000Z,12.20903,75.41195333333333,-26.799999999999997,1.8,137.03,0.0,40,gps,0.46,0.63,0.78,-89.3,,,,69,,1784959575000,2026-07-25T11:36:15.000+05:30,10376.60764197332,1784957749276,Default Profile,true
2026-07-25T06:06:20.000Z,12.20903,75.41195333333333,-26.799999999999997,1.8,137.03,0.0,42,gps,0.44,0.61,0.75,-89.3,,,,69,,1784959580000,2026-07-25T11:36:20.000+05:30,10376.60764197332,1784957749276,Default Profile,true
2026-07-25T06:06:26.000Z,12.20903,75.41195333333333,-26.799999999999997,1.9,137.03,0.0,40,gps,0.46,0.62,0.78,-89.3,,,,69,,1784959586000,2026-07-25T11:36:26.000+05:30,10376.60764197332,1784957749276,Default Profile,true
2026-07-25T06:06:31.000Z,12.20903,75.41195333333333,-26.799999999999997,1.9,137.03,0.0,40,gps,0.46,0.63,0.78,-89.3,,,,69,,1784959591000,2026-07-25T11:36:31.000+05:30,10376.60764197332,1784957749276,Default Profile,true
2026-07-25T06:06:36.000Z,12.20903,75.41195333333333,-26.799999999999997,1.9,137.03,0.0,40,gps,0.46,0.63,0.78,-89.3,,,,69,,1784959596000,2026-07-25T11:36:36.000+05:30,10376.60764197332,1784957749276,Default Profile,true
2026-07-25T06:06:42.000Z,12.20903,75.41195333333333,-26.799999999999997,1.9,137.03,0.0,39,gps,0.47,0.64,0.80,-89.3,,,,69,,1784959602000,2026-07-25T11:36:42.000+05:30,10376.60764197332,1784957749276,Default Profile,true
2026-07-25T06:06:47.000Z,12.20903,75.41195333333333,-26.799999999999997,1.8,137.03,0.0,38,gps,0.49,0.65,0.82,-89.3,,,,69,,1784959607000,2026-07-25T11:36:47.000+05:30,10376.60764197332,1784957749276,Default Profile,true
2026-07-25T06:06:53.000Z,12.20903,75.41195333333333,-26.799999999999997,2.0,137.03,0.0,36,gps,0.50,0.67,0.83,-89.3,,,,69,,1784959613000,2026-07-25T11:36:53.000+05:30,10376.60764197332,1784957749276,Default Profile,true
2026-07-25T06:06:58.000Z,12.20903,75.41195333333333,-26.799999999999997,2.0,137.03,0.0,37,gps,0.49,0.65,0.82,-89.3,,,,69,,1784959618000,2026-07-25T11:36:58.000+05:30,10376.60764197332,1784957749276,Default Profile,true
2026-07-25T06:07:04.000Z,12.20903,75.41195333333333,-26.799999999999997,2.1,137.03,0.0,38,gps,0.48,0.64,0.80,-89.3,,,,69,,1784959624000,2026-07-25T11:37:04.000+05:30,10376.60764197332,1784957749276,Default Profile,true
2026-07-25T06:07:10.000Z,12.20903,75.41195333333333,-26.799999999999997,2.1,137.03,0.0,36,gps,0.49,0.66,0.82,-89.3,,,,69,,1784959630000,2026-07-25T11:37:10.000+05:30,10376.60764197332,1784957749276,Default Profile,true
2026-07-25T06:07:15.000Z,12.20903,75.41195333333333,-26.799999999999997,2.0,137.03,0.0,38,gps,0.47,0.64,0.80,-89.3,,,,69,,1784959635000,2026-07-25T11:37:15.000+05:30,10376.60764197332,1784957749276,Default Profile,true
2026-07-25T06:07:21.000Z,12.20903,75.41195333333333,-26.799999999999997,2.1,137.03,0.0,38,gps,0.47,0.64,0.80,-89.3,,,,69,,1784959641000,2026-07-25T11:37:21.000+05:30,10376.60764197332,1784957749276,Default Profile,true
2026-07-25T06:07:26.000Z,12.20903,75.41195333333333,-26.799999999999997,2.1,137.03,0.0,36,gps,0.49,0.66,0.83,-89.3,,,,69,,1784959646000,2026-07-25T11:37:26.000+05:30,10376.60764197332,1784957749276,Default Profile,true
2026-07-25T06:07:32.000Z,12.20903,75.41195333333333,-26.799999999999997,2.1,137.03,0.0,38,gps,0.47,0.67,0.82,-89.3,,,,69,,1784959652000,2026-07-25T11:37:32.000+05:30,10376.60764197332,1784957749276,Default Profile,true
2026-07-25T06:07:38.000Z,12.208983333333332,75.411975,-26.199999999999996,2.1,153.98,1.6805681,39,gps,0.47,0.64,0.80,-89.3,,,,69,,1784959658000,2026-07-25T11:37:38.000+05:30,10382.30601820629,1784957749276,Default Profile,true
2026-07-25T06:07:44.000Z,12.208905,75.41201333333333,-27.599999999999994,2.1,145.65,1.210112,36,gps,0.52,0.64,0.83,-89.3,,,,69,,1784959664000,2026-07-25T11:37:44.000+05:30,10391.961322865458,1784957749276,Default Profile,true
2026-07-25T06:07:50.000Z,12.208831666666667,75.41204833333333,-27.9,2.1,174.39,1.2708491,39,gps,0.47,0.66,0.81,-89.3,,,,69,,1784959670000,2026-07-25T11:37:50.000+05:30,10400.959179753681,1784957749276,Default Profile,true
2026-07-25T06:07:55.000Z,12.208856666666668,75.41218666666667,-25.299999999999997,2.2,74.16,4.4410233,39,gps,0.46,0.87,0.98,-89.3,,,,69,,1784959675000,2026-07-25T11:37:55.000+05:30,10416.248100765933,1784957749276,Default Profile,true
2026-07-25T06:08:00.000Z,12.208938333333332,75.41243,-24.299999999999997,2.4,76.29,6.0737224,37,gps,0.49,0.91,1.03,-89.3,,,,69,,1784959680000,2026-07-25T11:38:00.000+05:30,10444.20925757577,1784957749276,Default Profile,true
2026-07-25T06:08:06.000Z,12.208983333333332,75.41277333333333,-22.700000000000003,2.4,83.88,6.578665,38,gps,0.47,0.90,1.02,-89.3,,,,69,,1784959686000,2026-07-25T11:38:06.000+05:30,10481.856738781913,1784957749276,Default Profile,true
2026-07-25T06:08:12.000Z,12.208973333333331,75.413205,-23.799999999999997,2.5,95.59,8.175848,36,gps,0.50,0.68,0.84,-89.3,,,,69,,1784959692000,2026-07-25T11:38:12.000+05:30,10528.783450242387,1784957749276,Default Profile,true
2026-07-25T06:08:18.000Z,12.208923333333333,75.413555,-27.0,2.2,91.25,1.9899161,38,gps,0.48,0.84,0.97,-89.3,,,,69,,1784959698000,2026-07-25T11:38:18.000+05:30,10567.225623535322,1784957749276,Default Profile,true
2026-07-25T06:08:24.000Z,12.208926666666665,75.41356333333333,-27.799999999999997,2.2,91.25,0.0,34,gps,0.52,0.70,0.87,-89.3,,,,69,,1784959704000,2026-07-25T11:38:24.000+05:30,10568.204200951071,1784957749276,Default Profile,true
2026-07-25T06:08:29.000Z,12.20888333333333,75.41372666666666,-30.099999999999994,2.2,102.54,3.989097,37,gps,0.50,0.88,1.01,-89.3,,,,69,,1784959709000,2026-07-25T11:38:29.000+05:30,10586.597623737505,1784957749276,Default Profile,true
2026-07-25T06:08:35.000Z,12.208818333333333,75.41403,-29.4,2.3,101.85,5.551794,36,gps,0.51,0.91,1.04,-89.3,,,,69,,1784959715000,2026-07-25T11:38:35.000+05:30,10620.346921565862,1784957749276,Default Profile,true
2026-07-25T06:08:41.000Z,12.208726666666667,75.41433666666667,-23.700000000000003,2.4,110.17,6.6610203,33,gps,0.57,1.00,1.15,-89.3,,,,69,,1784959721000,2026-07-25T11:38:41.000+05:30,10655.19928919616,1784957749276,Default Profile,true
2026-07-25T06:08:47.000Z,12.208536666666665,75.41471166666666,-22.599999999999994,2.7,123.94,8.196437,33,gps,0.58,1.01,1.17,-89.3,,,,69,,1784959727000,2026-07-25T11:38:47.000+05:30,10701.104911761862,1784957749276,Default Profile,true
2026-07-25T06:08:53.000Z,12.208261666666665,75.41513,-25.799999999999997,2.5,107.06,8.387399,35,gps,0.53,0.96,1.10,-89.3,,,,69,,1784959733000,2026-07-25T11:38:53.000+05:30,10755.896134042569,1784957749276,Default Profile,true
2026-07-25T06:08:59.000Z,12.208373333333334,75.41563166666667,-23.200000000000003,2.6,72.65,10.097306,35,gps,0.52,0.70,0.87,-89.3,,,,69,,1784959739000,2026-07-25T11:38:59.000+05:30,10811.813440792557,1784957749276,Default Profile,true
2026-07-25T06:09:05.000Z,12.208566666666664,75.41617500000001,-22.299999999999997,2.4,64.57,10.7649,34,gps,0.54,0.95,1.09,-89.3,,,,69,,1784959745000,2026-07-25T11:39:05.000+05:30,10874.654539802566,1784957749276,Default Profile,true
2026-07-25T06:09:11.000Z,12.208678333333333,75.41676166666666,-22.599999999999994,2.2,85.33,10.363418,34,gps,0.54,0.92,1.07,-89.3,,,,69,,1784959751000,2026-07-25T11:39:11.000+05:30,10939.611363816472,1784957749276,Default Profile,true
2026-07-25T06:09:17.000Z,12.208685,75.41729666666667,-16.39999999999999,2.7,92.61,10.240913,31,gps,0.57,0.99,1.15,-89.3,,,,69,,1784959757000,2026-07-25T11:39:17.000+05:30,10997.759957068378,1784957749276,Default Profile,true
2026-07-25T06:09:23.000Z,12.208705000000002,75.41788166666667,-11.0,2.4,77.98,10.120468,34,gps,0.54,0.69,0.88,-89.3,,,,69,,1784959763000,2026-07-25T11:39:23.000+05:30,11061.376711217534,1784957749276,Default Profile,true
2026-07-25T06:09:28.000Z,12.208956666666666,75.418295,-10.799999999999997,2.2,51.25,10.004656,31,gps,0.58,0.72,0.92,-89.3,,,,69,,1784959768000,2026-07-25T11:39:28.000+05:30,11114.301299916726,1784957749276,Default Profile,true
2026-07-25T06:09:33.000Z,12.209111666666669,75.41851666666666,-12.599999999999994,2.3,49.43,2.507212,32,gps,0.57,0.98,1.13,-89.3,,,,69,,1784959773000,2026-07-25T11:39:33.000+05:30,11143.922505688219,1784957749276,Default Profile,true
2026-07-25T06:09:39.000Z,12.209113333333335,75.41850500000001,-13.200000000000003,2.2,49.43,0.0,33,gps,0.54,0.69,0.88,-89.3,,,,69,,1784959779000,2026-07-25T11:39:39.000+05:30,11145.203910685204,1784957749276,Default Profile,true
2026-07-25T06:09:45.000Z,12.209214999999999,75.41873833333334,-16.799999999999997,2.3,80.46,5.29958,35,gps,0.51,0.70,0.86,-89.3,,,,69,,1784959785000,2026-07-25T11:39:45.000+05:30,11172.968276926202,1784957749276,Default Profile,true
2026-07-25T06:09:50.000Z,12.20923166666667,75.41903,-15.399999999999991,2.4,83.25,6.954412,34,gps,0.53,0.95,1.09,-89.3,,,,69,,1784959790000,2026-07-25T11:39:50.000+05:30,11204.720711518989,1784957749276,Default Profile,true
2026-07-25T06:09:55.000Z,12.209266666666668,75.419415,-14.099999999999994,2.7,84.81,9.386475,31,gps,0.59,0.71,0.92,-89.3,,,,69,,1784959795000,2026-07-25T11:39:55.000+05:30,11246.743075717211,1784957749276,Default Profile,true
2026-07-25T06:10:02.000Z,12.209336666666665,75.42014,-13.700000000000003,2.8,85.28,11.305359,29,gps,0.59,1.05,1.20,-89.3,,,,69,,1784959802000,2026-07-25T11:40:02.000+05:30,11325.919507818253,1784957749276,Default Profile,true
2026-07-25T06:10:07.000Z,12.209348333333333,75.42063666666667,-17.0,2.9,83.72,10.977481,22,gps,0.68,0.80,1.05,-89.3,,,,69,,1784959807000,2026-07-25T11:40:07.000+05:30,11379.912756254724,1784957749276,Default Profile,true
2026-07-25T06:10:13.000Z,12.209451666666666,75.42126333333334,-13.899999999999991,2.6,80.03,10.688722,27,gps,0.59,1.11,1.26,-89.3,,,,69,,1784959813000,2026-07-25T11:40:13.000+05:30,11448.98123267653,1784957749276,Default Profile,true
2026-07-25T06:10:18.000Z,12.209563333333332,75.42172833333333,-13.099999999999994,2.8,71.92,10.578571,24,gps,0.66,1.21,1.38,-89.3,,,,69,,1784959818000,2026-07-25T11:40:18.000+05:30,11501.020387566643,1784957749276,Default Profile,true
2026-07-25T06:10:24.000Z,12.209755,75.42227666666666,-2.700000000000003,2.9,72.71,10.3834915,23,gps,0.81,1.31,1.54,-89.3,,,,69,,1784959824000,2026-07-25T11:40:24.000+05:30,11564.309474770256,1784957749276,Default Profile,true
2026-07-25T06:10:29.000Z,12.209871666666666,75.42278166666667,-7.8999999999999915,3.0,75.08,11.172561,24,gps,0.78,0.80,1.12,-89.3,,,,69,,1784959829000,2026-07-25T11:40:29.000+05:30,11620.7050499764,1784957749276,Default Profile,true
2026-07-25T06:10:34.000Z,12.209978333333334,75.42327,-7.0,3.1,72.58,11.315654,21,gps,1.00,0.85,1.31,-89.3,,,,69,,1784959834000,2026-07-25T11:40:34.000+05:30,11675.086138391001,1784957749276,Default Profile,true
2026-07-25T06:10:40.000Z,12.210201666666668,75.42387666666667,-4.8999999999999915,2.8,68.38,11.7578,25,gps,0.73,0.76,1.05,-89.3,,,,69,,1784959840000,2026-07-25T11:40:40.000+05:30,11745.540146458972,1784957749276,Default Profile,true
2026-07-25T06:10:46.000Z,12.210445,75.424575,-8.899999999999991,2.9,67.75,13.380719,30,gps,0.59,0.95,1.12,-89.3,,,,69,,1784959846000,2026-07-25T11:40:46.000+05:30,11826.113575376085,1784957749276,Default Profile,true
2026-07-25T06:10:52.000Z,12.210721666666666,75.42526833333334,-21.599999999999994,2.8,67.38,13.021957,30,gps,0.56,0.93,1.08,-89.3,,,,69,,1784959852000,2026-07-25T11:40:52.000+05:30,11907.502730688284,1784957749276,Default Profile,true
2026-07-25T06:10:57.000Z,12.210906666666665,75.425815,-22.299999999999997,3.0,74.14,12.794965,25,gps,0.69,1.20,1.38,-89.3,,,,69,,1784959857000,2026-07-25T11:40:57.000+05:30,11970.374616398847,1784957749276,Default Profile,true
2026-07-25T06:11:03.000Z,12.211091666666668,75.42643166666667,-22.0,3.0,68.47,11.894201,24,gps,0.71,1.36,1.53,-89.3,,,,69,,1784959863000,2026-07-25T11:41:03.000+05:30,12040.479476943823,1784957749276,Default Profile,true
2026-07-25T06:11:08.000Z,12.211270000000003,75.42694499999999,-21.0,2.9,68.6,10.549232,24,gps,0.74,1.13,1.35,-89.3,,,,69,,1784959868000,2026-07-25T11:41:08.000+05:30,12099.68748257524,1784957749276,Default Profile,true
2026-07-25T06:11:13.000Z,12.211501666666667,75.42741833333334,-24.89999999999999,2.5,55.29,10.743797,31,gps,0.53,0.99,1.12,-89.3,,,,69,,1784959873000,2026-07-25T11:41:13.000+05:30,12157.218374396609,1784957749276,Default Profile,true
2026-07-25T06:11:19.000Z,12.211655,75.42791000000001,-23.89999999999999,2.4,90.73,9.122936,29,gps,0.62,1.03,1.20,-89.3,,,,69,,1784959879000,2026-07-25T11:41:19.000+05:30,12213.306438010803,1784957749276,Default Profile,true
2026-07-25T06:11:24.000Z,12.211448333333331,75.42838166666667,-25.699999999999996,2.8,117.67,10.98932,32,gps,0.53,0.94,1.09,-89.3,,,,69,,1784959884000,2026-07-25T11:41:24.000+05:30,12269.4821039598,1784957749276,Default Profile,true
2026-07-25T06:11:29.000Z,12.211101666666666,75.42878833333333,-30.599999999999994,2.7,125.99,11.272931,29,gps,0.59,1.11,1.26,-89.3,,,,69,,1784959889000,2026-07-25T11:41:29.000+05:30,12328.126927789172,1784957749276,Default Profile,true
2026-07-25T06:11:34.000Z,12.210796666666665,75.429185,-34.9,2.9,130.56,10.523496,25,gps,0.67,0.77,1.02,-89.3,,,,69,,1784959894000,2026-07-25T11:41:34.000+05:30,12382.977741043025,1784957749276,Default Profile,true
2026-07-25T06:11:40.000Z,12.210385,75.42964833333333,-36.0,2.8,129.23,10.5487175,25,gps,0.89,0.81,1.20,-89.3,,,,69,,1784959900000,2026-07-25T11:41:40.000+05:30,12451.029009448,1784957749276,Default Profile,true
2026-07-25T06:11:46.000Z,12.210104999999999,75.43004333333333,-30.699999999999996,3.3,130.29,9.925388,19,gps,1.13,0.91,1.45,-89.3,,,,69,,1784959906000,2026-07-25T11:41:46.000+05:30,12504.05927701777,1784957749276,Default Profile,true
2026-07-25T06:11:52.000Z,12.209743333333332,75.43052333333334,-35.3,2.6,131.3,11.00682,30,gps,0.55,0.68,0.87,-89.3,,,,69,,1784959912000,2026-07-25T11:41:52.000+05:30,12569.927330136841,1784957749276,Default Profile,true
2026-07-25T06:11:57.000Z,12.209364999999998,75.43091,-42.099999999999994,2.7,132.41,9.967596,30,gps,0.58,1.00,1.15,-89.3,,,,69,,1784959917000,2026-07-25T11:41:57.000+05:30,12629.389073357152,1784957749276,Default Profile,true
2026-07-25T06:12:03.000Z,12.209154999999999,75.43133333333334,-41.9,2.7,111.17,7.6240654,28,gps,0.61,0.71,0.94,-89.3,,,,69,,1784959923000,2026-07-25T11:42:03.000+05:30,12680.983507535862,1784957749276,Default Profile,true
2026-07-25T06:12:09.000Z,12.209043333333334,75.43178333333334,-38.699999999999996,2.4,110.87,8.091434,33,gps,0.51,0.87,1.01,-89.3,,,,69,,1784959929000,2026-07-25T11:42:09.000+05:30,12731.44112318113,1784957749276,Default Profile,true
2026-07-25T06:12:14.000Z,12.208900000000002,75.432145,-37.099999999999994,2.4,113.48,8.981903,29,gps,0.57,1.00,1.15,-89.3,,,,69,,1784959934000,2026-07-25T11:42:14.000+05:30,12773.855443093653,1784957749276,Default Profile,true
2026-07-25T06:12:19.000Z,12.208726666666667,75.43253666666666,-38.4,2.7,112.55,9.211469,25,gps,0.76,0.78,1.09,-89.3,,,,69,,1784959939000,2026-07-25T11:42:19.000+05:30,12820.582031225695,1784957749276,Default Profile,true
2026-07-25T06:12:24.000Z,12.208596666666665,75.43299333333333,-39.9,2.8,110.51,9.999509,32,gps,0.54,0.68,0.87,-89.3,,,,69,,1784959944000,2026-07-25T11:42:24.000+05:30,12872.274901432656,1784957749276,Default Profile,true
2026-07-25T06:12:30.000Z,12.208433333333335,75.433575,-31.9,2.7,108.04,11.776844,28,gps,0.66,1.14,1.32,-89.3,,,,69,,1784959950000,2026-07-25T11:42:30.000+05:30,12938.047771036701,1784957749276,Default Profile,true
2026-07-25T06:12:36.000Z,12.208211666666667,75.43407499999999,-31.099999999999994,2.6,113.47,7.4691343,28,gps,0.68,1.01,1.22,-89.3,,,,69,,1784959956000,2026-07-25T11:42:36.000+05:30,12997.716730290338,1784957749276,Default Profile,true
2026-07-25T06:12:42.000Z,12.208128333333331,75.43420666666665,-35.3,2.4,142.84,0.0,29,gps,0.64,0.73,0.97,-89.3,,,,69,,1784959962000,2026-07-25T11:42:42.000+05:30,13014.764524556927,1784957749276,Default Profile,true
2026-07-25T06:12:47.000Z,12.208123333333333,75.434205,-35.699999999999996,2.6,142.84,0.0,27,gps,0.64,0.75,0.98,-89.3,,,,69,,1784959967000,2026-07-25T11:42:47.000+05:30,13015.349261498295,1784957749276,Default Profile,true
2026-07-25T06:12:53.000Z,12.208123333333333,75.434205,-35.699999999999996,2.3,142.84,0.0,28,gps,0.60,0.72,0.93,-89.3,,,,69,,1784959973000,2026-07-25T11:42:53.000+05:30,13015.349261498295,1784957749276,Default Profile,true
2026-07-25T06:12:58.000Z,12.208040000000002,75.434375,-40.099999999999994,2.4,111.3,5.5239987,28,gps,0.68,1.10,1.29,-89.3,,,,69,,1784959978000,2026-07-25T11:42:58.000+05:30,13036.01840310935,1784957749276,Default Profile,true
2026-07-25T06:13:04.000Z,12.207928333333333,75.43476666666668,-40.4,2.5,104.9,9.218675,26,gps,0.62,0.75,0.97,-89.3,,,,69,,1784959984000,2026-07-25T11:43:04.000+05:30,13080.358933178226,1784957749276,Default Profile,true
2026-07-25T06:13:10.000Z,12.207968333333334,75.43535833333334,-38.5,2.6,77.59,10.626955,28,gps,0.56,1.24,1.36,-89.3,,,,69,,1784959990000,2026-07-25T11:43:10.000+05:30,13144.815162709716,1784957749276,Default Profile,true
2026-07-25T06:13:15.000Z,12.208183333333332,75.43575666666668,-40.3,2.7,56.87,8.839325,27,gps,0.61,0.78,0.99,-89.3,,,,69,,1784959995000,2026-07-25T11:43:15.000+05:30,13194.268700464465,1784957749276,Default Profile,true
2026-07-25T06:13:21.000Z,12.20865,75.436145,-38.3,2.7,37.95,10.091644,27,gps,0.58,1.18,1.32,-89.3,,,,69,,1784960001000,2026-07-25T11:43:21.000+05:30,13261.155644595205,1784957749276,Default Profile,true
2026-07-25T06:13:27.000Z,12.209116666666667,75.43646,-45.199999999999996,2.6,30.18,9.635085,28,gps,0.58,1.03,1.18,-89.3,,,,69,,1784960007000,2026-07-25T11:43:27.000+05:30,13323.321983793327,1784957749276,Default Profile,true
2026-07-25T06:13:33.000Z,12.209628333333335,75.43675333333334,-52.8,2.5,33.4,10.346946,31,gps,0.53,0.96,1.10,-89.3,,,,69,,1784960013000,2026-07-25T11:43:33.000+05:30,13388.539378839365,1784957749276,Default Profile,true
2026-07-25T06:13:38.000Z,12.209916666666667,75.43709333333332,-56.5,2.8,55.97,9.342208,26,gps,0.61,0.75,0.97,-89.3,,,,69,,1784960018000,2026-07-25T11:43:38.000+05:30,13437.460784298715,1784957749276,Default Profile,true
2026-07-25T06:13:44.000Z,12.209946666666667,75.43761666666666,-52.699999999999996,2.5,79.98,9.706117,29,gps,0.58,0.70,0.91,-89.3,,,,69,,1784960024000,2026-07-25T11:43:44.000+05:30,13494.434191267237,1784957749276,Default Profile,true
2026-07-25T06:13:50.000Z,12.210063333333334,75.43820666666667,-52.8,2.4,69.78,10.806593,31,gps,0.56,0.94,1.10,-89.3,,,,69,,1784960030000,2026-07-25T11:43:50.000+05:30,13559.854286152984,1784957749276,Default Profile,true
2026-07-25T06:13:56.000Z,12.210178333333333,75.43886,-47.8,2.4,87.33,12.351789,29,gps,0.59,0.99,1.15,-89.3,,,,69,,1784960036000,2026-07-25T11:43:56.000+05:30,13632.00053259854,1784957749276,Default Profile,true
2026-07-25T06:14:01.000Z,12.210185000000001,75.43941,-45.9,2.6,84.98,10.668648,31,gps,0.55,0.91,1.06,-89.3,,,,70,,1784960041000,2026-07-25T11:44:01.000+05:30,13691.77886030535,1784957749276,Default Profile,true
2026-07-25T06:14:06.000Z,12.210281666666667,75.43978166666668,-44.099999999999994,2.2,70.88,5.5044394,33,gps,0.53,0.83,0.98,-89.3,,,,70,,1784960046000,2026-07-25T11:44:06.000+05:30,13733.577128426165,1784957749276,Default Profile,true
2026-07-25T06:14:12.000Z,12.210316666666666,75.43986,-43.4,2.3,65.57,0.0,34,gps,0.53,0.70,0.88,-89.3,,,,70,,1784960052000,2026-07-25T11:44:12.000+05:30,13742.937752066577,1784957749276,Default Profile,true
2026-07-25T06:14:17.000Z,12.210316666666666,75.43986,-43.4,2.2,65.57,0.0,37,gps,0.49,0.66,0.82,-89.3,,,,70,,1784960057000,2026-07-25T11:44:17.000+05:30,13742.937752066577,1784957749276,Default Profile,true
2026-07-25T06:14:22.000Z,12.210316666666666,75.43986,-43.4,2.2,65.57,0.0,34,gps,0.51,0.66,0.84,-89.3,,,,70,,1784960062000,2026-07-25T11:44:22.000+05:30,13742.937752066577,1784957749276,Default Profile,true
2026-07-25T06:14:28.000Z,12.210316666666666,75.43986,-43.4,2.1,65.57,0.0,32,gps,0.52,0.67,0.85,-89.3,,,,70,,1784960068000,2026-07-25T11:44:28.000+05:30,13742.937752066577,1784957749276,Default Profile,true
2026-07-25T06:14:34.000Z,12.210316666666666,75.43986,-43.4,2.3,65.57,0.0,30,gps,0.56,0.71,0.90,-89.3,,,,70,,1784960074000,2026-07-25T11:44:34.000+05:30,13742.937752066577,1784957749276,Default Profile,true
2026-07-25T06:14:39.000Z,12.210421666666665,75.44002166666668,-38.599999999999994,2.3,67.12,4.839933,35,gps,0.49,0.90,1.02,-89.3,,,,70,,1784960079000,2026-07-25T11:44:39.000+05:30,13764.033151568094,1784957749276,Default Profile,true
2026-07-25T06:14:44.000Z,12.210496666666666,75.44028666666667,-32.4,2.1,73.91,6.6810946,39,gps,0.45,0.78,0.90,-89.3,,,,70,,1784960084000,2026-07-25T11:44:44.000+05:30,13794.016339758055,1784957749276,Default Profile,true
2026-07-25T06:14:50.000Z,12.2104,75.44072833333333,-30.099999999999994,2.1,124.29,7.7151713,37,gps,0.48,0.63,0.79,-89.3,,,,70,,1784960090000,2026-07-25T11:44:50.000+05:30,13843.205202917168,1784957749276,Default Profile,true
2026-07-25T06:14:55.000Z,12.210076666666664,75.44090666666666,-30.099999999999994,2.3,163.4,8.064153,35,gps,0.50,0.84,0.98,-89.3,,,,70,,1784960095000,2026-07-25T11:44:55.000+05:30,13884.049419851368,1784957749276,Default Profile,true
2026-07-25T06:15:00.000Z,12.209636666666665,75.44101,-34.3,2.4,166.04,8.9149885,35,gps,0.53,0.89,1.04,-89.3,,,,70,,1784960100000,2026-07-25T11:45:00.000+05:30,13934.247515551964,1784957749276,Default Profile,true
2026-07-25T06:15:06.000Z,12.209109999999999,75.44116333333334,-39.3,2.5,162.48,9.82965,36,gps,0.54,0.68,0.87,-89.3,,,,70,,1784960106000,2026-07-25T11:45:06.000+05:30,13995.134971464391,1784957749276,Default Profile,true
2026-07-25T06:15:11.000Z,12.208768333333333,75.44139,-42.8,2.6,131.49,8.888738,28,gps,0.68,0.76,1.02,-89.3,,,,70,,1784960111000,2026-07-25T11:45:11.000+05:30,14040.414132538044,1784957749276,Default Profile,true
2026-07-25T06:15:17.000Z,12.208601666666668,75.44189833333333,-44.8,2.5,111.32,9.829136,30,gps,0.67,1.11,1.30,-89.3,,,,70,,1784960117000,2026-07-25T11:45:17.000+05:30,14098.685427683702,1784957749276,Default Profile,true
2026-07-25T06:15:23.000Z,12.208418333333334,75.44251833333333,-44.3,2.6,101.73,12.226711,31,gps,0.59,1.01,1.17,-89.3,,,,70,,1784960123000,2026-07-25T11:45:23.000+05:30,14169.083401809121,1784957749276,Default Profile,true
2026-07-25T06:15:28.000Z,12.208426666666666,75.44310333333333,-44.599999999999994,2.4,79.25,11.767065,33,gps,0.51,0.93,1.06,-89.3,,,,70,,1784960128000,2026-07-25T11:45:28.000+05:30,14232.668090497116,1784957749276,Default Profile,true
2026-07-25T06:15:34.000Z,12.208531666666666,75.44351666666667,-38.699999999999996,2.3,73.65,2.90921,33,gps,0.54,0.70,0.88,-89.3,,,,70,,1784960134000,2026-07-25T11:45:34.000+05:30,14279.081736819468,1784957749276,Default Profile,true
2026-07-25T06:15:40.000Z,12.208536666666665,75.44351333333334,-37.599999999999994,2.5,73.65,0.0,33,gps,0.56,0.67,0.87,-89.3,,,,70,,1784960140000,2026-07-25T11:45:40.000+05:30,14279.745322068327,1784957749276,Default Profile,true
2026-07-25T06:15:46.000Z,12.208536666666665,75.44351333333334,-37.599999999999994,2.5,73.65,0.0,35,gps,0.49,0.64,0.81,-89.3,,,,70,,1784960146000,2026-07-25T11:45:46.000+05:30,14279.745322068327,1784957749276,Default Profile,true
2026-07-25T06:15:51.000Z,12.208575,75.44357,-37.0,2.4,77.5,2.794427,35,gps,0.51,0.89,1.02,-89.3,,,,70,,1784960151000,2026-07-25T11:45:51.000+05:30,14287.235070165178,1784957749276,Default Profile,true
2026-07-25T06:15:57.000Z,12.208596666666665,75.44385833333334,-37.3,2.2,88.95,5.284653,34,gps,0.54,0.94,1.08,-89.3,,,,70,,1784960157000,2026-07-25T11:45:57.000+05:30,14318.663662802026,1784957749276,Default Profile,true
2026-07-25T06:16:03.000Z,12.208425,75.44424833333333,-35.5,2.4,132.52,8.433723,34,gps,0.55,0.69,0.88,-89.3,,,,70,,1784960163000,2026-07-25T11:46:03.000+05:30,14365.148940994557,1784957749276,Default Profile,true
2026-07-25T06:16:08.000Z,12.208101666666668,75.44453333333333,-32.8,2.5,142.01,8.723513,35,gps,0.50,0.93,1.06,-89.3,,,,70,,1784960168000,2026-07-25T11:46:08.000+05:30,14412.604200517048,1784957749276,Default Profile,true
2026-07-25T06:16:14.000Z,12.207680000000002,75.444815,-28.9,2.4,146.75,8.170701,34,gps,0.51,1.03,1.15,-89.3,,,,70,,1784960174000,2026-07-25T11:46:14.000+05:30,14468.599581803965,1784957749276,Default Profile,true
2026-07-25T06:16:19.000Z,12.207561666666667,75.44490166666667,-31.599999999999994,2.2,138.15,0.0,33,gps,0.53,1.08,1.20,-89.3,,,,70,,1784960179000,2026-07-25T11:46:19.000+05:30,14484.781421387836,1784957749276,Default Profile,true
2026-07-25T06:16:25.000Z,12.207563333333333,75.4449,-32.099999999999994,2.4,138.15,0.0,32,gps,0.57,0.74,0.94,-89.3,,,,70,,1784960185000,2026-07-25T11:46:25.000+05:30,14485.040564106199,1784957749276,Default Profile,true
2026-07-25T06:16:30.000Z,12.207423333333335,75.44497833333334,-30.599999999999994,2.3,150.48,3.0327432,34,gps,0.53,1.07,1.19,-89.3,,,,70,,1784960190000,2026-07-25T11:46:30.000+05:30,14502.783648351759,1784957749276,Default Profile,true
2026-07-25T06:16:36.000Z,12.207360000000001,75.44500666666666,-33.3,2.1,150.78,0.0,34,gps,0.51,0.70,0.87,-89.3,,,,70,,1784960196000,2026-07-25T11:46:36.000+05:30,14510.469780395728,1784957749276,Default Profile,true
2026-07-25T06:16:42.000Z,12.207198333333334,75.44509833333333,-36.5,2.3,155.9,4.7333856,35,gps,0.51,0.92,1.06,-89.3,,,,70,,1784960202000,2026-07-25T11:46:42.000+05:30,14531.02225939804,1784957749276,Default Profile,true
2026-07-25T06:16:48.000Z,12.206793333333334,75.44523333333333,-35.9,2.4,168.75,7.808851,32,gps,0.55,1.04,1.18,-89.3,,,,70,,1784960208000,2026-07-25T11:46:48.000+05:30,14578.385971108302,1784957749276,Default Profile,true
2026-07-25T06:16:53.000Z,12.206375,75.44532833333332,-38.5,2.5,171.75,8.548507,35,gps,0.53,1.02,1.16,-89.3,,,,70,,1784960213000,2026-07-25T11:46:53.000+05:30,14626.034561826122,1784957749276,Default Profile,true
2026-07-25T06:16:59.000Z,12.205906666666666,75.44544333333333,-35.8,2.3,159.51,7.297732,35,gps,0.54,1.05,1.18,-89.3,,,,70,,1784960219000,2026-07-25T11:46:59.000+05:30,14679.589658806988,1784957749276,Default Profile,true
2026-07-25T06:17:05.000Z,12.205541666666667,75.44557166666667,-26.0,2.4,160.45,6.0644574,37,gps,0.50,0.71,0.87,-89.3,,,,70,,1784960225000,2026-07-25T11:47:05.000+05:30,14722.505465615739,1784957749276,Default Profile,true
2026-07-25T06:17:10.000Z,12.205301666666665,75.44564166666667,-21.799999999999997,2.5,158.95,4.3087397,35,gps,0.57,1.04,1.19,-89.3,,,,70,,1784960230000,2026-07-25T11:47:10.000+05:30,14750.255447459089,1784957749276,Default Profile,true
2026-07-25T06:17:15.000Z,12.205119999999999,75.44569,-17.799999999999997,2.5,160.0,3.9999063,35,gps,0.57,0.98,1.14,-89.3,,,,70,,1784960235000,2026-07-25T11:47:15.000+05:30,14771.12767847629,1784957749276,Default Profile,true
2026-07-25T06:17:21.000Z,12.204939999999999,75.44574166666666,-8.700000000000003,2.5,173.45,3.355989,33,gps,0.58,0.99,1.15,-89.3,,,,70,,1784960241000,2026-07-25T11:47:21.000+05:30,14791.915520232411,1784957749276,Default Profile,true
2026-07-25T06:17:27.000Z,12.204713333333332,75.44578166666666,-3.0999999999999943,2.7,178.37,4.6252937,33,gps,0.60,1.01,1.17,-89.3,,,,70,,1784960247000,2026-07-25T11:47:27.000+05:30,14817.491868712897,1784957749276,Default Profile,true
2026-07-25T06:17:32.000Z,12.204471666666667,75.44579333333333,-2.700000000000003,2.7,178.82,4.6036754,31,gps,0.66,1.13,1.31,-89.3,,,,70,,1784960252000,2026-07-25T11:47:32.000+05:30,14844.39387342612,1784957749276,Default Profile,true
2026-07-25T06:17:38.000Z,12.204106666666666,75.44581166666667,-2.299999999999997,2.5,179.84,6.2996855,35,gps,0.57,0.98,1.13,-89.3,,,,70,,1784960258000,2026-07-25T11:47:38.000+05:30,14885.02890132248,1784957749276,Default Profile,true
2026-07-25T06:17:43.000Z,12.203805,75.445765,-2.5999999999999943,2.6,195.71,6.3789525,35,gps,0.53,0.69,0.87,-89.3,,,,70,,1784960263000,2026-07-25T11:47:43.000+05:30,14918.953968279897,1784957749276,Default Profile,true
2026-07-25T06:17:49.000Z,12.203495000000002,75.44560333333334,7.799999999999997,2.7,205.84,6.476235,31,gps,0.64,1.09,1.26,-89.3,,,,70,,1784960269000,2026-07-25T11:47:49.000+05:30,14957.644087983444,1784957749276,Default Profile,true
2026-07-25T06:17:55.000Z,12.203116666666665,75.44547833333333,26.799999999999997,2.6,191.6,9.696852,29,gps,0.68,1.18,1.37,-89.3,,,,70,,1784960275000,2026-07-25T11:47:55.000+05:30,15001.852001782969,1784957749276,Default Profile,true
2026-07-25T06:18:01.000Z,12.202361666666665,75.44536,27.5,2.4,183.51,12.269948,33,gps,0.55,0.95,1.09,-89.3,,,,70,,1784960281000,2026-07-25T11:48:01.000+05:30,15086.783540057719,1784957749276,Default Profile,true
2026-07-25T06:18:06.000Z,12.201738333333333,75.44530833333333,26.200000000000003,2.3,182.86,11.686254,35,gps,0.52,0.92,1.05,-89.3,,,,70,,1784960286000,2026-07-25T11:48:06.000+05:30,15156.322133656016,1784957749276,Default Profile,true
2026-07-25T06:18:12.000Z,12.201108333333332,75.44526833333333,23.10000000000001,2.2,176.62,8.701894,34,gps,0.50,0.90,1.03,-89.3,,,,70,,1784960292000,2026-07-25T11:48:12.000+05:30,15226.50970054622,1784957749276,Default Profile,true
2026-07-25T06:18:17.000Z,12.20079,75.44534166666668,21.10000000000001,2.4,166.69,6.8185253,29,gps,0.57,0.97,1.13,-89.3,,,,70,,1784960297000,2026-07-25T11:48:17.000+05:30,15262.79294594759,1784957749276,Default Profile,true
2026-07-25T06:18:23.000Z,12.200451666666668,75.44545,17.5,2.4,162.52,6.513295,33,gps,0.54,0.65,0.85,-89.3,,,,70,,1784960303000,2026-07-25T11:48:23.000+05:30,15302.21329449398,1784957749276,Default Profile,true
2026-07-25T06:18:28.000Z,12.200141666666665,75.445545,16.0,2.7,155.8,7.143315,30,gps,0.60,0.68,0.91,-89.3,,,,70,,1784960308000,2026-07-25T11:48:28.000+05:30,15338.196828479036,1784957749276,Default Profile,true
2026-07-25T06:18:33.000Z,12.199841666666668,75.44566,15.100000000000009,2.5,151.8,7.479429,33,gps,0.54,0.91,1.06,-89.3,,,,70,,1784960313000,2026-07-25T11:48:33.000+05:30,15373.819906261151,1784957749276,Default Profile,true
2026-07-25T06:18:39.000Z,12.199373333333332,75.44598166666667,17.200000000000003,2.0,143.43,10.174514,35,gps,0.52,0.99,1.12,-89.3,,,,70,,1784960319000,2026-07-25T11:48:39.000+05:30,15436.542626737508,1784957749276,Default Profile,true
2026-07-25T06:18:45.000Z,12.198929999999999,75.44635666666666,20.400000000000006,2.3,138.07,11.24771,37,gps,0.47,0.88,1.00,-89.3,,,,70,,1784960325000,2026-07-25T11:48:45.000+05:30,15500.505351713979,1784957749276,Default Profile,true
2026-07-25T06:18:50.000Z,12.198560000000002,75.44673166666666,21.0,2.1,125.94,10.900787,37,gps,0.49,0.67,0.82,-89.3,,,,70,,1784960330000,2026-07-25T11:48:50.000+05:30,15558.417118922664,1784957749276,Default Profile,true
2026-07-25T06:18:56.000Z,12.198305000000001,75.44739,19.900000000000006,2.6,105.58,12.735257,34,gps,0.53,0.94,1.08,-89.3,,,,70,,1784960336000,2026-07-25T11:48:56.000+05:30,15635.381175652408,1784957749276,Default Profile,true
2026-07-25T06:19:02.000Z,12.19831,75.44799833333333,17.799999999999997,2.4,74.86,8.510932,33,gps,0.55,0.94,1.09,-89.3,,,,70,,1784960342000,2026-07-25T11:49:02.000+05:30,15701.499846055933,1784957749276,Default Profile,true
2026-07-25T06:19:07.000Z,12.198396666666667,75.44817333333334,18.5,2.2,58.54,1.1689342,34,gps,0.52,0.95,1.09,-89.3,,,,70,,1784960347000,2026-07-25T11:49:07.000+05:30,15722.821692365294,1784957749276,Default Profile,true
2026-07-25T06:19:12.000Z,12.198403333333333,75.44816833333333,19.299999999999997,2.3,58.54,0.0,32,gps,0.55,0.69,0.88,-89.3,,,,70,,1784960352000,2026-07-25T11:49:12.000+05:30,15723.740839870812,1784957749276,Default Profile,true
2026-07-25T06:19:18.000Z,12.198403333333333,75.44816833333333,19.299999999999997,2.3,58.54,0.0,34,gps,0.51,0.67,0.85,-89.3,,,,70,,1784960358000,2026-07-25T11:49:18.000+05:30,15723.740839870812,1784957749276,Default Profile,true
2026-07-25T06:19:23.000Z,12.198425000000002,75.448185,21.10000000000001,2.2,78.9,1.8910894,32,gps,0.52,0.68,0.86,-89.3,,,,70,,1784960363000,2026-07-25T11:49:23.000+05:30,15726.755064128083,1784957749276,Default Profile,true
2026-07-25T06:19:29.000Z,12.198508333333333,75.44838,23.0,2.2,67.38,4.658751,35,gps,0.49,0.88,1.01,-89.3,,,,70,,1784960369000,2026-07-25T11:49:29.000+05:30,15749.885677084334,1784957749276,Default Profile,true
2026-07-25T06:19:35.000Z,12.198680000000001,75.44875833333334,21.10000000000001,2.2,59.1,8.118713,32,gps,0.53,0.94,1.08,-89.3,,,,70,,1784960375000,2026-07-25T11:49:35.000+05:30,15795.219237687856,1784957749276,Default Profile,true
2026-07-25T06:19:41.000Z,12.198925000000001,75.449265,22.299999999999997,2.6,70.12,11.018659,35,gps,0.49,0.65,0.81,-89.3,,,,70,,1784960381000,2026-07-25T11:49:41.000+05:30,15856.656228755794,1784957749276,Default Profile,true
2026-07-25T06:19:47.000Z,12.199056666666669,75.44992666666667,15.400000000000006,2.6,89.06,11.772727,29,gps,0.77,1.13,1.37,-89.3,,,,70,,1784960387000,2026-07-25T11:49:47.000+05:30,15930.044088795905,1784957749276,Default Profile,true
2026-07-25T06:19:52.000Z,12.19888,75.45046166666665,10.700000000000003,2.5,109.0,11.59,32,gps,0.74,1.18,1.40,-89.3,,,,70,,1784960392000,2026-07-25T11:49:52.000+05:30,15991.418849064885,1784957749276,Default Profile,true
2026-07-25T06:19:58.000Z,12.198884999999999,75.4511,12.100000000000009,2.6,77.94,10.121498,31,gps,0.69,1.08,1.28,-89.3,,,,70,,1784960398000,2026-07-25T11:49:58.000+05:30,16060.797790586284,1784957749276,Default Profile,true
2026-07-25T06:20:04.000Z,12.199013333333335,75.45154000000001,20.700000000000003,2.4,84.36,6.7423463,33,gps,0.62,1.02,1.19,-89.3,,,,70,,1784960404000,2026-07-25T11:50:04.000+05:30,16110.70252577329,1784957749276,Default Profile,true
2026-07-25T06:20:09.000Z,12.199054999999998,75.45172166666666,25.200000000000003,2.5,70.58,2.9164162,32,gps,0.56,0.98,1.13,-89.3,,,,70,,1784960409000,2026-07-25T11:50:09.000+05:30,16130.983113285925,1784957749276,Default Profile,true
2026-07-25T06:20:15.000Z,12.199060000000001,75.45173166666667,28.0,2.2,52.82,0.0,31,gps,0.56,0.72,0.91,-89.3,,,,70,,1784960415000,2026-07-25T11:50:15.000+05:30,16132.203904266124,1784957749276,Default Profile,true
2026-07-25T06:20:21.000Z,12.199038333333332,75.451785,29.200000000000003,2.2,52.82,1.4021033,30,gps,0.58,0.71,0.92,-89.3,,,,70,,1784960421000,2026-07-25T11:50:21.000+05:30,16138.481131873,1784957749276,Default Profile,true
2026-07-25T06:20:27.000Z,12.199038333333332,75.45199666666667,30.10000000000001,2.3,90.62,4.653089,32,gps,0.55,0.69,0.88,-89.3,,,,70,,1784960427000,2026-07-25T11:50:27.000+05:30,16161.485929452838,1784957749276,Default Profile,true
2026-07-25T06:20:32.000Z,12.198994999999998,75.45227333333334,32.400000000000006,2.5,107.66,6.3490987,33,gps,0.54,0.92,1.06,-89.3,,,,70,,1784960432000,2026-07-25T11:50:32.000+05:30,16191.938813611918,1784957749276,Default Profile,true
2026-07-25T06:20:38.000Z,12.198851666666666,75.45281666666666,35.900000000000006,2.4,103.95,9.095656,30,gps,0.57,0.75,0.95,-89.3,,,,70,,1784960438000,2026-07-25T11:50:38.000+05:30,16253.103529398446,1784957749276,Default Profile,true
2026-07-25T06:20:44.000Z,12.198733333333333,75.45335833333334,36.5,2.4,104.53,9.2469845,34,gps,0.52,1.01,1.14,-89.3,,,,70,,1784960444000,2026-07-25T11:50:44.000+05:30,16313.426677574429,1784957749276,Default Profile,true
2026-07-25T06:20:49.000Z,12.198653333333334,75.45382166666667,33.8,2.2,102.42,10.420551,35,gps,0.52,0.97,1.10,-89.3,,,,70,,1784960449000,2026-07-25T11:50:49.000+05:30,16364.563371486998,1784957749276,Default Profile,true
2026-07-25T06:20:55.000Z,12.198598333333333,75.45446166666667,31.900000000000006,2.5,89.13,12.541207,31,gps,0.59,1.03,1.19,-89.3,,,,70,,1784960455000,2026-07-25T11:50:55.000+05:30,16434.389630691887,1784957749276,Default Profile,true
2026-07-25T06:21:01.000Z,12.198656666666666,75.45525833333333,28.10000000000001,2.6,87.02,15.091656,35,gps,0.54,0.93,1.08,-89.3,,,,70,,1784960461000,2026-07-25T11:51:01.000+05:30,16521.217368637706,1784957749276,Default Profile,true
2026-07-25T06:21:06.000Z,12.198738333333331,75.45600666666665,28.200000000000003,2.6,84.33,15.206439,34,gps,0.58,0.69,0.90,-89.3,,,,70,,1784960466000,2026-07-25T11:51:06.000+05:30,16603.054778568978,1784957749276,Default Profile,true
2026-07-25T06:21:12.000Z,12.198768333333332,75.45683666666667,20.200000000000003,2.3,82.58,14.647965,36,gps,0.49,0.95,1.07,-89.3,,,,70,,1784960472000,2026-07-25T11:51:12.000+05:30,16693.32432252725,1784957749276,Default Profile,true
2026-07-25T06:21:18.000Z,12.198923333333335,75.45759666666666,16.400000000000006,2.4,77.49,13.919118,34,gps,0.54,0.93,1.08,-89.3,,,,70,,1784960478000,2026-07-25T11:51:18.000+05:30,16777.70326833233,1784957749276,Default Profile,true
2026-07-25T06:21:23.000Z,12.199031666666666,75.45812833333333,18.60000000000001,2.3,82.47,8.544389,36,gps,0.53,0.85,1.00,-89.3,,,,70,,1784960483000,2026-07-25T11:51:23.000+05:30,16836.729253584028,1784957749276,Default Profile,true
2026-07-25T06:21:29.000Z,12.199088333333334,75.45836833333333,21.799999999999997,2.0,80.48,0.0,38,gps,0.50,0.67,0.83,-89.3,,,,70,,1784960489000,2026-07-25T11:51:29.000+05:30,16863.563699920098,1784957749276,Default Profile,true
2026-07-25T06:21:35.000Z,12.199084999999998,75.45836833333333,21.60000000000001,2.0,80.48,0.0,36,gps,0.51,0.67,0.84,-89.3,,,,70,,1784960495000,2026-07-25T11:51:35.000+05:30,16863.93434967583,1784957749276,Default Profile,true
2026-07-25T06:21:41.000Z,12.199090000000002,75.45850666666666,23.900000000000006,1.9,80.48,3.439374,38,gps,0.47,0.83,0.96,-89.3,,,,70,,1784960501000,2026-07-25T11:51:41.000+05:30,16878.979254725306,1784957749276,Default Profile,true
2026-07-25T06:21:46.000Z,12.199078333333334,75.45870666666666,23.0,2.1,88.96,5.915188,34,gps,0.51,0.67,0.84,-89.3,,,,70,,1784960506000,2026-07-25T11:51:46.000+05:30,16900.754744457907,1784957749276,Default Profile,true
2026-07-25T06:21:52.000Z,12.199090000000002,75.45904,21.700000000000003,2.2,84.36,6.6955066,35,gps,0.50,0.67,0.84,-89.3,,,,70,,1784960512000,2026-07-25T11:51:52.000+05:30,16937.00598521178,1784957749276,Default Profile,true
2026-07-25T06:21:58.000Z,12.199095,75.459465,20.10000000000001,2.1,84.62,7.3908963,37,gps,0.48,0.84,0.97,-89.3,,,,71,,1784960518000,2026-07-25T11:51:58.000+05:30,16983.200056940157,1784957749276,Default Profile,true
2026-07-25T06:22:03.000Z,12.199136666666668,75.45981833333333,24.0,2.0,82.17,8.020916,37,gps,0.46,0.80,0.93,-89.3,,,,71,,1784960523000,2026-07-25T11:52:03.000+05:30,17021.880235806104,1784957749276,Default Profile,true
2026-07-25T06:22:08.000Z,12.199178333333334,75.46023666666666,26.799999999999997,2.1,86.33,9.531112,35,gps,0.49,0.86,0.99,-89.3,,,,71,,1784960528000,2026-07-25T11:52:08.000+05:30,17067.58184415513,1784957749276,Default Profile,true
2026-07-25T06:22:13.000Z,12.199198333333333,75.460625,31.400000000000006,2.2,89.46,7.7594376,32,gps,0.54,0.91,1.06,-89.3,,,,71,,1784960533000,2026-07-25T11:52:13.000+05:30,17109.846022725946,1784957749276,Default Profile,true
2026-07-25T06:22:19.000Z,12.199226666666668,75.46100166666666,32.2,2.7,88.44,6.7217574,32,gps,0.53,0.68,0.86,-89.3,,,,71,,1784960539000,2026-07-25T11:52:19.000+05:30,17150.904718784543,1784957749276,Default Profile,true
2026-07-25T06:22:24.000Z,12.199240000000001,75.46124833333333,37.8,3.0,89.67,6.457705,26,gps,0.62,0.74,0.97,-89.3,,,,71,,1784960544000,2026-07-25T11:52:24.000+05:30,17177.754404233194,1784957749276,Default Profile,true
2026-07-25T06:22:29.000Z,12.199219999999999,75.46163499999999,40.3,2.7,97.5,8.243792,25,gps,0.62,0.74,0.97,-89.3,,,,71,,1784960549000,2026-07-25T11:52:29.000+05:30,17219.837688188887,1784957749276,Default Profile,true
2026-07-25T06:22:35.000Z,12.1992,75.46209999999999,48.8,2.4,89.49,9.024625,26,gps,0.63,1.14,1.30,-89.3,,,,71,,1784960555000,2026-07-25T11:52:35.000+05:30,17270.42466109661,1784957749276,Default Profile,true
2026-07-25T06:22:41.000Z,12.199218333333333,75.46261833333332,53.2,2.6,92.92,8.132096,27,gps,0.61,0.74,0.96,-89.3,,,,71,,1784960561000,2026-07-25T11:52:41.000+05:30,17326.79608061388,1784957749276,Default Profile,true
2026-07-25T06:22:47.000Z,12.199195000000001,75.46292166666667,58.39999999999999,2.6,95.46,3.3745189,29,gps,0.59,0.72,0.93,-89.3,,,,71,,1784960567000,2026-07-25T11:52:47.000+05:30,17359.865503029014,1784957749276,Default Profile,true
2026-07-25T06:22:53.000Z,12.199028333333334,75.46311333333333,56.8,2.3,148.86,4.569189,33,gps,0.53,1.00,1.13,-89.3,,,,71,,1784960573000,2026-07-25T11:52:53.000+05:30,17387.747186143268,1784957749276,Default Profile,true
2026-07-25T06:22:59.000Z,12.198843333333333,75.46323833333332,52.7,2.2,155.9,1.3856323,36,gps,0.50,0.92,1.05,-89.3,,,,71,,1784960579000,2026-07-25T11:52:59.000+05:30,17412.399463997717,1784957749276,Default Profile,true
2026-07-25T06:23:05.000Z,12.198823333333333,75.46324666666666,52.000000000000014,2.0,155.9,0.0,35,gps,0.52,0.67,0.85,-89.3,,,,71,,1784960585000,2026-07-25T11:53:05.000+05:30,17414.800717774047,1784957749276,Default Profile,true
2026-07-25T06:23:11.000Z,12.198661666666665,75.46334499999999,48.60000000000001,2.3,152.12,5.316566,38,gps,0.47,0.66,0.82,-89.3,,,,71,,1784960591000,2026-07-25T11:53:11.000+05:30,17435.714181871415,1784957749276,Default Profile,true
2026-07-25T06:23:16.000Z,12.198368333333333,75.46353666666667,43.3,2.9,146.53,8.151141,30,gps,0.58,0.71,0.91,-89.3,,,,71,,1784960596000,2026-07-25T11:53:16.000+05:30,17474.415828300353,1784957749276,Default Profile,true
2026-07-25T06:23:21.000Z,12.197921666666666,75.46369833333333,41.10000000000001,3.5,160.22,10.209001,17,gps,1.04,0.83,1.33,-89.3,,,,71,,1784960601000,2026-07-25T11:53:21.000+05:30,17527.099273539003,1784957749276,Default Profile,true
2026-07-25T06:23:26.000Z,12.197371666666667,75.46385666666667,38.7,3.6,165.98,11.672356,15,gps,1.07,1.54,1.88,-89.3,,,,71,,1784960606000,2026-07-25T11:53:26.000+05:30,17590.631418505218,1784957749276,Default Profile,true
2026-07-25T06:23:32.000Z,12.196878333333332,75.46392666666667,11.100000000000009,2.8,180.64,9.12551,23,gps,0.72,0.78,1.06,-89.3,,,,71,,1784960612000,2026-07-25T11:53:32.000+05:30,17646.012637978194,1784957749276,Default Profile,true
2026-07-25T06:23:37.000Z,12.196398333333331,75.46403000000001,9.100000000000009,3.1,162.34,10.579086,21,gps,0.72,0.81,1.09,-89.3,,,,71,,1784960617000,2026-07-25T11:53:37.000+05:30,17700.55498912437,1784957749276,Default Profile,true
2026-07-25T06:23:43.000Z,12.195770000000001,75.46429333333334,18.700000000000003,2.9,149.23,13.011148,20,gps,0.70,0.78,1.05,-89.3,,,,72,,1784960623000,2026-07-25T11:53:43.000+05:30,17776.057276430347,1784957749276,Default Profile,true
2026-07-25T06:23:49.000Z,12.19511,75.46461833333333,17.5,2.9,155.36,12.757905,16,gps,0.76,0.85,1.14,-89.3,,,,72,,1784960629000,2026-07-25T11:53:49.000+05:30,17857.504159985543,1784957749276,Default Profile,true
2026-07-25T06:23:54.000Z,12.194636666666668,75.46480166666667,21.299999999999997,3.0,159.14,10.852918,15,gps,0.77,0.89,1.17,-89.3,,,,72,,1784960634000,2026-07-25T11:53:54.000+05:30,17913.781953093316,1784957749276,Default Profile,true
2026-07-25T06:24:00.000Z,12.194103333333333,75.46507666666666,24.700000000000003,2.6,152.46,10.290327,15,gps,0.72,0.87,1.13,-89.3,,,,72,,1784960640000,2026-07-25T11:54:00.000+05:30,17980.19197588539,1784957749276,Default Profile,true
2026-07-25T06:24:06.000Z,12.193681666666665,75.46539,21.0,2.7,138.28,9.58001,17,gps,0.72,0.82,1.09,-89.3,,,,72,,1784960646000,2026-07-25T11:54:06.000+05:30,18038.141544271457,1784957749276,Default Profile,true
2026-07-25T06:24:12.000Z,12.193363333333332,75.46582,2.200000000000003,2.7,127.13,9.578465,21,gps,0.62,0.81,1.02,-89.3,,,,72,,1784960652000,2026-07-25T11:54:12.000+05:30,18096.768530110374,1784957749276,Default Profile,true
2026-07-25T06:24:18.000Z,12.193076666666665,75.46626166666667,6.200000000000003,2.8,133.75,10.730928,22,gps,0.62,0.82,1.03,-89.3,,,,72,,1784960658000,2026-07-25T11:54:18.000+05:30,18154.39125076958,1784957749276,Default Profile,true
2026-07-25T06:24:23.000Z,12.192716666666668,75.46654666666667,9.299999999999997,3.0,139.6,10.327387,17,gps,0.75,0.91,1.18,-89.3,,,,72,,1784960663000,2026-07-25T11:54:23.000+05:30,18205.006541245766,1784957749276,Default Profile,true
2026-07-25T06:24:29.000Z,12.192318333333333,75.46687666666666,6.6000000000000085,3.5,145.6,9.146614,13,gps,1.00,0.85,1.31,-89.3,,,,72,,1784960669000,2026-07-25T11:54:29.000+05:30,18261.999993428028,1784957749276,Default Profile,true
2026-07-25T06:24:35.000Z,12.191958333333332,75.46706333333333,3.0,3.4,154.58,7.0810337,13,gps,1.20,0.93,1.52,-89.4,,,,72,,1784960675000,2026-07-25T11:54:35.000+05:30,18306.877903502842,1784957749276,Default Profile,true
2026-07-25T06:24:41.000Z,12.191628333333332,75.46716500000001,0.3999999999999915,3.2,161.53,7.390382,15,gps,0.78,0.84,1.15,-89.4,,,,72,,1784960681000,2026-07-25T11:54:41.000+05:30,18345.199865086965,1784957749276,Default Profile,true
2026-07-25T06:24:46.000Z,12.191264999999998,75.46723333333333,-9.100000000000009,3.0,160.12,7.1963315,18,gps,0.72,0.84,1.10,-89.4,,,,72,,1784960686000,2026-07-25T11:54:46.000+05:30,18386.277672203105,1784957749276,Default Profile,true
2026-07-25T06:24:52.000Z,12.191004999999999,75.46734333333333,-11.200000000000003,4.0,152.68,3.8701963,11,gps,4.36,4.69,6.40,-89.4,,,,72,,1784960692000,2026-07-25T11:54:52.000+05:30,18417.56287598293,1784957749276,Default Profile,true
2026-07-25T06:24:58.000Z,12.191024999999998,75.46727333333334,-4.200000000000003,3.6,168.17,0.0,13,gps,1.22,0.83,1.47,-89.4,,,,72,,1784960698000,2026-07-25T11:54:58.000+05:30,18425.48936036403,1784957749276,Default Profile,true
2026-07-25T06:25:04.000Z,12.191033333333333,75.46726666666667,-4.0,3.3,168.17,0.0,15,gps,0.79,0.82,1.14,-89.4,,,,72,,1784960704000,2026-07-25T11:55:04.000+05:30,18426.665647945632,1784957749276,Default Profile,true
2026-07-25T06:25:10.000Z,12.191033333333333,75.46726666666667,-4.0,3.3,168.17,0.0,16,gps,0.78,0.82,1.13,-89.4,,,,72,,1784960710000,2026-07-25T11:55:10.000+05:30,18426.665647945632,1784957749276,Default Profile,true
2026-07-25T06:25:16.000Z,12.191033333333333,75.46726666666667,-4.0,3.0,168.17,0.0,18,gps,0.85,0.82,1.18,-89.4,,,,72,,1784960716000,2026-07-25T11:55:16.000+05:30,18426.665647945632,1784957749276,Default Profile,true
2026-07-25T06:25:22.000Z,12.191033333333333,75.46726666666667,-4.0,3.1,168.17,0.0,19,gps,0.76,0.78,1.09,-89.4,,,,72,,1784960722000,2026-07-25T11:55:22.000+05:30,18426.665647945632,1784957749276,Default Profile,true
2026-07-25T06:25:28.000Z,12.191033333333333,75.46726666666667,-4.0,3.4,168.17,0.0,16,gps,1.08,0.85,1.37,-89.4,,,,72,,1784960728000,2026-07-25T11:55:28.000+05:30,18426.665647945632,1784957749276,Default Profile,true
2026-07-25T06:25:34.000Z,12.191033333333333,75.46726666666667,-4.0,3.7,168.17,0.0,18,gps,1.02,0.83,1.31,-89.4,,,,72,,1784960734000,2026-07-25T11:55:34.000+05:30,18426.665647945632,1784957749276,Default Profile,true
2026-07-25T06:25:40.000Z,12.190905000000003,75.46725666666666,10.0,2.9,167.35,0.0,21,gps,0.71,0.79,1.06,-89.4,,,,72,,1784960740000,2026-07-25T11:55:40.000+05:30,18440.97699448325,1784957749276,Default Profile,true
2026-07-25T06:25:46.000Z,12.190905000000003,75.46726,9.699999999999989,3.1,167.35,0.0,22,gps,0.74,0.77,1.07,-89.4,,,,72,,1784960746000,2026-07-25T11:55:46.000+05:30,18441.339285875063,1784957749276,Default Profile,true
2026-07-25T06:25:52.000Z,12.190905000000003,75.46726,9.699999999999989,3.4,167.35,0.0,21,gps,0.74,0.76,1.07,-89.4,,,,72,,1784960752000,2026-07-25T11:55:52.000+05:30,18441.339285875063,1784957749276,Default Profile,true
2026-07-25T06:25:57.000Z,12.190905000000003,75.46726,9.699999999999989,3.3,167.35,0.0,18,gps,0.80,0.77,1.11,-89.4,,,,72,,1784960757000,2026-07-25T11:55:57.000+05:30,18441.339285875063,1784957749276,Default Profile,true
2026-07-25T06:26:03.000Z,12.190905000000003,75.46726,9.699999999999989,3.5,167.35,0.0,16,gps,1.13,0.85,1.41,-89.4,,,,72,,1784960763000,2026-07-25T11:56:03.000+05:30,18441.339285875063,1784957749276,Default Profile,true
2026-07-25T06:26:09.000Z,12.190905000000003,75.46726,9.699999999999989,3.3,167.35,0.0,21,gps,0.73,0.74,1.04,-89.4,,,,72,,1784960769000,2026-07-25T11:56:09.000+05:30,18441.339285875063,1784957749276,Default Profile,true
2026-07-25T06:26:14.000Z,12.190905000000003,75.46726,9.699999999999989,2.8,167.35,0.0,23,gps,0.71,0.75,1.03,-89.4,,,,72,,1784960774000,2026-07-25T11:56:14.000+05:30,18441.339285875063,1784957749276,Default Profile,false
2026-07-25T06:26:20.000Z,12.190905000000003,75.46726,9.699999999999989,3.2,167.35,0.0,19,gps,1.07,0.90,1.40,-89.4,,,,72,,1784960780000,2026-07-25T11:56:20.000+05:30,18441.339285875063,1784957749276,Default Profile,true
2026-07-25T06:26:26.000Z,12.191001666666667,75.46726333333332,11.399999999999991,3.9,167.35,0.0,15,gps,1.76,0.92,1.99,-89.4,,,,72,,1784960786000,2026-07-25T11:56:26.000+05:30,18452.094232591782,1784957749276,Default Profile,true
2026-07-25T06:26:31.000Z,12.191001666666667,75.46726333333332,11.399999999999991,4.1,167.35,0.0,16,gps,1.31,0.91,1.59,-89.4,,,,72,,1784960791000,2026-07-25T11:56:31.000+05:30,18452.094232591782,1784957749276,Default Profile,true
2026-07-25T06:26:37.000Z,12.191001666666667,75.46726333333332,11.399999999999991,4.1,167.35,0.0,15,gps,1.33,0.93,1.63,-89.4,,,,72,,1784960797000,2026-07-25T11:56:37.000+05:30,18452.094232591782,1784957749276,Default Profile,true
2026-07-25T06:26:43.000Z,12.191001666666667,75.46726333333332,11.399999999999991,4.0,167.35,0.0,16,gps,1.20,0.90,1.50,-89.4,,,,72,,1784960803000,2026-07-25T11:56:43.000+05:30,18452.094232591782,1784957749276,Default Profile,true
2026-07-25T06:26:49.000Z,12.191001666666667,75.46726333333332,11.399999999999991,3.9,167.35,0.0,17,gps,0.94,0.88,1.29,-89.4,,,,72,,1784960809000,2026-07-25T11:56:49.000+05:30,18452.094232591782,1784957749276,Default Profile,true
2026-07-25T06:26:54.000Z,12.191001666666667,75.46726333333332,11.399999999999991,3.6,167.35,0.0,17,gps,1.10,0.85,1.39,-89.4,,,,72,,1784960814000,2026-07-25T11:56:54.000+05:30,18452.094232591782,1784957749276,Default Profile,true
2026-07-25T06:27:00.000Z,12.191001666666667,75.46726333333332,11.399999999999991,3.3,167.35,0.0,18,gps,0.99,0.83,1.29,-89.4,,,,72,,1784960820000,2026-07-25T11:57:00.000+05:30,18452.094232591782,1784957749276,Default Profile,true
2026-07-25T06:27:06.000Z,12.191001666666667,75.46726333333332,11.399999999999991,3.4,167.35,0.0,20,gps,0.95,0.81,1.25,-89.4,,,,72,,1784960826000,2026-07-25T11:57:06.000+05:30,18452.094232591782,1784957749276,Default Profile,true
2026-07-25T06:27:12.000Z,12.191001666666667,75.46726333333332,11.399999999999991,3.6,167.35,0.0,19,gps,0.95,0.81,1.25,-89.4,,,,72,,1784960832000,2026-07-25T11:57:12.000+05:30,18452.094232591782,1784957749276,Default Profile,true
2026-07-25T06:27:18.000Z,12.191001666666667,75.46726333333332,11.399999999999991,3.2,167.35,0.0,17,gps,1.04,0.85,1.35,-89.4,,,,72,,1784960838000,2026-07-25T11:57:18.000+05:30,18452.094232591782,1784957749276,Default Profile,true
2026-07-25T06:27:24.000Z,12.191001666666667,75.46726333333332,11.399999999999991,3.2,167.35,0.0,17,gps,0.94,0.77,1.22,-89.4,,,,72,,1784960844000,2026-07-25T11:57:24.000+05:30,18452.094232591782,1784957749276,Default Profile,true
2026-07-25T06:27:30.000Z,12.191001666666667,75.46726333333332,11.399999999999991,3.0,167.35,0.0,16,gps,0.94,0.84,1.26,-89.4,,,,72,,1784960850000,2026-07-25T11:57:30.000+05:30,18452.094232591782,1784957749276,Default Profile,true
2026-07-25T06:27:36.000Z,12.191001666666667,75.46726333333332,11.399999999999991,2.9,167.35,0.0,18,gps,0.95,0.82,1.25,-89.4,,,,73,,1784960856000,2026-07-25T11:57:36.000+05:30,18452.094232591782,1784957749276,Default Profile,true
2026-07-25T06:27:41.000Z,12.191001666666667,75.46726333333332,11.399999999999991,2.9,167.35,0.0,20,gps,0.76,0.73,1.05,-89.4,,,,73,,1784960861000,2026-07-25T11:57:41.000+05:30,18452.094232591782,1784957749276,Default Profile,true
2026-07-25T06:27:47.000Z,12.191001666666667,75.46726333333332,11.399999999999991,3.2,167.35,0.0,20,gps,0.80,0.77,1.11,-89.4,,,,73,,1784960867000,2026-07-25T11:57:47.000+05:30,18452.094232591782,1784957749276,Default Profile,true
2026-07-25T06:27:53.000Z,12.191001666666667,75.46726333333332,11.399999999999991,3.2,167.35,0.0,18,gps,0.93,0.83,1.25,-89.4,,,,73,,1784960873000,2026-07-25T11:57:53.000+05:30,18452.094232591782,1784957749276,Default Profile,true
2026-07-25T06:27:59.000Z,12.191001666666667,75.46726333333332,11.399999999999991,3.1,167.35,0.0,19,gps,0.71,0.76,1.04,-89.4,,,,73,,1784960879000,2026-07-25T11:57:59.000+05:30,18452.094232591782,1784957749276,Default Profile,true
2026-07-25T06:28:04.000Z,12.191001666666667,75.46726333333332,11.399999999999991,3.1,167.35,0.0,20,gps,0.76,0.75,1.07,-89.4,,,,73,,1784960884000,2026-07-25T11:58:04.000+05:30,18452.094232591782,1784957749276,Default Profile,true
2026-07-25T06:28:10.000Z,12.191001666666667,75.46726333333332,11.399999999999991,3.0,167.35,0.0,22,gps,0.70,0.73,1.01,-89.4,,,,73,,1784960890000,2026-07-25T11:58:10.000+05:30,18452.094232591782,1784957749276,Default Profile,true
2026-07-25T06:28:16.000Z,12.191001666666667,75.46726333333332,11.399999999999991,2.8,167.35,0.0,20,gps,0.71,0.73,1.02,-89.4,,,,73,,1784960896000,2026-07-25T11:58:16.000+05:30,18452.094232591782,1784957749276,Default Profile,true
2026-07-25T06:28:22.000Z,12.191001666666667,75.46726333333332,11.399999999999991,2.7,167.35,0.0,22,gps,0.70,0.73,1.01,-89.4,,,,73,,1784960902000,2026-07-25T11:58:22.000+05:30,18452.094232591782,1784957749276,Default Profile,true
2026-07-25T06:28:28.000Z,12.191001666666667,75.46726333333332,11.399999999999991,2.8,167.35,0.0,19,gps,0.82,0.79,1.13,-89.4,,,,73,,1784960908000,2026-07-25T11:58:28.000+05:30,18452.094232591782,1784957749276,Default Profile,true
2026-07-25T06:28:34.000Z,12.191001666666667,75.46726333333332,11.399999999999991,2.8,167.35,0.0,20,gps,0.75,0.74,1.06,-89.4,,,,73,,1784960914000,2026-07-25T11:58:34.000+05:30,18452.094232591782,1784957749276,Default Profile,true
2026-07-25T06:28:39.000Z,12.191001666666667,75.46726333333332,11.399999999999991,2.9,167.35,0.0,19,gps,0.75,0.78,1.08,-89.4,,,,73,,1784960919000,2026-07-25T11:58:39.000+05:30,18452.094232591782,1784957749276,Default Profile,true
2026-07-25T06:28:45.000Z,12.191001666666667,75.46726333333332,11.399999999999991,3.0,167.35,0.0,19,gps,0.80,0.79,1.12,-89.4,,,,73,,1784960925000,2026-07-25T11:58:45.000+05:30,18452.094232591782,1784957749276,Default Profile,true
2026-07-25T06:28:50.000Z,12.191001666666667,75.46726333333332,11.399999999999991,3.2,167.35,0.0,17,gps,1.04,0.89,1.37,-89.4,,,,73,,1784960930000,2026-07-25T11:58:50.000+05:30,18452.094232591782,1784957749276,Default Profile,true
2026-07-25T06:28:56.000Z,12.191001666666667,75.46726333333332,11.399999999999991,3.4,167.35,0.0,17,gps,0.97,0.85,1.29,-89.4,,,,73,,1784960936000,2026-07-25T11:58:56.000+05:30,18452.094232591782,1784957749276,Default Profile,true
2026-07-25T06:29:02.000Z,12.191001666666667,75.46726333333332,11.399999999999991,3.3,167.35,0.0,18,gps,0.93,0.81,1.24,-89.4,,,,73,,1784960942000,2026-07-25T11:59:02.000+05:30,18452.094232591782,1784957749276,Default Profile,true
2026-07-25T06:29:07.000Z,12.191001666666667,75.46726333333332,11.399999999999991,3.1,167.35,0.0,17,gps,0.95,0.82,1.25,-89.4,,,,73,,1784960947000,2026-07-25T11:59:07.000+05:30,18452.094232591782,1784957749276,Default Profile,true
2026-07-25T06:29:12.000Z,12.191001666666667,75.46726333333332,11.399999999999991,3.4,167.35,0.0,15,gps,1.25,0.93,1.55,-89.4,,,,73,,1784960952000,2026-07-25T11:59:12.000+05:30,18452.094232591782,1784957749276,Default Profile,true
2026-07-25T06:29:18.000Z,12.191039999999997,75.46725333333333,8.0,4.1,167.35,0.0,9,gps,2.90,0.99,3.07,-89.4,,,,73,,1784960958000,2026-07-25T11:59:18.000+05:30,18456.493091942335,1784957749276,Default Profile,true
2026-07-25T06:29:24.000Z,12.190986666666667,75.46719666666667,8.199999999999989,5.3,167.35,0.0,8,gps,3.56,0.99,3.70,-89.4,,,,73,,1784960964000,2026-07-25T11:59:24.000+05:30,18465.04307889118,1784957749276,Default Profile,true
2026-07-25T06:29:30.000Z,12.190875000000002,75.46721166666666,6.5,4.3,167.35,0.10140028,16,gps,0.96,0.84,1.28,-89.4,,,,73,,1784960970000,2026-07-25T11:59:30.000+05:30,18477.566417593822,1784957749276,Default Profile,true
2026-07-25T06:29:36.000Z,12.190853333333333,75.46717833333334,4.299999999999997,3.6,167.35,0.0,15,gps,1.29,0.87,1.55,-89.4,,,,73,,1784960976000,2026-07-25T11:59:36.000+05:30,18481.9172642571,1784957749276,Default Profile,true
2026-07-25T06:29:41.000Z,12.19088,75.46721,1.6999999999999886,3.2,167.35,0.0,17,gps,0.88,0.80,1.19,-89.4,,,,73,,1784960981000,2026-07-25T11:59:41.000+05:30,18486.460189670455,1784957749276,Default Profile,true
2026-07-25T06:29:47.000Z,12.19088,75.46721,1.6999999999999886,3.3,167.35,0.0,15,gps,1.04,0.86,1.35,-89.4,,,,73,,1784960987000,2026-07-25T11:59:47.000+05:30,18486.460189670455,1784957749276,Default Profile,true
2026-07-25T06:29:52.000Z,12.190941666666667,75.467275,0.8999999999999915,3.3,167.35,0.0,14,gps,0.99,0.86,1.32,-89.4,,,,73,,1784960992000,2026-07-25T11:59:52.000+05:30,18496.30541497003,1784957749276,Default Profile,true
2026-07-25T06:29:58.000Z,12.190938333333333,75.46728166666666,0.3999999999999915,3.5,167.35,0.0,15,gps,1.06,0.84,1.35,-89.4,,,,73,,1784960998000,2026-07-25T11:59:58.000+05:30,18497.11929537327,1784957749276,Default Profile,true
2026-07-25T06:30:03.000Z,12.190938333333333,75.46728166666666,0.3999999999999915,3.7,167.35,0.0,14,gps,1.08,0.88,1.39,-89.4,,,,73,,1784961003000,2026-07-25T12:00:03.000+05:30,18497.11929537327,1784957749276,Default Profile,true
2026-07-25T06:30:09.000Z,12.190936666666667,75.46741,-7.700000000000003,3.5,167.35,0.0,15,gps,1.19,0.92,1.50,-89.4,,,,73,,1784961009000,2026-07-25T12:00:09.000+05:30,18511.06874334251,1784957749276,Default Profile,true
2026-07-25T06:30:15.000Z,12.190961666666665,75.46746166666667,-7.300000000000011,3.6,167.35,0.0,19,gps,0.93,0.78,1.21,-89.4,,,,73,,1784961015000,2026-07-25T12:00:15.000+05:30,18517.33465992227,1784957749276,Default Profile,true
2026-07-25T06:30:20.000Z,12.190945,75.46747666666667,-8.300000000000011,3.3,167.35,0.0,20,gps,0.82,0.72,1.09,-89.4,,,,73,,1784961020000,2026-07-25T12:00:20.000+05:30,18519.802947763845,1784957749276,Default Profile,true
2026-07-25T06:30:26.000Z,12.190898333333333,75.46747666666667,-8.600000000000009,3.2,136.89,1.6939509,21,gps,0.78,0.72,1.06,-89.4,,,,74,,1784961026000,2026-07-25T12:00:26.000+05:30,18524.992044340524,1784957749276,Default Profile,true
2026-07-25T06:30:31.000Z,12.190751666666666,75.46737166666666,-4.800000000000011,2.8,182.86,3.4445212,25,gps,0.62,0.73,0.96,-89.4,,,,74,,1784961031000,2026-07-25T12:00:31.000+05:30,18544.897018269075,1784957749276,Default Profile,true
2026-07-25T06:30:37.000Z,12.190470000000001,75.467385,-5.700000000000003,2.3,195.07,5.2769322,31,gps,0.52,0.69,0.86,-89.4,,,,74,,1784961037000,2026-07-25T12:00:37.000+05:30,18576.250431053486,1784957749276,Default Profile,true
2026-07-25T06:30:42.000Z,12.190193333333331,75.46729666666667,-3.6000000000000085,2.6,197.38,6.417042,24,gps,0.69,1.19,1.38,-89.4,,,,74,,1784961042000,2026-07-25T12:00:42.000+05:30,18608.477649825334,1784957749276,Default Profile,true
2026-07-25T06:30:48.000Z,12.189773333333335,75.46718000000001,-4.400000000000006,2.6,197.87,8.123346,24,gps,0.66,1.28,1.44,-89.4,,,,74,,1784961048000,2026-07-25T12:00:48.000+05:30,18656.870347024527,1784957749276,Default Profile,true
2026-07-25T06:30:54.000Z,12.189465,75.46711166666667,-5.6000000000000085,2.7,190.18,3.1490705,24,gps,0.75,0.74,1.05,-89.4,,,,74,,1784961054000,2026-07-25T12:00:54.000+05:30,18691.950665094402,1784957749276,Default Profile,true
2026-07-25T06:31:00.000Z,12.18943,75.467085,-5.300000000000011,2.9,197.28,0.0,22,gps,0.95,0.81,1.25,-89.4,,,,74,,1784961060000,2026-07-25T12:01:00.000+05:30,18696.803159041992,1784957749276,Default Profile,true
2026-07-25T06:31:05.000Z,12.18943,75.467085,-5.300000000000011,3.0,197.28,0.0,22,gps,0.92,0.79,1.21,-89.4,,,,74,,1784961065000,2026-07-25T12:01:05.000+05:30,18696.803159041992,1784957749276,Default Profile,true
2026-07-25T06:31:10.000Z,12.18943,75.467085,-5.300000000000011,2.9,197.28,0.0,23,gps,0.89,0.78,1.18,-89.4,,,,74,,1784961070000,2026-07-25T12:01:10.000+05:30,18696.803159041992,1784957749276,Default Profile,true
2026-07-25T06:31:16.000Z,12.18943,75.467085,-5.300000000000011,2.6,197.28,0.0,23,gps,0.91,0.79,1.21,-89.4,,,,74,,1784961076000,2026-07-25T12:01:16.000+05:30,18696.803159041992,1784957749276,Default Profile,true
2026-07-25T06:31:21.000Z,12.18943,75.467085,-5.300000000000011,2.7,197.28,0.0,19,gps,1.00,0.88,1.33,-89.4,,,,74,,1784961081000,2026-07-25T12:01:21.000+05:30,18696.803159041992,1784957749276,Default Profile,true
2026-07-25T06:31:27.000Z,12.18943,75.467085,-5.300000000000011,2.8,197.28,0.0,19,gps,1.09,0.91,1.42,-89.4,,,,74,,1784961087000,2026-07-25T12:01:27.000+05:30,18696.803159041992,1784957749276,Default Profile,true
2026-07-25T06:31:32.000Z,12.18943,75.467085,-5.300000000000011,2.7,197.28,0.0,24,gps,0.77,0.77,1.09,-89.4,,,,74,,1784961092000,2026-07-25T12:01:32.000+05:30,18696.803159041992,1784957749276,Default Profile,true
2026-07-25T06:31:38.000Z,12.18943,75.467085,-5.300000000000011,2.6,197.28,0.0,25,gps,0.77,0.76,1.08,-89.4,,,,74,,1784961098000,2026-07-25T12:01:38.000+05:30,18696.803159041992,1784957749276,Default Profile,true
2026-07-25T06:31:43.000Z,12.18943,75.467085,-5.300000000000011,2.6,197.28,0.0,24,gps,0.78,0.77,1.10,-89.4,,,,74,,1784961103000,2026-07-25T12:01:43.000+05:30,18696.803159041992,1784957749276,Default Profile,true
2026-07-25T06:31:49.000Z,12.18943,75.467085,-5.300000000000011,2.7,197.28,0.0,23,gps,0.80,0.79,1.12,-89.4,,,,74,,1784961109000,2026-07-25T12:01:49.000+05:30,18696.803159041992,1784957749276,Default Profile,true
2026-07-25T06:31:54.000Z,12.189423333333332,75.46707833333333,-8.200000000000003,2.5,189.67,1.5390195,21,gps,0.90,0.84,1.23,-89.4,,,,74,,1784961114000,2026-07-25T12:01:54.000+05:30,18697.839764572585,1784957749276,Default Profile,true
2026-07-25T06:32:00.000Z,12.189263333333335,75.46703166666666,-6.5,2.7,189.59,3.9649053,23,gps,0.81,1.22,1.46,-89.4,,,,74,,1784961120000,2026-07-25T12:02:00.000+05:30,18716.33983681534,1784957749276,Default Profile,true
2026-07-25T06:32:06.000Z,12.188968333333332,75.46698666666666,-12.300000000000011,2.6,200.54,6.0356326,24,gps,0.78,1.17,1.41,-89.4,,,,74,,1784961126000,2026-07-25T12:02:06.000+05:30,18749.504965832144,1784957749276,Default Profile,true
2026-07-25T06:32:12.000Z,12.188573333333332,75.46684499999999,-23.30000000000001,2.6,207.08,8.229379,22,gps,1.11,1.92,2.22,-89.4,,,,74,,1784961132000,2026-07-25T12:02:12.000+05:30,18796.04768801283,1784957749276,Default Profile,true
2026-07-25T06:32:18.000Z,12.188168333333332,75.46665166666666,-28.200000000000003,2.8,182.77,7.2385387,23,gps,1.12,1.84,2.15,-89.4,,,,74,,1784961138000,2026-07-25T12:02:18.000+05:30,18845.742825211735,1784957749276,Default Profile,true
2026-07-25T06:32:24.000Z,12.187876666666666,75.46673166666666,-29.10000000000001,2.6,147.27,4.990232,25,gps,0.67,1.22,1.39,-89.4,,,,74,,1784961144000,2026-07-25T12:02:24.000+05:30,18879.320044892596,1784957749276,Default Profile,true
2026-07-25T06:32:30.000Z,12.187648333333334,75.46701,-26.200000000000003,2.7,128.48,6.914778,28,gps,0.61,1.28,1.42,-89.4,,,,74,,1784961150000,2026-07-25T12:02:30.000+05:30,18918.814245115675,1784957749276,Default Profile,true
2026-07-25T06:32:35.000Z,12.187473333333333,75.46722333333334,-20.700000000000003,2.5,144.44,5.6820188,31,gps,0.58,1.14,1.28,-89.4,,,,74,,1784961155000,2026-07-25T12:02:35.000+05:30,18949.08454898476,1784957749276,Default Profile,true
2026-07-25T06:32:41.000Z,12.18721,75.46722666666666,-18.200000000000003,2.4,194.46,5.2635493,31,gps,0.57,1.06,1.20,-89.4,,,,74,,1784961161000,2026-07-25T12:02:41.000+05:30,18978.368120917603,1784957749276,Default Profile,true
2026-07-25T06:32:47.000Z,12.186826666666665,75.46712000000001,-18.700000000000003,2.3,196.08,7.8387046,25,gps,0.71,0.77,1.05,-89.4,,,,74,,1784961167000,2026-07-25T12:02:47.000+05:30,19022.54137105412,1784957749276,Default Profile,true
2026-07-25T06:32:53.000Z,12.186461666666666,75.46707666666666,-12.300000000000011,2.5,186.84,7.100593,29,gps,0.68,1.18,1.37,-89.4,,,,74,,1784961173000,2026-07-25T12:02:53.000+05:30,19063.399886007788,1784957749276,Default Profile,true
2026-07-25T06:32:59.000Z,12.1861,75.46706,-15.200000000000003,2.7,188.47,6.7408023,22,gps,1.03,1.77,2.05,-89.4,,,,74,,1784961179000,2026-07-25T12:02:59.000+05:30,19103.656162634896,1784957749276,Default Profile,true
2026-07-25T06:33:04.000Z,12.185858333333332,75.46687166666668,-12.600000000000009,2.7,237.23,6.3918204,27,gps,0.74,1.43,1.61,-89.4,,,,74,,1784961184000,2026-07-25T12:03:04.000+05:30,19137.436699205522,1784957749276,Default Profile,true
2026-07-25T06:33:09.000Z,12.185724999999998,75.466615,-6.700000000000003,2.8,235.5,5.6042957,25,gps,0.76,1.58,1.76,-89.4,,,,74,,1784961189000,2026-07-25T12:03:09.000+05:30,19169.028647432573,1784957749276,Default Profile,true
2026-07-25T06:33:15.000Z,12.185538333333334,75.46643166666667,11.799999999999997,2.7,206.89,5.6835628,28,gps,0.66,0.73,0.98,-89.4,,,,74,,1784961195000,2026-07-25T12:03:15.000+05:30,19197.801723243312,1784957749276,Default Profile,true
2026-07-25T06:33:20.000Z,12.18536,75.46636166666667,15.199999999999989,2.9,199.19,3.241206,26,gps,0.80,0.81,1.14,-89.4,,,,74,,1784961200000,2026-07-25T12:03:20.000+05:30,19219.04096326665,1784957749276,Default Profile,true
2026-07-25T06:33:26.000Z,12.18532,75.46634,15.899999999999991,3.0,191.67,0.0,19,gps,1.04,0.82,1.32,-89.4,,,,74,,1784961206000,2026-07-25T12:03:26.000+05:30,19224.073721692243,1784957749276,Default Profile,true
2026-07-25T06:33:32.000Z,12.18523,75.46628000000001,16.19999999999999,3.0,187.78,2.165951,24,gps,0.70,0.72,1.00,-89.4,,,,74,,1784961212000,2026-07-25T12:03:32.000+05:30,19236.01856856926,1784957749276,Default Profile,true
2026-07-25T06:33:37.000Z,12.185001666666668,75.46624,18.89999999999999,2.6,181.25,5.2022977,28,gps,0.58,0.66,0.88,-89.4,,,,74,,1784961217000,2026-07-25T12:03:37.000+05:30,19261.77761905046,1784957749276,Default Profile,true
2026-07-25T06:33:43.000Z,12.184621666666665,75.466225,13.899999999999991,2.6,179.24,7.656493,28,gps,0.58,1.04,1.19,-89.4,,,,74,,1784961223000,2026-07-25T12:03:43.000+05:30,19304.06313250465,1784957749276,Default Profile,true
2026-07-25T06:33:49.000Z,12.184235000000001,75.46620333333334,11.899999999999991,2.9,179.25,7.4722223,23,gps,0.84,0.81,1.16,-89.4,,,,74,,1784961229000,2026-07-25T12:03:49.000+05:30,19347.122948793352,1784957749276,Default Profile,true
2026-07-25T06:33:55.000Z,12.183856666666667,75.466175,15.399999999999991,2.8,194.03,7.085151,24,gps,0.73,1.55,1.71,-89.4,,,,74,,1784961235000,2026-07-25T12:03:55.000+05:30,19389.304261751502,1784957749276,Default Profile,true
2026-07-25T06:34:00.000Z,12.183553333333334,75.46602833333333,16.5,2.7,206.94,6.8813214,24,gps,0.74,0.84,1.12,-89.4,,,,74,,1784961240000,2026-07-25T12:04:00.000+05:30,19426.6107978178,1784957749276,Default Profile,true
2026-07-25T06:34:06.000Z,12.183176666666668,75.46583833333334,8.199999999999989,3.0,201.26,8.18048,20,gps,0.87,1.77,1.98,-89.4,,,,74,,1784961246000,2026-07-25T12:04:06.000+05:30,19473.308688294255,1784957749276,Default Profile,true
2026-07-25T06:34:11.000Z,12.182830000000001,75.46562833333334,8.099999999999994,3.3,225.18,9.045729,20,gps,1.20,2.11,2.43,-89.4,,,,74,,1784961251000,2026-07-25T12:04:11.000+05:30,19518.10710166367,1784957749276,Default Profile,true
2026-07-25T06:34:16.000Z,12.182501666666667,75.46528166666667,0.7999999999999972,2.9,226.5,8.00393,24,gps,0.82,1.41,1.63,-89.4,,,,74,,1784961256000,2026-07-25T12:04:16.000+05:30,19570.572804481457,1784957749276,Default Profile,true
2026-07-25T06:34:21.000Z,12.182265,75.46505833333335,10.299999999999997,3.0,200.53,5.710843,23,gps,0.98,1.68,1.94,-89.4,,,,74,,1784961261000,2026-07-25T12:04:21.000+05:30,19606.374768370548,1784957749276,Default Profile,true
2026-07-25T06:34:27.000Z,12.182008333333332,75.46519166666667,6.099999999999994,3.2,153.95,4.7539744,21,gps,1.26,2.07,2.42,-89.4,,,,74,,1784961267000,2026-07-25T12:04:27.000+05:30,19638.383444454368,1784957749276,Default Profile,true
2026-07-25T06:34:32.000Z,12.181761666666667,75.465305,22.89999999999999,2.9,156.94,6.28167,21,gps,0.93,1.39,1.67,-89.4,,,,74,,1784961272000,2026-07-25T12:04:32.000+05:30,19668.450716275358,1784957749276,Default Profile,true
2026-07-25T06:34:37.000Z,12.18142,75.46542833333334,16.0,2.7,172.37,6.2677727,22,gps,0.80,0.83,1.16,-89.4,,,,74,,1784961277000,2026-07-25T12:04:37.000+05:30,19708.737965486725,1784957749276,Default Profile,true
2026-07-25T06:34:43.000Z,12.181151666666665,75.46537166666667,11.799999999999997,2.7,237.47,4.874934,26,gps,0.67,0.75,1.01,-89.4,,,,74,,1784961283000,2026-07-25T12:04:43.000+05:30,19739.20434448481,1784957749276,Default Profile,true
2026-07-25T06:34:48.000Z,12.181098333333333,75.46508666666666,10.299999999999997,2.5,276.48,6.2899055,25,gps,0.69,0.77,1.04,-89.4,,,,74,,1784961288000,2026-07-25T12:04:48.000+05:30,19770.74396374487,1784957749276,Default Profile,true
2026-07-25T06:34:53.000Z,12.181011666666667,75.46482666666667,10.399999999999991,2.5,230.31,5.738638,28,gps,0.67,0.81,1.05,-89.4,,,,74,,1784961293000,2026-07-25T12:04:53.000+05:30,19800.601705649024,1784957749276,Default Profile,true
2026-07-25T06:34:59.000Z,12.180816666666665,75.464655,8.5,2.4,210.79,2.9318578,32,gps,0.58,0.74,0.94,-89.4,,,,74,,1784961299000,2026-07-25T12:04:59.000+05:30,19829.20765579001,1784957749276,Default Profile,true
2026-07-25T06:35:04.000Z,12.180798333333334,75.46462666666666,6.199999999999989,2.2,210.79,0.0,32,gps,0.56,0.70,0.89,-89.4,,,,74,,1784961304000,2026-07-25T12:05:04.000+05:30,19832.900849787937,1784957749276,Default Profile,true
2026-07-25T06:35:10.000Z,12.180738333333332,75.46461666666667,4.3999999999999915,2.2,188.46,2.8345752,32,gps,0.57,0.72,0.92,-89.4,,,,74,,1784961310000,2026-07-25T12:05:10.000+05:30,19839.660502729967,1784957749276,Default Profile,true
2026-07-25T06:35:16.000Z,12.180418333333334,75.46457166666667,4.3999999999999915,2.3,183.15,7.849514,29,gps,0.60,0.76,0.97,-89.4,,,,74,,1784961316000,2026-07-25T12:05:16.000+05:30,19875.577471068736,1784957749276,Default Profile,true
2026-07-25T06:35:22.000Z,12.17991,75.46452833333333,0.5999999999999943,2.6,178.73,10.081864,31,gps,0.55,1.06,1.19,-89.4,,,,74,,1784961322000,2026-07-25T12:05:22.000+05:30,19932.297453362284,1784957749276,Default Profile,true
2026-07-25T06:35:28.000Z,12.17936,75.464575,-1.2000000000000028,2.7,173.27,9.473462,34,gps,0.55,0.95,1.10,-89.4,,,,74,,1784961328000,2026-07-25T12:05:28.000+05:30,19993.66464710964,1784957749276,Default Profile,true
2026-07-25T06:35:34.000Z,12.178828333333335,75.464555,0.5999999999999943,2.6,179.55,9.445153,33,gps,0.53,1.04,1.17,-89.4,,,,74,,1784961334000,2026-07-25T12:05:34.000+05:30,20052.823236722274,1784957749276,Default Profile,true
2026-07-25T06:35:39.000Z,12.178406666666667,75.464575,-1.6000000000000085,2.5,185.14,9.143525,36,gps,0.51,0.95,1.08,-89.4,,,,74,,1784961339000,2026-07-25T12:05:39.000+05:30,20099.760797237734,1784957749276,Default Profile,true
2026-07-25T06:35:45.000Z,12.177979999999998,75.46437166666666,7.3999999999999915,2.2,225.18,8.494461,37,gps,0.50,0.84,0.98,-89.4,,,,74,,1784961345000,2026-07-25T12:05:45.000+05:30,20152.099130241124,1784957749276,Default Profile,true
2026-07-25T06:35:51.000Z,12.177573333333331,75.46417666666666,9.799999999999997,2.5,193.61,8.834692,36,gps,0.52,0.88,1.02,-89.4,,,,74,,1784961351000,2026-07-25T12:05:51.000+05:30,20202.039238829104,1784957749276,Default Profile,true
2026-07-25T06:35:57.000Z,12.177065,75.46409333333332,-3.1000000000000085,2.5,181.53,8.804323,34,gps,0.53,0.92,1.06,-89.4,,,,74,,1784961357000,2026-07-25T12:05:57.000+05:30,20259.284459585957,1784957749276,Default Profile,true
2026-07-25T06:36:03.000Z,12.176613333333334,75.46409666666666,-8.400000000000006,2.8,178.06,7.3965583,32,gps,0.57,0.99,1.14,-89.4,,,,74,,1784961363000,2026-07-25T12:06:03.000+05:30,20309.50880829674,1784957749276,Default Profile,true
2026-07-25T06:36:09.000Z,12.176196666666666,75.46417,-11.300000000000011,2.6,169.4,7.57877,29,gps,0.63,1.13,1.30,-89.4,,,,74,,1784961369000,2026-07-25T12:06:09.000+05:30,20356.520682140956,1784957749276,Default Profile,true
2026-07-25T06:36:15.000Z,12.175771666666666,75.46432833333333,-17.30000000000001,2.5,163.28,8.671525,27,gps,0.66,1.18,1.35,-89.4,,,,74,,1784961375000,2026-07-25T12:06:15.000+05:30,20406.8146312585,1784957749276,Default Profile,true
2026-07-25T06:36:20.000Z,12.175411666666665,75.46451166666667,-20.700000000000003,2.8,140.76,8.46718,28,gps,0.71,1.22,1.41,-89.4,,,,74,,1784961380000,2026-07-25T12:06:20.000+05:30,20451.530480296624,1784957749276,Default Profile,true
2026-07-25T06:36:26.000Z,12.175061666666666,75.464905,-30.000000000000007,3.0,142.36,9.346841,25,gps,0.76,1.22,1.44,-89.4,,,,74,,1784961386000,2026-07-25T12:06:26.000+05:30,20509.34431382493,1784957749276,Default Profile,true
2026-07-25T06:36:31.000Z,12.174624999999999,75.46504499999999,-28.000000000000007,2.7,165.88,9.69222,24,gps,0.67,1.36,1.51,-89.4,,,,74,,1784961391000,2026-07-25T12:06:31.000+05:30,20560.228116946317,1784957749276,Default Profile,true
2026-07-25T06:36:37.000Z,12.174095,75.465105,-31.400000000000006,2.9,161.52,9.718471,24,gps,0.68,1.21,1.39,-89.4,,,,74,,1784961397000,2026-07-25T12:06:37.000+05:30,20619.521178086106,1784957749276,Default Profile,true
2026-07-25T06:36:42.000Z,12.173688333333333,75.46528333333335,-38.10000000000001,2.7,159.19,9.531112,25,gps,0.68,1.16,1.35,-89.4,,,,74,,1784961402000,2026-07-25T12:06:42.000+05:30,20668.71991117144,1784957749276,Default Profile,true
2026-07-25T06:36:47.000Z,12.173278333333334,75.46543,-41.2,2.7,163.53,9.681925,26,gps,0.66,1.08,1.27,-89.4,,,,74,,1784961407000,2026-07-25T12:06:47.000+05:30,20717.01674277015,1784957749276,Default Profile,true
2026-07-25T06:36:53.000Z,12.172741666666665,75.46561833333334,-42.800000000000004,2.6,161.13,11.012997,32,gps,0.55,0.69,0.88,-89.4,,,,74,,1784961413000,2026-07-25T12:06:53.000+05:30,20780.10489220987,1784957749276,Default Profile,true
2026-07-25T06:36:59.000Z,12.172228333333331,75.46584833333333,-47.10000000000001,2.6,148.47,9.218675,27,gps,0.62,0.74,0.96,-89.4,,,,74,,1784961419000,2026-07-25T12:06:59.000+05:30,20842.41962212558,1784957749276,Default Profile,true
2026-07-25T06:37:04.000Z,12.17183,75.46598666666667,-55.7,2.6,167.77,8.284454,28,gps,0.59,1.05,1.21,-89.4,,,,74,,1784961424000,2026-07-25T12:07:04.000+05:30,20889.194878817692,1784957749276,Default Profile,true
2026-07-25T06:37:10.000Z,12.171416666666667,75.46598,-53.300000000000004,2.5,188.57,6.7773476,29,gps,0.61,0.96,1.14,-89.4,,,,74,,1784961430000,2026-07-25T12:07:10.000+05:30,20935.16116060959,1784957749276,Default Profile,true
2026-07-25T06:37:16.000Z,12.171038333333335,75.46580166666666,-53.800000000000004,2.6,215.08,8.172245,29,gps,0.63,0.92,1.12,-89.4,,,,74,,1784961436000,2026-07-25T12:07:16.000+05:30,20981.48091854045,1784957749276,Default Profile,true
2026-07-25T06:37:22.000Z,12.17067,75.46556000000001,-49.00000000000001,2.5,220.45,8.61645,22,gps,0.74,0.76,1.06,-89.4,,,,74,,1784961442000,2026-07-25T12:07:22.000+05:30,21030.13760264754,1784957749276,Default Profile,true
2026-07-25T06:37:28.000Z,12.170226666666668,75.46527833333333,-50.400000000000006,2.6,206.92,7.987974,21,gps,0.87,1.43,1.67,-89.4,,,,74,,1784961448000,2026-07-25T12:07:28.000+05:30,21088.167552919567,1784957749276,Default Profile,true
2026-07-25T06:37:33.000Z,12.170009999999998,75.46511666666667,-51.7,2.6,218.21,4.795667,23,gps,0.72,0.77,1.05,-89.4,,,,74,,1784961453000,2026-07-25T12:07:33.000+05:30,21117.98749255723,1784957749276,Default Profile,true
2026-07-25T06:37:38.000Z,12.169855,75.46495833333333,-51.00000000000001,2.6,220.49,6.7166104,26,gps,0.60,0.72,0.94,-89.4,,,,75,,1784961458000,2026-07-25T12:07:38.000+05:30,21142.344085102013,1784957749276,Default Profile,true
2026-07-25T06:37:44.000Z,12.169656666666667,75.46462166666667,-49.60000000000001,2.4,248.87,7.246774,28,gps,0.57,0.68,0.89,-89.4,,,,75,,1784961464000,2026-07-25T12:07:44.000+05:30,21185.0700736864,1784957749276,Default Profile,true
2026-07-25T06:37:50.000Z,12.169518333333334,75.46415499999999,-47.300000000000004,2.4,251.61,8.484681,25,gps,0.59,0.72,0.93,-89.4,,,,75,,1784961470000,2026-07-25T12:07:50.000+05:30,21238.07589505242,1784957749276,Default Profile,true
2026-07-25T06:37:55.000Z,12.169403333333332,75.46381,-46.10000000000001,2.4,248.94,8.008048,27,gps,0.58,1.04,1.19,-89.4,,,,75,,1784961475000,2026-07-25T12:07:55.000+05:30,21277.696371396603,1784957749276,Default Profile,true
2026-07-25T06:38:01.000Z,12.169329999999999,75.46338666666666,-46.800000000000004,2.4,261.3,8.038932,30,gps,0.54,1.01,1.15,-89.4,,,,75,,1784961481000,2026-07-25T12:08:01.000+05:30,21324.42803978094,1784957749276,Default Profile,true
2026-07-25T06:38:07.000Z,12.169226666666669,75.46302166666666,-46.800000000000004,2.3,234.9,5.578045,28,gps,0.55,0.99,1.13,-89.4,,,,75,,1784961487000,2026-07-25T12:08:07.000+05:30,21365.73252766948,1784957749276,Default Profile,true
2026-07-25T06:38:12.000Z,12.169031666666667,75.46292166666667,-50.2,2.3,181.61,5.3561993,29,gps,0.53,0.70,0.88,-89.4,,,,75,,1784961492000,2026-07-25T12:08:12.000+05:30,21389.987462886624,1784957749276,Default Profile,true
2026-07-25T06:38:17.000Z,12.168784999999998,75.46296333333333,-50.50000000000001,2.4,169.29,6.281155,30,gps,0.53,0.92,1.06,-89.4,,,,75,,1784961497000,2026-07-25T12:08:17.000+05:30,21417.78695349473,1784957749276,Default Profile,true
2026-07-25T06:38:22.000Z,12.168483333333333,75.463015,-51.300000000000004,2.5,172.36,6.050045,31,gps,0.53,1.00,1.13,-89.4,,,,75,,1784961502000,2026-07-25T12:08:22.000+05:30,21451.797628714798,1784957749276,Default Profile,true
2026-07-25T06:38:28.000Z,12.168231666666667,75.46302666666666,-52.7,2.5,179.92,3.7363687,28,gps,0.61,0.75,0.96,-89.4,,,,75,,1784961508000,2026-07-25T12:08:28.000+05:30,21479.810403798896,1784957749276,Default Profile,true
2026-07-25T06:38:33.000Z,12.168046666666665,75.46304166666667,-60.900000000000006,2.5,184.94,2.2730134,22,gps,0.66,1.45,1.59,-89.4,,,,75,,1784961513000,2026-07-25T12:08:33.000+05:30,21500.445978398628,1784957749276,Default Profile,true
2026-07-25T06:38:39.000Z,12.168033333333335,75.46301333333334,-56.10000000000001,2.6,184.94,0.0,22,gps,0.66,0.82,1.05,-89.4,,,,75,,1784961519000,2026-07-25T12:08:39.000+05:30,21503.86400577267,1784957749276,Default Profile,true
2026-07-25T06:38:45.000Z,12.168033333333335,75.46301333333334,-56.10000000000001,2.4,184.94,0.0,24,gps,0.64,0.74,0.98,-89.4,,,,75,,1784961525000,2026-07-25T12:08:45.000+05:30,21503.86400577267,1784957749276,Default Profile,true
2026-07-25T06:38:50.000Z,12.168033333333335,75.46301333333334,-56.10000000000001,2.4,184.94,0.0,25,gps,0.63,0.79,1.01,-89.4,,,,75,,1784961530000,2026-07-25T12:08:50.000+05:30,21503.86400577267,1784957749276,Default Profile,true
2026-07-25T06:38:56.000Z,12.168033333333335,75.46301333333334,-56.10000000000001,2.3,184.94,0.0,26,gps,0.60,0.74,0.96,-89.4,,,,75,,1784961536000,2026-07-25T12:08:56.000+05:30,21503.86400577267,1784957749276,Default Profile,true
2026-07-25T06:39:01.000Z,12.168033333333335,75.46301333333334,-56.10000000000001,2.4,184.94,0.0,24,gps,0.67,0.78,1.03,-89.4,,,,75,,1784961541000,2026-07-25T12:09:01.000+05:30,21503.86400577267,1784957749276,Default Profile,true
2026-07-25T06:39:07.000Z,12.168033333333335,75.46301333333334,-56.10000000000001,2.4,184.94,0.0,25,gps,0.67,0.82,1.05,-89.4,,,,75,,1784961547000,2026-07-25T12:09:07.000+05:30,21503.86400577267,1784957749276,Default Profile,true
2026-07-25T06:39:13.000Z,12.168033333333335,75.46301333333334,-56.10000000000001,2.3,184.94,0.0,28,gps,0.61,0.73,0.95,-89.4,,,,75,,1784961553000,2026-07-25T12:09:13.000+05:30,21503.86400577267,1784957749276,Default Profile,true
2026-07-25T06:39:18.000Z,12.168033333333335,75.46301333333334,-56.10000000000001,2.3,184.94,0.0,26,gps,0.61,0.76,0.98,-89.4,,,,75,,1784961558000,2026-07-25T12:09:18.000+05:30,21503.86400577267,1784957749276,Default Profile,true
2026-07-25T06:39:23.000Z,12.168033333333335,75.46301333333334,-56.10000000000001,2.3,184.94,0.0,27,gps,0.60,0.76,0.97,-89.4,,,,75,,1784961563000,2026-07-25T12:09:23.000+05:30,21503.86400577267,1784957749276,Default Profile,true
2026-07-25T06:39:29.000Z,12.168033333333335,75.46301333333334,-56.10000000000001,2.3,184.94,0.0,28,gps,0.58,0.73,0.93,-89.4,,,,75,,1784961569000,2026-07-25T12:09:29.000+05:30,21503.86400577267,1784957749276,Default Profile,true
2026-07-25T06:39:35.000Z,12.168033333333335,75.46301333333334,-56.10000000000001,2.3,184.94,0.0,30,gps,0.56,0.71,0.91,-89.4,,,,75,,1784961575000,2026-07-25T12:09:35.000+05:30,21503.86400577267,1784957749276,Default Profile,true
2026-07-25T06:39:40.000Z,12.168033333333335,75.46301333333334,-56.10000000000001,2.3,184.94,0.0,30,gps,0.56,0.69,0.89,-89.4,,,,75,,1784961580000,2026-07-25T12:09:40.000+05:30,21503.86400577267,1784957749276,Default Profile,true
2026-07-25T06:39:46.000Z,12.168033333333335,75.46301333333334,-56.10000000000001,2.3,184.94,0.0,30,gps,0.58,0.72,0.93,-89.4,,,,75,,1784961586000,2026-07-25T12:09:46.000+05:30,21503.86400577267,1784957749276,Default Profile,true
2026-07-25T06:39:51.000Z,12.168033333333335,75.46301333333334,-56.10000000000001,2.2,184.94,0.0,30,gps,0.57,0.71,0.91,-89.4,,,,75,,1784961591000,2026-07-25T12:09:51.000+05:30,21503.86400577267,1784957749276,Default Profile,true
2026-07-25T06:39:56.000Z,12.167956666666665,75.46293,-44.800000000000004,2.3,220.35,1.6424786,27,gps,0.62,0.74,0.97,-89.4,,,,75,,1784961596000,2026-07-25T12:09:56.000+05:30,21516.30278564961,1784957749276,Default Profile,true
2026-07-25T06:40:02.000Z,12.167798333333334,75.46272,-45.10000000000001,2.5,239.36,6.553958,28,gps,0.65,1.28,1.43,-89.4,,,,75,,1784961602000,2026-07-25T12:10:02.000+05:30,21545.12999699248,1784957749276,Default Profile,true
2026-07-25T06:40:07.000Z,12.167583333333335,75.46237166666667,-47.800000000000004,2.4,237.4,6.4777794,32,gps,0.55,0.70,0.89,-89.4,,,,75,,1784961607000,2026-07-25T12:10:07.000+05:30,21589.908663719285,1784957749276,Default Profile,true
2026-07-25T06:40:12.000Z,12.167433333333333,75.46217166666666,-45.2,2.4,234.15,3.7847526,32,gps,0.58,0.99,1.14,-89.4,,,,75,,1784961612000,2026-07-25T12:10:12.000+05:30,21617.309366218713,1784957749276,Default Profile,true
2026-07-25T06:40:17.000Z,12.16727,75.46198333333334,-43.800000000000004,2.2,228.06,6.307406,36,gps,0.51,0.63,0.82,-89.4,,,,75,,1784961617000,2026-07-25T12:10:17.000+05:30,21644.675872321535,1784957749276,Default Profile,true
2026-07-25T06:40:22.000Z,12.167036666666668,75.46176166666667,-42.00000000000001,2.3,217.41,6.3104944,32,gps,0.56,1.02,1.16,-89.4,,,,75,,1784961622000,2026-07-25T12:10:22.000+05:30,21680.083704912235,1784957749276,Default Profile,true
2026-07-25T06:40:28.000Z,12.166875000000001,75.46160499999999,-42.50000000000001,2.2,226.06,1.4520314,33,gps,0.51,0.90,1.04,-89.4,,,,75,,1784961628000,2026-07-25T12:10:28.000+05:30,21704.845565752712,1784957749276,Default Profile,true
2026-07-25T06:40:34.000Z,12.166863333333334,75.46158666666666,-42.7,2.4,226.06,0.0,33,gps,0.52,0.68,0.85,-89.4,,,,75,,1784961634000,2026-07-25T12:10:34.000+05:30,21707.223401860145,1784957749276,Default Profile,true
2026-07-25T06:40:39.000Z,12.166783333333335,75.46154,-49.00000000000001,2.3,224.23,3.5351121,30,gps,0.53,0.91,1.05,-89.4,,,,75,,1784961639000,2026-07-25T12:10:39.000+05:30,21717.46362904676,1784957749276,Default Profile,true
2026-07-25T06:40:45.000Z,12.166591666666667,75.46134333333333,-52.50000000000001,2.4,228.44,3.783723,32,gps,0.54,0.97,1.11,-89.4,,,,75,,1784961645000,2026-07-25T12:10:45.000+05:30,21747.649700855447,1784957749276,Default Profile,true
2026-07-25T06:40:50.000Z,12.166540000000001,75.46128333333333,-54.2,2.6,229.58,0.0,30,gps,0.58,0.71,0.92,-89.4,,,,75,,1784961650000,2026-07-25T12:10:50.000+05:30,21756.34109191066,1784957749276,Default Profile,true
2026-07-25T06:40:55.000Z,12.166398333333332,75.46114833333333,-56.300000000000004,2.6,228.94,5.795772,24,gps,0.70,1.26,1.44,-89.4,,,,75,,1784961655000,2026-07-25T12:10:55.000+05:30,21777.869575418754,1784957749276,Default Profile,true
2026-07-25T06:41:01.000Z,12.166135,75.46088666666667,-51.7,2.5,221.18,7.977165,29,gps,0.59,1.00,1.16,-89.4,,,,75,,1784961661000,2026-07-25T12:11:01.000+05:30,21818.690806565428,1784957749276,Default Profile,true
2026-07-25T06:41:06.000Z,12.165816666666668,75.46064166666666,-53.300000000000004,2.4,210.93,9.091538,28,gps,0.60,1.00,1.17,-89.4,,,,75,,1784961666000,2026-07-25T12:11:06.000+05:30,21862.987048468545,1784957749276,Default Profile,true
2026-07-25T06:41:12.000Z,12.165473333333333,75.46027666666667,-55.00000000000001,2.4,239.97,9.573833,30,gps,0.59,0.94,1.11,-89.4,,,,75,,1784961672000,2026-07-25T12:11:12.000+05:30,21918.046634180308,1784957749276,Default Profile,true
2026-07-25T06:41:17.000Z,12.165389999999999,75.45979000000001,-57.900000000000006,2.7,274.94,11.633752,34,gps,0.53,0.86,1.01,-89.4,,,,75,,1784961677000,2026-07-25T12:11:17.000+05:30,21971.751688940665,1784957749276,Default Profile,true
2026-07-25T06:41:22.000Z,12.165569999999999,75.45919833333333,-61.10000000000001,2.5,289.07,13.636536,33,gps,0.55,0.68,0.87,-89.4,,,,75,,1784961682000,2026-07-25T12:11:22.000+05:30,22039.107091908056,1784957749276,Default Profile,true
2026-07-25T06:41:28.000Z,12.165618333333335,75.45857666666667,-59.2,2.6,249.58,12.520618,30,gps,0.58,0.73,0.93,-89.4,,,,75,,1784961688000,2026-07-25T12:11:28.000+05:30,22106.894266266372,1784957749276,Default Profile,true
2026-07-25T06:41:34.000Z,12.165253333333332,75.45805999999999,-62.00000000000001,2.6,238.42,10.696443,26,gps,0.80,1.46,1.67,-89.4,,,,75,,1784961694000,2026-07-25T12:11:34.000+05:30,22176.18526954128,1784957749276,Default Profile,true
2026-07-25T06:41:40.000Z,12.164861666666665,75.45761333333333,-63.2,2.6,212.4,11.424774,32,gps,0.71,1.14,1.34,-89.4,,,,75,,1784961700000,2026-07-25T12:11:40.000+05:30,22241.407922185976,1784957749276,Default Profile,true
2026-07-25T06:41:45.000Z,12.1644,75.45743166666666,-54.300000000000004,2.4,189.86,11.0413065,29,gps,0.77,1.26,1.48,-89.4,,,,75,,1784961705000,2026-07-25T12:11:45.000+05:30,22296.409911261606,1784957749276,Default Profile,true
2026-07-25T06:41:50.000Z,12.163936666666666,75.45728333333334,-53.800000000000004,2.3,201.37,10.375771,33,gps,0.54,0.99,1.12,-89.4,,,,75,,1784961710000,2026-07-25T12:11:50.000+05:30,22350.394289852036,1784957749276,Default Profile,true
2026-07-25T06:41:56.000Z,12.163396666666666,75.45712,-53.900000000000006,2.4,188.56,10.779827,31,gps,0.56,0.98,1.13,-89.4,,,,75,,1784961716000,2026-07-25T12:11:56.000+05:30,22413.009314737774,1784957749276,Default Profile,true
2026-07-25T06:42:01.000Z,12.162943333333333,75.45707,-53.60000000000001,2.3,185.63,9.925388,35,gps,0.52,0.65,0.83,-89.4,,,,75,,1784961721000,2026-07-25T12:12:01.000+05:30,22463.709827506256,1784957749276,Default Profile,true
2026-07-25T06:42:07.000Z,12.162598333333335,75.45696666666666,-48.00000000000001,2.5,207.42,3.3667982,31,gps,0.59,1.15,1.29,-89.4,,,,75,,1784961727000,2026-07-25T12:12:07.000+05:30,22503.682631254815,1784957749276,Default Profile,true
2026-07-25T06:42:13.000Z,12.16262,75.45697,-45.800000000000004,2.4,214.16,0.0,33,gps,0.51,0.69,0.86,-89.4,,,,75,,1784961733000,2026-07-25T12:12:13.000+05:30,22506.11894824398,1784957749276,Default Profile,true
2026-07-25T06:42:19.000Z,12.162495000000002,75.456915,-42.60000000000001,2.4,206.33,5.86423,34,gps,0.51,0.90,1.04,-89.4,,,,75,,1784961739000,2026-07-25T12:12:19.000+05:30,22521.24951958849,1784957749276,Default Profile,true
2026-07-25T06:42:25.000Z,12.162096666666665,75.45674666666667,-39.10000000000001,2.3,201.03,8.334897,29,gps,0.59,0.98,1.14,-89.4,,,,75,,1784961745000,2026-07-25T12:12:25.000+05:30,22569.172831304164,1784957749276,Default Profile,true
2026-07-25T06:42:31.000Z,12.161576666666667,75.45648166666666,-37.50000000000001,2.6,209.27,11.769124,30,gps,0.61,1.17,1.32,-89.4,,,,75,,1784961751000,2026-07-25T12:12:31.000+05:30,22633.77202849059,1784957749276,Default Profile,true
2026-07-25T06:42:37.000Z,12.161041666666666,75.45608999999999,-35.00000000000001,2.7,216.25,12.129944,28,gps,0.69,0.79,1.05,-89.4,,,,75,,1784961757000,2026-07-25T12:12:37.000+05:30,22706.926106804432,1784957749276,Default Profile,true
2026-07-25T06:42:43.000Z,12.160566666666666,75.45563833333334,-44.10000000000001,2.7,228.09,10.690266,27,gps,0.79,1.34,1.55,-89.4,,,,75,,1784961763000,2026-07-25T12:12:43.000+05:30,22779.037963003753,1784957749276,Default Profile,true
2026-07-25T06:42:49.000Z,12.160059999999998,75.455335,-41.800000000000004,2.9,193.73,12.045014,26,gps,0.69,0.82,1.07,-89.4,,,,75,,1784961769000,2026-07-25T12:12:49.000+05:30,22844.31605842641,1784957749276,Default Profile,true
2026-07-25T06:42:55.000Z,12.159426666666665,75.45521666666667,-37.7,2.8,196.63,9.56148,28,gps,0.60,1.11,1.26,-89.4,,,,75,,1784961775000,2026-07-25T12:12:55.000+05:30,22915.904575757017,1784957749276,Default Profile,true
2026-07-25T06:43:00.000Z,12.159214999999998,75.45511666666667,-35.50000000000001,2.8,200.1,2.6384661,29,gps,0.58,1.10,1.24,-89.4,,,,75,,1784961780000,2026-07-25T12:13:00.000+05:30,22941.829721066868,1784957749276,Default Profile,true
2026-07-25T06:43:06.000Z,12.159255,75.45512833333333,-36.2,2.6,200.1,0.0,29,gps,0.58,0.73,0.93,-89.4,,,,75,,1784961786000,2026-07-25T12:13:06.000+05:30,22946.454778544583,1784957749276,Default Profile,true
2026-07-25T06:43:12.000Z,12.15915,75.45511333333334,-34.50000000000001,2.5,210.79,4.5146284,26,gps,0.66,1.17,1.35,-89.4,,,,75,,1784961792000,2026-07-25T12:13:12.000+05:30,22958.243548034698,1784957749276,Default Profile,true
2026-07-25T06:43:17.000Z,12.158903333333335,75.45499166666667,-39.7,2.6,205.84,8.001872,30,gps,0.57,1.01,1.16,-89.4,,,,75,,1784961797000,2026-07-25T12:13:17.000+05:30,22988.693608898324,1784957749276,Default Profile,true
2026-07-25T06:43:22.000Z,12.158421666666667,75.45482166666667,-40.900000000000006,2.7,192.85,12.129944,30,gps,0.56,0.70,0.89,-89.4,,,,75,,1784961802000,2026-07-25T12:13:22.000+05:30,23045.350752840764,1784957749276,Default Profile,true
2026-07-25T06:43:28.000Z,12.157884999999998,75.454655,-39.00000000000001,2.4,203.6,10.106056,32,gps,0.57,0.71,0.91,-89.4,,,,75,,1784961808000,2026-07-25T12:13:28.000+05:30,23107.714826863583,1784957749276,Default Profile,true
2026-07-25T06:43:34.000Z,12.157420000000002,75.45429,-34.400000000000006,2.5,223.34,11.254401,29,gps,0.70,1.17,1.36,-89.4,,,,75,,1784961814000,2026-07-25T12:13:34.000+05:30,23172.888811965,1784957749276,Default Profile,true
2026-07-25T06:43:40.000Z,12.156876666666669,75.45399166666667,-32.7,2.8,192.81,11.277564,28,gps,0.78,1.13,1.37,-89.4,,,,75,,1784961820000,2026-07-25T12:13:40.000+05:30,23241.45801263928,1784957749276,Default Profile,true
2026-07-25T06:43:46.000Z,12.156308333333333,75.45383666666666,-32.7,2.6,203.58,10.14569,26,gps,0.85,1.27,1.53,-89.4,,,,75,,1784961826000,2026-07-25T12:13:46.000+05:30,23306.861274065905,1784957749276,Default Profile,true
2026-07-25T06:43:52.000Z,12.155733333333334,75.45369000000001,-28.800000000000004,3.1,168.14,10.693869,22,gps,1.36,2.56,2.90,-89.4,,,,75,,1784961832000,2026-07-25T12:13:52.000+05:30,23372.756092523417,1784957749276,Default Profile,true
2026-07-25T06:43:58.000Z,12.155229999999998,75.453945,-22.900000000000006,2.8,157.75,10.045834,24,gps,0.79,0.77,1.10,-89.4,,,,75,,1784961838000,2026-07-25T12:13:58.000+05:30,23435.2122529738,1784957749276,Default Profile,true
2026-07-25T06:44:04.000Z,12.154676666666667,75.45394166666667,-18.700000000000003,3.1,202.16,11.983248,24,gps,0.77,0.81,1.11,-89.4,,,,75,,1784961844000,2026-07-25T12:14:04.000+05:30,23496.741179294102,1784957749276,Default Profile,true
2026-07-25T06:44:10.000Z,12.153968333333333,75.45352333333334,-19.599999999999994,3.3,205.67,14.908929,17,gps,1.42,2.55,2.92,-89.5,,,,75,,1784961850000,2026-07-25T12:14:10.000+05:30,23587.688917470718,1784957749276,Default Profile,true
2026-07-25T06:44:16.000Z,12.153303333333334,75.45303666666668,-19.700000000000003,3.4,213.4,14.51774,19,gps,1.40,2.66,3.00,-89.5,,,,75,,1784961856000,2026-07-25T12:14:16.000+05:30,23678.608803408577,1784957749276,Default Profile,true
2026-07-25T06:44:21.000Z,12.152763333333333,75.452635,-13.900000000000006,2.8,226.97,14.315969,23,gps,0.85,1.35,1.60,-89.5,,,,75,,1784961861000,2026-07-25T12:14:21.000+05:30,23752.85052338642,1784957749276,Default Profile,true
2026-07-25T06:44:26.000Z,12.152353333333334,75.45206333333334,-9.5,2.7,239.46,15.296515,28,gps,0.60,1.09,1.24,-89.5,,,,75,,1784961866000,2026-07-25T12:14:26.000+05:30,23829.922320743415,1784957749276,Default Profile,true
2026-07-25T06:44:32.000Z,12.151820000000003,75.45132666666667,-12.299999999999997,2.7,222.75,16.11132,30,gps,0.55,1.09,1.22,-89.5,,,,75,,1784961872000,2026-07-25T12:14:32.000+05:30,23929.569004657784,1784957749276,Default Profile,true
2026-07-25T06:44:38.000Z,12.151183333333332,75.45068166666667,-21.599999999999994,3.0,219.86,14.810102,26,gps,0.63,0.79,1.01,-89.5,,,,75,,1784961878000,2026-07-25T12:14:38.000+05:30,24029.207088068873,1784957749276,Default Profile,true
2026-07-25T06:44:44.000Z,12.150465,75.45029666666666,-32.3,2.7,207.17,13.400278,29,gps,0.61,1.32,1.45,-89.5,,,,75,,1784961884000,2026-07-25T12:14:44.000+05:30,24119.38204485308,1784957749276,Default Profile,true
2026-07-25T06:44:50.000Z,12.149965000000002,75.44982833333333,-38.7,2.6,236.09,11.911187,29,gps,0.65,0.77,1.01,-89.5,,,,75,,1784961890000,2026-07-25T12:14:50.000+05:30,24194.766919239817,1784957749276,Default Profile,true
2026-07-25T06:44:56.000Z,12.149659999999999,75.44942833333333,-43.8,2.7,237.3,6.46697,26,gps,0.63,1.26,1.41,-89.5,,,,75,,1784961896000,2026-07-25T12:14:56.000+05:30,24249.91080044672,1784957749276,Default Profile,true
2026-07-25T06:45:02.000Z,12.149671666666666,75.44939666666667,-35.7,2.5,249.52,0.0,27,gps,0.63,0.75,0.99,-89.5,,,,75,,1784961902000,2026-07-25T12:15:02.000+05:30,24253.589436985545,1784957749276,Default Profile,true
2026-07-25T06:45:08.000Z,12.149618333333335,75.44931833333334,-37.6,2.5,238.17,4.055496,27,gps,0.62,1.11,1.27,-89.5,,,,75,,1784961908000,2026-07-25T12:15:08.000+05:30,24263.966224472595,1784957749276,Default Profile,true
2026-07-25T06:45:13.000Z,12.149495000000002,75.449065,-34.3,2.4,243.33,6.791245,34,gps,0.53,0.88,1.02,-89.5,,,,75,,1784961913000,2026-07-25T12:15:13.000+05:30,24294.73049145408,1784957749276,Default Profile,true
2026-07-25T06:45:18.000Z,12.149393333333334,75.44868333333334,-32.0,2.2,254.94,9.56251,35,gps,0.53,0.91,1.06,-89.5,,,,75,,1784961918000,2026-07-25T12:15:18.000+05:30,24337.731917260906,1784957749276,Default Profile,true
2026-07-25T06:45:24.000Z,12.149148333333335,75.44810000000001,-32.3,2.5,238.4,12.3512745,34,gps,0.53,0.91,1.06,-89.5,,,,75,,1784961924000,2026-07-25T12:15:24.000+05:30,24406.747233219045,1784957749276,Default Profile,true
2026-07-25T06:45:30.000Z,12.148691666666666,75.44744999999999,-37.7,2.2,234.92,14.529064,38,gps,0.49,0.61,0.78,-89.5,,,,75,,1784961930000,2026-07-25T12:15:30.000+05:30,24493.75906897719,1784957749276,Default Profile,true
2026-07-25T06:45:36.000Z,12.148191666666666,75.44683666666667,-38.2,2.4,229.36,13.8274975,39,gps,0.47,0.75,0.88,-89.5,,,,75,,1784961936000,2026-07-25T12:15:36.000+05:30,24580.570759795068,1784957749276,Default Profile,true
2026-07-25T06:45:42.000Z,12.147718333333334,75.44623833333334,-37.9,2.7,239.03,13.030193,36,gps,0.51,0.64,0.81,-89.5,,,,76,,1784961942000,2026-07-25T12:15:42.000+05:30,24664.24030898218,1784957749276,Default Profile,true
2026-07-25T06:45:47.000Z,12.147621666666664,75.44571333333333,-43.9,2.6,272.22,12.22002,30,gps,0.58,1.04,1.19,-89.5,,,,76,,1784961947000,2026-07-25T12:15:47.000+05:30,24722.313909557237,1784957749276,Default Profile,true
2026-07-25T06:45:52.000Z,12.147831666666665,75.44520333333334,-47.3,2.6,294.77,12.032146,24,gps,0.90,1.38,1.65,-89.5,,,,76,,1784961952000,2026-07-25T12:15:52.000+05:30,24782.47049256964,1784957749276,Default Profile,true
2026-07-25T06:45:58.000Z,12.147983333333332,75.44467,-53.1,2.7,276.16,10.077231,28,gps,0.71,1.01,1.24,-89.5,,,,76,,1784961958000,2026-07-25T12:15:58.000+05:30,24842.849550082177,1784957749276,Default Profile,true
2026-07-25T06:46:04.000Z,12.14786,75.44401166666667,-60.5,2.7,260.28,10.950715,27,gps,0.70,1.03,1.25,-89.5,,,,76,,1784961964000,2026-07-25T12:16:04.000+05:30,24915.715859964897,1784957749276,Default Profile,true
2026-07-25T06:46:09.000Z,12.147668333333336,75.44361666666667,-66.1,2.6,230.84,9.261397,30,gps,0.67,0.71,0.98,-89.5,,,,76,,1784961969000,2026-07-25T12:16:09.000+05:30,24963.65260601119,1784957749276,Default Profile,true
2026-07-25T06:46:14.000Z,12.147336666666668,75.44326833333334,-63.0,2.4,232.62,10.861669,30,gps,0.62,0.96,1.14,-89.5,,,,76,,1784961974000,2026-07-25T12:16:14.000+05:30,25016.51010290748,1784957749276,Default Profile,true
2026-07-25T06:46:20.000Z,12.146896666666665,75.44295833333334,-67.0,2.3,202.03,8.554684,31,gps,0.54,0.88,1.03,-89.5,,,,76,,1784961980000,2026-07-25T12:16:20.000+05:30,25075.91826677871,1784957749276,Default Profile,true
2026-07-25T06:46:25.000Z,12.146716666666668,75.44291166666667,-69.2,2.2,194.3,0.0,34,gps,0.52,0.87,1.01,-89.5,,,,76,,1784961985000,2026-07-25T12:16:25.000+05:30,25096.566226253883,1784957749276,Default Profile,true
2026-07-25T06:46:31.000Z,12.146713333333333,75.44290833333334,-68.4,1.9,194.3,0.0,33,gps,0.52,0.65,0.83,-89.5,,,,76,,1784961991000,2026-07-25T12:16:31.000+05:30,25097.084569730872,1784957749276,Default Profile,true
2026-07-25T06:46:36.000Z,12.146713333333333,75.44290833333334,-68.4,1.9,194.3,0.0,33,gps,0.53,0.67,0.86,-89.5,,,,76,,1784961996000,2026-07-25T12:16:36.000+05:30,25097.084569730872,1784957749276,Default Profile,true
2026-07-25T06:46:42.000Z,12.146713333333333,75.44290833333334,-68.4,2.1,194.3,0.0,32,gps,0.55,0.68,0.87,-89.5,,,,76,,1784962002000,2026-07-25T12:16:42.000+05:30,25097.084569730872,1784957749276,Default Profile,true
2026-07-25T06:46:47.000Z,12.146469999999999,75.44288833333333,-69.0,2.4,185.45,6.400056,32,gps,0.55,0.93,1.08,-89.5,,,,76,,1784962007000,2026-07-25T12:16:47.000+05:30,25124.22920811128,1784957749276,Default Profile,true
2026-07-25T06:46:53.000Z,12.146008333333334,75.44289166666667,-68.3,2.4,183.96,9.794649,32,gps,0.55,0.92,1.07,-89.5,,,,76,,1784962013000,2026-07-25T12:16:53.000+05:30,25175.565478076252,1784957749276,Default Profile,true
2026-07-25T06:46:59.000Z,12.145438333333335,75.44283,-66.8,2.6,189.33,11.159693,35,gps,0.53,0.87,1.02,-89.5,,,,76,,1784962019000,2026-07-25T12:16:59.000+05:30,25239.300101289802,1784957749276,Default Profile,true
2026-07-25T06:47:05.000Z,12.144771666666667,75.44258166666667,-65.6,2.7,207.59,12.773347,33,gps,0.54,0.70,0.88,-89.5,,,,76,,1784962025000,2026-07-25T12:17:05.000+05:30,25318.192427753926,1784957749276,Default Profile,true
2026-07-25T06:47:10.000Z,12.144273333333334,75.44232166666667,-64.6,2.6,213.48,12.055824,32,gps,0.57,0.71,0.91,-89.5,,,,76,,1784962030000,2026-07-25T12:17:10.000+05:30,25380.396444073584,1784957749276,Default Profile,true
2026-07-25T06:47:16.000Z,12.143799999999999,75.44183,-53.5,2.6,237.89,11.897289,35,gps,0.53,0.67,0.85,-89.5,,,,76,,1784962036000,2026-07-25T12:17:16.000+05:30,25455.40831355518,1784957749276,Default Profile,true
2026-07-25T06:47:21.000Z,12.143685000000001,75.44130333333332,-44.6,2.3,273.98,11.061895,35,gps,0.54,0.66,0.85,-89.5,,,,76,,1784962041000,2026-07-25T12:17:21.000+05:30,25514.07118441399,1784957749276,Default Profile,true
2026-07-25T06:47:27.000Z,12.143828333333333,75.440635,-34.8,2.4,288.53,11.6919155,34,gps,0.56,0.92,1.07,-89.5,,,,76,,1784962047000,2026-07-25T12:17:27.000+05:30,25588.45113141332,1784957749276,Default Profile,true
2026-07-25T06:47:32.000Z,12.143983333333331,75.44018166666666,-27.6,2.6,291.54,9.503831,34,gps,0.54,0.82,0.98,-89.5,,,,76,,1784962052000,2026-07-25T12:17:32.000+05:30,25640.658457825473,1784957749276,Default Profile,true
2026-07-25T06:47:38.000Z,12.144198333333334,75.439735,-24.099999999999994,2.7,295.55,7.8670144,33,gps,0.53,0.84,0.99,-89.5,,,,76,,1784962058000,2026-07-25T12:17:38.000+05:30,25694.78041797749,1784957749276,Default Profile,true
2026-07-25T06:47:44.000Z,12.144281666666666,75.43936833333333,-19.900000000000006,2.4,268.61,7.5262685,30,gps,0.59,0.69,0.90,-89.5,,,,76,,1784962064000,2026-07-25T12:17:44.000+05:30,25735.70238403326,1784957749276,Default Profile,true
2026-07-25T06:47:49.000Z,12.144238333333332,75.43902,-18.200000000000003,2.4,263.57,8.127978,29,gps,0.58,0.74,0.94,-89.5,,,,76,,1784962069000,2026-07-25T12:17:49.000+05:30,25773.873822328864,1784957749276,Default Profile,true
2026-07-25T06:47:54.000Z,12.144200000000001,75.43861833333334,-15.900000000000006,2.5,268.75,8.001872,27,gps,0.64,1.22,1.37,-89.5,,,,76,,1784962074000,2026-07-25T12:17:54.000+05:30,25817.745164100936,1784957749276,Default Profile,true
2026-07-25T06:48:00.000Z,12.144013333333332,75.43835333333332,-9.700000000000003,2.5,193.67,4.7632394,30,gps,0.59,1.11,1.25,-89.5,,,,76,,1784962080000,2026-07-25T12:18:00.000+05:30,25853.25128409682,1784957749276,Default Profile,true
2026-07-25T06:48:06.000Z,12.143878333333335,75.43858333333333,-5.400000000000006,2.3,109.98,4.32624,29,gps,0.59,1.08,1.24,-89.5,,,,76,,1784962086000,2026-07-25T12:18:06.000+05:30,25882.4140305839,1784957749276,Default Profile,true
2026-07-25T06:48:12.000Z,12.143853333333334,75.43888,-3.0,2.4,95.43,5.779301,28,gps,0.61,1.11,1.26,-89.5,,,,76,,1784962092000,2026-07-25T12:18:12.000+05:30,25914.783261381057,1784957749276,Default Profile,true
2026-07-25T06:48:18.000Z,12.143844999999999,75.43923666666666,1.4000000000000057,2.4,92.84,8.732778,28,gps,0.62,1.03,1.20,-89.5,,,,76,,1784962098000,2026-07-25T12:18:18.000+05:30,25953.566376536215,1784957749276,Default Profile,true
2026-07-25T06:48:23.000Z,12.143756666666665,75.43972833333333,4.0,2.6,116.52,12.285905,26,gps,0.62,0.76,0.98,-89.5,,,,76,,1784962103000,2026-07-25T12:18:23.000+05:30,26007.908866833608,1784957749276,Default Profile,true
2026-07-25T06:48:28.000Z,12.143296666666666,75.44024333333333,2.5999999999999943,2.6,140.25,14.088977,28,gps,0.73,0.96,1.20,-89.5,,,,76,,1784962108000,2026-07-25T12:18:28.000+05:30,26083.740896043728,1784957749276,Default Profile,true
2026-07-25T06:48:34.000Z,12.142669999999999,75.440675,10.599999999999994,2.7,144.43,13.931472,25,gps,0.85,0.88,1.22,-89.5,,,,76,,1784962114000,2026-07-25T12:18:34.000+05:30,26167.750280311076,1784957749276,Default Profile,true
2026-07-25T06:48:40.000Z,12.142154999999999,75.44107000000001,17.900000000000006,3.0,145.17,10.203854,26,gps,0.85,0.88,1.22,-89.5,,,,76,,1784962120000,2026-07-25T12:18:40.000+05:30,26239.326209149385,1784957749276,Default Profile,true
2026-07-25T06:48:45.000Z,12.141811666666667,75.44136833333333,24.700000000000003,3.0,140.3,9.618614,25,gps,1.27,1.98,2.36,-89.5,,,,76,,1784962125000,2026-07-25T12:18:45.000+05:30,26289.418629014242,1784957749276,Default Profile,true
2026-07-25T06:48:51.000Z,12.141463333333336,75.44173666666667,34.900000000000006,2.9,135.22,8.916533,24,gps,1.28,2.07,2.44,-89.5,,,,76,,1784962131000,2026-07-25T12:18:51.000+05:30,26345.127594364483,1784957749276,Default Profile,true
2026-07-25T06:48:57.000Z,12.141118333333335,75.44205833333334,42.80000000000001,2.9,139.77,8.256145,24,gps,1.31,2.01,2.40,-89.5,,,,76,,1784962137000,2026-07-25T12:18:57.000+05:30,26397.035190218838,1784957749276,Default Profile,true
2026-07-25T06:49:03.000Z,12.140866666666666,75.44234,61.80000000000001,3.0,145.85,6.4417486,22,gps,1.34,2.33,2.69,-89.5,,,,76,,1784962143000,2026-07-25T12:19:03.000+05:30,26438.515949509667,1784957749276,Default Profile,true
2026-07-25T06:49:08.000Z,12.140548333333333,75.44253166666667,66.19999999999999,2.9,159.07,6.9060283,21,gps,1.57,3.02,3.40,-89.5,,,,76,,1784962148000,2026-07-25T12:19:08.000+05:30,26479.589995347033,1784957749276,Default Profile,true
2026-07-25T06:49:13.000Z,12.140258333333334,75.44261166666666,64.5,2.3,165.81,4.1568966,25,gps,1.29,2.23,2.58,-89.5,,,,76,,1784962153000,2026-07-25T12:19:13.000+05:30,26512.988651937754,1784957749276,Default Profile,true
2026-07-25T06:49:18.000Z,12.140003333333334,75.44259166666667,51.400000000000006,2.4,196.76,5.0000114,29,gps,0.68,1.21,1.39,-89.5,,,,76,,1784962158000,2026-07-25T12:19:18.000+05:30,26541.426590622712,1784957749276,Default Profile,true
2026-07-25T06:49:23.000Z,12.13976,75.442485,39.900000000000006,2.4,214.16,5.07722,31,gps,0.54,0.84,1.00,-89.5,,,,76,,1784962163000,2026-07-25T12:19:23.000+05:30,26570.864005978463,1784957749276,Default Profile,true
2026-07-25T06:49:29.000Z,12.139546666666668,75.442325,44.400000000000006,2.4,214.64,5.0648665,34,gps,0.53,0.82,0.97,-89.5,,,,76,,1784962169000,2026-07-25T12:19:29.000+05:30,26600.278999713144,1784957749276,Default Profile,true
2026-07-25T06:49:35.000Z,12.139320000000001,75.44217,53.900000000000006,2.5,218.66,4.6458826,34,gps,0.52,0.81,0.97,-89.5,,,,76,,1784962175000,2026-07-25T12:19:35.000+05:30,26630.596767444946,1784957749276,Default Profile,true
2026-07-25T06:49:41.000Z,12.139158333333334,75.44201500000001,53.900000000000006,2.5,224.58,4.5892634,33,gps,0.55,0.89,1.05,-89.5,,,,76,,1784962181000,2026-07-25T12:19:41.000+05:30,26655.235590861954,1784957749276,Default Profile,true
2026-07-25T06:49:47.000Z,12.139035000000002,75.44179666666668,55.69999999999999,2.3,281.49,4.083806,33,gps,0.52,0.85,1.00,-89.5,,,,76,,1784962187000,2026-07-25T12:19:47.000+05:30,26682.647476564824,1784957749276,Default Profile,true
2026-07-25T06:49:52.000Z,12.139175,75.44174500000001,58.900000000000006,2.6,16.04,4.1702795,31,gps,0.58,0.86,1.04,-89.5,,,,76,,1784962192000,2026-07-25T12:19:52.000+05:30,26699.1970031325,1784957749276,Default Profile,true
2026-07-25T06:49:58.000Z,12.139544999999998,75.44191500000001,61.599999999999994,2.4,21.83,7.9452524,32,gps,0.59,0.82,1.01,-89.5,,,,76,,1784962198000,2026-07-25T12:19:58.000+05:30,26744.29912176821,1784957749276,Default Profile,true
2026-07-25T06:50:03.000Z,12.139883333333334,75.44192500000001,60.5,2.4,349.68,5.5934863,33,gps,0.58,0.89,1.06,-89.5,,,,76,,1784962203000,2026-07-25T12:20:03.000+05:30,26781.935774690213,1784957749276,Default Profile,true
2026-07-25T06:50:09.000Z,12.139818333333334,75.44176999999999,65.80000000000001,2.6,200.17,4.463671,29,gps,0.64,0.69,0.94,-89.5,,,,76,,1784962209000,2026-07-25T12:20:09.000+05:30,26800.27029153163,1784957749276,Default Profile,true
2026-07-25T06:50:15.000Z,12.139461666666667,75.44167833333333,75.4,2.9,201.11,6.4345427,22,gps,0.80,0.80,1.13,-89.5,,,,76,,1784962215000,2026-07-25T12:20:15.000+05:30,26841.162561744924,1784957749276,Default Profile,true
2026-07-25T06:50:20.000Z,12.139066666666668,75.44142666666667,83.30000000000001,2.7,209.22,9.011757,27,gps,0.65,1.07,1.25,-89.5,,,,76,,1784962220000,2026-07-25T12:20:20.000+05:30,26892.908277876268,1784957749276,Default Profile,true
2026-07-25T06:50:25.000Z,12.138651666666666,75.44127499999999,85.9,2.6,194.19,9.720015,29,gps,0.63,1.02,1.20,-89.5,,,,76,,1784962225000,2026-07-25T12:20:25.000+05:30,26941.911143042675,1784957749276,Default Profile,true
2026-07-25T06:50:31.000Z,12.138126666666668,75.44127499999999,85.69999999999999,2.5,169.24,9.995906,28,gps,0.66,1.29,1.45,-89.5,,,,76,,1784962231000,2026-07-25T12:20:31.000+05:30,27000.288479530835,1784957749276,Default Profile,true
2026-07-25T06:50:36.000Z,12.137666666666666,75.44137833333333,83.5,2.6,174.03,9.934653,31,gps,0.65,1.17,1.33,-89.5,,,,76,,1784962236000,2026-07-25T12:20:36.000+05:30,27052.65712266074,1784957749276,Default Profile,true
2026-07-25T06:50:42.000Z,12.137118333333335,75.44137166666665,80.19999999999999,2.7,189.87,10.588351,30,gps,0.62,0.97,1.15,-89.5,,,,76,,1784962242000,2026-07-25T12:20:42.000+05:30,27113.633314447743,1784957749276,Default Profile,true
2026-07-25T06:50:48.000Z,12.136509999999998,75.44125166666666,83.19999999999999,2.9,189.0,11.595147,26,gps,0.71,1.22,1.41,-89.5,,,,76,,1784962248000,2026-07-25T12:20:48.000+05:30,27182.523297448297,1784957749276,Default Profile,true
2026-07-25T06:50:54.000Z,12.13584,75.441035,89.5,2.5,193.18,12.6004,27,gps,0.59,0.90,1.07,-89.5,,,,76,,1784962254000,2026-07-25T12:20:54.000+05:30,27260.65856811712,1784957749276,Default Profile,true
2026-07-25T06:50:59.000Z,12.135271666666664,75.44087833333333,89.5,2.4,196.06,9.475007,31,gps,0.51,0.83,0.98,-89.5,,,,76,,1784962259000,2026-07-25T12:20:59.000+05:30,27326.109085327673,1784957749276,Default Profile,true
2026-07-25T06:51:05.000Z,12.135046666666664,75.44065833333335,93.0,2.4,261.42,4.186236,32,gps,0.53,0.90,1.05,-89.5,,,,76,,1784962265000,2026-07-25T12:21:05.000+05:30,27360.720212591983,1784957749276,Default Profile,true
2026-07-25T06:51:11.000Z,12.135285,75.44063,98.19999999999999,2.2,30.65,2.888621,32,gps,0.56,0.88,1.04,-89.5,,,,76,,1784962271000,2026-07-25T12:21:11.000+05:30,27387.400062773362,1784957749276,Default Profile,true
2026-07-25T06:51:16.000Z,12.135346666666665,75.44064666666667,99.6,2.1,41.89,0.0,36,gps,0.50,0.62,0.79,-89.5,,,,76,,1784962276000,2026-07-25T12:21:16.000+05:30,27394.49241631542,1784957749276,Default Profile,true
2026-07-25T06:51:22.000Z,12.135346666666665,75.44064666666667,99.6,2.1,41.89,0.0,38,gps,0.47,0.59,0.76,-89.5,,,,76,,1784962282000,2026-07-25T12:21:22.000+05:30,27394.49241631542,1784957749276,Default Profile,true
2026-07-25T06:51:28.000Z,12.135346666666665,75.44064666666667,99.6,2.0,41.89,0.0,37,gps,0.48,0.60,0.77,-89.5,,,,76,,1784962288000,2026-07-25T12:21:28.000+05:30,27394.49241631542,1784957749276,Default Profile,true
2026-07-25T06:51:33.000Z,12.135346666666665,75.44064666666667,99.6,2.0,41.89,0.0,35,gps,0.53,0.62,0.81,-89.5,,,,76,,1784962293000,2026-07-25T12:21:33.000+05:30,27394.49241631542,1784957749276,Default Profile,true
2026-07-25T06:51:38.000Z,12.135346666666665,75.44064666666667,99.6,2.2,41.89,0.0,35,gps,0.53,0.65,0.84,-89.5,,,,76,,1784962298000,2026-07-25T12:21:38.000+05:30,27394.49241631542,1784957749276,Default Profile,true
2026-07-25T06:51:44.000Z,12.1354,75.44074833333335,96.6,2.2,95.01,2.39037,38,gps,0.49,0.72,0.87,-89.5,,,,76,,1784962304000,2026-07-25T12:21:44.000+05:30,27407.03516855001,1784957749276,Default Profile,true
2026-07-25T06:51:49.000Z,12.135299999999999,75.44081166666666,96.69999999999999,2.1,186.57,4.1738825,36,gps,0.50,0.74,0.89,-89.5,,,,76,,1784962309000,2026-07-25T12:21:49.000+05:30,27420.11362410938,1784957749276,Default Profile,true
2026-07-25T06:51:54.000Z,12.135028333333333,75.44076333333334,100.0,2.2,200.01,5.644444,38,gps,0.48,0.72,0.87,-89.5,,,,76,,1784962314000,2026-07-25T12:21:54.000+05:30,27450.775139070825,1784957749276,Default Profile,true
2026-07-25T06:52:00.000Z,12.134834999999999,75.44068833333334,98.69999999999999,2.5,222.33,3.8568137,32,gps,0.58,0.71,0.92,-89.5,,,,76,,1784962320000,2026-07-25T12:22:00.000+05:30,27473.767014885994,1784957749276,Default Profile,true
2026-07-25T06:52:05.000Z,12.134725,75.440515,99.5,2.1,241.26,5.2378135,35,gps,0.51,0.78,0.93,-89.5,,,,76,,1784962325000,2026-07-25T12:22:05.000+05:30,27496.23191476275,1784957749276,Default Profile,true
2026-07-25T06:52:11.000Z,12.134548333333331,75.44018333333334,96.69999999999999,2.4,246.4,8.116654,34,gps,0.54,0.69,0.87,-89.5,,,,76,,1784962331000,2026-07-25T12:22:11.000+05:30,27537.29177285346,1784957749276,Default Profile,true
2026-07-25T06:52:17.000Z,12.134228333333333,75.43963166666667,93.19999999999999,2.2,237.26,13.598447,39,gps,0.48,0.76,0.90,-89.5,,,,76,,1784962337000,2026-07-25T12:22:17.000+05:30,27607.025144614985,1784957749276,Default Profile,true
2026-07-25T06:52:23.000Z,12.133731666666666,75.439005,92.9,2.4,228.63,14.457003,38,gps,0.47,0.61,0.77,-89.5,,,,76,,1784962343000,2026-07-25T12:22:23.000+05:30,27694.723871103713,1784957749276,Default Profile,true
2026-07-25T06:52:28.000Z,12.133223333333335,75.43865166666666,82.30000000000001,2.5,201.27,12.870629,34,gps,0.54,0.92,1.07,-89.5,,,,76,,1784962348000,2026-07-25T12:22:28.000+05:30,27763.06413403451,1784957749276,Default Profile,true
2026-07-25T06:52:34.000Z,12.13252,75.43850666666667,79.6,2.4,184.84,12.782612,31,gps,0.60,0.72,0.93,-89.5,,,,76,,1784962354000,2026-07-25T12:22:34.000+05:30,27842.84399407043,1784957749276,Default Profile,true
2026-07-25T06:52:40.000Z,12.131945,75.438405,83.69999999999999,2.4,197.42,9.851269,28,gps,0.68,0.77,1.03,-89.5,,,,76,,1784962360000,2026-07-25T12:22:40.000+05:30,27907.729311937794,1784957749276,Default Profile,true
2026-07-25T06:52:46.000Z,12.131401666666667,75.43813666666667,84.5,2.3,224.14,11.808243,32,gps,0.59,1.01,1.17,-89.5,,,,76,,1784962366000,2026-07-25T12:22:46.000+05:30,27974.819004257282,1784957749276,Default Profile,true
2026-07-25T06:52:51.000Z,12.130998333333332,75.43775666666667,83.80000000000001,2.3,218.65,12.068177,32,gps,0.54,0.90,1.05,-89.5,,,,76,,1784962371000,2026-07-25T12:22:51.000+05:30,28035.79404569971,1784957749276,Default Profile,true
2026-07-25T06:52:57.000Z,12.130631666666666,75.43730666666667,83.5,2.5,249.57,9.259852,32,gps,0.55,0.67,0.87,-89.5,,,,76,,1784962377000,2026-07-25T12:22:57.000+05:30,28099.476993475466,1784957749276,Default Profile,true
2026-07-25T06:53:02.000Z,12.130664999999999,75.43684833333333,79.4,2.7,287.5,11.159693,27,gps,0.66,1.06,1.25,-89.5,,,,76,,1784962382000,2026-07-25T12:23:02.000+05:30,28149.441020311035,1784957749276,Default Profile,true
2026-07-25T06:53:08.000Z,12.130921666666666,75.43625,82.80000000000001,2.7,293.6,12.203034,26,gps,0.68,0.99,1.20,-89.5,,,,76,,1784962388000,2026-07-25T12:23:08.000+05:30,28220.472820574774,1784957749276,Default Profile,true
2026-07-25T06:53:14.000Z,12.131325,75.43565166666667,82.0,2.9,308.52,13.752348,24,gps,0.77,0.79,1.10,-89.5,,,,76,,1784962394000,2026-07-25T12:23:14.000+05:30,28299.481500771606,1784957749276,Default Profile,true
2026-07-25T06:53:20.000Z,12.131823333333333,75.43504,74.0,2.8,306.5,14.556859,22,gps,0.71,1.20,1.39,-89.5,,,,76,,1784962400000,2026-07-25T12:23:20.000+05:30,28386.038597426617,1784957749276,Default Profile,true
2026-07-25T06:53:26.000Z,12.132231666666666,75.43437333333333,66.30000000000001,3.0,297.83,12.287964,22,gps,0.77,0.83,1.14,-89.5,,,,76,,1784962406000,2026-07-25T12:23:26.000+05:30,28471.561139471858,1784957749276,Default Profile,true
2026-07-25T06:53:32.000Z,12.132231666666666,75.43356999999999,59.80000000000001,2.8,265.6,13.43425,23,gps,0.73,0.82,1.10,-89.5,,,,76,,1784962412000,2026-07-25T12:23:32.000+05:30,28558.89263554896,1784957749276,Default Profile,true
2026-07-25T06:53:37.000Z,12.132045000000002,75.43293999999999,50.900000000000006,2.8,246.92,13.184095,24,gps,0.68,1.18,1.36,-89.5,,,,76,,1784962417000,2026-07-25T12:23:37.000+05:30,28630.457029215428,1784957749276,Default Profile,true
2026-07-25T06:53:42.000Z,12.131701666666666,75.43249666666667,54.599999999999994,2.9,229.01,11.062924,28,gps,0.65,1.15,1.32,-89.5,,,,76,,1784962422000,2026-07-25T12:23:42.000+05:30,28691.941006366975,1784957749276,Default Profile,true
2026-07-25T06:53:48.000Z,12.131286666666664,75.43208333333334,50.599999999999994,2.7,223.58,11.326463,24,gps,0.73,1.21,1.42,-89.5,,,,77,,1784962428000,2026-07-25T12:23:48.000+05:30,28756.350038398352,1784957749276,Default Profile,true
2026-07-25T06:53:53.000Z,12.130820000000002,75.43178333333334,50.099999999999994,2.6,199.73,12.496427,26,gps,0.66,0.98,1.18,-89.5,,,,77,,1784962433000,2026-07-25T12:23:53.000+05:30,28817.6388384529,1784957749276,Default Profile,true
2026-07-25T06:53:58.000Z,12.130310000000001,75.43157166666667,57.69999999999999,2.7,210.14,12.755331,27,gps,0.62,0.97,1.16,-89.5,,,,77,,1784962438000,2026-07-25T12:23:58.000+05:30,28878.83892776548,1784957749276,Default Profile,true
2026-07-25T06:54:03.000Z,12.129858333333335,75.43120333333333,53.400000000000006,2.7,222.29,12.765111,29,gps,0.60,0.68,0.91,-89.5,,,,77,,1784962443000,2026-07-25T12:24:03.000+05:30,28943.070884745008,1784957749276,Default Profile,true
2026-07-25T06:54:09.000Z,12.129303333333333,75.43069833333334,35.900000000000006,2.5,222.58,14.053461,25,gps,0.68,1.02,1.22,-89.5,,,,77,,1784962449000,2026-07-25T12:24:09.000+05:30,29025.669346030674,1784957749276,Default Profile,true
2026-07-25T06:54:15.000Z,12.128686666666665,75.43005833333333,42.400000000000006,2.7,226.46,17.31783,26,gps,0.66,0.80,1.03,-89.5,,,,77,,1784962455000,2026-07-25T12:24:15.000+05:30,29123.356156169542,1784957749276,Default Profile,true
2026-07-25T06:54:20.000Z,12.128210000000001,75.42947333333333,46.099999999999994,3.0,233.81,15.669174,26,gps,0.66,0.80,1.03,-89.5,,,,77,,1784962460000,2026-07-25T12:24:20.000+05:30,29206.144421987326,1784957749276,Default Profile,true
2026-07-25T06:54:26.000Z,12.127741666666669,75.42878666666667,51.69999999999999,2.7,233.28,14.13839,28,gps,0.61,0.98,1.16,-89.5,,,,77,,1784962466000,2026-07-25T12:24:26.000+05:30,29297.163740458534,1784957749276,Default Profile,true
2026-07-25T06:54:31.000Z,12.12729,75.42838833333333,47.599999999999994,2.7,206.19,12.187078,28,gps,0.66,1.31,1.47,-89.5,,,,77,,1784962471000,2026-07-25T12:24:31.000+05:30,29363.478163563672,1784957749276,Default Profile,true
2026-07-25T06:54:36.000Z,12.12677333333333,75.42816666666666,51.30000000000001,2.7,207.52,12.102149,28,gps,0.66,1.32,1.48,-89.5,,,,77,,1784962476000,2026-07-25T12:24:36.000+05:30,29425.77829099805,1784957749276,Default Profile,true
2026-07-25T06:54:42.000Z,12.126235000000001,75.427645,36.3,2.7,230.33,13.604108,27,gps,0.64,1.31,1.45,-89.5,,,,77,,1784962482000,2026-07-25T12:24:42.000+05:30,29508.237376829155,1784957749276,Default Profile,true
2026-07-25T06:54:47.000Z,12.125906666666667,75.42716999999999,29.799999999999997,2.7,242.8,11.012482,29,gps,0.58,1.09,1.24,-89.5,,,,77,,1784962487000,2026-07-25T12:24:47.000+05:30,29571.47901615787,1784957749276,Default Profile,true
2026-07-25T06:54:52.000Z,12.125841666666668,75.42657833333332,33.599999999999994,2.7,269.87,13.607197,29,gps,0.58,0.97,1.13,-89.5,,,,77,,1784962492000,2026-07-25T12:24:52.000+05:30,29636.20626438455,1784957749276,Default Profile,true
2026-07-25T06:54:57.000Z,12.125876666666667,75.426,28.900000000000006,2.7,273.46,11.255945,26,gps,0.63,1.01,1.19,-89.5,,,,77,,1784962497000,2026-07-25T12:24:57.000+05:30,29699.19953331805,1784957749276,Default Profile,true
2026-07-25T06:55:03.000Z,12.125714999999998,75.42542333333334,23.400000000000006,2.7,236.6,10.2203245,29,gps,0.61,0.86,1.05,-89.5,,,,77,,1784962503000,2026-07-25T12:25:03.000+05:30,29764.41771695003,1784957749276,Default Profile,true
2026-07-25T06:55:09.000Z,12.125176666666668,75.424945,23.700000000000003,2.6,228.2,11.522572,26,gps,0.67,0.92,1.14,-89.5,,,,77,,1784962509000,2026-07-25T12:25:09.000+05:30,29843.71071541047,1784957749276,Default Profile,true
2026-07-25T06:55:15.000Z,12.124943333333333,75.42456666666666,7.299999999999997,2.6,242.18,5.9105554,25,gps,0.68,1.11,1.30,-89.5,,,,77,,1784962515000,2026-07-25T12:25:15.000+05:30,29892.340602854656,1784957749276,Default Profile,true
2026-07-25T06:55:21.000Z,12.124916666666666,75.42446333333334,2.200000000000003,2.4,260.69,0.0,27,gps,0.64,0.81,1.03,-89.5,,,,77,,1784962521000,2026-07-25T12:25:21.000+05:30,29903.959169986432,1784957749276,Default Profile,true
2026-07-25T06:55:27.000Z,12.124916666666666,75.42446166666667,3.5,2.4,260.69,0.0,25,gps,0.65,0.85,1.07,-89.5,,,,77,,1784962527000,2026-07-25T12:25:27.000+05:30,29904.140360633715,1784957749276,Default Profile,true
2026-07-25T06:55:32.000Z,12.124916666666666,75.42446166666667,3.5,2.3,260.69,0.0,24,gps,0.69,0.84,1.09,-89.5,,,,77,,1784962532000,2026-07-25T12:25:32.000+05:30,29904.140360633715,1784957749276,Default Profile,true
2026-07-25T06:55:38.000Z,12.124833333333333,75.42436166666667,4.799999999999997,2.6,229.7,5.0916324,28,gps,0.67,1.31,1.47,-89.5,,,,77,,1784962538000,2026-07-25T12:25:38.000+05:30,29918.42502008696,1784957749276,Default Profile,true
2026-07-25T06:55:43.000Z,12.124586666666668,75.42401,4.099999999999994,2.5,237.99,10.04326,30,gps,0.58,0.99,1.15,-89.5,,,,77,,1784962543000,2026-07-25T12:25:43.000+05:30,29965.477423163768,1784957749276,Default Profile,true
2026-07-25T06:55:49.000Z,12.124288333333334,75.423435,9.900000000000006,2.7,242.69,10.303195,27,gps,0.68,1.40,1.56,-89.5,,,,77,,1784962549000,2026-07-25T12:25:49.000+05:30,30036.245134223976,1784957749276,Default Profile,true
2026-07-25T06:55:55.000Z,12.124023333333332,75.42293,16.5,2.7,237.7,9.375666,23,gps,0.83,0.85,1.19,-89.5,,,,77,,1784962555000,2026-07-25T12:25:55.000+05:30,30098.55400296196,1784957749276,Default Profile,true
2026-07-25T06:56:00.000Z,12.123708333333331,75.42252666666667,14.5,2.8,220.54,9.252132,25,gps,0.78,1.46,1.66,-89.5,,,,77,,1784962560000,2026-07-25T12:26:00.000+05:30,30154.67461483468,1784957749276,Default Profile,true
2026-07-25T06:56:05.000Z,12.123305,75.42235333333333,12.700000000000003,2.6,199.89,9.870828,26,gps,0.70,0.78,1.05,-89.5,,,,77,,1784962565000,2026-07-25T12:26:05.000+05:30,30203.321221470735,1784957749276,Default Profile,true
2026-07-25T06:56:10.000Z,12.122818333333331,75.422205,19.5,2.4,200.0,11.95288,30,gps,0.58,0.87,1.05,-89.5,,,,77,,1784962570000,2026-07-25T12:26:10.000+05:30,30259.787751274933,1784957749276,Default Profile,true
2026-07-25T06:56:16.000Z,12.122261666666668,75.42187166666666,21.599999999999994,2.4,218.28,12.129429,25,gps,0.66,1.13,1.31,-89.5,,,,77,,1784962576000,2026-07-25T12:26:16.000+05:30,30331.51397293255,1784957749276,Default Profile,true
2026-07-25T06:56:22.000Z,12.1218,75.42138,20.700000000000003,2.5,227.46,11.539557,26,gps,0.69,1.18,1.37,-89.5,,,,77,,1784962582000,2026-07-25T12:26:22.000+05:30,30405.62455457624,1784957749276,Default Profile,true
2026-07-25T06:56:28.000Z,12.121403333333335,75.42088,17.900000000000006,2.7,237.49,10.939391,30,gps,0.56,0.73,0.92,-89.5,,,,77,,1784962588000,2026-07-25T12:26:28.000+05:30,30475.626224384203,1784957749276,Default Profile,true
2026-07-25T06:56:34.000Z,12.121123333333333,75.42035666666668,28.799999999999997,2.5,243.4,10.177088,32,gps,0.50,0.78,0.92,-89.5,,,,77,,1784962594000,2026-07-25T12:26:34.000+05:30,30540.48269976609,1784957749276,Default Profile,true
2026-07-25T06:56:40.000Z,12.120831666666668,75.41993333333333,37.3,2.6,217.56,9.810091,36,gps,0.49,0.74,0.89,-89.5,,,,77,,1784962600000,2026-07-25T12:26:40.000+05:30,30596.785019851184,1784957749276,Default Profile,true
2026-07-25T06:56:46.000Z,12.120360000000002,75.41979833333333,47.599999999999994,2.2,184.74,8.732778,29,gps,0.56,0.98,1.13,-89.5,,,,77,,1784962606000,2026-07-25T12:26:46.000+05:30,30651.246809201184,1784957749276,Default Profile,true
2026-07-25T06:56:51.000Z,12.12006,75.41964166666666,57.0,2.7,246.26,6.7510967,30,gps,0.59,1.08,1.23,-89.5,,,,77,,1784962611000,2026-07-25T12:26:51.000+05:30,30688.701910592954,1784957749276,Default Profile,true
2026-07-25T06:56:57.000Z,12.120075000000002,75.419335,63.80000000000001,2.6,269.67,3.0471556,31,gps,0.55,0.98,1.12,-89.5,,,,77,,1784962617000,2026-07-25T12:26:57.000+05:30,30722.083291372062,1784957749276,Default Profile,true
2026-07-25T06:57:03.000Z,12.119998333333335,75.41914,65.1,2.4,237.95,4.3905807,33,gps,0.52,0.67,0.85,-89.5,,,,77,,1784962623000,2026-07-25T12:27:03.000+05:30,30744.9328359191,1784957749276,Default Profile,true
2026-07-25T06:57:09.000Z,12.119821666666667,75.41886333333333,69.5,2.4,238.55,7.4367065,35,gps,0.52,0.65,0.83,-89.5,,,,77,,1784962629000,2026-07-25T12:27:09.000+05:30,30780.857795866814,1784957749276,Default Profile,true
2026-07-25T06:57:15.000Z,12.119603333333336,75.418495,68.0,2.6,231.53,7.26376,32,gps,0.56,0.69,0.89,-89.5,,,,77,,1784962635000,2026-07-25T12:27:15.000+05:30,30827.686365653954,1784957749276,Default Profile,true
2026-07-25T06:57:21.000Z,12.119481666666665,75.41834833333334,66.80000000000001,2.4,222.9,0.0,32,gps,0.53,0.64,0.83,-89.5,,,,77,,1784962641000,2026-07-25T12:27:21.000+05:30,30848.5974229274,1784957749276,Default Profile,true
2026-07-25T06:57:26.000Z,12.119423333333335,75.4183,66.6,2.4,234.63,3.9865236,31,gps,0.59,1.06,1.21,-89.5,,,,77,,1784962646000,2026-07-25T12:27:26.000+05:30,30856.94512973909,1784957749276,Default Profile,true
2026-07-25T06:57:32.000Z,12.119166666666668,75.41803833333333,72.0,2.1,221.19,8.038417,29,gps,0.62,1.05,1.22,-89.5,,,,77,,1784962652000,2026-07-25T12:27:32.000+05:30,30897.24147461368,1784957749276,Default Profile,true
2026-07-25T06:57:38.000Z,12.118765,75.41768333333333,70.0,2.3,218.99,9.990758,30,gps,0.57,0.85,1.02,-89.5,,,,77,,1784962658000,2026-07-25T12:27:38.000+05:30,30956.26979831112,1784957749276,Default Profile,true
2026-07-25T06:57:44.000Z,12.118298333333334,75.41735,66.19999999999999,2.2,216.03,11.126236,33,gps,0.52,0.61,0.80,-89.5,,,,77,,1784962664000,2026-07-25T12:27:44.000+05:30,31019.562271995812,1784957749276,Default Profile,true
2026-07-25T06:57:50.000Z,12.117658333333335,75.41694000000001,58.19999999999999,2.2,213.13,13.577858,32,gps,0.56,0.78,0.96,-89.5,,,,77,,1784962670000,2026-07-25T12:27:50.000+05:30,31103.534105244944,1784957749276,Default Profile,true
2026-07-25T06:57:55.000Z,12.117175000000001,75.41655666666666,67.80000000000001,2.3,218.41,12.995707,32,gps,0.57,0.61,0.83,-89.5,,,,77,,1784962675000,2026-07-25T12:27:55.000+05:30,31171.54328063444,1784957749276,Default Profile,true
2026-07-25T06:58:00.000Z,12.116751666666667,75.41614166666666,71.0,2.2,221.01,12.640034,34,gps,0.52,0.63,0.82,-89.5,,,,77,,1784962680000,2026-07-25T12:28:00.000+05:30,31236.746343357325,1784957749276,Default Profile,true
2026-07-25T06:58:06.000Z,12.116219999999998,75.41571666666667,76.4,2.5,214.17,12.314729,30,gps,0.58,0.71,0.92,-89.5,,,,77,,1784962686000,2026-07-25T12:28:06.000+05:30,31311.779150205537,1784957749276,Default Profile,true
2026-07-25T06:58:11.000Z,12.115798333333332,75.41538333333332,79.0,2.8,222.28,12.548927,27,gps,0.68,1.37,1.52,-89.5,,,,77,,1784962691000,2026-07-25T12:28:11.000+05:30,31371.038737542556,1784957749276,Default Profile,true
2026-07-25T06:58:17.000Z,12.115251666666666,75.41489333333334,77.30000000000001,2.9,215.12,11.542645,28,gps,0.66,1.14,1.32,-89.5,,,,77,,1784962697000,2026-07-25T12:28:17.000+05:30,31451.865118904218,1784957749276,Default Profile,true
2026-07-25T06:58:23.000Z,12.114848333333335,75.41465833333334,58.30000000000001,2.6,206.55,5.2779617,30,gps,0.59,1.01,1.17,-89.5,,,,77,,1784962703000,2026-07-25T12:28:23.000+05:30,31503.480439006693,1784957749276,Default Profile,true
2026-07-25T06:58:29.000Z,12.114848333333335,75.414675,57.599999999999994,2.4,213.6,0.0,26,gps,0.67,0.72,0.99,-89.5,,,,77,,1784962709000,2026-07-25T12:28:29.000+05:30,31505.29241385972,1784957749276,Default Profile,true
2026-07-25T06:58:34.000Z,12.114848333333335,75.414675,57.599999999999994,2.4,213.6,0.0,26,gps,0.68,0.70,0.98,-89.5,,,,77,,1784962714000,2026-07-25T12:28:34.000+05:30,31505.29241385972,1784957749276,Default Profile,true
2026-07-25T06:58:39.000Z,12.114775000000002,75.41464833333333,58.900000000000006,2.5,202.92,4.135793,24,gps,0.89,1.30,1.58,-89.5,,,,77,,1784962719000,2026-07-25T12:28:39.000+05:30,31513.946756723963,1784957749276,Default Profile,true
2026-07-25T06:58:45.000Z,12.114448333333334,75.414475,55.900000000000006,2.5,207.63,7.009487,29,gps,0.66,1.16,1.33,-89.5,,,,77,,1784962725000,2026-07-25T12:28:45.000+05:30,31554.867737904486,1784957749276,Default Profile,true
2026-07-25T06:58:50.000Z,12.114215000000002,75.41415333333333,57.69999999999999,2.6,245.68,9.622732,29,gps,0.66,1.16,1.33,-89.5,,,,77,,1784962730000,2026-07-25T12:28:50.000+05:30,31598.412561674402,1784957749276,Default Profile,true
2026-07-25T06:58:56.000Z,12.114031666666666,75.41354166666666,64.4,2.5,249.15,12.806804,29,gps,0.66,1.23,1.39,-89.5,,,,77,,1784962736000,2026-07-25T12:28:56.000+05:30,31667.96673287715,1784957749276,Default Profile,true
2026-07-25T06:59:02.000Z,12.113713333333331,75.41291166666666,69.5,2.5,233.71,12.373922,31,gps,0.61,1.37,1.50,-89.5,,,,77,,1784962742000,2026-07-25T12:29:02.000+05:30,31745.065556426667,1784957749276,Default Profile,true
2026-07-25T06:59:07.000Z,12.113241666666665,75.412515,70.69999999999999,2.5,215.17,14.455459,31,gps,0.62,1.25,1.40,-89.5,,,,77,,1784962747000,2026-07-25T12:29:07.000+05:30,31812.965971838075,1784957749276,Default Profile,true
2026-07-25T06:59:13.000Z,12.112609999999998,75.41199166666667,80.69999999999999,2.4,220.34,15.367547,33,gps,0.57,0.73,0.93,-89.5,,,,77,,1784962753000,2026-07-25T12:29:13.000+05:30,31903.357328410748,1784957749276,Default Profile,true
2026-07-25T06:59:19.000Z,12.111978333333331,75.41144166666666,77.6,2.5,216.71,15.983669,31,gps,0.64,1.09,1.26,-89.5,,,,77,,1784962759000,2026-07-25T12:29:19.000+05:30,31995.60116566294,1784957749276,Default Profile,true
2026-07-25T06:59:25.000Z,12.1112,75.41094666666666,65.69999999999999,3.0,213.01,16.73362,30,gps,0.63,0.78,1.00,-89.5,,,,77,,1784962765000,2026-07-25T12:29:25.000+05:30,32097.515490550526,1784957749276,Default Profile,true
2026-07-25T06:59:30.000Z,12.110578333333335,75.41053000000001,62.80000000000001,3.0,215.06,15.92705,28,gps,0.65,1.14,1.31,-89.5,,,,77,,1784962770000,2026-07-25T12:29:30.000+05:30,32180.162466205133,1784957749276,Default Profile,true
2026-07-25T06:59:36.000Z,12.110014999999999,75.41025166666667,67.0,2.4,200.27,7.5411954,32,gps,0.55,0.87,1.03,-89.5,,,,77,,1784962776000,2026-07-25T12:29:36.000+05:30,32249.728573228393,1784957749276,Default Profile,true
2026-07-25T06:59:41.000Z,12.109956666666669,75.41021333333333,69.6,2.4,206.59,0.0,34,gps,0.51,0.63,0.81,-89.5,,,,77,,1784962781000,2026-07-25T12:29:41.000+05:30,32257.43843998943,1784957749276,Default Profile,true
2026-07-25T06:59:47.000Z,12.109961666666667,75.41021666666667,69.6,2.2,206.59,0.0,34,gps,0.52,0.63,0.82,-89.5,,,,77,,1784962787000,2026-07-25T12:29:47.000+05:30,32258.102098574756,1784957749276,Default Profile,true
2026-07-25T06:59:53.000Z,12.109931666666666,75.41020166666667,70.19999999999999,2.3,204.44,2.5694933,32,gps,0.55,0.82,0.98,-89.5,,,,77,,1784962793000,2026-07-25T12:29:53.000+05:30,32261.81523916195,1784957749276,Default Profile,true
2026-07-25T06:59:59.000Z,12.109698333333332,75.41013666666666,70.19999999999999,2.1,198.15,6.6934476,34,gps,0.51,0.81,0.95,-89.5,,,,77,,1784962799000,2026-07-25T12:29:59.000+05:30,32288.70591117273,1784957749276,Default Profile,true
2026-07-25T07:00:04.000Z,12.109406666666667,75.41004666666666,71.80000000000001,2.1,199.48,6.9070573,38,gps,0.46,0.69,0.83,-89.5,,,,77,,1784962804000,2026-07-25T12:30:04.000+05:30,32322.581692788404,1784957749276,Default Profile,true
2026-07-25T07:00:10.000Z,12.109038333333334,75.40992166666666,75.80000000000001,2.4,197.27,7.0995636,32,gps,0.56,0.87,1.03,-89.5,,,,77,,1784962810000,2026-07-25T12:30:10.000+05:30,32365.73432953175,1784957749276,Default Profile,true
2026-07-25T07:00:16.000Z,12.108579999999998,75.40977500000001,78.69999999999999,2.5,193.67,9.806488,32,gps,0.57,0.94,1.10,-89.5,,,,77,,1784962816000,2026-07-25T12:30:16.000+05:30,32419.134991481056,1784957749276,Default Profile,true
2026-07-25T07:00:22.000Z,12.108038333333331,75.40976166666665,76.30000000000001,2.6,172.85,10.577027,31,gps,0.57,0.87,1.04,-89.5,,,,77,,1784962822000,2026-07-25T12:30:22.000+05:30,32479.38301872043,1784957749276,Default Profile,true
2026-07-25T07:00:27.000Z,12.107496666666668,75.40981666666667,79.0,2.6,170.24,12.688932,35,gps,0.51,0.72,0.88,-89.5,,,,77,,1784962827000,2026-07-25T12:30:27.000+05:30,32539.909706401282,1784957749276,Default Profile,true
2026-07-25T07:00:33.000Z,12.106734999999999,75.40997,81.20000000000002,2.6,168.19,14.900694,36,gps,0.50,0.61,0.78,-89.6,,,,77,,1784962833000,2026-07-25T12:30:33.000+05:30,32626.228269476924,1784957749276,Default Profile,true
2026-07-25T07:00:38.000Z,12.10604,75.41014,81.6,2.4,165.8,15.494168,34,gps,0.49,0.60,0.77,-89.6,,,,77,,1784962838000,2026-07-25T12:30:38.000+05:30,32705.688214989146,1784957749276,Default Profile,true
2026-07-25T07:00:44.000Z,12.105293333333334,75.41035666666667,72.5,2.7,178.72,13.279319,28,gps,0.60,0.72,0.94,-89.6,,,,77,,1784962844000,2026-07-25T12:30:44.000+05:30,32791.9908745915,1784957749276,Default Profile,true
2026-07-25T07:00:50.000Z,12.104621666666667,75.41014333333332,72.5,2.7,210.99,12.908204,28,gps,0.61,1.03,1.20,-89.6,,,,77,,1784962850000,2026-07-25T12:30:50.000+05:30,32870.195449282066,1784957749276,Default Profile,true
2026-07-25T07:00:56.000Z,12.103876666666668,75.40955666666667,63.70000000000002,3.0,214.64,16.850462,28,gps,0.58,1.13,1.27,-89.6,,,,77,,1784962856000,2026-07-25T12:30:56.000+05:30,32974.74642576633,1784957749276,Default Profile,true
2026-07-25T07:01:01.000Z,12.103399999999999,75.40920333333334,61.099999999999994,2.8,218.34,9.332429,29,gps,0.56,0.72,0.92,-89.6,,,,77,,1784962861000,2026-07-25T12:31:01.000+05:30,33040.20678064619,1784957749276,Default Profile,true
2026-07-25T07:01:07.000Z,12.103323333333332,75.40912833333333,61.80000000000001,2.4,214.17,0.0,29,gps,0.57,0.72,0.91,-89.6,,,,77,,1784962867000,2026-07-25T12:31:07.000+05:30,33052.00365594874,1784957749276,Default Profile,true
2026-07-25T07:01:13.000Z,12.103121666666668,75.40900333333335,55.400000000000006,2.5,216.02,7.5885496,23,gps,0.72,0.84,1.10,-89.6,,,,77,,1784962873000,2026-07-25T12:31:13.000+05:30,33078.22480661855,1784957749276,Default Profile,true
2026-07-25T07:01:18.000Z,12.102773333333335,75.408735,54.0,2.3,217.56,11.493233,29,gps,0.59,1.04,1.19,-89.6,,,,77,,1784962878000,2026-07-25T12:31:18.000+05:30,33126.71568544357,1784957749276,Default Profile,true
2026-07-25T07:01:24.000Z,12.102221666666667,75.40826999999999,58.900000000000006,2.4,217.79,14.529579,34,gps,0.48,0.61,0.77,-89.6,,,,77,,1784962884000,2026-07-25T12:31:24.000+05:30,33206.20694160387,1784957749276,Default Profile,true
2026-07-25T07:01:29.000Z,12.10166,75.40784333333333,71.9,2.5,219.29,16.60082,35,gps,0.48,0.58,0.75,-89.6,,,,77,,1784962889000,2026-07-25T12:31:29.000+05:30,33284.00464812878,1784957749276,Default Profile,true
2026-07-25T07:01:35.000Z,12.100945000000001,75.40720666666667,61.70000000000002,2.7,222.98,17.346138,30,gps,0.59,0.93,1.10,-89.6,,,,77,,1784962895000,2026-07-25T12:31:35.000+05:30,33389.420421079725,1784957749276,Default Profile,true
2026-07-25T07:01:40.000Z,12.100378333333333,75.40671,55.099999999999994,2.5,221.92,14.084344,31,gps,0.54,0.81,0.97,-89.6,,,,77,,1784962900000,2026-07-25T12:31:40.000+05:30,33472.404079143984,1784957749276,Default Profile,true
2026-07-25T07:01:46.000Z,12.099851666666666,75.406235,59.599999999999994,2.6,219.93,12.6668,30,gps,0.61,1.15,1.30,-89.6,,,,77,,1784962906000,2026-07-25T12:31:46.000+05:30,33550.48545772035,1784957749276,Default Profile,true
2026-07-25T07:01:51.000Z,12.099420000000002,75.40586833333333,60.30000000000001,2.8,220.7,12.093913,31,gps,0.54,0.68,0.87,-89.6,,,,78,,1784962911000,2026-07-25T12:31:51.000+05:30,33612.880915674476,1784957749276,Default Profile,true
2026-07-25T07:01:57.000Z,12.09887,75.40543333333333,57.099999999999994,2.7,217.86,14.800323,32,gps,0.54,0.91,1.06,-89.6,,,,78,,1784962917000,2026-07-25T12:31:57.000+05:30,33690.19231185163,1784957749276,Default Profile,true
2026-07-25T07:02:03.000Z,12.098341666666666,75.40497333333333,57.599999999999994,2.6,218.84,9.04264,37,gps,0.50,0.72,0.87,-89.6,,,,78,,1784962923000,2026-07-25T12:32:03.000+05:30,33767.34592992848,1784957749276,Default Profile,true
2026-07-25T07:02:09.000Z,12.09802,75.40470833333333,61.599999999999994,2.3,224.53,7.6323013,35,gps,0.53,0.80,0.96,-89.6,,,,78,,1784962929000,2026-07-25T12:32:09.000+05:30,33813.274910044325,1784957749276,Default Profile,true
2026-07-25T07:02:15.000Z,12.097681666666665,75.40438833333333,60.400000000000006,2.1,222.57,9.59751,39,gps,0.47,0.57,0.73,-89.6,,,,78,,1784962935000,2026-07-25T12:32:15.000+05:30,33864.51774637454,1784957749276,Default Profile,true
2026-07-25T07:02:21.000Z,12.097248333333335,75.40395166666667,62.30000000000001,1.9,223.66,11.91376,38,gps,0.49,0.70,0.85,-89.6,,,,78,,1784962941000,2026-07-25T12:32:21.000+05:30,33932.16235021149,1784957749276,Default Profile,true
2026-07-25T07:02:27.000Z,12.096773333333333,75.40348666666667,60.900000000000006,2.0,219.08,11.660003,37,gps,0.50,0.73,0.89,-89.6,,,,78,,1784962947000,2026-07-25T12:32:27.000+05:30,34005.27702751076,1784957749276,Default Profile,true
2026-07-25T07:02:33.000Z,12.096341666666667,75.40317833333333,56.599999999999994,2.5,213.05,9.701999,36,gps,0.49,0.75,0.89,-89.6,,,,78,,1784962953000,2026-07-25T12:32:33.000+05:30,34063.82414483529,1784957749276,Default Profile,true
2026-07-25T07:02:39.000Z,12.095773333333334,75.40281666666667,54.20000000000002,2.4,214.75,15.023197,34,gps,0.51,0.63,0.82,-89.6,,,,78,,1784962959000,2026-07-25T12:32:39.000+05:30,34138.25515644773,1784957749276,Default Profile,true
2026-07-25T07:02:44.000Z,12.095171666666666,75.40234000000001,51.099999999999994,2.5,217.76,16.576115,36,gps,0.50,0.76,0.91,-89.6,,,,78,,1784962964000,2026-07-25T12:32:44.000+05:30,34222.88301412883,1784957749276,Default Profile,true
2026-07-25T07:02:50.000Z,12.094538333333333,75.40179166666667,47.30000000000001,2.7,226.23,15.023197,35,gps,0.53,0.88,1.03,-89.6,,,,78,,1784962970000,2026-07-25T12:32:50.000+05:30,34315.15338053176,1784957749276,Default Profile,true
2026-07-25T07:02:56.000Z,12.094024999999998,75.40109333333334,42.5,2.1,230.6,17.55666,39,gps,0.48,0.59,0.76,-89.6,,,,78,,1784962976000,2026-07-25T12:32:56.000+05:30,34410.143551785324,1784957749276,Default Profile,true
2026-07-25T07:03:02.000Z,12.093340000000001,75.40041166666667,38.5,2.3,220.79,17.47482,31,gps,0.53,0.64,0.83,-89.6,,,,78,,1784962982000,2026-07-25T12:33:02.000+05:30,34516.42041991944,1784957749276,Default Profile,true
2026-07-25T07:03:08.000Z,12.092541666666667,75.39977666666667,36.900000000000006,2.1,216.82,18.150135,33,gps,0.56,0.93,1.08,-89.6,,,,78,,1784962988000,2026-07-25T12:33:08.000+05:30,34628.879331101074,1784957749276,Default Profile,true
2026-07-25T07:03:13.000Z,12.091868333333332,75.39929666666667,28.5,2.4,213.7,17.751225,34,gps,0.50,0.78,0.93,-89.6,,,,78,,1784962993000,2026-07-25T12:33:13.000+05:30,34720.145025933874,1784957749276,Default Profile,true
2026-07-25T07:03:19.000Z,12.091111666666666,75.39879833333333,29.700000000000003,2.4,210.73,14.524431,36,gps,0.48,0.59,0.76,-89.6,,,,78,,1784962999000,2026-07-25T12:33:19.000+05:30,34820.21945891799,1784957749276,Default Profile,true
2026-07-25T07:03:25.000Z,12.090415,75.398515,23.60000000000001,2.5,205.92,15.145186,33,gps,0.53,0.81,0.96,-89.6,,,,78,,1784963005000,2026-07-25T12:33:25.000+05:30,34903.5860058788,1784957749276,Default Profile,true
2026-07-25T07:03:30.000Z,12.089896666666668,75.39810333333334,24.900000000000006,2.7,224.48,13.75029,30,gps,0.52,0.64,0.82,-89.6,,,,78,,1784963010000,2026-07-25T12:33:30.000+05:30,34976.56108893188,1784957749276,Default Profile,true
2026-07-25T07:03:35.000Z,12.089508333333333,75.39766666666667,28.200000000000003,2.7,229.92,12.253477,27,gps,0.60,0.72,0.94,-89.6,,,,78,,1784963015000,2026-07-25T12:33:35.000+05:30,35040.73859956714,1784957749276,Default Profile,true
2026-07-25T07:03:40.000Z,12.089126666666667,75.39735333333333,41.400000000000006,2.4,211.07,11.135501,31,gps,0.54,0.68,0.87,-89.6,,,,78,,1784963020000,2026-07-25T12:33:40.000+05:30,35095.16062708489,1784957749276,Default Profile,true
2026-07-25T07:03:46.000Z,12.088503333333332,75.397125,15.800000000000011,2.6,197.83,11.328522,28,gps,0.61,1.03,1.20,-89.6,,,,78,,1784963026000,2026-07-25T12:33:46.000+05:30,35168.78425398642,1784957749276,Default Profile,true
2026-07-25T07:03:51.000Z,12.087948333333335,75.39700666666666,10.200000000000003,2.8,193.26,12.033176,31,gps,0.60,1.02,1.19,-89.6,,,,78,,1784963031000,2026-07-25T12:33:51.000+05:30,35231.824390986905,1784957749276,Default Profile,true
2026-07-25T07:03:57.000Z,12.087328333333335,75.39683,4.6000000000000085,2.6,203.04,12.608121,30,gps,0.60,0.94,1.11,-89.6,,,,78,,1784963037000,2026-07-25T12:33:57.000+05:30,35303.39130266293,1784957749276,Default Profile,true
2026-07-25T07:04:03.000Z,12.086643333333333,75.39653833333334,-6.3999999999999915,2.6,204.7,12.712609,27,gps,0.64,1.12,1.29,-89.6,,,,78,,1784963043000,2026-07-25T12:34:03.000+05:30,35385.89796931383,1784957749276,Default Profile,true
2026-07-25T07:04:09.000Z,12.086028333333335,75.39624666666667,-8.599999999999994,2.6,205.1,11.032557,26,gps,0.79,1.74,1.91,-89.6,,,,78,,1784963049000,2026-07-25T12:34:09.000+05:30,35461.27835510812,1784957749276,Default Profile,true
2026-07-25T07:04:14.000Z,12.085765,75.39611833333333,-7.299999999999997,2.7,204.24,4.9155974,28,gps,0.71,1.31,1.49,-89.6,,,,78,,1784963054000,2026-07-25T12:34:14.000+05:30,35493.7144857329,1784957749276,Default Profile,true
2026-07-25T07:04:20.000Z,12.085718333333334,75.39609833333334,-3.0999999999999943,2.7,213.68,0.0,27,gps,0.71,0.77,1.05,-89.6,,,,78,,1784963060000,2026-07-25T12:34:20.000+05:30,35499.34082000561,1784957749276,Default Profile,true
2026-07-25T07:04:25.000Z,12.085718333333334,75.39609833333334,-3.0999999999999943,2.6,213.68,0.0,27,gps,0.60,0.71,0.93,-89.6,,,,78,,1784963065000,2026-07-25T12:34:25.000+05:30,35499.34082000561,1784957749276,Default Profile,true
2026-07-25T07:04:31.000Z,12.085693333333332,75.39610333333333,-3.6999999999999886,2.4,213.68,0.17346139,28,gps,0.59,0.70,0.92,-89.6,,,,78,,1784963071000,2026-07-25T12:34:31.000+05:30,35502.17335456468,1784957749276,Default Profile,true
2026-07-25T07:04:36.000Z,12.085493333333334,75.396025,-6.599999999999994,2.6,207.45,5.9254823,25,gps,0.70,1.20,1.39,-89.6,,,,78,,1784963076000,2026-07-25T12:34:36.000+05:30,35525.987539503396,1784957749276,Default Profile,true
2026-07-25T07:04:42.000Z,12.085006666666667,75.395735,-4.0,2.7,209.44,10.670707,26,gps,0.70,1.24,1.43,-89.6,,,,78,,1784963082000,2026-07-25T12:34:42.000+05:30,35588.618812642526,1784957749276,Default Profile,true
2026-07-25T07:04:48.000Z,12.08439,75.39539333333333,-6.3999999999999915,2.7,210.98,11.279623,26,gps,0.73,1.46,1.63,-89.6,,,,78,,1784963088000,2026-07-25T12:34:48.000+05:30,35666.60580731977,1784957749276,Default Profile,true
2026-07-25T07:04:54.000Z,12.084123333333332,75.39520166666667,-3.3999999999999915,2.2,210.22,1.3418808,30,gps,0.66,1.13,1.31,-89.6,,,,78,,1784963094000,2026-07-25T12:34:54.000+05:30,35702.84873139984,1784957749276,Default Profile,true
2026-07-25T07:04:59.000Z,12.084053333333335,75.39517666666667,-4.799999999999997,2.2,200.05,3.0672297,30,gps,0.59,0.98,1.15,-89.6,,,,78,,1784963099000,2026-07-25T12:34:59.000+05:30,35711.093374928474,1784957749276,Default Profile,true
2026-07-25T07:05:04.000Z,12.083821666666665,75.39501166666668,-4.3999999999999915,2.5,215.01,7.7851734,32,gps,0.54,0.88,1.03,-89.6,,,,78,,1784963104000,2026-07-25T12:35:04.000+05:30,35742.48528143794,1784957749276,Default Profile,true
2026-07-25T07:05:09.000Z,12.083403333333335,75.39472666666667,-6.599999999999994,2.3,216.43,12.417159,30,gps,0.60,0.97,1.14,-89.6,,,,78,,1784963109000,2026-07-25T12:35:09.000+05:30,35798.378655718145,1784957749276,Default Profile,true
2026-07-25T07:05:14.000Z,12.082906666666668,75.39434333333334,-8.299999999999997,2.8,213.13,13.12027,32,gps,0.57,0.77,0.96,-89.6,,,,78,,1784963114000,2026-07-25T12:35:14.000+05:30,35867.568637989236,1784957749276,Default Profile,true
2026-07-25T07:05:20.000Z,12.082206666666666,75.39408666666667,-8.899999999999991,2.3,195.55,14.3164835,31,gps,0.56,0.71,0.91,-89.6,,,,78,,1784963120000,2026-07-25T12:35:20.000+05:30,35950.256951264135,1784957749276,Default Profile,true
2026-07-25T07:05:26.000Z,12.081476666666667,75.39391166666665,3.200000000000003,2.7,178.05,12.742978,33,gps,0.56,0.70,0.90,-89.6,,,,78,,1784963126000,2026-07-25T12:35:26.000+05:30,36033.629667105466,1784957749276,Default Profile,true
2026-07-25T07:05:32.000Z,12.080761666666668,75.39388000000001,2.4000000000000057,2.7,190.39,12.2298,32,gps,0.64,1.40,1.54,-89.6,,,,78,,1784963132000,2026-07-25T12:35:32.000+05:30,36113.208563736756,1784957749276,Default Profile,true
2026-07-25T07:05:38.000Z,12.080079999999999,75.39369833333333,2.4000000000000057,2.6,199.83,11.412936,31,gps,0.61,0.76,0.97,-89.6,,,,78,,1784963138000,2026-07-25T12:35:38.000+05:30,36191.53800659122,1784957749276,Default Profile,true
2026-07-25T07:05:44.000Z,12.079486666666666,75.39356500000001,5.1000000000000085,2.5,183.66,12.065089,30,gps,0.61,1.18,1.32,-89.6,,,,78,,1784963144000,2026-07-25T12:35:44.000+05:30,36259.08777020107,1784957749276,Default Profile,true
2026-07-25T07:05:50.000Z,12.078806666666667,75.39344,8.800000000000011,2.7,196.53,13.158359,32,gps,0.52,0.83,0.98,-89.6,,,,78,,1784963150000,2026-07-25T12:35:50.000+05:30,36335.91218067335,1784957749276,Default Profile,true
2026-07-25T07:05:56.000Z,12.078093333333333,75.39318333333334,10.600000000000009,2.6,199.78,15.440638,31,gps,0.54,0.92,1.07,-89.6,,,,78,,1784963156000,2026-07-25T12:35:56.000+05:30,36419.997730162984,1784957749276,Default Profile,true
2026-07-25T07:06:01.000Z,12.077388333333333,75.39294666666666,6.700000000000003,2.7,200.94,17.126867,30,gps,0.53,0.88,1.03,-89.6,,,,78,,1784963161000,2026-07-25T12:36:01.000+05:30,36502.50585669039,1784957749276,Default Profile,true
2026-07-25T07:06:07.000Z,12.076536666666668,75.392595,5.0,2.8,202.1,14.75966,34,gps,0.49,0.78,0.92,-89.6,,,,78,,1784963167000,2026-07-25T12:36:07.000+05:30,36604.63534859487,1784957749276,Default Profile,true
2026-07-25T07:06:13.000Z,12.075840000000001,75.39234,3.5,2.4,201.86,12.64724,32,gps,0.53,0.89,1.03,-89.6,,,,78,,1784963173000,2026-07-25T12:36:13.000+05:30,36686.91383279889,1784957749276,Default Profile,true
2026-07-25T07:06:18.000Z,12.075435,75.39214,5.0,2.6,200.82,6.8458056,32,gps,0.60,0.96,1.13,-89.6,,,,78,,1784963178000,2026-07-25T12:36:18.000+05:30,36736.923665178845,1784957749276,Default Profile,true
2026-07-25T07:06:24.000Z,12.075361666666668,75.39209000000001,3.4000000000000057,2.5,213.64,0.0,28,gps,0.60,0.71,0.93,-89.6,,,,78,,1784963184000,2026-07-25T12:36:24.000+05:30,36746.72420177999,1784957749276,Default Profile,true
2026-07-25T07:06:29.000Z,12.075316666666668,75.39208833333333,2.200000000000003,2.5,192.06,2.951932,30,gps,0.56,0.66,0.86,-89.6,,,,78,,1784963189000,2026-07-25T12:36:29.000+05:30,36751.731254151346,1784957749276,Default Profile,true
2026-07-25T07:06:34.000Z,12.075,75.39200833333332,5.6000000000000085,2.5,188.81,7.964812,31,gps,0.54,0.87,1.02,-89.6,,,,78,,1784963194000,2026-07-25T12:36:34.000+05:30,36788.00154929709,1784957749276,Default Profile,true
2026-07-25T07:06:40.000Z,12.074451666666668,75.39190333333333,8.600000000000009,2.4,201.13,10.887919,30,gps,0.54,0.68,0.87,-89.6,,,,78,,1784963200000,2026-07-25T12:36:40.000+05:30,36850.033171508854,1784957749276,Default Profile,true
2026-07-25T07:06:45.000Z,12.07403,75.39162,9.0,2.2,222.49,10.422095,32,gps,0.53,0.90,1.05,-89.6,,,,78,,1784963205000,2026-07-25T12:36:45.000+05:30,36906.136266743626,1784957749276,Default Profile,true
2026-07-25T07:06:50.000Z,12.073611666666666,75.39120833333332,9.600000000000009,2.5,222.99,12.647755,34,gps,0.51,0.62,0.80,-89.6,,,,78,,1784963210000,2026-07-25T12:36:50.000+05:30,36970.692315448294,1784957749276,Default Profile,true
2026-07-25T07:06:56.000Z,12.073231666666667,75.39079666666666,8.900000000000006,2.5,237.6,8.291145,30,gps,0.65,1.16,1.33,-89.6,,,,78,,1784963216000,2026-07-25T12:36:56.000+05:30,37032.248039084036,1784957749276,Default Profile,true
2026-07-25T07:07:02.000Z,12.073093333333334,75.39028499999999,5.900000000000006,2.3,260.61,11.176679,37,gps,0.47,0.72,0.86,-89.6,,,,78,,1784963222000,2026-07-25T12:37:02.000+05:30,37089.97154209424,1784957749276,Default Profile,true
2026-07-25T07:07:08.000Z,12.072878333333332,75.38962666666666,-5.8999999999999915,2.6,250.66,11.311536,33,gps,0.55,0.83,0.99,-89.6,,,,78,,1784963228000,2026-07-25T12:37:08.000+05:30,37165.44232985848,1784957749276,Default Profile,true
2026-07-25T07:07:14.000Z,12.072593333333336,75.38912833333333,-13.699999999999989,2.5,227.61,10.32224,34,gps,0.54,0.78,0.95,-89.6,,,,78,,1784963234000,2026-07-25T12:37:14.000+05:30,37228.21554702981,1784957749276,Default Profile,true
2026-07-25T07:07:19.000Z,12.072284999999999,75.388795,-15.199999999999989,2.6,227.8,10.612028,35,gps,0.51,0.60,0.79,-89.6,,,,78,,1784963239000,2026-07-25T12:37:19.000+05:30,37278.10729007608,1784957749276,Default Profile,true
2026-07-25T07:07:25.000Z,12.071961666666668,75.38842333333334,-14.0,2.5,226.3,8.321514,35,gps,0.50,0.60,0.78,-89.6,,,,78,,1784963245000,2026-07-25T12:37:25.000+05:30,37332.19860856103,1784957749276,Default Profile,true
2026-07-25T07:07:31.000Z,12.071688333333334,75.38814666666667,-16.799999999999997,2.5,226.17,7.3106,33,gps,0.52,0.82,0.97,-89.6,,,,78,,1784963251000,2026-07-25T12:37:31.000+05:30,37374.96279677441,1784957749276,Default Profile,true
2026-07-25T07:07:36.000Z,12.071435000000001,75.38781333333333,-18.69999999999999,2.4,229.9,12.3502445,33,gps,0.52,0.92,1.06,-89.6,,,,78,,1784963256000,2026-07-25T12:37:36.000+05:30,37420.86748536362,1784957749276,Default Profile,true
2026-07-25T07:07:42.000Z,12.070951666666668,75.38720666666667,-20.69999999999999,2.6,227.77,14.909444,29,gps,0.62,0.82,1.03,-89.6,,,,78,,1784963262000,2026-07-25T12:37:42.000+05:30,37505.95590901702,1784957749276,Default Profile,true
2026-07-25T07:07:47.000Z,12.070549999999999,75.38682,-20.599999999999994,2.3,222.87,7.7167153,31,gps,0.56,0.72,0.91,-89.6,,,,78,,1784963267000,2026-07-25T12:37:47.000+05:30,37567.29570761232,1784957749276,Default Profile,true
2026-07-25T07:07:52.000Z,12.070496666666667,75.38671666666667,-17.599999999999994,2.7,240.91,0.0,26,gps,0.63,1.11,1.28,-89.6,,,,78,,1784963272000,2026-07-25T12:37:52.000+05:30,37580.00081217327,1784957749276,Default Profile,true
2026-07-25T07:07:58.000Z,12.070500000000001,75.38672666666666,-17.299999999999997,2.6,240.91,0.0,24,gps,0.59,0.73,0.94,-89.6,,,,78,,1784963278000,2026-07-25T12:37:58.000+05:30,37581.14961344864,1784957749276,Default Profile,true
2026-07-25T07:08:04.000Z,12.070423333333334,75.38668833333332,-15.899999999999991,2.4,222.72,3.1902483,26,gps,0.62,1.32,1.46,-89.6,,,,78,,1784963284000,2026-07-25T12:38:04.000+05:30,37590.63902073909,1784957749276,Default Profile,true
2026-07-25T07:08:10.000Z,12.070204999999998,75.38645166666667,-11.299999999999997,2.5,226.18,6.7963924,26,gps,0.65,0.79,1.02,-89.6,,,,78,,1784963290000,2026-07-25T12:38:10.000+05:30,37626.017764469696,1784957749276,Default Profile,true
2026-07-25T07:08:15.000Z,12.069958333333334,75.386195,-3.799999999999997,2.4,226.63,8.18151,28,gps,0.61,1.18,1.33,-89.6,,,,78,,1784963295000,2026-07-25T12:38:15.000+05:30,37665.14852801931,1784957749276,Default Profile,true
2026-07-25T07:08:20.000Z,12.069708333333331,75.385855,-3.799999999999997,2.5,239.91,8.610273,31,gps,0.55,0.86,1.02,-89.6,,,,78,,1784963300000,2026-07-25T12:38:20.000+05:30,37711.40420925583,1784957749276,Default Profile,true
2026-07-25T07:08:26.000Z,12.0696,75.38562499999999,-7.599999999999994,2.4,253.9,1.3588667,32,gps,0.56,0.65,0.86,-89.6,,,,78,,1784963306000,2026-07-25T12:38:26.000+05:30,37739.16358558025,1784957749276,Default Profile,true
2026-07-25T07:08:31.000Z,12.069556666666665,75.385515,-8.5,2.2,242.33,4.1831474,30,gps,0.59,1.07,1.22,-89.6,,,,78,,1784963311000,2026-07-25T12:38:31.000+05:30,37752.058714549275,1784957749276,Default Profile,true
2026-07-25T07:08:37.000Z,12.069411666666667,75.385205,-10.699999999999989,2.3,244.07,7.71826,31,gps,0.62,1.32,1.46,-89.6,,,,78,,1784963317000,2026-07-25T12:38:37.000+05:30,37789.42473152466,1784957749276,Default Profile,true
2026-07-25T07:08:43.000Z,12.069193333333333,75.38468333333334,-15.799999999999997,2.6,249.49,11.035645,34,gps,0.53,0.86,1.01,-89.6,,,,78,,1784963323000,2026-07-25T12:38:43.000+05:30,37851.12615481523,1784957749276,Default Profile,true
2026-07-25T07:08:49.000Z,12.068971666666668,75.38398833333333,-16.39999999999999,2.6,252.72,13.255641,29,gps,0.65,1.27,1.43,-89.6,,,,78,,1784963329000,2026-07-25T12:38:49.000+05:30,37930.61643136144,1784957749276,Default Profile,true
2026-07-25T07:08:55.000Z,12.068735,75.38324666666668,-16.599999999999994,2.7,248.36,14.622744,29,gps,0.65,1.24,1.40,-89.6,,,,78,,1784963335000,2026-07-25T12:38:55.000+05:30,38015.44824734204,1784957749276,Default Profile,true
2026-07-25T07:09:01.000Z,12.068451666666666,75.38250500000001,-10.599999999999994,2.8,248.5,13.447633,24,gps,0.71,0.81,1.08,-89.6,,,,78,,1784963341000,2026-07-25T12:39:01.000+05:30,38102.03052182353,1784957749276,Default Profile,true
2026-07-25T07:09:06.000Z,12.068235,75.38205666666666,-4.699999999999989,2.6,242.01,8.384311,27,gps,0.63,0.82,1.03,-89.6,,,,78,,1784963346000,2026-07-25T12:39:06.000+05:30,38156.40934774922,1784957749276,Default Profile,true
2026-07-25T07:09:12.000Z,12.068158333333335,75.38193500000001,-8.899999999999991,2.6,242.24,0.0,27,gps,0.63,0.82,1.03,-89.6,,,,78,,1784963352000,2026-07-25T12:39:12.000+05:30,38172.147844189945,1784957749276,Default Profile,true
2026-07-25T07:09:18.000Z,12.068068333333335,75.38183666666667,-7.199999999999989,2.5,223.56,4.5372763,25,gps,0.72,1.57,1.73,-89.6,,,,78,,1784963358000,2026-07-25T12:39:18.000+05:30,38186.79301083989,1784957749276,Default Profile,true
2026-07-25T07:09:23.000Z,12.067759999999998,75.38157333333334,-6.599999999999994,2.5,223.19,10.274885,29,gps,0.57,1.09,1.23,-89.6,,,,78,,1784963363000,2026-07-25T12:39:23.000+05:30,38231.462767995356,1784957749276,Default Profile,true
2026-07-25T07:09:29.000Z,12.067286666666666,75.381095,-5.3999999999999915,2.8,224.21,13.813086,31,gps,0.57,1.05,1.20,-89.6,,,,78,,1784963369000,2026-07-25T12:39:29.000+05:30,38305.459356470674,1784957749276,Default Profile,true
2026-07-25T07:09:35.000Z,12.066740000000001,75.38051,-5.799999999999997,2.8,226.86,14.905326,32,gps,0.55,0.69,0.88,-89.6,,,,78,,1784963375000,2026-07-25T12:39:35.000+05:30,38393.44488561198,1784957749276,Default Profile,true
2026-07-25T07:09:41.000Z,12.066133333333335,75.37987333333334,-9.599999999999994,3.1,221.39,17.541218,23,gps,0.75,0.81,1.10,-89.6,,,,78,,1784963381000,2026-07-25T12:39:41.000+05:30,38490.10617457657,1784957749276,Default Profile,true
2026-07-25T07:09:47.000Z,12.065325,75.37913333333333,-12.699999999999989,2.9,219.81,19.275833,24,gps,0.68,1.16,1.34,-89.6,,,,78,,1784963387000,2026-07-25T12:39:47.000+05:30,38610.74500156577,1784957749276,Default Profile,true
2026-07-25T07:09:53.000Z,12.064416666666666,75.37843666666666,-6.8999999999999915,3.1,221.79,18.783758,26,gps,0.67,0.79,1.03,-89.6,,,,78,,1784963393000,2026-07-25T12:39:53.000+05:30,38736.999469093644,1784957749276,Default Profile,true
2026-07-25T07:09:58.000Z,12.063804999999999,75.37786166666666,-1.1999999999999886,2.8,220.96,16.491186,25,gps,0.65,0.85,1.07,-89.6,,,,78,,1784963398000,2026-07-25T12:39:58.000+05:30,38829.386210277575,1784957749276,Default Profile,true
2026-07-25T07:10:03.000Z,12.063193333333334,75.37740000000001,1.1000000000000085,2.8,211.3,15.437035,25,gps,0.77,1.34,1.55,-89.6,,,,79,,1784963403000,2026-07-25T12:40:03.000+05:30,38913.92087726666,1784957749276,Default Profile,true
2026-07-25T07:10:08.000Z,12.062618333333335,75.377135,25.599999999999994,2.6,203.05,13.223728,25,gps,0.72,0.80,1.08,-89.7,,,,79,,1784963408000,2026-07-25T12:40:08.000+05:30,38984.05155609226,1784957749276,Default Profile,true
2026-07-25T07:10:14.000Z,12.061926666666666,75.37689833333334,20.099999999999994,2.7,193.7,14.016915,27,gps,0.62,0.69,0.93,-89.7,,,,79,,1784963414000,2026-07-25T12:40:14.000+05:30,39065.152828869686,1784957749276,Default Profile,true
2026-07-25T07:10:20.000Z,12.061266666666665,75.37674999999999,16.700000000000003,2.4,190.83,11.563234,30,gps,0.57,0.91,1.08,-89.7,,,,79,,1784963420000,2026-07-25T12:40:20.000+05:30,39140.2931256106,1784957749276,Default Profile,true
2026-07-25T07:10:26.000Z,12.060576666666668,75.376715,14.799999999999997,2.3,182.72,13.309688,30,gps,0.54,0.68,0.87,-89.7,,,,79,,1784963426000,2026-07-25T12:40:26.000+05:30,39217.11196307342,1784957749276,Default Profile,true
2026-07-25T07:10:31.000Z,12.059903333333333,75.37659666666667,6.700000000000003,2.5,194.32,14.627377,29,gps,0.58,0.98,1.14,-89.7,,,,79,,1784963431000,2026-07-25T12:40:31.000+05:30,39293.08090753181,1784957749276,Default Profile,true
2026-07-25T07:10:37.000Z,12.059156666666668,75.37635666666667,-13.299999999999997,2.7,203.81,13.8238945,24,gps,0.64,0.79,1.02,-89.7,,,,79,,1784963437000,2026-07-25T12:40:37.000+05:30,39380.11158062777,1784957749276,Default Profile,true
2026-07-25T07:10:42.000Z,12.058551666666665,75.37592333333333,-22.60000000000001,2.5,218.7,15.058713,27,gps,0.61,0.76,0.97,-89.7,,,,79,,1784963442000,2026-07-25T12:40:42.000+05:30,39462.24595405103,1784957749276,Default Profile,true
2026-07-25T07:10:48.000Z,12.058013333333333,75.37544,-36.1,2.6,220.67,9.929506,28,gps,0.62,0.75,0.97,-89.7,,,,79,,1784963448000,2026-07-25T12:40:48.000+05:30,39541.90519880458,1784957749276,Default Profile,true
2026-07-25T07:10:54.000Z,12.05758666666667,75.37506333333334,-37.7,2.6,217.57,10.778283,29,gps,0.64,0.84,1.06,-89.7,,,,79,,1784963454000,2026-07-25T12:40:54.000+05:30,39604.58313527624,1784957749276,Default Profile,true
2026-07-25T07:11:00.000Z,12.057096666666666,75.37480333333333,-31.6,2.8,211.79,10.303709,27,gps,0.81,1.49,1.70,-89.7,,,,79,,1784963460000,2026-07-25T12:41:00.000+05:30,39665.96739363662,1784957749276,Default Profile,true
2026-07-25T07:11:06.000Z,12.056673333333332,75.37458666666666,-29.800000000000004,2.7,197.07,9.206322,27,gps,0.73,1.65,1.80,-89.7,,,,79,,1784963466000,2026-07-25T12:41:06.000+05:30,39718.60703854882,1784957749276,Default Profile,true
2026-07-25T07:11:11.000Z,12.056299999999998,75.37447,-25.299999999999997,2.8,194.59,8.927857,24,gps,0.76,1.72,1.88,-89.7,,,,79,,1784963471000,2026-07-25T12:41:11.000+05:30,39762.01510084724,1784957749276,Default Profile,true
2026-07-25T07:11:16.000Z,12.055894999999998,75.37434666666667,-32.5,2.7,193.87,9.0735235,22,gps,0.84,1.76,1.95,-89.7,,,,79,,1784963476000,2026-07-25T12:41:16.000+05:30,39809.00367520782,1784957749276,Default Profile,true
2026-07-25T07:11:21.000Z,12.055508333333334,75.37422333333333,-35.7,2.9,196.22,8.43115,25,gps,0.71,1.55,1.70,-89.7,,,,79,,1784963481000,2026-07-25T12:41:21.000+05:30,39854.042240958086,1784957749276,Default Profile,true
2026-07-25T07:11:27.000Z,12.055325000000002,75.37422833333333,-18.700000000000003,2.6,212.85,1.3604108,26,gps,0.63,0.79,1.01,-89.7,,,,79,,1784963487000,2026-07-25T12:41:27.000+05:30,39874.43522697738,1784957749276,Default Profile,true
2026-07-25T07:11:33.000Z,12.055334999999998,75.37423,-15.100000000000009,2.5,212.85,0.0,22,gps,0.70,0.87,1.11,-89.7,,,,79,,1784963493000,2026-07-25T12:41:33.000+05:30,39875.56184949927,1784957749276,Default Profile,true
2026-07-25T07:11:39.000Z,12.055334999999998,75.37423,-15.100000000000009,2.6,212.85,0.0,21,gps,0.77,0.88,1.17,-89.7,,,,79,,1784963499000,2026-07-25T12:41:39.000+05:30,39875.56184949927,1784957749276,Default Profile,true
2026-07-25T07:11:44.000Z,12.055138333333332,75.37418666666667,-17.10000000000001,2.7,196.6,4.8373594,24,gps,0.71,1.67,1.81,-89.7,,,,79,,1784963504000,2026-07-25T12:41:44.000+05:30,39897.93211504678,1784957749276,Default Profile,true
2026-07-25T07:11:50.000Z,12.054753333333334,75.37404,-29.0,2.7,195.31,7.123241,23,gps,0.71,0.88,1.13,-89.7,,,,79,,1784963510000,2026-07-25T12:41:50.000+05:30,39943.61656600488,1784957749276,Default Profile,true
2026-07-25T07:11:55.000Z,12.054358333333335,75.37393833333334,-26.700000000000003,2.6,190.99,10.3876095,22,gps,0.70,0.78,1.05,-89.7,,,,79,,1784963515000,2026-07-25T12:41:55.000+05:30,39988.90858115279,1784957749276,Default Profile,true
2026-07-25T07:12:01.000Z,12.053758333333333,75.37385333333333,-20.5,2.9,188.09,12.6791525,19,gps,1.41,3.00,3.32,-89.7,,,,79,,1784963521000,2026-07-25T12:42:01.000+05:30,40056.26278242424,1784957749276,Default Profile,true
2026-07-25T07:12:06.000Z,12.053188333333333,75.37370333333334,-21.200000000000003,3.1,203.75,12.301861,21,gps,0.84,0.89,1.22,-89.7,,,,79,,1784963526000,2026-07-25T12:42:06.000+05:30,40121.709175491225,1784957749276,Default Profile,true
2026-07-25T07:12:12.000Z,12.052878333333334,75.37344499999999,-32.2,2.9,229.52,4.6721334,21,gps,0.70,0.90,1.13,-89.7,,,,79,,1784963532000,2026-07-25T12:42:12.000+05:30,40166.1768753125,1784957749276,Default Profile,true
2026-07-25T07:12:17.000Z,12.052835,75.37342833333334,-16.10000000000001,2.4,218.21,3.5695987,25,gps,0.63,1.37,1.50,-89.7,,,,79,,1784963537000,2026-07-25T12:42:17.000+05:30,40171.32490445033,1784957749276,Default Profile,true
2026-07-25T07:12:23.000Z,12.052551666666666,75.373225,-13.299999999999997,2.5,212.85,7.0630183,26,gps,0.57,0.76,0.95,-89.7,,,,79,,1784963543000,2026-07-25T12:42:23.000+05:30,40209.81497928642,1784957749276,Default Profile,true
2026-07-25T07:12:28.000Z,12.052268333333332,75.37298833333332,-9.200000000000003,2.6,220.29,8.945872,29,gps,0.56,1.05,1.19,-89.7,,,,79,,1784963548000,2026-07-25T12:42:28.000+05:30,40250.49573088487,1784957749276,Default Profile,true
2026-07-25T07:12:34.000Z,12.051885,75.37259,-8.799999999999997,2.7,228.8,11.501983,25,gps,0.61,0.79,1.00,-89.7,,,,79,,1784963554000,2026-07-25T12:42:34.000+05:30,40311.267218575114,1784957749276,Default Profile,true
2026-07-25T07:12:39.000Z,12.051521666666668,75.372145,-13.799999999999997,3.0,228.78,14.448253,23,gps,0.67,0.82,1.06,-89.7,,,,79,,1784963559000,2026-07-25T12:42:39.000+05:30,40374.30632836446,1784957749276,Default Profile,true
2026-07-25T07:12:45.000Z,12.050898333333334,75.37157166666665,-12.600000000000009,2.6,218.34,15.346958,26,gps,0.60,1.13,1.28,-89.7,,,,79,,1784963565000,2026-07-25T12:42:45.000+05:30,40467.532948876295,1784957749276,Default Profile,true
2026-07-25T07:12:51.000Z,12.050121666666666,75.37100833333334,-21.5,3.0,210.32,17.6035,20,gps,0.78,1.86,2.02,-89.7,,,,79,,1784963571000,2026-07-25T12:42:51.000+05:30,40573.41502156403,1784957749276,Default Profile,true
2026-07-25T07:12:57.000Z,12.049418333333332,75.370535,-13.700000000000003,2.8,214.8,12.450101,21,gps,0.70,0.87,1.12,-89.7,,,,79,,1784963577000,2026-07-25T12:42:57.000+05:30,40667.04075891794,1784957749276,Default Profile,true
2026-07-25T07:13:03.000Z,12.049156666666667,75.37036499999999,-16.0,2.8,215.14,2.5061824,22,gps,0.77,1.44,1.64,-89.7,,,,79,,1784963583000,2026-07-25T12:43:03.000+05:30,40701.51298767717,1784957749276,Default Profile,true
2026-07-25T07:13:08.000Z,12.049168333333334,75.37035333333333,-19.60000000000001,2.7,215.14,0.0,21,gps,0.81,0.81,1.14,-89.7,,,,79,,1784963588000,2026-07-25T12:43:08.000+05:30,40703.32751348092,1784957749276,Default Profile,true
2026-07-25T07:13:14.000Z,12.049203333333333,75.37030333333334,-20.0,3.3,215.14,0.14824,14,gps,1.05,0.94,1.41,-89.7,,,,79,,1784963594000,2026-07-25T12:43:14.000+05:30,40710.01407154199,1784957749276,Default Profile,true
2026-07-25T07:13:20.000Z,12.048904999999998,75.37012666666666,-22.0,3.7,212.4,6.229683,13,gps,1.04,0.94,1.40,-89.7,,,,79,,1784963600000,2026-07-25T12:43:20.000+05:30,40748.348726616925,1784957749276,Default Profile,true
2026-07-25T07:13:26.000Z,12.048353333333333,75.36965000000001,-36.1,3.3,213.71,11.091234,16,gps,0.82,0.88,1.21,-89.7,,,,79,,1784963606000,2026-07-25T12:43:26.000+05:30,40828.65940538166,1784957749276,Default Profile,true
2026-07-25T07:13:31.000Z,12.047753333333333,75.36939333333333,-35.900000000000006,2.9,200.88,12.426424,18,gps,0.81,1.33,1.56,-89.7,,,,79,,1784963611000,2026-07-25T12:43:31.000+05:30,40900.97950741986,1784957749276,Default Profile,true
2026-07-25T07:13:37.000Z,12.047131666666667,75.36916333333333,-30.400000000000006,2.7,190.91,9.347356,17,gps,0.78,0.83,1.14,-89.7,,,,79,,1784963617000,2026-07-25T12:43:37.000+05:30,40974.491454217525,1784957749276,Default Profile,true
2026-07-25T07:13:43.000Z,12.04668,75.36914166666666,-22.5,2.9,179.42,7.642596,21,gps,0.72,0.84,1.11,-89.7,,,,79,,1784963623000,2026-07-25T12:43:43.000+05:30,41024.769734310226,1784957749276,Default Profile,true
2026-07-25T07:13:49.000Z,12.046564999999998,75.36918999999999,-20.299999999999997,2.7,146.74,1.5338722,26,gps,0.69,0.84,1.09,-89.7,,,,79,,1784963629000,2026-07-25T12:43:49.000+05:30,41038.59522732194,1784957749276,Default Profile,true
2026-07-25T07:13:54.000Z,12.046463333333334,75.36918833333334,-17.60000000000001,2.5,166.09,4.4296994,27,gps,0.64,1.28,1.43,-89.7,,,,79,,1784963634000,2026-07-25T12:43:54.000+05:30,41049.901497659666,1784957749276,Default Profile,true
2026-07-25T07:14:00.000Z,12.046036666666664,75.36923,-25.800000000000004,2.6,176.65,8.959255,30,gps,0.56,1.02,1.16,-89.7,,,,79,,1784963640000,2026-07-25T12:44:00.000+05:30,41097.56054828106,1784957749276,Default Profile,true
2026-07-25T07:14:06.000Z,12.045523333333332,75.36926666666666,-28.6,2.6,183.62,8.39409,27,gps,0.61,0.79,1.00,-89.7,,,,79,,1784963646000,2026-07-25T12:44:06.000+05:30,41154.77971170409,1784957749276,Default Profile,true
2026-07-25T07:14:12.000Z,12.045086666666668,75.36917833333334,-25.5,2.7,189.4,9.574348,27,gps,0.58,0.75,0.95,-89.7,,,,79,,1784963652000,2026-07-25T12:44:12.000+05:30,41204.27591338715,1784957749276,Default Profile,true
2026-07-25T07:14:18.000Z,12.044473333333334,75.36912000000001,-26.5,2.8,190.45,10.822035,29,gps,0.60,1.16,1.31,-89.7,,,,79,,1784963658000,2026-07-25T12:44:18.000+05:30,41272.76985625301,1784957749276,Default Profile,true
2026-07-25T07:14:23.000Z,12.044036666666667,75.36900166666666,-34.0,2.6,197.43,7.7424517,31,gps,0.59,1.08,1.23,-89.7,,,,79,,1784963663000,2026-07-25T12:44:23.000+05:30,41323.001276326315,1784957749276,Default Profile,true
2026-07-25T07:14:29.000Z,12.043856666666667,75.368925,-35.7,2.5,193.79,1.7263783,27,gps,0.67,0.84,1.08,-89.7,,,,79,,1784963669000,2026-07-25T12:44:29.000+05:30,41344.68339191804,1784957749276,Default Profile,true
2026-07-25T07:14:34.000Z,12.043851666666667,75.36893166666667,-35.300000000000004,2.4,193.79,0.0,28,gps,0.62,0.79,1.01,-89.7,,,,79,,1784963674000,2026-07-25T12:44:34.000+05:30,41345.5970148833,1784957749276,Default Profile,true
2026-07-25T07:14:40.000Z,12.043851666666667,75.36893166666667,-35.300000000000004,1.2,193.79,0.0,27,gps,0.65,0.79,1.02,-89.7,,,,79,,1784963680000,2026-07-25T12:44:40.000+05:30,41345.5970148833,1784957749276,Default Profile,true
2026-07-25T07:14:46.000Z,12.043851666666667,75.36893166666667,-35.300000000000004,1.1,193.79,0.0,27,gps,0.60,0.74,0.95,-89.7,,,,79,,1784963686000,2026-07-25T12:44:46.000+05:30,41345.5970148833,1784957749276,Default Profile,true
2026-07-25T07:14:52.000Z,12.043808333333335,75.36892333333334,-35.1,1.8,193.79,0.0,30,gps,0.54,0.67,0.86,-89.7,,,,79,,1784963692000,2026-07-25T12:44:52.000+05:30,41350.499940393216,1784957749276,Default Profile,true
2026-07-25T07:14:57.000Z,12.043701666666667,75.36888,-33.400000000000006,2.2,202.02,2.688394,30,gps,0.55,0.88,1.04,-89.7,,,,80,,1784963697000,2026-07-25T12:44:57.000+05:30,41363.26258003752,1784957749276,Default Profile,true
2026-07-25T07:15:03.000Z,12.043556666666666,75.36880333333333,-30.900000000000006,2.4,197.93,4.387492,29,gps,0.60,1.04,1.20,-89.7,,,,80,,1784963703000,2026-07-25T12:45:03.000+05:30,41381.41389556033,1784957749276,Default Profile,true
2026-07-25T07:15:09.000Z,12.043258333333332,75.368705,-35.6,2.5,193.09,4.741621,29,gps,0.56,0.70,0.89,-89.7,,,,80,,1784963709000,2026-07-25T12:45:09.000+05:30,41416.268007638966,1784957749276,Default Profile,true
2026-07-25T07:15:15.000Z,12.043143333333335,75.36868833333332,-34.5,2.3,201.31,1.2255536,32,gps,0.54,0.69,0.88,-89.7,,,,80,,1784963715000,2026-07-25T12:45:15.000+05:30,41429.18323248915,1784957749276,Default Profile,true
2026-07-25T07:15:21.000Z,12.043135,75.36868666666666,-32.1,2.3,201.31,0.0,29,gps,0.60,0.76,0.97,-89.7,,,,80,,1784963721000,2026-07-25T12:45:21.000+05:30,41430.12741619933,1784957749276,Default Profile,true
2026-07-25T07:15:26.000Z,12.043135,75.36868666666666,-32.1,1.1,201.31,0.0,28,gps,0.61,0.78,0.99,-89.7,,,,80,,1784963726000,2026-07-25T12:45:26.000+05:30,41430.12741619933,1784957749276,Default Profile,true
2026-07-25T07:15:32.000Z,12.043135,75.36868666666666,-32.1,1.1,201.31,0.0,28,gps,0.61,0.78,0.99,-89.7,,,,80,,1784963732000,2026-07-25T12:45:32.000+05:30,41430.12741619933,1784957749276,Default Profile,true
2026-07-25T07:15:37.000Z,12.043135,75.36868666666666,-32.1,1.7,201.31,0.0,29,gps,0.59,0.73,0.94,-89.7,,,,80,,1784963737000,2026-07-25T12:45:37.000+05:30,41430.12741619933,1784957749276,Default Profile,true
2026-07-25T07:15:43.000Z,12.043135,75.36868666666666,-32.1,1.0,201.31,0.0,28,gps,0.59,0.73,0.94,-89.7,,,,80,,1784963743000,2026-07-25T12:45:43.000+05:30,41430.12741619933,1784957749276,Default Profile,true
2026-07-25T07:15:49.000Z,12.043135,75.36868666666666,-32.1,1.9,201.31,0.0,29,gps,0.58,0.73,0.93,-89.7,,,,80,,1784963749000,2026-07-25T12:45:49.000+05:30,41430.12741619933,1784957749276,Default Profile,true
2026-07-25T07:15:54.000Z,12.043135,75.36868666666666,-32.1,1.1,201.31,0.0,26,gps,0.66,0.80,1.03,-89.7,,,,80,,1784963754000,2026-07-25T12:45:54.000+05:30,41430.12741619933,1784957749276,Default Profile,true
2026-07-25T07:16:00.000Z,12.043135,75.36868666666666,-32.1,1.1,201.31,0.0,26,gps,0.66,0.79,1.03,-89.7,,,,80,,1784963760000,2026-07-25T12:46:00.000+05:30,41430.12741619933,1784957749276,Default Profile,true
2026-07-25T07:16:05.000Z,12.043135,75.36868666666666,-32.1,1.5,201.31,0.0,27,gps,0.64,0.79,1.02,-89.7,,,,80,,1784963765000,2026-07-25T12:46:05.000+05:30,41430.12741619933,1784957749276,Default Profile,true
2026-07-25T07:16:11.000Z,12.043008333333335,75.36868666666666,-37.5,2.3,192.78,2.1474211,25,gps,0.64,1.32,1.47,-89.7,,,,80,,1784963771000,2026-07-25T12:46:11.000+05:30,41444.212106907435,1784957749276,Default Profile,true
2026-07-25T07:16:17.000Z,12.042763333333335,75.36863333333334,-35.300000000000004,2.5,201.13,5.9069524,27,gps,0.69,1.61,1.75,-89.7,,,,81,,1784963777000,2026-07-25T12:46:17.000+05:30,41472.065408280716,1784957749276,Default Profile,true
2026-07-25T07:16:22.000Z,12.042378333333334,75.36849000000001,-39.5,2.7,195.12,9.881638,28,gps,0.66,1.46,1.60,-89.7,,,,81,,1784963782000,2026-07-25T12:46:22.000+05:30,41517.62482688332,1784957749276,Default Profile,true
2026-07-25T07:16:27.000Z,12.041974999999999,75.36834833333334,-41.900000000000006,2.6,192.24,8.031726,26,gps,0.72,1.59,1.74,-89.7,,,,81,,1784963787000,2026-07-25T12:46:27.000+05:30,41565.04573551257,1784957749276,Default Profile,true
2026-07-25T07:16:33.000Z,12.041720000000002,75.36822833333333,-52.800000000000004,2.4,220.6,4.8111086,26,gps,0.65,0.83,1.05,-89.7,,,,81,,1784963793000,2026-07-25T12:46:33.000+05:30,41596.25929077419,1784957749276,Default Profile,true
2026-07-25T07:16:39.000Z,12.041685,75.36777333333333,-44.400000000000006,2.6,270.35,9.261911,24,gps,0.73,0.86,1.13,-89.7,,,,81,,1784963799000,2026-07-25T12:46:39.000+05:30,41645.89253679098,1784957749276,Default Profile,true
2026-07-25T07:16:44.000Z,12.041623333333332,75.36734166666666,-41.5,2.6,261.19,7.378543,27,gps,0.62,0.77,0.99,-89.7,,,,81,,1784963804000,2026-07-25T12:46:44.000+05:30,41693.33367964948,1784957749276,Default Profile,true
2026-07-25T07:16:50.000Z,12.041628333333332,75.36729333333332,-29.800000000000004,2.5,260.98,0.0,25,gps,0.68,0.85,1.09,-89.7,,,,81,,1784963810000,2026-07-25T12:46:50.000+05:30,41698.61916643216,1784957749276,Default Profile,true
2026-07-25T07:16:55.000Z,12.041628333333332,75.36729333333332,-29.800000000000004,2.7,260.98,0.0,18,gps,0.84,0.92,1.25,-89.7,,,,81,,1784963815000,2026-07-25T12:46:55.000+05:30,41698.61916643216,1784957749276,Default Profile,true
2026-07-25T07:17:01.000Z,12.041626666666666,75.367145,-24.799999999999997,2.7,266.79,4.1455727,19,gps,0.83,0.89,1.22,-89.7,,,,81,,1784963821000,2026-07-25T12:47:01.000+05:30,41714.751217739584,1784957749276,Default Profile,true
2026-07-25T07:17:06.000Z,12.041606666666667,75.36680500000001,-21.400000000000006,3.0,269.81,7.658552,17,gps,0.92,0.93,1.31,-89.7,,,,81,,1784963826000,2026-07-25T12:47:06.000+05:30,41751.79243588056,1784957749276,Default Profile,true
2026-07-25T07:17:11.000Z,12.041593333333333,75.36630166666667,-18.200000000000003,3.1,276.25,9.89502,17,gps,0.97,0.94,1.35,-89.7,,,,81,,1784963831000,2026-07-25T12:47:11.000+05:30,41806.54912346932,1784957749276,Default Profile,true
2026-07-25T07:17:17.000Z,12.041668333333332,75.36571166666666,-18.0,2.7,275.73,11.297123,27,gps,0.67,1.32,1.48,-89.7,,,,81,,1784963837000,2026-07-25T12:47:17.000+05:30,41871.25029193333,1784957749276,Default Profile,true
2026-07-25T07:17:23.000Z,12.041750000000002,75.36506,-26.700000000000003,2.8,282.78,11.748535,23,gps,0.65,1.01,1.21,-89.7,,,,81,,1784963843000,2026-07-25T12:47:23.000+05:30,41942.69730622816,1784957749276,Default Profile,true
2026-07-25T07:17:29.000Z,12.041869999999998,75.36434,-43.1,2.7,281.02,12.894821,27,gps,0.61,0.74,0.96,-89.7,,,,81,,1784963849000,2026-07-25T12:47:29.000+05:30,42022.12480568058,1784957749276,Default Profile,true
2026-07-25T07:17:35.000Z,12.041968333333333,75.36367833333334,-48.5,2.7,278.42,10.912626,27,gps,0.60,0.69,0.92,-89.7,,,,81,,1784963855000,2026-07-25T12:47:35.000+05:30,42094.90583146755,1784957749276,Default Profile,true
2026-07-25T07:17:41.000Z,12.042011666666667,75.363145,-50.7,2.6,275.2,9.207351,25,gps,0.68,1.27,1.44,-89.7,,,,81,,1784963861000,2026-07-25T12:47:41.000+05:30,42153.10461635198,1784957749276,Default Profile,true
2026-07-25T07:17:46.000Z,12.042078333333333,75.36284,-54.1,2.6,283.56,6.8478646,24,gps,0.65,1.28,1.44,-89.7,,,,81,,1784963866000,2026-07-25T12:47:46.000+05:30,42187.091071710485,1784957749276,Default Profile,true
2026-07-25T07:17:52.000Z,12.042181666666666,75.362435,-50.7,2.5,284.13,9.171321,24,gps,0.69,1.55,1.69,-89.7,,,,82,,1784963872000,2026-07-25T12:47:52.000+05:30,42232.60815333402,1784957749276,Default Profile,true
2026-07-25T07:17:57.000Z,12.042338333333332,75.3619,-51.1,2.3,291.73,12.179358,26,gps,0.60,0.75,0.96,-89.7,,,,82,,1784963877000,2026-07-25T12:47:57.000+05:30,42293.340406676165,1784957749276,Default Profile,true
2026-07-25T07:18:02.000Z,12.042606666666666,75.36143333333332,-48.7,2.4,302.15,10.242972,26,gps,0.61,1.11,1.27,-89.7,,,,82,,1784963882000,2026-07-25T12:48:02.000+05:30,42352.21083241818,1784957749276,Default Profile,true
2026-07-25T07:18:07.000Z,12.042778333333334,75.36107333333332,-46.0,2.5,287.37,8.566522,27,gps,0.58,0.92,1.08,-89.7,,,,82,,1784963887000,2026-07-25T12:48:07.000+05:30,42395.765737081514,1784957749276,Default Profile,true
2026-07-25T07:18:13.000Z,12.042878333333332,75.360535,-39.900000000000006,2.4,276.76,10.577541,25,gps,0.73,1.56,1.72,-89.7,,,,82,,1784963893000,2026-07-25T12:48:13.000+05:30,42455.354924679734,1784957749276,Default Profile,true
2026-07-25T07:18:19.000Z,12.042908333333333,75.35999166666667,-38.1,2.5,273.63,9.399343,28,gps,0.64,1.31,1.46,-89.7,,,,82,,1784963899000,2026-07-25T12:48:19.000+05:30,42514.535273486996,1784957749276,Default Profile,true
2026-07-25T07:18:25.000Z,12.042923333333333,75.35956333333334,-43.7,2.7,276.59,5.7170196,27,gps,0.64,1.30,1.45,-89.7,,,,82,,1784963905000,2026-07-25T12:48:25.000+05:30,42561.14539247304,1784957749276,Default Profile,true
2026-07-25T07:18:31.000Z,12.042953333333333,75.359475,-43.1,2.7,289.38,0.0,27,gps,0.61,0.73,0.95,-89.7,,,,82,,1784963911000,2026-07-25T12:48:31.000+05:30,42571.3141685658,1784957749276,Default Profile,true
2026-07-25T07:18:36.000Z,12.042963333333335,75.35942333333334,-45.300000000000004,2.3,275.06,2.503609,30,gps,0.57,0.70,0.90,-89.7,,,,82,,1784963916000,2026-07-25T12:48:36.000+05:30,42577.041771864206,1784957749276,Default Profile,true
2026-07-25T07:18:42.000Z,12.042983333333332,75.3591,-49.2,2.5,274.74,7.793924,30,gps,0.55,0.69,0.89,-89.7,,,,82,,1784963922000,2026-07-25T12:48:42.000+05:30,42612.27377988473,1784957749276,Default Profile,true
2026-07-25T07:18:47.000Z,12.043061666666665,75.35864833333333,-47.0,2.3,278.43,9.177497,29,gps,0.57,0.71,0.91,-89.7,,,,82,,1784963927000,2026-07-25T12:48:47.000+05:30,42662.1578113065,1784957749276,Default Profile,true
2026-07-25T07:18:52.000Z,12.043093333333335,75.35828166666667,-46.0,2.4,273.66,6.5251336,26,gps,0.62,0.76,0.98,-89.7,,,,82,,1784963932000,2026-07-25T12:48:52.000+05:30,42702.18711585314,1784957749276,Default Profile,true
2026-07-25T07:18:58.000Z,12.043156666666668,75.35792333333333,-50.1,2.4,278.36,7.1335354,25,gps,0.75,0.87,1.15,-89.7,,,,82,,1784963938000,2026-07-25T12:48:58.000+05:30,42741.78625235158,1784957749276,Default Profile,true
2026-07-25T07:19:04.000Z,12.043173333333334,75.35748333333332,-50.300000000000004,2.8,266.09,8.449165,25,gps,0.72,0.90,1.15,-89.7,,,,82,,1784963944000,2026-07-25T12:49:04.000+05:30,42789.67107347005,1784957749276,Default Profile,true
2026-07-25T07:19:09.000Z,12.043228333333332,75.35707333333333,-49.2,2.9,287.27,8.679761,24,gps,0.82,2.20,2.35,-89.7,,,,82,,1784963949000,2026-07-25T12:49:09.000+05:30,42834.675062470356,1784957749276,Default Profile,true
2026-07-25T07:19:15.000Z,12.043251666666666,75.356565,-53.800000000000004,2.6,270.73,10.41283,28,gps,0.62,0.71,0.95,-89.7,,,,82,,1784963955000,2026-07-25T12:49:15.000+05:30,42890.01593210174,1784957749276,Default Profile,true
2026-07-25T07:19:21.000Z,12.043268333333334,75.35610166666667,-59.5,2.6,271.91,6.0546775,25,gps,0.66,0.70,0.96,-89.7,,,,83,,1784963961000,2026-07-25T12:49:21.000+05:30,42940.43637402887,1784957749276,Default Profile,true
2026-07-25T07:19:27.000Z,12.043278333333335,75.35591,-59.300000000000004,2.4,253.55,2.714645,24,gps,0.73,0.74,1.04,-89.7,,,,84,,1784963967000,2026-07-25T12:49:27.000+05:30,42961.30929528156,1784957749276,Default Profile,true
2026-07-25T07:19:33.000Z,12.043125000000002,75.35586833333333,-49.2,2.6,186.02,2.7877355,25,gps,0.66,0.76,1.01,-89.7,,,,84,,1784963973000,2026-07-25T12:49:33.000+05:30,42978.95100784731,1784957749276,Default Profile,true
2026-07-25T07:19:39.000Z,12.043110000000002,75.35585333333333,-45.900000000000006,2.4,196.44,0.0,27,gps,0.61,0.71,0.94,-89.7,,,,84,,1784963979000,2026-07-25T12:49:39.000+05:30,42981.28399527368,1784957749276,Default Profile,true
2026-07-25T07:19:45.000Z,12.043110000000002,75.35585333333333,-45.900000000000006,2.2,196.44,0.0,28,gps,0.59,0.70,0.92,-89.7,,,,84,,1784963985000,2026-07-25T12:49:45.000+05:30,42981.28399527368,1784957749276,Default Profile,true
2026-07-25T07:19:51.000Z,12.043088333333333,75.35585999999999,-42.300000000000004,1.9,187.17,3.583496,35,gps,0.51,0.65,0.83,-89.7,,,,84,,1784963991000,2026-07-25T12:49:51.000+05:30,42983.7999363558,1784957749276,Default Profile,true
2026-07-25T07:19:57.000Z,12.042743333333332,75.35583333333334,-42.800000000000004,2.3,187.6,6.6728587,35,gps,0.55,0.86,1.02,-89.7,,,,84,,1784963997000,2026-07-25T12:49:57.000+05:30,43022.27163824582,1784957749276,Default Profile,true
2026-07-25T07:20:02.000Z,12.042511666666666,75.35581499999999,-38.800000000000004,2.4,181.66,4.9433923,32,gps,0.53,0.89,1.03,-89.7,,,,84,,1784964002000,2026-07-25T12:50:02.000+05:30,43048.108832757396,1784957749276,Default Profile,true
2026-07-25T07:20:08.000Z,12.042066666666665,75.35577833333333,-37.7,2.5,175.63,10.569306,27,gps,0.61,0.76,0.98,-89.7,,,,84,,1784964008000,2026-07-25T12:50:08.000+05:30,43097.75097599946,1784957749276,Default Profile,true
2026-07-25T07:20:13.000Z,12.041586666666667,75.35586166666667,-35.800000000000004,2.6,162.65,10.063334,28,gps,0.61,0.80,1.00,-89.7,,,,84,,1784964013000,2026-07-25T12:50:13.000+05:30,43151.88842627553,1784957749276,Default Profile,true
2026-07-25T07:20:19.000Z,12.04111,75.35617,-26.800000000000004,2.6,145.73,11.271902,26,gps,0.69,1.41,1.56,-89.7,,,,84,,1784964019000,2026-07-25T12:50:19.000+05:30,43214.60699905557,1784957749276,Default Profile,true
2026-07-25T07:20:25.000Z,12.040803333333335,75.35646166666668,-28.300000000000004,2.5,140.66,4.901185,24,gps,0.72,1.57,1.73,-89.7,,,,84,,1784964025000,2026-07-25T12:50:25.000+05:30,43261.17787104783,1784957749276,Default Profile,true
2026-07-25T07:20:30.000Z,12.040613333333333,75.35661166666667,-22.700000000000003,2.4,141.23,6.238948,26,gps,0.67,0.79,1.03,-89.7,,,,84,,1784964030000,2026-07-25T12:50:30.000+05:30,43287.86948856601,1784957749276,Default Profile,true
2026-07-25T07:20:35.000Z,12.040278333333333,75.35688,-31.800000000000004,2.6,140.98,10.11635,26,gps,0.64,0.74,0.97,-89.7,,,,84,,1784964035000,2026-07-25T12:50:35.000+05:30,43335.18872286176,1784957749276,Default Profile,true
2026-07-25T07:20:40.000Z,12.03986,75.35720333333333,-33.900000000000006,2.7,144.95,11.483453,27,gps,0.63,0.80,1.02,-89.7,,,,84,,1784964040000,2026-07-25T12:50:40.000+05:30,43393.4996506116,1784957749276,Default Profile,true
2026-07-25T07:20:46.000Z,12.039378333333332,75.35752000000001,-34.300000000000004,2.6,145.44,10.764386,26,gps,,,,-89.7,,,,84,,1784964046000,2026-07-25T12:50:46.000+05:30,43457.17441089545,1784957749276,Default Profile,true
2026-07-25T07:20:52.000Z,12.038984999999998,75.35780333333334,-43.7,2.6,140.1,7.99518,30,gps,0.57,1.08,1.22,-89.7,,,,84,,1784964052000,2026-07-25T12:50:52.000+05:30,43510.674811479395,1784957749276,Default Profile,true
2026-07-25T07:20:58.000Z,12.038793333333334,75.35800333333333,-41.300000000000004,2.4,132.6,3.216499,28,gps,0.64,0.76,0.99,-89.7,,,,84,,1784964058000,2026-07-25T12:50:58.000+05:30,43541.12597622378,1784957749276,Default Profile,true
2026-07-25T07:21:04.000Z,12.038676666666667,75.35810333333333,-42.800000000000004,2.4,138.9,2.7846472,28,gps,0.61,0.75,0.97,-89.7,,,,84,,1784964064000,2026-07-25T12:51:04.000+05:30,43558.053951076894,1784957749276,Default Profile,true
2026-07-25T07:21:10.000Z,12.038498333333333,75.35821833333333,-43.2,2.4,146.63,5.352082,25,gps,0.68,1.23,1.41,-89.7,,,,84,,1784964070000,2026-07-25T12:51:10.000+05:30,43581.49801604467,1784957749276,Default Profile,true
2026-07-25T07:21:16.000Z,12.038218333333335,75.358395,-44.7,2.3,151.92,4.7833138,26,gps,0.69,1.32,1.48,-89.7,,,,84,,1784964076000,2026-07-25T12:51:16.000+05:30,43618.08324710509,1784957749276,Default Profile,true
2026-07-25T07:21:22.000Z,12.03804,75.35856833333334,-37.400000000000006,2.2,139.55,5.9414387,28,gps,0.63,0.78,1.01,-89.7,,,,85,,1784964082000,2026-07-25T12:51:22.000+05:30,43645.442699140345,1784957749276,Default Profile,true
2026-07-25T07:21:27.000Z,12.037815,75.35880666666667,-31.900000000000006,2.2,139.52,8.07908,28,gps,0.62,1.07,1.24,-89.7,,,,85,,1784964087000,2026-07-25T12:51:27.000+05:30,43681.46660040585,1784957749276,Default Profile,true
2026-07-25T07:21:32.000Z,12.037489999999998,75.35907,-33.900000000000006,2.3,142.02,9.033375,30,gps,0.57,1.09,1.23,-89.7,,,,85,,1784964092000,2026-07-25T12:51:32.000+05:30,43727.5760824569,1784957749276,Default Profile,true
2026-07-25T07:21:38.000Z,12.037234999999999,75.35928833333334,-42.7,2.3,134.5,3.2633388,31,gps,0.56,0.71,0.91,-89.7,,,,85,,1784964098000,2026-07-25T12:51:38.000+05:30,43764.55924801073,1784957749276,Default Profile,true
2026-07-25T07:21:44.000Z,12.037215,75.35938,-47.300000000000004,2.3,88.57,3.3981962,27,gps,0.62,1.14,1.30,-89.7,,,,85,,1784964104000,2026-07-25T12:51:44.000+05:30,43774.773048235606,1784957749276,Default Profile,false
2026-07-25T07:21:49.000Z,12.037225000000001,75.35956666666667,-46.300000000000004,2.7,75.77,5.2136216,25,gps,0.64,0.78,1.01,-89.7,,,,85,,1784964109000,2026-07-25T12:51:49.000+05:30,43795.10348117998,1784957749276,Default Profile,false
2026-07-25T07:21:55.000Z,12.037189999999999,75.35977666666666,-45.5,2.6,107.58,1.7238047,26,gps,0.67,1.45,1.60,-89.7,,,,85,,1784964115000,2026-07-25T12:51:55.000+05:30,43818.270220881896,1784957749276,Default Profile,false
2026-07-25T07:22:00.000Z,12.037180000000001,75.35984666666667,-46.0,2.5,107.58,1.269305,26,gps,0.67,0.86,1.09,-89.7,,,,85,,1784964120000,2026-07-25T12:52:00.000+05:30,43825.963504493746,1784957749276,Default Profile,false
2026-07-25T07:22:06.000Z,12.037129999999998,75.35991666666668,-42.0,2.5,130.99,2.292058,27,gps,0.63,0.81,1.03,-89.7,,,,85,,1784964126000,2026-07-25T12:52:06.000+05:30,43835.390114371374,1784957749276,Default Profile,false
2026-07-25T07:22:11.000Z,12.037003333333333,75.36004666666666,-40.0,2.7,128.32,4.534703,26,gps,0.65,0.84,1.06,-89.7,,,,85,,1784964131000,2026-07-25T12:52:11.000+05:30,43855.3462583336,1784957749276,Default Profile,false
2026-07-25T07:22:16.000Z,12.036853333333333,75.36023,-38.400000000000006,3.1,129.93,4.677281,19,gps,1.39,2.45,2.82,-89.7,,,,85,,1784964136000,2026-07-25T12:52:16.000+05:30,43881.340524099716,1784957749276,Default Profile,false
2026-07-25T07:22:22.000Z,12.036671666666667,75.36031333333334,-38.2,4.1,151.23,3.6339388,11,gps,1.22,0.95,1.55,-89.7,,,,85,,1784964142000,2026-07-25T12:52:22.000+05:30,43903.48066484388,1784957749276,Default Profile,false
2026-07-25T07:22:28.000Z,12.036621666666667,75.36032166666668,-38.0,4.9,160.58,1.411883,8,gps,1.42,0.99,1.73,-89.7,,,,85,,1784964148000,2026-07-25T12:52:28.000+05:30,43909.11378760057,1784957749276,Default Profile,false
2026-07-25T07:22:34.000Z,12.036651666666668,75.360285,-38.1,4.7,160.58,0.0,9,gps,1.22,0.92,1.53,-89.7,,,,85,,1784964154000,2026-07-25T12:52:34.000+05:30,43914.312644074045,1784957749276,Default Profile,false
2026-07-25T07:22:40.000Z,12.036776666666666,75.36025333333333,-37.0,3.5,160.58,0.0,18,gps,0.83,0.79,1.14,-89.7,,,,85,,1784964160000,2026-07-25T12:52:40.000+05:30,43928.63227505021,1784957749276,Default Profile,false
2026-07-25T07:22:46.000Z,12.036776666666666,75.36025333333333,-37.0,3.3,160.58,0.0,20,gps,0.74,0.78,1.08,-89.7,,,,85,,1784964166000,2026-07-25T12:52:46.000+05:30,43928.63227505021,1784957749276,Default Profile,false
2026-07-25T07:22:51.000Z,12.036776666666666,75.36025333333333,-37.0,3.3,160.58,0.0,20,gps,0.77,0.81,1.12,-89.7,,,,85,,1784964171000,2026-07-25T12:52:51.000+05:30,43928.63227505021,1784957749276,Default Profile,false
2026-07-25T07:22:57.000Z,12.036776666666666,75.36025333333333,-37.0,3.0,160.58,0.0,25,gps,0.71,0.76,1.04,-89.7,,,,85,,1784964177000,2026-07-25T12:52:57.000+05:30,43928.63227505021,1784957749276,Default Profile,false
2026-07-25T07:23:03.000Z,12.036746666666666,75.36019333333334,-41.6,2.0,255.78,1.3660728,30,gps,0.60,0.73,0.95,-89.7,,,,85,,1784964183000,2026-07-25T12:53:03.000+05:30,43935.960553038094,1784957749276,Default Profile,false
2026-07-25T07:23:09.000Z,12.036764999999999,75.360155,-41.300000000000004,1.8,255.78,0.0,35,gps,0.54,0.69,0.88,-89.7,,,,84,,1784964189000,2026-07-25T12:53:09.000+05:30,43940.601061869274,1784957749276,Default Profile,false
2026-07-25T07:23:13.000Z,12.036764999999999,75.360155,-41.300000000000004,2.0,255.78,0.0,36,gps,0.53,0.68,0.86,-89.7,,,,84,,1784964193000,2026-07-25T12:53:13.000+05:30,43940.601061869274,1784957749276,Default Profile,false
2026-07-25T07:23:20.000Z,12.036733333333332,75.36003166666666,-42.6,2.3,255.78,1.3326159,31,gps,0.64,0.75,0.99,-89.7,,,,84,,1784964200000,2026-07-25T12:53:20.000+05:30,43954.46809022537,1784957749276,Default Profile,false
2026-07-25T07:23:26.000Z,12.036740000000002,75.35999333333332,-42.400000000000006,2.8,255.78,0.0,24,gps,0.78,0.87,1.17,-89.7,,,,84,,1784964206000,2026-07-25T12:53:26.000+05:30,43958.702245053595,1784957749276,Default Profile,false
2026-07-25T07:23:31.000Z,12.036740000000002,75.35999333333332,-42.400000000000006,3.2,255.78,0.0,19,gps,0.96,0.88,1.30,-89.7,,,,84,,1784964211000,2026-07-25T12:53:31.000+05:30,43958.702245053595,1784957749276,Default Profile,false
2026-07-25T07:23:36.000Z,12.036800000000001,75.35996,-42.400000000000006,3.5,255.78,0.11066528,18,gps,1.13,0.90,1.44,-89.7,,,,84,,1784964216000,2026-07-25T12:53:36.000+05:30,43966.295149206635,1784957749276,Default Profile,false
2026-07-25T07:23:41.000Z,12.03685,75.35994000000001,-42.900000000000006,3.4,339.08,0.0,15,gps,1.23,0.91,1.54,-89.7,,,,84,,1784964221000,2026-07-25T12:53:41.000+05:30,43972.26519267497,1784957749276,Default Profile,false
2026-07-25T07:23:47.000Z,12.03685,75.35993333333333,-42.900000000000006,3.7,339.08,0.0,16,gps,1.23,0.91,1.54,-89.7,,,,84,,1784964227000,2026-07-25T12:53:47.000+05:30,43972.99019373836,1784957749276,Default Profile,false
2026-07-25T07:23:53.000Z,12.03685,75.35993333333333,-42.900000000000006,3.8,339.08,0.0,16,gps,1.17,0.90,1.48,-89.7,,,,84,,1784964233000,2026-07-25T12:53:53.000+05:30,43972.99019373836,1784957749276,Default Profile,false
2026-07-25T07:23:59.000Z,12.03685,75.35993333333333,-42.900000000000006,3.9,339.08,0.0,14,gps,1.22,0.92,1.53,-89.7,,,,84,,1784964239000,2026-07-25T12:53:59.000+05:30,43972.99019373836,1784957749276,Default Profile,false
2026-07-25T07:24:04.000Z,12.036935000000001,75.35988166666667,-44.2,4.1,339.08,0.0,13,gps,1.37,0.91,1.64,-89.7,,,,84,,1784964244000,2026-07-25T12:54:04.000+05:30,43983.98576494657,1784957749276,Default Profile,false
2026-07-25T07:24:10.000Z,12.036935000000001,75.35988166666667,-44.2,4.1,339.08,0.0,15,gps,1.15,0.90,1.46,-89.7,,,,84,,1784964250000,2026-07-25T12:54:10.000+05:30,43983.98576494657,1784957749276,Default Profile,false
2026-07-25T07:24:16.000Z,12.036935000000001,75.35988166666667,-44.2,3.7,339.08,0.0,15,gps,1.17,0.91,1.48,-89.7,,,,84,,1784964256000,2026-07-25T12:54:16.000+05:30,43983.98576494657,1784957749276,Default Profile,false
