time,lat,lon,elevation,accuracy,bearing,speed,satellites,provider,hdop,vdop,pdop,geoidheight,ageofdgpsdata,dgpsid,activity,battery,annotation,timestamp_ms,time_offset,distance,starttimestamp_ms,profile_name,battery_charging
2026-07-25T03:15:55.402Z,12.035273333333334,75.36112166666666,-35.300000000000004,8.7,193.33,4.560439,13,gps,1.06,0.91,1.40,-89.7,,,,78,,1784949355402,2026-07-25T08:45:55.402+05:30,0.0,1784949352118,Default Profile,false
2026-07-25T03:16:01.381Z,12.035223333333333,75.36101833333333,-38.5,2.8,256.37,2.4387538,30,gps,0.51,1.03,1.15,-89.7,,,,78,,1784949361381,2026-07-25T08:46:01.381+05:30,12.537705566893221,1784949352118,Default Profile,false
2026-07-25T03:16:07.000Z,12.035258333333335,75.36095166666668,-31.6,2.2,305.8,2.1371267,36,gps,0.46,0.67,0.81,-89.7,,,,78,,1784949367000,2026-07-25T08:46:07.000+05:30,20.766287786929468,1784949352118,Default Profile,false
2026-07-25T03:16:13.000Z,12.035301666666665,75.36086166666668,-30.700000000000003,2.1,303.38,1.8138812,41,gps,0.45,0.60,0.75,-89.7,,,,78,,1784949373000,2026-07-25T08:46:13.000+05:30,31.675640932883077,1784949352118,Default Profile,false
2026-07-25T03:16:19.000Z,12.035386666666666,75.36075666666667,-30.400000000000006,2.4,312.52,1.8668975,35,gps,0.50,0.65,0.82,-89.7,,,,78,,1784949379000,2026-07-25T08:46:19.000+05:30,46.49865840720286,1784949352118,Default Profile,false
2026-07-25T03:16:25.000Z,12.035488333333335,75.360585,-30.300000000000004,2.5,320.06,2.4814758,37,gps,0.48,0.81,0.94,-89.7,,,,78,,1784949385000,2026-07-25T08:46:25.000+05:30,68.32354812953861,1784949352118,Default Profile,false
2026-07-25T03:16:30.000Z,12.035636666666669,75.36043166666667,-29.5,2.6,319.46,3.3544447,32,gps,0.55,0.94,1.08,-89.7,,,,78,,1784949390000,2026-07-25T08:46:30.000+05:30,91.77793593094458,1784949352118,Default Profile,false
2026-07-25T03:16:36.000Z,12.035738333333333,75.36034500000001,-27.5,2.7,308.5,3.023993,28,gps,0.61,0.76,0.98,-89.7,,,,78,,1784949396000,2026-07-25T08:46:36.000+05:30,106.4963106205386,1784949352118,Default Profile,false
2026-07-25T03:16:42.000Z,12.035745,75.360355,-27.0,2.7,321.07,0.9059111,31,gps,0.55,0.66,0.86,-89.7,,,,78,,1784949402000,2026-07-25T08:46:42.000+05:30,107.81243919843685,1784949352118,Default Profile,false
2026-07-25T03:16:47.000Z,12.035820000000001,75.360315,-27.400000000000006,2.8,327.35,0.0,31,gps,0.54,0.87,1.02,-89.7,,,,78,,1784949407000,2026-07-25T08:46:47.000+05:30,117.21839258783004,1784949352118,Default Profile,false
2026-07-25T03:16:53.000Z,12.035983333333336,75.36021333333333,-27.400000000000006,2.9,329.71,0.0,28,gps,0.62,0.70,0.93,-89.7,,,,78,,1784949413000,2026-07-25T08:46:53.000+05:30,138.48090055984196,1784949352118,Default Profile,false
2026-07-25T03:16:59.000Z,12.036246666666667,75.35998666666666,-28.0,2.5,324.53,4.024613,36,gps,0.50,0.88,1.01,-89.7,,,,78,,1784949419000,2026-07-25T08:46:59.000+05:30,176.7565315929391,1784949352118,Default Profile,false
2026-07-25T03:17:05.000Z,12.036509999999998,75.35974,-28.300000000000004,2.1,321.42,4.6427946,43,gps,0.45,0.60,0.75,-89.7,,,,78,,1784949425000,2026-07-25T08:47:05.000+05:30,216.46775904869946,1784949352118,Default Profile,false
2026-07-25T03:17:10.000Z,12.036716666666667,75.35958333333333,-28.300000000000004,2.1,321.02,4.663898,40,gps,0.46,0.81,0.93,-89.7,,,,78,,1784949430000,2026-07-25T08:47:10.000+05:30,245.07494799551148,1784949352118,Default Profile,false
2026-07-25T03:17:16.000Z,12.036950000000001,75.35941,-28.800000000000004,2.1,324.24,4.741621,41,gps,0.47,0.80,0.93,-89.7,,,,78,,1784949436000,2026-07-25T08:47:16.000+05:30,277.1450535031278,1784949352118,Default Profile,false
2026-07-25T03:17:21.000Z,12.037105,75.35926666666666,-29.200000000000003,2.2,316.64,4.4472,38,gps,0.46,0.80,0.92,-89.7,,,,78,,1784949441000,2026-07-25T08:47:21.000+05:30,300.38345138356385,1784949352118,Default Profile,false
2026-07-25T03:17:27.000Z,12.037279999999999,75.35907,-32.2,2.4,314.1,4.3241816,40,gps,0.47,0.75,0.89,-89.7,,,,78,,1784949447000,2026-07-25T08:47:27.000+05:30,329.2985404635279,1784949352118,Default Profile,false
2026-07-25T03:17:33.000Z,12.037473333333333,75.358895,-34.7,2.1,319.7,4.4816866,38,gps,0.47,0.80,0.92,-89.7,,,,78,,1784949453000,2026-07-25T08:47:33.000+05:30,358.00983812641834,1784949352118,Default Profile,false
2026-07-25T03:17:39.000Z,12.037538333333336,75.35885666666667,-35.300000000000004,2.1,333.39,2.5911117,39,gps,0.46,0.59,0.75,-89.7,,,,78,,1784949459000,2026-07-25T08:47:39.000+05:30,366.3535578985514,1784949352118,Default Profile,false
2026-07-25T03:17:44.000Z,12.037598333333335,75.35881333333333,-34.5,2.1,330.3,1.1416539,41,gps,0.44,0.58,0.73,-89.7,,,,78,,1784949464000,2026-07-25T08:47:44.000+05:30,374.5217354642361,1784949352118,Default Profile,false
2026-07-25T03:17:50.000Z,12.037825000000002,75.35868166666667,-33.800000000000004,2.2,321.11,3.2005427,42,gps,0.46,0.58,0.74,-89.7,,,,78,,1784949470000,2026-07-25T08:47:50.000+05:30,403.50926289909836,1784949352118,Default Profile,false
2026-07-25T03:17:56.000Z,12.037926666666666,75.35859666666667,-33.300000000000004,2.2,316.79,3.400255,45,gps,0.41,0.59,0.72,-89.7,,,,78,,1784949476000,2026-07-25T08:47:56.000+05:30,418.11218766198186,1784949352118,Default Profile,false
2026-07-25T03:18:02.000Z,12.037993333333334,75.35854333333333,-33.300000000000004,2.1,325.91,1.5014447,44,gps,0.44,0.59,0.74,-89.7,,,,78,,1784949482000,2026-07-25T08:48:02.000+05:30,427.52453684451564,1784949352118,Default Profile,false
2026-07-25T03:18:07.000Z,12.038148333333334,75.35842166666666,-34.400000000000006,2.1,322.53,2.738837,40,gps,0.47,0.76,0.90,-89.7,,,,78,,1784949487000,2026-07-25T08:48:07.000+05:30,449.25280155957955,1784949352118,Default Profile,false
2026-07-25T03:18:13.000Z,12.038411666666665,75.35819666666666,-35.400000000000006,2.5,321.87,4.802873,40,gps,0.47,0.61,0.77,-89.7,,,,78,,1784949493000,2026-07-25T08:48:13.000+05:30,487.41182977659463,1784949352118,Default Profile,false
2026-07-25T03:18:19.000Z,12.038833333333333,75.35781333333333,-33.6,2.7,321.76,9.184189,29,gps,0.58,0.69,0.90,-89.7,,,,78,,1784949499000,2026-07-25T08:48:19.000+05:30,550.1512813755054,1784949352118,Default Profile,false
2026-07-25T03:18:25.000Z,12.039303333333331,75.35746166666667,-36.300000000000004,2.3,323.89,10.511657,34,gps,0.49,0.63,0.80,-89.7,,,,78,,1784949505000,2026-07-25T08:48:25.000+05:30,614.9111532499157,1784949352118,Default Profile,false
2026-07-25T03:18:30.000Z,12.039745000000002,75.35711833333333,-38.2,2.3,323.23,11.338816,27,gps,0.58,0.97,1.13,-89.7,,,,78,,1784949510000,2026-07-25T08:48:30.000+05:30,676.603654062328,1784949352118,Default Profile,false
2026-07-25T03:18:36.000Z,12.040249999999999,75.35675166666667,-42.5,2.3,323.21,10.398418,31,gps,0.53,0.94,1.08,-89.7,,,,78,,1784949516000,2026-07-25T08:48:36.000+05:30,745.4744869580992,1784949352118,Default Profile,false
2026-07-25T03:18:42.000Z,12.04069,75.356405,-43.300000000000004,2.4,324.69,9.152791,30,gps,0.55,0.94,1.08,-89.7,,,,78,,1784949522000,2026-07-25T08:48:42.000+05:30,807.2400648398589,1784949352118,Default Profile,false
2026-07-25T03:18:48.000Z,12.041091666666667,75.35617,-47.0,2.6,329.11,7.463987,29,gps,0.63,0.93,1.12,-89.7,,,,78,,1784949528000,2026-07-25T08:48:48.000+05:30,858.6979519819013,1784949352118,Default Profile,false
2026-07-25T03:18:54.000Z,12.041441666666666,75.35594666666665,-48.900000000000006,2.4,334.15,6.8422027,30,gps,0.52,0.89,1.04,-89.7,,,,78,,1784949534000,2026-07-25T08:48:54.000+05:30,904.5727072877484,1784949352118,Default Profile,false
2026-07-25T03:19:00.000Z,12.041805,75.35576833333333,-50.800000000000004,2.7,344.13,6.984781,25,gps,0.89,0.97,1.31,-89.7,,,,78,,1784949540000,2026-07-25T08:49:00.000+05:30,949.3871224111724,1784949352118,Default Profile,false
2026-07-25T03:19:06.000Z,12.042111666666665,75.35568666666667,-51.0,2.8,356.39,5.0947204,29,gps,0.76,0.69,1.03,-89.7,,,,78,,1784949546000,2026-07-25T08:49:06.000+05:30,984.6244415324594,1784949352118,Default Profile,false
2026-07-25T03:19:12.000Z,12.042308333333335,75.35564666666667,-50.300000000000004,2.5,356.33,2.9159014,29,gps,0.61,0.96,1.14,-89.7,,,,78,,1784949552000,2026-07-25T08:49:12.000+05:30,1006.9212103820954,1784949352118,Default Profile,false
2026-07-25T03:19:18.000Z,12.042426666666666,75.35566166666668,-50.6,2.9,26.3,0.0,31,gps,0.56,0.66,0.87,-89.7,,,,78,,1784949558000,2026-07-25T08:49:18.000+05:30,1020.1800030994972,1784949352118,Default Profile,false
2026-07-25T03:19:24.000Z,12.042426666666666,75.35566166666668,-50.6,2.2,26.3,0.0,34,gps,0.49,0.63,0.80,-89.7,,,,78,,1784949564000,2026-07-25T08:49:24.000+05:30,1020.1800030994972,1784949352118,Default Profile,false
2026-07-25T03:19:29.000Z,12.042426666666666,75.35566166666668,-50.6,2.2,26.3,0.0,36,gps,0.48,0.61,0.78,-89.7,,,,78,,1784949569000,2026-07-25T08:49:29.000+05:30,1020.1800030994972,1784949352118,Default Profile,false
2026-07-25T03:19:34.000Z,12.042426666666666,75.35566166666668,-50.6,2.0,26.3,0.0,34,gps,0.49,0.61,0.79,-89.7,,,,78,,1784949574000,2026-07-25T08:49:34.000+05:30,1020.1800030994972,1784949352118,Default Profile,false
2026-07-25T03:19:40.000Z,12.042426666666666,75.35566166666668,-50.6,2.0,26.3,0.0,35,gps,0.50,0.59,0.77,-89.7,,,,78,,1784949580000,2026-07-25T08:49:40.000+05:30,1020.1800030994972,1784949352118,Default Profile,false
2026-07-25T03:19:46.000Z,12.042426666666666,75.35566166666668,-50.6,1.7,26.3,0.0,35,gps,0.48,0.60,0.77,-89.7,,,,78,,1784949586000,2026-07-25T08:49:46.000+05:30,1020.1800030994972,1784949352118,Default Profile,false
2026-07-25T03:19:52.000Z,12.042426666666666,75.35566166666668,-50.6,1.9,26.3,0.0,29,gps,0.56,0.69,0.89,-89.7,,,,78,,1784949592000,2026-07-25T08:49:52.000+05:30,1020.1800030994972,1784949352118,Default Profile,false
2026-07-25T03:19:58.000Z,12.042426666666666,75.35566166666668,-50.6,1.9,26.3,0.0,37,gps,0.49,0.63,0.80,-89.7,,,,78,,1784949598000,2026-07-25T08:49:58.000+05:30,1020.1800030994972,1784949352118,Default Profile,false
2026-07-25T03:20:03.000Z,12.042426666666666,75.35566166666668,-50.6,1.9,26.3,0.0,37,gps,0.47,0.62,0.77,-89.7,,,,78,,1784949603000,2026-07-25T08:50:03.000+05:30,1020.1800030994972,1784949352118,Default Profile,false
2026-07-25T03:20:08.000Z,12.042426666666666,75.35566166666668,-50.6,1.8,26.3,0.0,37,gps,0.47,0.60,0.76,-89.7,,,,78,,1784949608000,2026-07-25T08:50:08.000+05:30,1020.1800030994972,1784949352118,Default Profile,false
2026-07-25T03:20:14.000Z,12.042426666666666,75.35566166666668,-50.6,2.0,26.3,0.0,38,gps,0.46,0.61,0.76,-89.7,,,,78,,1784949614000,2026-07-25T08:50:14.000+05:30,1020.1800030994972,1784949352118,Default Profile,false
2026-07-25T03:20:20.000Z,12.042471666666666,75.35569166666667,-35.1,1.9,18.17,1.0103997,40,gps,0.45,0.62,0.77,-89.7,,,,78,,1784949620000,2026-07-25T08:50:20.000+05:30,1026.153379445017,1784949352118,Default Profile,false
2026-07-25T03:20:26.000Z,12.042556666666666,75.35569666666667,-33.7,1.9,7.78,2.030579,42,gps,0.44,0.60,0.74,-89.7,,,,78,,1784949626000,2026-07-25T08:50:26.000+05:30,1035.6205756813656,1784949352118,Default Profile,false
2026-07-25T03:20:32.000Z,12.042684999999999,75.35570333333334,-32.800000000000004,2.3,7.35,2.472211,40,gps,0.48,0.80,0.94,-89.7,,,,78,,1784949632000,2026-07-25T08:50:32.000+05:30,1049.9089957753206,1784949352118,Default Profile,false
2026-07-25T03:20:37.000Z,12.042819999999999,75.35569333333333,-34.400000000000006,2.0,0.92,3.1449528,41,gps,0.46,0.62,0.77,-89.7,,,,78,,1784949637000,2026-07-25T08:50:37.000+05:30,1064.9596498703754,1784949352118,Default Profile,false
2026-07-25T03:20:42.000Z,12.042998333333333,75.355695,-35.400000000000006,2.1,6.31,4.692208,39,gps,0.47,0.77,0.90,-89.7,,,,78,,1784949642000,2026-07-25T08:50:42.000+05:30,1084.7902400763298,1784949352118,Default Profile,false
2026-07-25T03:20:48.000Z,12.043271666666666,75.35573,-37.300000000000004,2.5,15.12,3.9427722,42,gps,0.45,0.75,0.87,-89.7,,,,78,,1784949648000,2026-07-25T08:50:48.000+05:30,1115.4209170146444,1784949352118,Default Profile,false
2026-07-25T03:20:54.000Z,12.043418333333333,75.35584333333333,-33.900000000000006,2.1,70.89,2.9189897,43,gps,0.43,0.72,0.84,-89.7,,,,78,,1784949654000,2026-07-25T08:50:54.000+05:30,1135.8627566501748,1784949352118,Default Profile,false
2026-07-25T03:21:00.000Z,12.043394999999999,75.35604333333335,-32.1,2.2,100.3,2.5061824,29,gps,0.51,0.66,0.83,-89.7,,,,78,,1784949660000,2026-07-25T08:51:00.000+05:30,1157.766465803944,1784949352118,Default Profile,false
2026-07-25T03:21:06.000Z,12.043385,75.35612333333333,-31.700000000000003,2.3,103.54,0.0,25,gps,0.59,0.70,0.92,-89.7,,,,78,,1784949666000,2026-07-25T08:51:06.000+05:30,1166.537039760985,1784949352118,Default Profile,false
2026-07-25T03:21:12.000Z,12.043385,75.35612333333333,-31.700000000000003,2.4,103.54,0.0,24,gps,0.59,0.71,0.92,-89.7,,,,78,,1784949672000,2026-07-25T08:51:12.000+05:30,1166.537039760985,1784949352118,Default Profile,false
2026-07-25T03:21:18.000Z,12.043385,75.35612333333333,-31.700000000000003,2.3,103.54,0.0,23,gps,0.61,0.71,0.94,-89.7,,,,78,,1784949678000,2026-07-25T08:51:18.000+05:30,1166.537039760985,1784949352118,Default Profile,false
2026-07-25T03:21:24.000Z,12.043346666666666,75.35621333333333,-31.700000000000003,2.5,85.76,3.0070071,21,gps,1.00,1.16,1.53,-89.7,,,,78,,1784949684000,2026-07-25T08:51:24.000+05:30,1177.2122193390342,1784949352118,Default Profile,false
2026-07-25T03:21:29.000Z,12.043409999999998,75.35645166666667,-35.2,2.5,84.49,5.5317197,28,gps,0.64,0.70,0.95,-89.7,,,,78,,1784949689000,2026-07-25T08:51:29.000+05:30,1204.0700961555756,1784949352118,Default Profile,false
2026-07-25T03:21:35.000Z,12.043406666666666,75.35691833333334,-37.0,2.3,92.85,7.9545174,36,gps,0.51,0.93,1.06,-89.7,,,,78,,1784949695000,2026-07-25T08:51:35.000+05:30,1254.820285031476,1784949352118,Default Profile,false
2026-07-25T03:21:41.000Z,12.043341666666667,75.35728333333333,-37.2,2.5,109.95,5.66143,38,gps,0.47,0.86,0.98,-89.7,,,,78,,1784949701000,2026-07-25T08:51:41.000+05:30,1295.1658063686416,1784949352118,Default Profile,false
2026-07-25T03:21:46.000Z,12.043305000000002,75.35762,-40.800000000000004,2.5,91.59,7.4336185,33,gps,0.56,0.98,1.12,-89.7,,,,78,,1784949706000,2026-07-25T08:51:46.000+05:30,1332.0037977812829,1784949352118,Default Profile,false
2026-07-25T03:21:52.000Z,12.043305000000002,75.35789833333334,-43.2,2.5,95.9,3.585555,31,gps,0.55,0.71,0.90,-89.7,,,,77,,1784949712000,2026-07-25T08:51:52.000+05:30,1362.2718647997383,1784949352118,Default Profile,false
2026-07-25T03:21:57.000Z,12.043268333333334,75.35808833333334,-44.5,2.4,99.7,4.945966,34,gps,0.55,0.91,1.07,-89.7,,,,77,,1784949717000,2026-07-25T08:51:57.000+05:30,1383.332321302646,1784949352118,Default Profile,false
2026-07-25T03:22:02.000Z,12.043221666666666,75.35834,-45.300000000000004,2.4,99.14,5.447305,34,gps,0.56,0.83,0.99,-89.7,,,,77,,1784949722000,2026-07-25T08:52:02.000+05:30,1411.188051985476,1784949352118,Default Profile,false
2026-07-25T03:22:08.000Z,12.043230000000001,75.35872333333333,-45.1,2.4,90.32,7.730613,33,gps,0.53,0.69,0.87,-89.7,,,,77,,1784949728000,2026-07-25T08:52:08.000+05:30,1452.8849210408034,1784949352118,Default Profile,false
2026-07-25T03:22:13.000Z,12.04313,75.35907999999999,-42.5,2.3,95.4,7.6415663,37,gps,0.47,0.82,0.95,-89.7,,,,77,,1784949733000,2026-07-25T08:52:13.000+05:30,1493.2339827519486,1784949352118,Default Profile,false
2026-07-25T03:22:18.000Z,12.043074999999998,75.35937833333334,-42.7,2.1,99.42,6.051589,38,gps,0.47,0.82,0.94,-89.7,,,,77,,1784949738000,2026-07-25T08:52:18.000+05:30,1526.2484196461999,1784949352118,Default Profile,false
2026-07-25T03:22:24.000Z,12.043035000000001,75.35975499999999,-43.400000000000006,2.2,93.86,7.0650773,37,gps,0.48,0.87,0.99,-89.7,,,,77,,1784949744000,2026-07-25T08:52:24.000+05:30,1567.450806812957,1784949352118,Default Profile,false
2026-07-25T03:22:30.000Z,12.043011666666667,75.36018333333332,-44.400000000000006,2.5,94.0,8.706527,34,gps,0.53,1.03,1.16,-89.7,,,,77,,1784949750000,2026-07-25T08:52:30.000+05:30,1614.1032576125376,1784949352118,Default Profile,false
2026-07-25T03:22:36.000Z,12.042963333333335,75.360675,-45.800000000000004,2.2,93.36,8.833663,37,gps,0.50,0.84,0.98,-89.7,,,,77,,1784949756000,2026-07-25T08:52:36.000+05:30,1667.8402967671616,1784949352118,Default Profile,false
2026-07-25T03:22:42.000Z,12.042875,75.36115166666667,-43.900000000000006,2.5,112.64,8.126949,35,gps,0.49,0.76,0.91,-89.7,,,,77,,1784949762000,2026-07-25T08:52:42.000+05:30,1720.599076516651,1784949352118,Default Profile,false
2026-07-25T03:22:48.000Z,12.042673333333335,75.36155833333333,-41.1,2.4,114.72,7.4670753,30,gps,0.54,0.84,1.00,-89.7,,,,77,,1784949768000,2026-07-25T08:52:48.000+05:30,1770.1835476965834,1784949352118,Default Profile,false
2026-07-25T03:22:54.000Z,12.042454999999999,75.36192666666668,-37.2,2.5,122.3,8.27313,28,gps,0.64,0.96,1.16,-89.7,,,,77,,1784949774000,2026-07-25T08:52:54.000+05:30,1817.0219878814744,1784949352118,Default Profile,false
2026-07-25T03:23:00.000Z,12.042310000000002,75.36231,-35.1,2.4,108.76,6.1082087,37,gps,0.48,0.85,0.98,-89.7,,,,77,,1784949780000,2026-07-25T08:53:00.000+05:30,1861.718081932727,1784949352118,Default Profile,false
2026-07-25T03:23:06.000Z,12.042253333333333,75.36244,-31.200000000000003,2.7,127.25,1.3521752,16,gps,0.75,0.80,1.10,-89.7,,,,77,,1784949786000,2026-07-25T08:53:06.000+05:30,1877.195956092851,1784949352118,Default Profile,false
2026-07-25T03:23:11.000Z,12.042233333333336,75.36246833333333,-19.10000000000001,3.1,104.42,1.9116783,7,gps,1.26,0.95,1.58,-89.7,,,,77,,1784949791000,2026-07-25T08:53:11.000+05:30,1880.9958867304001,1784949352118,Default Profile,false
2026-07-25T03:23:17.000Z,12.042229999999998,75.36262666666667,-15.400000000000006,13.9,91.28,3.167086,4,gps,20.40,1.00,20.42,-89.7,,,,77,,1784949797000,2026-07-25T08:53:17.000+05:30,1898.2183059258173,1784949352118,Default Profile,false
2026-07-25T03:23:24.000Z,12.042265000000002,75.362915,-11.600000000000009,5.8,81.24,4.677281,5,gps,3.05,5.27,6.09,-89.7,,,,77,,1784949804000,2026-07-25T08:53:24.000+05:30,1929.8145726127982,1784949352118,Default Profile,false
2026-07-25T03:23:29.000Z,12.042169999999999,75.36330666666666,-11.600000000000009,4.0,99.24,6.9441175,8,gps,1.29,0.96,1.61,-89.7,,,,77,,1784949809000,2026-07-25T08:53:29.000+05:30,1973.6979210799961,1784949352118,Default Profile,false
2026-07-25T03:23:35.000Z,12.042045,75.3639,-16.5,3.1,99.39,9.621188,10,gps,1.41,2.49,2.86,-89.7,,,,77,,1784949815000,2026-07-25T08:53:35.000+05:30,2039.7018394138875,1784949352118,Default Profile,false
2026-07-25T03:23:41.000Z,12.041923333333333,75.36451166666667,-12.200000000000003,3.4,100.27,10.386065,13,gps,0.99,0.88,1.32,-89.7,,,,77,,1784949821000,2026-07-25T08:53:41.000+05:30,2107.581247948498,1784949352118,Default Profile,false
2026-07-25T03:23:46.000Z,12.041821666666666,75.364995,-21.0,3.2,93.94,9.793105,12,gps,0.98,0.91,1.34,-89.7,,,,77,,1784949826000,2026-07-25T08:53:46.000+05:30,2161.3448052915564,1784949352118,Default Profile,false
2026-07-25T03:23:52.000Z,12.041775,75.36550333333334,-18.10000000000001,3.6,93.86,9.365886,9,gps,2.23,4.19,4.75,-89.7,,,,77,,1784949832000,2026-07-25T08:53:52.000+05:30,2216.8681310318634,1784949352118,Default Profile,false
2026-07-25T03:23:58.000Z,12.041715,75.36603166666667,-21.700000000000003,3.6,98.51,8.394605,9,gps,2.07,2.99,3.64,-89.7,,,,77,,1784949838000,2026-07-25T08:53:58.000+05:30,2274.709479210506,1784949352118,Default Profile,false
2026-07-25T03:24:04.000Z,12.041573333333334,75.36659,-21.60000000000001,4.1,98.11,10.528643,7,gps,2.58,0.95,2.75,-89.7,,,,77,,1784949844000,2026-07-25T08:54:04.000+05:30,2337.4373891819196,1784949352118,Default Profile,false
2026-07-25T03:24:12.000Z,12.041545000000001,75.36730333333334,-18.799999999999997,6.0,85.15,9.592878,5,gps,2.21,1.00,2.43,-89.7,,,,77,,1784949852000,2026-07-25T08:54:12.000+05:30,2415.0750931769476,1784949352118,Default Profile,false
2026-07-25T03:24:18.000Z,12.041576666666666,75.36770499999999,-16.60000000000001,6.8,91.64,7.358469,5,gps,3.33,1.00,3.47,-89.7,,,,77,,1784949858000,2026-07-25T08:54:18.000+05:30,2458.897335636881,1784949352118,Default Profile,false
2026-07-25T03:24:27.000Z,12.041535,75.36807666666667,-13.5,7.8,103.78,4.0657907,4,gps,2.41,1.00,2.61,-89.7,,,,77,,1784949867000,2026-07-25T08:54:27.000+05:30,2499.580117321915,1784949352118,Default Profile,false
2026-07-25T03:24:33.000Z,12.041535,75.36809833333334,-11.5,7.1,156.44,0.0,4,gps,2.70,0.98,2.87,-89.7,,,,77,,1784949873000,2026-07-25T08:54:33.000+05:30,2501.936329683892,1784949352118,Default Profile,false
2026-07-25T03:24:39.000Z,12.041571666666668,75.36806,-11.100000000000009,6.4,156.44,0.0,8,gps,1.56,0.96,1.83,-89.7,,,,77,,1784949879000,2026-07-25T08:54:39.000+05:30,2507.767371545167,1784949352118,Default Profile,false
2026-07-25T03:24:45.000Z,12.041636666666667,75.367915,-10.0,5.4,156.44,0.0,8,gps,1.56,0.96,1.83,-89.7,,,,77,,1784949885000,2026-07-25T08:54:45.000+05:30,2525.1133976514548,1784949352118,Default Profile,false
2026-07-25T03:24:51.000Z,12.041636666666667,75.367915,-10.0,5.0,156.44,0.0,9,gps,1.41,0.95,1.70,-89.7,,,,77,,1784949891000,2026-07-25T08:54:51.000+05:30,2525.1133976514548,1784949352118,Default Profile,false
2026-07-25T03:24:57.000Z,12.041636666666667,75.367915,-10.0,4.5,156.44,0.0,8,gps,1.61,0.95,1.87,-89.7,,,,77,,1784949897000,2026-07-25T08:54:57.000+05:30,2525.1133976514548,1784949352118,Default Profile,false
2026-07-25T03:25:02.000Z,12.041625,75.36792333333332,-9.400000000000006,1.2,156.44,0.0,8,gps,1.61,0.95,1.87,-89.7,,,,77,,1784949902000,2026-07-25T08:55:02.000+05:30,2526.695858533279,1784949352118,Default Profile,false
2026-07-25T03:25:07.000Z,12.041615000000002,75.36795166666667,-9.400000000000006,2.6,156.44,0.0,9,gps,1.38,0.98,1.69,-89.7,,,,77,,1784949907000,2026-07-25T08:55:07.000+05:30,2529.971560507248,1784949352118,Default Profile,false
2026-07-25T03:25:13.000Z,12.041646666666669,75.36809,-9.700000000000003,3.9,70.28,3.0136986,8,gps,1.47,0.95,1.75,-89.7,,,,77,,1784949913000,2026-07-25T08:55:13.000+05:30,2545.4216634009313,1784949352118,Default Profile,false
2026-07-25T03:25:19.000Z,12.041771666666667,75.36828166666666,-10.200000000000003,4.4,62.33,3.2916486,9,gps,2.44,2.06,3.19,-89.7,,,,77,,1784949919000,2026-07-25T08:55:19.000+05:30,2570.4744045927687,1784949352118,Default Profile,false
2026-07-25T03:25:25.000Z,12.041976666666669,75.36835833333333,-11.400000000000006,4.5,23.89,3.6308506,9,gps,1.28,0.95,1.59,-89.7,,,,77,,1784949925000,2026-07-25T08:55:25.000+05:30,2594.746234140728,1784949352118,Default Profile,false
2026-07-25T03:25:31.000Z,12.042163333333333,75.36840333333333,-11.5,3.4,352.24,3.0327432,7,gps,1.28,0.94,1.59,-89.7,,,,77,,1784949931000,2026-07-25T08:55:31.000+05:30,2616.0717001631624,1784949352118,Default Profile,false
2026-07-25T03:25:36.000Z,12.04227,75.36834166666667,-6.900000000000006,4.4,333.56,2.9354608,6,gps,2.52,0.95,2.69,-89.7,,,,77,,1784949936000,2026-07-25T08:55:36.000+05:30,2629.6970630950946,1784949352118,Default Profile,false
2026-07-25T03:25:42.000Z,12.042338333333332,75.36846166666666,-7.1000000000000085,5.1,348.61,0.120445,8,gps,2.09,0.96,2.30,-89.7,,,,77,,1784949942000,2026-07-25T08:55:42.000+05:30,2644.7977435610874,1784949352118,Default Profile,false
2026-07-25T03:25:47.000Z,12.042415000000002,75.368545,-7.299999999999997,5.2,348.61,0.15956388,10,gps,2.29,0.94,2.48,-89.7,,,,77,,1784949947000,2026-07-25T08:55:47.000+05:30,2657.23962623077,1784949352118,Default Profile,false
2026-07-25T03:25:53.000Z,12.042435000000001,75.36854666666666,-9.100000000000009,4.2,348.61,0.0,11,gps,1.86,0.90,2.07,-89.7,,,,77,,1784949953000,2026-07-25T08:55:53.000+05:30,2659.4708982848524,1784949352118,Default Profile,false
2026-07-25T03:25:58.000Z,12.042553333333334,75.36854833333334,-10.299999999999997,3.5,348.61,0.107576944,11,gps,1.17,0.90,1.48,-89.7,,,,77,,1784949958000,2026-07-25T08:55:58.000+05:30,2672.6302128395287,1784949352118,Default Profile,false
2026-07-25T03:26:04.000Z,12.042788333333332,75.36855999999999,-11.0,3.9,9.1,4.4775686,9,gps,1.18,0.85,1.46,-89.7,,,,77,,1784949964000,2026-07-25T08:56:04.000+05:30,2698.7918025422578,1784949352118,Default Profile,false
2026-07-25T03:26:09.000Z,12.043101666666667,75.36866,-17.299999999999997,3.6,17.06,6.9101458,7,gps,1.42,0.92,1.69,-89.7,,,,77,,1784949969000,2026-07-25T08:56:09.000+05:30,2735.2905868051434,1784949352118,Default Profile,false
2026-07-25T03:26:15.000Z,12.043513333333332,75.36876166666666,-17.60000000000001,5.0,13.86,8.569611,5,gps,2.24,0.96,2.44,-89.7,,,,77,,1784949975000,2026-07-25T08:56:15.000+05:30,2782.3820741676477,1784949352118,Default Profile,false
2026-07-25T03:26:20.000Z,12.044078333333335,75.36896833333334,-17.5,4.3,20.04,10.860639,7,gps,1.26,0.89,1.55,-89.7,,,,77,,1784949980000,2026-07-25T08:56:20.000+05:30,2849.1061207316975,1784949352118,Default Profile,false
2026-07-25T03:26:26.000Z,12.044676666666666,75.36915,-23.200000000000003,3.2,15.14,12.347157,6,gps,1.18,0.92,1.49,-89.7,,,,77,,1784949986000,2026-07-25T08:56:26.000+05:30,2918.5089061293056,1784949352118,Default Profile,false
2026-07-25T03:26:32.000Z,12.045323333333332,75.369285,-28.0,17.5,10.64,11.743902,3,gps,7.68,1.00,7.75,-89.7,,,,77,,1784949992000,2026-07-25T08:56:32.000+05:30,2991.898326683601,1784949352118,Default Profile,false
2026-07-25T03:26:44.000Z,12.046303333333332,75.36923499999999,-29.900000000000006,7.6,349.38,8.488284,4,gps,3.20,1.00,3.35,-89.7,,,,77,,1784950004000,2026-07-25T08:56:44.000+05:30,3101.0049235849833,1784949352118,Default Profile,false
2026-07-25T03:27:13.426Z,12.047140000000002,75.36873999999999,-34.1,6.8,13.3,12.644152,7,gps,1.07,0.89,1.39,-89.7,,,,77,,1784950033426,2026-07-25T08:57:13.426+05:30,3208.4886644279477,1784949352118,Default Profile,false
2026-07-25T03:27:19.000Z,12.048216666666667,75.36936999999999,-33.6,3.2,20.23,11.278593,24,gps,0.60,0.67,0.90,-89.7,,,,77,,1784950039000,2026-07-25T08:57:19.000+05:30,3346.425046320696,1784949352118,Default Profile,false
2026-07-25T03:27:24.000Z,12.048675,75.369725,-33.900000000000006,3.1,36.77,11.138074,33,gps,0.50,0.66,0.82,-89.7,,,,77,,1784950044000,2026-07-25T08:57:24.000+05:30,3410.3600312768517,1784949352118,Default Profile,false
2026-07-25T03:27:30.000Z,12.048973333333333,75.370025,-33.900000000000006,2.6,21.89,4.3365345,33,gps,0.52,0.69,0.87,-89.7,,,,77,,1784950050000,2026-07-25T08:57:30.000+05:30,3456.886979629677,1784949352118,Default Profile,false
2026-07-25T03:27:35.000Z,12.048943333333334,75.37000833333333,-33.6,2.3,7.66,0.0036030556,36,gps,0.49,0.64,0.80,-89.7,,,,77,,1784950055000,2026-07-25T08:57:35.000+05:30,3460.683392437166,1784949352118,Default Profile,false
2026-07-25T03:27:41.000Z,12.048928333333333,75.37001333333333,-33.7,2.3,7.66,0.014412222,30,gps,0.59,0.66,0.89,-89.7,,,,77,,1784950061000,2026-07-25T08:57:41.000+05:30,3462.4377038277535,1784949352118,Default Profile,false
2026-07-25T03:27:47.000Z,12.048971666666667,75.37007333333332,-33.6,2.3,33.71,3.2463531,36,gps,0.50,0.65,0.82,-89.7,,,,77,,1784950067000,2026-07-25T08:57:47.000+05:30,3470.5487668444257,1784949352118,Default Profile,false
2026-07-25T03:27:53.000Z,12.049168333333334,75.37026166666666,-33.300000000000004,2.5,38.87,6.4453516,32,gps,0.52,0.67,0.85,-89.7,,,,77,,1784950073000,2026-07-25T08:57:53.000+05:30,3500.5098876403863,1784949352118,Default Profile,false
2026-07-25T03:27:59.000Z,12.049498333333334,75.37046833333333,-34.0,2.6,36.09,7.0743423,35,gps,0.48,0.62,0.78,-89.7,,,,77,,1784950079000,2026-07-25T08:57:59.000+05:30,3543.5395715093996,1784949352118,Default Profile,false
2026-07-25T03:28:04.000Z,12.049794999999998,75.37066499999999,-33.7,2.5,28.73,8.392546,32,gps,0.54,0.66,0.86,-89.7,,,,77,,1784950084000,2026-07-25T08:58:04.000+05:30,3582.8534331629767,1784949352118,Default Profile,false
2026-07-25T03:28:10.000Z,12.050236666666668,75.37096166666667,-33.800000000000004,2.5,34.9,10.480259,34,gps,0.52,0.64,0.82,-89.7,,,,77,,1784950090000,2026-07-25T08:58:10.000+05:30,3641.6128521569262,1784949352118,Default Profile,false
2026-07-25T03:28:16.000Z,12.050771666666666,75.37133166666668,-32.6,2.5,38.89,11.51691,35,gps,0.47,0.79,0.92,-89.7,,,,77,,1784950096000,2026-07-25T08:58:16.000+05:30,3713.4311759891657,1784949352118,Default Profile,false
2026-07-25T03:28:22.000Z,12.051253333333333,75.37172833333334,-23.299999999999997,2.3,40.09,10.944024,37,gps,0.46,0.61,0.77,-89.7,,,,77,,1784950102000,2026-07-25T08:58:22.000+05:30,3782.2004115168384,1784949352118,Default Profile,false
2026-07-25T03:28:28.000Z,12.051656666666668,75.37214,-12.900000000000006,2.7,46.71,9.543465,34,gps,0.53,0.92,1.06,-89.7,,,,77,,1784950108000,2026-07-25T08:58:28.000+05:30,3845.5678132574144,1784949352118,Default Profile,false
2026-07-25T03:28:34.000Z,12.051973333333335,75.37253000000001,-6.200000000000003,2.4,47.14,8.475416,37,gps,0.50,0.82,0.96,-89.7,,,,77,,1784950114000,2026-07-25T08:58:34.000+05:30,3900.6903190809426,1784949352118,Default Profile,false
2026-07-25T03:28:40.000Z,12.05231,75.37286666666667,0.20000000000000284,2.5,39.13,9.560451,35,gps,0.47,0.80,0.93,-89.7,,,,77,,1784950120000,2026-07-25T08:58:40.000+05:30,3953.052065278404,1784949352118,Default Profile,false
2026-07-25T03:28:46.000Z,12.052758333333335,75.37325166666666,-1.6000000000000085,2.6,38.18,12.106267,36,gps,0.48,0.86,0.99,-89.7,,,,77,,1784950126000,2026-07-25T08:58:46.000+05:30,4018.1524001021967,1784949352118,Default Profile,false
2026-07-25T03:28:52.000Z,12.053278333333333,75.37365,-2.4000000000000057,2.7,32.9,11.556543,33,gps,0.54,0.96,1.10,-89.7,,,,77,,1784950132000,2026-07-25T08:58:52.000+05:30,4090.399223694092,1784949352118,Default Profile,false
2026-07-25T03:28:58.000Z,12.053899999999999,75.37385833333333,1.2000000000000028,2.7,8.03,12.055309,37,gps,0.48,0.64,0.80,-89.7,,,,77,,1784950138000,2026-07-25T08:58:58.000+05:30,4163.143102136005,1784949352118,Default Profile,false
2026-07-25T03:29:04.000Z,12.054564999999998,75.37396333333332,3.0,2.6,11.26,12.174725,37,gps,0.49,0.86,0.99,-89.7,,,,77,,1784950144000,2026-07-25T08:59:04.000+05:30,4237.964082476833,1784949352118,Default Profile,false
2026-07-25T03:29:10.000Z,12.055186666666668,75.37409333333333,4.0,2.5,9.65,9.000433,36,gps,0.48,0.87,1.00,-89.7,,,,77,,1784950150000,2026-07-25T08:59:10.000+05:30,4308.520948443711,1784949352118,Default Profile,false
2026-07-25T03:29:16.000Z,12.055385000000001,75.37412833333333,0.0,2.5,7.47,0.0,35,gps,0.52,0.98,1.11,-89.7,,,,77,,1784950156000,2026-07-25T08:59:16.000+05:30,4330.900616256117,1784949352118,Default Profile,false
2026-07-25T03:29:21.000Z,12.055379999999998,75.37412166666667,0.09999999999999432,2.2,7.47,0.0,37,gps,0.49,0.64,0.80,-89.7,,,,77,,1784950161000,2026-07-25T08:59:21.000+05:30,4331.8142145135325,1784949352118,Default Profile,false
2026-07-25T03:29:27.000Z,12.055379999999998,75.37412166666667,0.09999999999999432,2.2,7.47,0.0,38,gps,0.45,0.61,0.76,-89.7,,,,77,,1784950167000,2026-07-25T08:59:27.000+05:30,4331.8142145135325,1784949352118,Default Profile,false
2026-07-25T03:29:33.000Z,12.055454999999998,75.37415166666666,0.5999999999999943,2.2,11.04,3.2190728,39,gps,0.46,0.80,0.92,-89.7,,,,77,,1784950173000,2026-07-25T08:59:33.000+05:30,4340.769197414539,1784949352118,Default Profile,false
2026-07-25T03:29:39.000Z,12.055795,75.37426333333333,-1.7000000000000028,2.2,18.55,8.647848,34,gps,0.49,0.81,0.95,-89.7,,,,77,,1784950179000,2026-07-25T08:59:39.000+05:30,4380.4776965891515,1784949352118,Default Profile,false
2026-07-25T03:29:45.000Z,12.056344999999999,75.374405,1.8999999999999915,2.5,18.24,11.337272,31,gps,0.57,1.02,1.16,-89.7,,,,77,,1784950185000,2026-07-25T08:59:45.000+05:30,4443.54530750682,1784949352118,Default Profile,false
2026-07-25T03:29:51.000Z,12.056901666666667,75.37462000000001,-0.4000000000000057,2.3,23.48,11.2194,35,gps,0.52,0.69,0.86,-89.7,,,,77,,1784950191000,2026-07-25T08:59:51.000+05:30,4509.711986205851,1784949352118,Default Profile,false
2026-07-25T03:29:57.000Z,12.057599999999999,75.37497666666667,-7.400000000000006,2.5,34.61,15.2903385,36,gps,0.53,0.92,1.06,-89.7,,,,77,,1784950197000,2026-07-25T08:59:57.000+05:30,4596.510275118717,1784949352118,Default Profile,false
2026-07-25T03:30:03.000Z,12.058268333333334,75.37555833333333,-7.400000000000006,2.3,40.16,15.509095,34,gps,0.55,0.70,0.89,-89.7,,,,77,,1784950203000,2026-07-25T09:00:03.000+05:30,4694.098679523645,1784949352118,Default Profile,false
2026-07-25T03:30:08.000Z,12.058766666666667,75.37603166666666,4.5,2.3,39.44,14.199127,32,gps,0.55,0.99,1.13,-89.7,,,,77,,1784950208000,2026-07-25T09:00:08.000+05:30,4769.727779683849,1784949352118,Default Profile,false
2026-07-25T03:30:13.000Z,12.0593,75.37637,7.700000000000003,2.6,27.04,13.072915,30,gps,0.60,0.70,0.93,-89.7,,,,77,,1784950213000,2026-07-25T09:00:13.000+05:30,4839.516891018729,1784949352118,Default Profile,false
2026-07-25T03:30:19.000Z,12.059931666666667,75.37657333333333,9.599999999999994,2.5,16.3,10.495186,33,gps,0.53,0.93,1.07,-89.7,,,,77,,1784950219000,2026-07-25T09:00:19.000+05:30,4913.152995474074,1784949352118,Default Profile,false
2026-07-25T03:30:25.000Z,12.060478333333332,75.37664833333334,14.599999999999994,2.6,2.12,9.393681,34,gps,0.50,0.84,0.98,-89.7,,,,77,,1784950225000,2026-07-25T09:00:25.000+05:30,4974.484218342879,1784949352118,Default Profile,false
2026-07-25T03:30:31.000Z,12.061006666666666,75.37670166666666,17.200000000000003,2.3,9.54,10.32224,35,gps,0.57,0.84,1.01,-89.7,,,,77,,1784950231000,2026-07-25T09:00:31.000+05:30,5033.517768111898,1784949352118,Default Profile,false
2026-07-25T03:30:37.000Z,12.061671666666665,75.37680833333334,16.89999999999999,2.5,9.51,12.399658,42,gps,0.47,0.78,0.91,-89.7,,,,77,,1784950237000,2026-07-25T09:00:37.000+05:30,5108.366572981696,1784949352118,Default Profile,false
2026-07-25T03:30:43.000Z,12.062354999999998,75.37698333333333,16.299999999999997,2.4,18.52,13.309173,40,gps,0.47,0.77,0.90,-89.7,,,,77,,1784950243000,2026-07-25T09:00:43.000+05:30,5186.696441477258,1784949352118,Default Profile,false
2026-07-25T03:30:49.000Z,12.062923333333334,75.37719666666666,18.200000000000003,2.1,20.88,8.351368,35,gps,0.50,0.89,1.02,-89.7,,,,77,,1784950249000,2026-07-25T09:00:49.000+05:30,5254.015422344937,1784949352118,Default Profile,false
2026-07-25T03:30:55.000Z,12.062985,75.37722833333333,17.5,2.2,28.06,2.2369828,35,gps,0.52,0.70,0.87,-89.7,,,,77,,1784950255000,2026-07-25T09:00:55.000+05:30,5261.688483796389,1784949352118,Default Profile,false
2026-07-25T03:31:01.000Z,12.06318,75.37733333333334,16.30000000000001,2.2,17.85,5.610472,35,gps,0.53,0.95,1.09,-89.6,,,,77,,1784950261000,2026-07-25T09:01:01.000+05:30,5286.193905684974,1784949352118,Default Profile,false
2026-07-25T03:31:07.000Z,12.063556666666667,75.37757,17.900000000000006,2.2,34.75,9.860019,35,gps,0.53,0.93,1.07,-89.6,,,,77,,1784950267000,2026-07-25T09:01:07.000+05:30,5335.351926735013,1784949352118,Default Profile,false
2026-07-25T03:31:12.000Z,12.063984999999999,75.37789833333333,18.10000000000001,2.2,37.37,13.375057,34,gps,0.53,0.87,1.02,-89.6,,,,77,,1784950272000,2026-07-25T09:01:12.000+05:30,5394.876356102317,1784949352118,Default Profile,false
2026-07-25T03:31:18.000Z,12.064618333333332,75.37846666666665,18.0,2.2,40.59,17.16753,33,gps,0.55,0.70,0.89,-89.6,,,,77,,1784950278000,2026-07-25T09:01:18.000+05:30,5488.571100757538,1784949352118,Default Profile,false
2026-07-25T03:31:24.000Z,12.065408333333334,75.37917333333333,14.5,1.9,40.98,20.263584,32,gps,0.56,0.73,0.92,-89.6,,,,77,,1784950284000,2026-07-25T09:01:24.000+05:30,5605.281286111444,1784949352118,Default Profile,false
2026-07-25T03:31:30.000Z,12.06617,75.37989833333333,15.100000000000009,2.6,47.61,16.221985,29,gps,0.56,0.70,0.89,-89.6,,,,77,,1784950290000,2026-07-25T09:01:30.000+05:30,5720.987804268301,1784949352118,Default Profile,false
2026-07-25T03:31:35.000Z,12.06673,75.380435,15.400000000000006,2.6,42.78,16.797445,28,gps,0.62,0.77,0.99,-89.6,,,,77,,1784950295000,2026-07-25T09:01:35.000+05:30,5806.327643938102,1784949352118,Default Profile,false
2026-07-25T03:31:41.000Z,12.067441666666666,75.38110499999999,5.200000000000003,2.5,44.99,16.97245,36,gps,0.49,0.86,0.99,-89.6,,,,77,,1784950301000,2026-07-25T09:01:41.000+05:30,5913.891157094901,1784949352118,Default Profile,false
2026-07-25T03:31:47.000Z,12.068016666666665,75.38165833333333,9.100000000000009,2.3,42.94,12.156195,40,gps,0.44,0.58,0.73,-89.6,,,,77,,1784950307000,2026-07-25T09:01:47.000+05:30,6001.68727627642,1784949352118,Default Profile,false
2026-07-25T03:31:53.000Z,12.068298333333333,75.38198833333333,9.800000000000011,2.3,57.24,4.514114,33,gps,0.56,0.92,1.08,-89.6,,,,77,,1784950313000,2026-07-25T09:01:53.000+05:30,6049.316598698387,1784949352118,Default Profile,false
2026-07-25T03:31:59.000Z,12.068321666666668,75.382045,7.300000000000011,2.1,60.37,0.0,37,gps,0.48,0.63,0.80,-89.6,,,,77,,1784950319000,2026-07-25T09:01:59.000+05:30,6056.002351824686,1784949352118,Default Profile,false
2026-07-25T03:32:05.000Z,12.068321666666668,75.382045,7.300000000000011,2.0,60.37,0.0,36,gps,0.47,0.63,0.79,-89.6,,,,77,,1784950325000,2026-07-25T09:02:05.000+05:30,6056.002351824686,1784949352118,Default Profile,false
2026-07-25T03:32:11.000Z,12.068435,75.38225166666666,5.0,2.4,67.48,5.831288,35,gps,0.48,0.86,0.99,-89.6,,,,77,,1784950331000,2026-07-25T09:02:11.000+05:30,6081.76707842079,1784949352118,Default Profile,false
2026-07-25T03:32:17.000Z,12.06860666666667,75.38273666666667,5.200000000000003,2.6,68.7,12.336348,34,gps,0.51,0.89,1.03,-89.6,,,,77,,1784950337000,2026-07-25T09:02:17.000+05:30,6137.852942274434,1784949352118,Default Profile,false
2026-07-25T03:32:23.000Z,12.068925000000002,75.383505,5.6000000000000085,2.7,69.7,16.212206,37,gps,0.47,0.82,0.95,-89.6,,,,77,,1784950343000,2026-07-25T09:02:23.000+05:30,6228.588591585712,1784949352118,Default Profile,false
2026-07-25T03:32:29.000Z,12.069188333333333,75.38444,2.200000000000003,2.6,75.2,18.134178,34,gps,0.49,0.66,0.83,-89.6,,,,77,,1784950349000,2026-07-25T09:02:29.000+05:30,6334.390395174584,1784949352118,Default Profile,false
2026-07-25T03:32:35.000Z,12.069553333333333,75.38536666666667,-0.8999999999999915,2.7,65.28,16.518465,37,gps,0.47,0.65,0.81,-89.6,,,,77,,1784950355000,2026-07-25T09:02:35.000+05:30,6443.020061748585,1784949352118,Default Profile,false
2026-07-25T03:32:41.000Z,12.069951666666668,75.38607499999999,-4.099999999999994,2.5,51.66,11.478306,39,gps,0.48,0.79,0.92,-89.6,,,,77,,1784950361000,2026-07-25T09:02:41.000+05:30,6531.869452809843,1784949352118,Default Profile,false
2026-07-25T03:32:46.000Z,12.070159999999998,75.38630666666667,-7.799999999999997,2.4,49.07,2.8747237,40,gps,0.46,0.76,0.89,-89.6,,,,77,,1784950366000,2026-07-25T09:02:46.000+05:30,6566.092475669754,1784949352118,Default Profile,false
2026-07-25T03:32:52.000Z,12.070153333333334,75.38628999999999,-7.699999999999989,1.9,49.07,0.0,40,gps,0.46,0.63,0.78,-89.6,,,,77,,1784950372000,2026-07-25T09:02:52.000+05:30,6568.050504111542,1784949352118,Default Profile,false
2026-07-25T03:32:57.000Z,12.070276666666667,75.38639166666667,-7.8999999999999915,2.2,44.95,5.942468,37,gps,0.48,0.87,0.99,-89.6,,,,77,,1784950377000,2026-07-25T09:02:57.000+05:30,6585.665428033434,1784949352118,Default Profile,false
2026-07-25T03:33:03.000Z,12.070605,75.38671833333333,-8.699999999999989,2.4,43.5,11.215797,34,gps,0.50,0.89,1.02,-89.6,,,,77,,1784950383000,2026-07-25T09:03:03.000+05:30,6636.602845758262,1784949352118,Default Profile,false
2026-07-25T03:33:09.000Z,12.071103333333333,75.38722333333334,-6.299999999999997,2.5,45.89,13.998385,35,gps,0.50,0.83,0.96,-89.6,,,,77,,1784950389000,2026-07-25T09:03:09.000+05:30,6714.614502927325,1784949352118,Default Profile,false
2026-07-25T03:33:15.000Z,12.071549999999998,75.387815,-2.6999999999999886,2.5,49.46,12.731654,34,gps,0.50,0.90,1.03,-89.6,,,,77,,1784950395000,2026-07-25T09:03:15.000+05:30,6795.891092548914,1784949352118,Default Profile,false
2026-07-25T03:33:21.000Z,12.071990000000001,75.38833,-1.6999999999999886,2.3,49.93,12.002808,38,gps,0.46,0.60,0.76,-89.6,,,,76,,1784950401000,2026-07-25T09:03:21.000+05:30,6870.252531442084,1784949352118,Default Profile,false
2026-07-25T03:33:27.000Z,12.072435,75.38880166666667,-0.09999999999999432,2.1,42.43,12.315759,39,gps,0.47,0.61,0.77,-89.6,,,,76,,1784950407000,2026-07-25T09:03:27.000+05:30,6941.518272563544,1784949352118,Default Profile,false
2026-07-25T03:33:33.000Z,12.072818333333332,75.389265,4.300000000000011,2.4,56.64,10.398418,40,gps,0.45,0.80,0.92,-89.6,,,,76,,1784950413000,2026-07-25T09:03:33.000+05:30,7007.511434957095,1784949352118,Default Profile,false
2026-07-25T03:33:39.000Z,12.07298,75.38967333333333,6.800000000000011,2.4,71.36,6.444837,38,gps,0.49,0.82,0.95,-89.6,,,,76,,1784950419000,2026-07-25T09:03:39.000+05:30,7055.412854521218,1784949352118,Default Profile,false
2026-07-25T03:33:45.000Z,12.073088333333333,75.389965,6.5,2.3,70.64,5.7000337,43,gps,0.44,0.76,0.87,-89.6,,,,76,,1784950425000,2026-07-25T09:03:45.000+05:30,7089.3380611152015,1784949352118,Default Profile,false
2026-07-25T03:33:51.000Z,12.073129999999999,75.39022333333334,10.100000000000009,2.0,75.58,2.8958273,44,gps,0.42,0.71,0.83,-89.6,,,,76,,1784950431000,2026-07-25T09:03:51.000+05:30,7117.807581885429,1784949352118,Default Profile,false
2026-07-25T03:33:57.000Z,12.073176666666665,75.39047166666666,9.900000000000006,2.2,78.2,6.526163,43,gps,0.42,0.69,0.81,-89.6,,,,76,,1784950437000,2026-07-25T09:03:57.000+05:30,7145.30429160907,1784949352118,Default Profile,false
2026-07-25T03:34:03.000Z,12.07337,75.39089333333332,11.200000000000003,2.4,49.11,9.722074,45,gps,0.41,0.67,0.78,-89.6,,,,76,,1784950443000,2026-07-25T09:04:03.000+05:30,7195.944013524364,1784949352118,Default Profile,false
2026-07-25T03:34:09.000Z,12.073831666666669,75.39133,12.200000000000003,2.1,44.57,12.366716,43,gps,0.43,0.72,0.84,-89.6,,,,76,,1784950449000,2026-07-25T09:04:09.000+05:30,7265.870638223432,1784949352118,Default Profile,false
2026-07-25T03:34:15.000Z,12.074343333333335,75.391755,16.10000000000001,2.4,32.51,12.89585,39,gps,0.46,0.73,0.86,-89.6,,,,76,,1784950455000,2026-07-25T09:04:15.000+05:30,7339.168641831973,1784949352118,Default Profile,false
2026-07-25T03:34:20.000Z,12.074896666666666,75.391895,17.60000000000001,2.4,8.08,13.440427,38,gps,0.47,0.79,0.92,-89.6,,,,76,,1784950460000,2026-07-25T09:04:20.000+05:30,7402.551711545592,1784949352118,Default Profile,false
2026-07-25T03:34:25.000Z,12.075401666666668,75.39200166666666,17.80000000000001,2.1,14.87,8.209305,40,gps,0.42,0.57,0.71,-89.6,,,,76,,1784950465000,2026-07-25T09:04:25.000+05:30,7459.890446906159,1784949352118,Default Profile,false
2026-07-25T03:34:31.000Z,12.075508333333335,75.39203166666667,20.60000000000001,2.1,12.87,0.0,40,gps,0.45,0.63,0.77,-89.6,,,,76,,1784950471000,2026-07-25T09:04:31.000+05:30,7472.191636500165,1784949352118,Default Profile,false
2026-07-25T03:34:37.000Z,12.075503333333332,75.39203333333333,20.5,2.1,12.87,0.0,37,gps,0.44,0.57,0.73,-89.6,,,,76,,1784950477000,2026-07-25T09:04:37.000+05:30,7472.776401397778,1784949352118,Default Profile,false
2026-07-25T03:34:42.000Z,12.075503333333332,75.39203333333333,20.5,2.2,12.87,0.0,40,gps,0.43,0.60,0.74,-89.6,,,,76,,1784950482000,2026-07-25T09:04:42.000+05:30,7472.776401397778,1784949352118,Default Profile,false
2026-07-25T03:34:48.000Z,12.075529999999999,75.39204833333334,21.700000000000003,2.2,20.77,2.8500168,41,gps,0.43,0.57,0.72,-89.6,,,,76,,1784950488000,2026-07-25T09:04:48.000+05:30,7476.160572908455,1784949352118,Default Profile,false
2026-07-25T03:34:53.000Z,12.07574,75.39215166666666,22.10000000000001,2.3,24.8,6.4396896,36,gps,0.46,0.76,0.88,-89.6,,,,76,,1784950493000,2026-07-25T09:04:53.000+05:30,7502.074110151409,1784949352118,Default Profile,false
2026-07-25T03:34:59.000Z,12.07621,75.39237666666666,21.10000000000001,2.3,24.32,10.290327,32,gps,0.50,0.66,0.83,-89.6,,,,76,,1784950499000,2026-07-25T09:04:59.000+05:30,7559.778731432606,1784949352118,Default Profile,false
2026-07-25T03:35:05.000Z,12.076828333333333,75.39262666666667,19.200000000000003,2.4,23.07,12.800112,33,gps,0.49,0.99,1.11,-89.6,,,,76,,1784950505000,2026-07-25T09:05:05.000+05:30,7633.712935927328,1784949352118,Default Profile,false
2026-07-25T03:35:10.000Z,12.077401666666667,75.39283666666667,17.400000000000006,2.5,21.04,12.73886,38,gps,0.47,0.77,0.90,-89.6,,,,76,,1784950510000,2026-07-25T09:05:10.000+05:30,7701.430607343367,1784949352118,Default Profile,false
2026-07-25T03:35:16.000Z,12.078075000000002,75.39311,15.200000000000003,2.5,19.75,13.305055,42,gps,0.44,0.71,0.83,-89.6,,,,76,,1784950516000,2026-07-25T09:05:16.000+05:30,7781.985017822434,1784949352118,Default Profile,false
2026-07-25T03:35:21.000Z,12.078653333333333,75.39332333333333,12.900000000000006,2.4,18.06,13.196448,33,gps,0.51,0.71,0.87,-89.6,,,,76,,1784950521000,2026-07-25T09:05:21.000+05:30,7850.348454418134,1784949352118,Default Profile,false
2026-07-25T03:35:27.000Z,12.079289999999999,75.39347333333333,10.5,2.5,5.41,12.370834,40,gps,0.44,0.70,0.83,-89.6,,,,76,,1784950527000,2026-07-25T09:05:27.000+05:30,7922.997060284558,1784949352118,Default Profile,false
2026-07-25T03:35:33.000Z,12.079976666666669,75.39356666666666,15.0,2.5,9.1,11.296609,36,gps,0.48,0.64,0.80,-89.6,,,,76,,1784950533000,2026-07-25T09:05:33.000+05:30,8000.022382703108,1784949352118,Default Profile,false
2026-07-25T03:35:39.000Z,12.080548333333335,75.39377833333333,11.300000000000011,2.4,22.93,9.2413225,37,gps,0.48,0.78,0.92,-89.6,,,,76,,1784950539000,2026-07-25T09:05:39.000+05:30,8067.627000259368,1784949352118,Default Profile,false
2026-07-25T03:35:45.000Z,12.080776666666669,75.39387333333335,7.900000000000006,2.4,47.64,1.8041013,30,gps,0.61,1.03,1.20,-89.6,,,,76,,1784950545000,2026-07-25T09:05:45.000+05:30,8095.037350542394,1784949352118,Default Profile,false
2026-07-25T03:35:51.000Z,12.080874999999999,75.39386333333333,4.5,2.4,1.52,4.362271,33,gps,0.52,0.93,1.06,-89.6,,,,76,,1784950551000,2026-07-25T09:05:51.000+05:30,8106.025448518443,1784949352118,Default Profile,false
2026-07-25T03:35:57.000Z,12.081295,75.39388833333334,5.300000000000011,2.5,356.21,10.246575,37,gps,0.51,0.65,0.82,-89.6,,,,76,,1784950557000,2026-07-25T09:05:57.000+05:30,8152.806360985924,1784949352118,Default Profile,false
2026-07-25T03:36:03.000Z,12.081979999999998,75.393935,2.6000000000000085,2.5,13.01,13.21086,34,gps,0.54,0.68,0.87,-89.6,,,,76,,1784950563000,2026-07-25T09:06:03.000+05:30,8229.14371267146,1784949352118,Default Profile,false
2026-07-25T03:36:09.000Z,12.082524999999999,75.39409833333335,-4.3999999999999915,2.6,20.29,7.277143,36,gps,0.51,0.65,0.83,-89.6,,,,76,,1784950569000,2026-07-25T09:06:09.000+05:30,8292.293615338334,1784949352118,Default Profile,false
2026-07-25T03:36:15.000Z,12.082708333333334,75.39419833333334,-9.399999999999991,2.4,27.12,3.555701,33,gps,0.57,1.02,1.17,-89.6,,,,76,,1784950575000,2026-07-25T09:06:15.000+05:30,8315.397811222934,1784949352118,Default Profile,false
2026-07-25T03:36:21.000Z,12.082973333333333,75.39430666666667,-10.199999999999989,2.6,21.58,7.5180326,33,gps,0.50,0.66,0.83,-89.6,,,,76,,1784950581000,2026-07-25T09:06:21.000+05:30,8347.13161733313,1784949352118,Default Profile,false
2026-07-25T03:36:26.000Z,12.083311666666669,75.39455,-9.699999999999989,2.4,37.47,10.352094,36,gps,0.49,0.85,0.99,-89.6,,,,76,,1784950586000,2026-07-25T09:06:26.000+05:30,8393.124661711543,1784949352118,Default Profile,false
2026-07-25T03:36:31.000Z,12.083715,75.39485166666667,-8.799999999999997,2.5,36.57,10.8817425,34,gps,0.51,0.88,1.01,-89.6,,,,76,,1784950591000,2026-07-25T09:06:31.000+05:30,8448.68793609824,1784949352118,Default Profile,false
2026-07-25T03:36:37.000Z,12.08422,75.39518,-8.199999999999989,2.5,29.98,11.157119,36,gps,0.51,0.93,1.06,-89.6,,,,76,,1784950597000,2026-07-25T09:06:37.000+05:30,8515.228905994649,1784949352118,Default Profile,false
2026-07-25T03:36:42.000Z,12.084608333333332,75.39541333333334,-2.1999999999999886,2.6,35.52,9.635085,33,gps,0.54,0.68,0.87,-89.6,,,,76,,1784950602000,2026-07-25T09:06:42.000+05:30,8565.311205122165,1784949352118,Default Profile,false
2026-07-25T03:36:48.000Z,12.085073333333332,75.39569499999999,-0.7999999999999972,2.3,29.24,9.698911,31,gps,0.63,0.99,1.18,-89.6,,,,76,,1784950608000,2026-07-25T09:06:48.000+05:30,8625.40624439201,1784949352118,Default Profile,false
2026-07-25T03:36:54.000Z,12.085405,75.395825,-0.5,2.6,28.8,3.9963033,30,gps,0.56,0.89,1.05,-89.6,,,,76,,1784950614000,2026-07-25T09:06:54.000+05:30,8664.901889765331,1784949352118,Default Profile,false
2026-07-25T03:37:00.000Z,12.085438333333332,75.395825,-2.0,2.6,33.04,0.0,23,gps,0.59,0.69,0.91,-89.6,,,,76,,1784950620000,2026-07-25T09:07:00.000+05:30,8668.608387320075,1784949352118,Default Profile,false
2026-07-25T03:37:06.000Z,12.085483333333332,75.39586,-1.8999999999999915,2.6,37.77,2.3152206,22,gps,0.59,1.11,1.25,-89.6,,,,76,,1784950626000,2026-07-25T09:07:06.000+05:30,8674.894885626001,1784949352118,Default Profile,false
2026-07-25T03:37:12.000Z,12.085663333333333,75.39591999999999,-4.8999999999999915,2.4,17.52,3.9293895,25,gps,0.56,0.75,0.94,-89.6,,,,76,,1784950632000,2026-07-25T09:07:12.000+05:30,8695.946345898776,1784949352118,Default Profile,false
2026-07-25T03:37:18.000Z,12.085913333333334,75.39602166666667,-2.5,2.4,24.94,5.1801643,24,gps,0.57,0.69,0.89,-89.6,,,,76,,1784950638000,2026-07-25T09:07:18.000+05:30,8725.86232645328,1784949352118,Default Profile,false
2026-07-25T03:37:24.000Z,12.086223333333331,75.39616166666666,4.0,2.5,25.64,6.613151,24,gps,0.62,0.78,1.00,-89.6,,,,76,,1784950644000,2026-07-25T09:07:24.000+05:30,8763.544239608927,1784949352118,Default Profile,false
2026-07-25T03:37:30.000Z,12.086554999999999,75.39636666666667,2.9000000000000057,2.3,27.17,7.4423685,26,gps,0.56,1.00,1.15,-89.6,,,,76,,1784950650000,2026-07-25T09:07:30.000+05:30,8806.636440336826,1784949352118,Default Profile,false
2026-07-25T03:37:36.000Z,12.086976666666665,75.39657166666666,9.5,2.4,22.13,8.5860815,31,gps,0.53,0.90,1.04,-89.6,,,,76,,1784950656000,2026-07-25T09:07:36.000+05:30,8858.552109442684,1784949352118,Default Profile,false
2026-07-25T03:37:41.000Z,12.087368333333332,75.39675666666668,14.600000000000009,2.3,26.7,9.481698,33,gps,0.50,0.67,0.83,-89.6,,,,76,,1784950661000,2026-07-25T09:07:41.000+05:30,8906.524321656092,1784949352118,Default Profile,false
2026-07-25T03:37:47.000Z,12.087914999999999,75.396925,13.800000000000011,2.7,9.07,10.427757,28,gps,0.57,0.72,0.91,-89.6,,,,76,,1784950667000,2026-07-25T09:07:47.000+05:30,8970.006592353742,1784949352118,Default Profile,false
2026-07-25T03:37:53.000Z,12.088550000000001,75.39708833333334,15.200000000000003,2.5,16.47,11.492203,25,gps,0.58,1.08,1.23,-89.6,,,,76,,1784950673000,2026-07-25T09:07:53.000+05:30,9042.814462906434,1784949352118,Default Profile,false
2026-07-25T03:37:58.000Z,12.089059999999998,75.39723166666666,24.10000000000001,2.5,20.77,11.744931,25,gps,0.56,0.99,1.14,-89.6,,,,76,,1784950678000,2026-07-25T09:07:58.000+05:30,9101.626317113773,1784949352118,Default Profile,false
2026-07-25T03:38:03.000Z,12.089505,75.39751333333334,27.900000000000006,2.2,45.33,11.753682,28,gps,0.55,0.69,0.89,-89.6,,,,76,,1784950683000,2026-07-25T09:08:03.000+05:30,9159.818688874251,1784949352118,Default Profile,false
2026-07-25T03:38:09.000Z,12.089973333333335,75.39801333333334,31.60000000000001,2.3,44.21,13.733818,33,gps,0.50,0.87,1.01,-89.6,,,,76,,1784950689000,2026-07-25T09:08:09.000+05:30,9235.100977760558,1784949352118,Default Profile,false
2026-07-25T03:38:15.000Z,12.090558333333336,75.39848,37.7,2.4,26.53,13.151153,36,gps,0.50,0.81,0.95,-89.6,,,,76,,1784950695000,2026-07-25T09:08:15.000+05:30,9317.598980726469,1784949352118,Default Profile,false
2026-07-25T03:38:21.000Z,12.091204999999999,75.39876833333332,44.099999999999994,2.6,25.86,12.661652,37,gps,0.45,0.73,0.86,-89.6,,,,76,,1784950701000,2026-07-25T09:08:21.000+05:30,9396.041962836587,1784949352118,Default Profile,false
2026-07-25T03:38:26.000Z,12.091721666666668,75.39907,49.599999999999994,2.3,30.81,13.301452,42,gps,0.42,0.70,0.82,-89.6,,,,76,,1784950706000,2026-07-25T09:08:26.000+05:30,9462.19632090825,1784949352118,Default Profile,false
2026-07-25T03:38:32.000Z,12.092331666666666,75.399485,52.599999999999994,2.5,38.24,13.205713,40,gps,0.44,0.59,0.74,-89.6,,,,76,,1784950712000,2026-07-25T09:08:32.000+05:30,9543.66261935118,1784949352118,Default Profile,false
2026-07-25T03:38:38.000Z,12.092921666666665,75.39995166666667,52.099999999999994,2.4,40.22,13.511973,41,gps,0.43,0.60,0.74,-89.6,,,,76,,1784950718000,2026-07-25T09:08:38.000+05:30,9626.599434903821,1784949352118,Default Profile,false
2026-07-25T03:38:43.000Z,12.093375,75.40033833333334,51.099999999999994,2.3,39.23,14.299498,38,gps,0.48,0.62,0.79,-89.6,,,,76,,1784950723000,2026-07-25T09:08:43.000+05:30,9692.23836048375,1784949352118,Default Profile,false
2026-07-25T03:38:48.000Z,12.093905,75.40079166666666,48.099999999999994,2.5,46.52,15.92808,42,gps,0.42,0.71,0.83,-89.6,,,,76,,1784950728000,2026-07-25T09:08:48.000+05:30,9769.066757889887,1784949352118,Default Profile,false
2026-07-25T03:38:54.000Z,12.094455000000002,75.40151999999999,51.599999999999994,2.5,51.9,16.15919,43,gps,0.41,0.56,0.69,-89.6,,,,76,,1784950734000,2026-07-25T09:08:54.000+05:30,9869.122590683473,1784949352118,Default Profile,false
2026-07-25T03:38:59.000Z,12.094975,75.40206333333334,57.0,2.6,39.98,16.934875,43,gps,0.42,0.59,0.72,-89.6,,,,76,,1784950739000,2026-07-25T09:08:59.000+05:30,9951.785434045496,1784949352118,Default Profile,false
2026-07-25T03:39:05.000Z,12.095663333333334,75.40261666666667,56.70000000000002,2.6,36.8,16.018156,38,gps,0.45,0.77,0.89,-89.6,,,,76,,1784950745000,2026-07-25T09:09:05.000+05:30,10049.138949773876,1784949352118,Default Profile,false
2026-07-25T03:39:11.000Z,12.096348333333333,75.4031,61.80000000000001,2.4,31.85,13.680802,42,gps,0.42,0.73,0.84,-89.6,,,,76,,1784950751000,2026-07-25T09:09:11.000+05:30,10141.67677650291,1784949352118,Default Profile,false
2026-07-25T03:39:16.000Z,12.096783333333333,75.40340333333333,68.0,2.3,36.61,8.842413,43,gps,0.43,0.60,0.74,-89.6,,,,76,,1784950756000,2026-07-25T09:09:16.000+05:30,10200.220182939638,1784949352118,Default Profile,false
2026-07-25T03:39:22.000Z,12.097113333333334,75.40369833333332,66.70000000000002,2.3,44.65,7.9540024,36,gps,0.46,0.83,0.95,-89.6,,,,76,,1784950762000,2026-07-25T09:09:22.000+05:30,10248.95642919047,1784949352118,Default Profile,false
2026-07-25T03:39:28.000Z,12.09745,75.40403166666667,67.70000000000002,2.3,43.82,8.386369,38,gps,0.46,0.77,0.90,-89.6,,,,76,,1784950768000,2026-07-25T09:09:28.000+05:30,10301.061130823628,1784949352118,Default Profile,false
2026-07-25T03:39:34.000Z,12.097673333333335,75.40425,67.5,2.2,44.71,2.4191945,42,gps,0.43,0.59,0.73,-89.6,,,,76,,1784950774000,2026-07-25T09:09:34.000+05:30,10335.415407809956,1784949352118,Default Profile,false
2026-07-25T03:39:40.000Z,12.097711666666665,75.40428666666666,70.1,2.0,51.75,3.204146,46,gps,0.40,0.67,0.78,-89.6,,,,76,,1784950780000,2026-07-25T09:09:40.000+05:30,10341.251644128593,1784949352118,Default Profile,false
2026-07-25T03:39:45.000Z,12.097896666666667,75.40446166666668,69.80000000000001,2.3,41.38,6.6141806,41,gps,0.44,0.70,0.83,-89.6,,,,76,,1784950785000,2026-07-25T09:09:45.000+05:30,10369.2729466353,1784949352118,Default Profile,false
2026-07-25T03:39:51.000Z,12.098183333333335,75.40471833333332,67.9,2.5,42.8,4.926921,34,gps,0.50,0.95,1.08,-89.6,,,,76,,1784950791000,2026-07-25T09:09:51.000+05:30,10411.638332402412,1784949352118,Default Profile,false
2026-07-25T03:39:57.000Z,12.098238333333333,75.40476666666667,66.0,2.5,29.78,0.0,37,gps,0.47,0.64,0.79,-89.6,,,,76,,1784950797000,2026-07-25T09:09:57.000+05:30,10419.701684032438,1784949352118,Default Profile,false
2026-07-25T03:40:03.000Z,12.098238333333333,75.40476666666667,66.0,2.3,29.78,0.0,28,gps,0.54,0.68,0.87,-89.6,,,,76,,1784950803000,2026-07-25T09:10:03.000+05:30,10419.701684032438,1784949352118,Default Profile,false
2026-07-25T03:40:09.000Z,12.098238333333333,75.40476666666667,66.0,1.7,29.78,0.0,33,gps,0.48,0.64,0.80,-89.6,,,,76,,1784950809000,2026-07-25T09:10:09.000+05:30,10419.701684032438,1784949352118,Default Profile,false
2026-07-25T03:40:15.000Z,12.098238333333333,75.40476666666667,66.0,2.0,29.78,0.0,35,gps,0.47,0.64,0.79,-89.6,,,,76,,1784950815000,2026-07-25T09:10:15.000+05:30,10419.701684032438,1784949352118,Default Profile,false
2026-07-25T03:40:21.000Z,12.098491666666666,75.40500166666668,64.9,2.1,39.26,7.0254436,40,gps,0.43,0.76,0.88,-89.6,,,,76,,1784950821000,2026-07-25T09:10:21.000+05:30,10457.732436303611,1784949352118,Default Profile,false
2026-07-25T03:40:27.000Z,12.098881666666667,75.40531833333333,63.599999999999994,2.0,38.93,10.045834,42,gps,0.44,0.73,0.85,-89.6,,,,76,,1784950827000,2026-07-25T09:10:27.000+05:30,10513.103995211875,1784949352118,Default Profile,false
2026-07-25T03:40:33.000Z,12.099351666666667,75.40568333333334,62.0,2.3,37.43,11.27602,41,gps,0.43,0.73,0.85,-89.6,,,,76,,1784950833000,2026-07-25T09:10:33.000+05:30,10578.72520265133,1784949352118,Default Profile,false
2026-07-25T03:40:39.000Z,12.09985,75.40611666666668,56.80000000000001,2.5,40.41,12.592679,35,gps,0.49,0.83,0.97,-89.6,,,,76,,1784950839000,2026-07-25T09:10:39.000+05:30,10651.459221121304,1784949352118,Default Profile,false
2026-07-25T03:40:45.000Z,12.100413333333332,75.40661666666666,54.30000000000001,2.5,40.76,13.942281,36,gps,0.49,0.84,0.97,-89.6,,,,76,,1784950845000,2026-07-25T09:10:45.000+05:30,10734.398951421474,1784949352118,Default Profile,false
2026-07-25T03:40:51.000Z,12.100978333333334,75.40713000000001,50.30000000000001,2.4,44.64,13.746172,35,gps,0.49,0.87,1.00,-89.6,,,,76,,1784950851000,2026-07-25T09:10:51.000+05:30,10818.434375531833,1784949352118,Default Profile,false
2026-07-25T03:40:56.000Z,12.101368333333335,75.40749166666666,54.20000000000002,2.5,44.3,8.765204,37,gps,0.48,0.61,0.78,-89.6,,,,76,,1784950856000,2026-07-25T09:10:56.000+05:30,10876.973431591729,1784949352118,Default Profile,false
2026-07-25T03:41:02.000Z,12.101438333333332,75.40752833333333,55.20000000000002,2.1,38.9,0.0,37,gps,0.47,0.63,0.78,-89.6,,,,76,,1784950862000,2026-07-25T09:11:02.000+05:30,10885.718582893716,1784949352118,Default Profile,false
2026-07-25T03:41:08.000Z,12.101518333333335,75.4076,56.80000000000001,2.0,40.28,4.3458,39,gps,0.47,0.75,0.89,-89.6,,,,76,,1784950868000,2026-07-25T09:11:08.000+05:30,10897.544191500032,1784949352118,Default Profile,false
2026-07-25T03:41:13.000Z,12.101743333333332,75.40777333333334,57.5,2.0,39.21,6.8792624,41,gps,0.46,0.78,0.91,-89.6,,,,76,,1784950873000,2026-07-25T09:11:13.000+05:30,10928.86662853535,1784949352118,Default Profile,false
2026-07-25T03:41:19.000Z,12.102091666666668,75.40808,58.900000000000006,2.3,39.03,8.865576,45,gps,0.44,0.76,0.87,-89.6,,,,76,,1784950879000,2026-07-25T09:11:19.000+05:30,10979.973606875436,1784949352118,Default Profile,false
2026-07-25T03:41:24.000Z,12.102433333333332,75.40834833333334,59.5,2.1,39.04,9.686043,42,gps,0.45,0.76,0.89,-89.6,,,,76,,1784950884000,2026-07-25T09:11:24.000+05:30,11027.87448222404,1784949352118,Default Profile,false
2026-07-25T03:41:30.000Z,12.102893333333334,75.40873,60.30000000000001,2.5,38.03,11.753682,45,gps,0.41,0.57,0.70,-89.6,,,,76,,1784950890000,2026-07-25T09:11:30.000+05:30,11093.739618049096,1784949352118,Default Profile,false
2026-07-25T03:41:35.000Z,12.103318333333334,75.40906333333334,60.30000000000001,2.1,38.69,12.03472,44,gps,0.43,0.58,0.72,-89.6,,,,76,,1784950895000,2026-07-25T09:11:35.000+05:30,11153.293966730607,1784949352118,Default Profile,false
2026-07-25T03:41:41.000Z,12.103858333333335,75.40943999999999,67.1,2.3,38.11,12.167519,41,gps,0.46,0.79,0.91,-89.6,,,,75,,1784950901000,2026-07-25T09:11:41.000+05:30,11225.974974913443,1784949352118,Default Profile,false
2026-07-25T03:41:46.000Z,12.104275,75.40975499999999,69.1,2.3,37.28,11.256975,44,gps,0.42,0.68,0.80,-89.6,,,,75,,1784950906000,2026-07-25T09:11:46.000+05:30,11283.589967378939,1784949352118,Default Profile,false
2026-07-25T03:41:52.000Z,12.104711666666667,75.410065,70.80000000000001,2.5,31.85,9.127054,39,gps,0.44,0.59,0.74,-89.6,,,,75,,1784950912000,2026-07-25T09:11:52.000+05:30,11342.696326915893,1784949352118,Default Profile,false
2026-07-25T03:41:57.000Z,12.105005000000002,75.41020666666667,78.0,2.2,17.63,5.1153092,41,gps,0.43,0.75,0.86,-89.6,,,,75,,1784950917000,2026-07-25T09:11:57.000+05:30,11378.76727230432,1784949352118,Default Profile,false
2026-07-25T03:42:03.000Z,12.105055,75.41021666666667,76.5,1.9,23.49,0.0,45,gps,0.39,0.55,0.68,-89.6,,,,75,,1784950923000,2026-07-25T09:12:03.000+05:30,11384.432326340257,1784949352118,Default Profile,false
2026-07-25T03:42:09.000Z,12.105096666666668,75.41022333333333,76.30000000000001,1.8,5.07,2.3563983,44,gps,0.40,0.58,0.71,-89.6,,,,75,,1784950929000,2026-07-25T09:12:09.000+05:30,11389.12180156191,1784949352118,Default Profile,false
2026-07-25T03:42:15.000Z,12.105311666666667,75.41024333333333,76.6,2.2,0.34,5.6984897,38,gps,0.46,0.78,0.90,-89.6,,,,75,,1784950935000,2026-07-25T09:12:15.000+05:30,11413.12739537879,1784949352118,Default Profile,false
2026-07-25T03:42:21.000Z,12.105635,75.41019833333333,72.80000000000001,2.3,347.98,6.6368284,39,gps,0.48,0.82,0.95,-89.6,,,,75,,1784950941000,2026-07-25T09:12:21.000+05:30,11449.411781730321,1784949352118,Default Profile,false
2026-07-25T03:42:27.000Z,12.106021666666667,75.41011666666667,73.20000000000002,2.3,345.98,8.066212,40,gps,0.45,0.61,0.76,-89.6,,,,75,,1784950947000,2026-07-25T09:12:27.000+05:30,11493.314380848984,1784949352118,Default Profile,false
2026-07-25T03:42:32.000Z,12.106374999999998,75.41003333333333,77.0,2.2,346.47,7.6724496,42,gps,0.44,0.73,0.86,-89.6,,,,75,,1784950952000,2026-07-25T09:12:32.000+05:30,11533.634379191726,1784949352118,Default Profile,false
2026-07-25T03:42:38.000Z,12.106811666666665,75.409925,79.30000000000001,2.3,347.64,8.855796,43,gps,0.47,0.75,0.88,-89.6,,,,75,,1784950958000,2026-07-25T09:12:38.000+05:30,11583.597620598726,1784949352118,Default Profile,false
2026-07-25T03:42:44.000Z,12.107330000000001,75.409815,82.70000000000002,2.2,348.16,9.550156,43,gps,0.43,0.67,0.79,-89.6,,,,75,,1784950964000,2026-07-25T09:12:44.000+05:30,11642.461358038156,1784949352118,Default Profile,false
2026-07-25T03:42:50.000Z,12.107883333333332,75.40970833333334,85.5,2.3,353.8,10.901302,44,gps,0.42,0.56,0.70,-89.5,,,,75,,1784950970000,2026-07-25T09:12:50.000+05:30,11705.072593578985,1784949352118,Default Profile,false
2026-07-25T03:42:56.000Z,12.108508333333335,75.40969,84.69999999999999,2.4,6.48,12.145901,39,gps,0.44,0.73,0.85,-89.5,,,,75,,1784950976000,2026-07-25T09:12:56.000+05:30,11774.598000419175,1784949352118,Default Profile,false
2026-07-25T03:43:01.000Z,12.109098333333334,75.40983333333334,78.19999999999999,2.3,16.63,13.838821,41,gps,0.44,0.76,0.88,-89.5,,,,75,,1784950981000,2026-07-25T09:13:01.000+05:30,11842.028388857825,1784949352118,Default Profile,false
2026-07-25T03:43:07.000Z,12.109706666666666,75.41004500000001,76.30000000000001,2.4,19.0,10.817402,40,gps,0.44,0.60,0.74,-89.5,,,,75,,1784950987000,2026-07-25T09:13:07.000+05:30,11913.479291054622,1784949352118,Default Profile,false
2026-07-25T03:43:13.000Z,12.109988333333336,75.41012,78.4,2.2,18.57,0.0,41,gps,0.44,0.76,0.88,-89.5,,,,75,,1784950993000,2026-07-25T09:13:13.000+05:30,11945.84323347661,1784949352118,Default Profile,false
2026-07-25T03:43:19.000Z,12.110048333333335,75.41014833333334,77.5,2.0,23.76,2.7414105,44,gps,0.41,0.70,0.82,-89.5,,,,75,,1784950999000,2026-07-25T09:13:19.000+05:30,11953.191734431075,1784949352118,Default Profile,false
2026-07-25T03:43:24.000Z,12.110258333333336,75.41022333333333,73.1,2.2,21.17,5.575986,44,gps,0.42,0.69,0.81,-89.5,,,,75,,1784951004000,2026-07-25T09:13:24.000+05:30,11977.925402891326,1784949352118,Default Profile,false
2026-07-25T03:43:30.000Z,12.110625,75.41042166666666,71.1,2.4,31.95,9.132716,39,gps,0.45,0.78,0.90,-89.5,,,,75,,1784951010000,2026-07-25T09:13:30.000+05:30,12024.047738114827,1784949352118,Default Profile,false
2026-07-25T03:43:36.000Z,12.11108,75.41072000000001,67.0,2.1,31.82,10.50651,37,gps,0.48,0.63,0.79,-89.5,,,,75,,1784951016000,2026-07-25T09:13:36.000+05:30,12084.145493272948,1784949352118,Default Profile,false
2026-07-25T03:43:42.000Z,12.111578333333334,75.41104999999999,65.5,2.4,33.01,11.4711,31,gps,0.54,0.89,1.04,-89.5,,,,75,,1784951022000,2026-07-25T09:13:42.000+05:30,12150.158412288427,1784949352118,Default Profile,false
2026-07-25T03:43:48.000Z,12.112161666666669,75.41146,65.9,2.2,39.2,13.080636,29,gps,0.55,0.66,0.86,-89.5,,,,75,,1784951028000,2026-07-25T09:13:48.000+05:30,12228.8618947589,1784949352118,Default Profile,false
2026-07-25T03:43:54.000Z,12.11274,75.41199499999999,64.80000000000001,2.5,43.84,14.293322,32,gps,0.51,0.70,0.87,-89.5,,,,75,,1784951034000,2026-07-25T09:13:54.000+05:30,12315.571996964225,1784949352118,Default Profile,false
2026-07-25T03:44:00.000Z,12.113400000000002,75.41248,75.4,2.5,32.7,15.096803,30,gps,0.55,1.09,1.22,-89.5,,,,75,,1784951040000,2026-07-25T09:14:00.000+05:30,12405.939151320912,1784949352118,Default Profile,false
2026-07-25T03:44:06.000Z,12.113935,75.41303166666667,75.6,2.4,57.45,14.162067,28,gps,0.58,0.71,0.92,-89.5,,,,75,,1784951046000,2026-07-25T09:14:06.000+05:30,12490.415015443798,1784949352118,Default Profile,false
2026-07-25T03:44:12.000Z,12.11422,75.41380333333333,73.80000000000001,2.5,71.24,15.06489,32,gps,0.54,0.92,1.07,-89.5,,,,75,,1784951052000,2026-07-25T09:14:12.000+05:30,12580.095605364484,1784949352118,Default Profile,false
2026-07-25T03:44:17.000Z,12.114438333333332,75.41435333333334,73.0,2.7,54.65,9.7380295,29,gps,0.60,0.70,0.92,-89.5,,,,75,,1784951057000,2026-07-25T09:14:17.000+05:30,12644.6314570406,1784949352118,Default Profile,false
2026-07-25T03:44:23.000Z,12.114801666666665,75.41450833333333,75.9,2.5,31.83,5.334581,34,gps,0.50,0.86,1.00,-89.5,,,,75,,1784951063000,2026-07-25T09:14:23.000+05:30,12688.405828006727,1784949352118,Default Profile,false
2026-07-25T03:44:28.000Z,12.114801666666665,75.41448166666667,75.0,2.2,26.97,0.0,32,gps,0.54,0.67,0.86,-89.5,,,,75,,1784951068000,2026-07-25T09:14:28.000+05:30,12691.304988277196,1784949352118,Default Profile,false
2026-07-25T03:44:34.000Z,12.114893333333335,75.41451,75.5,2.2,25.86,3.772914,32,gps,0.56,0.86,1.02,-89.5,,,,75,,1784951074000,2026-07-25T09:14:34.000+05:30,12701.953141381866,1784949352118,Default Profile,false
2026-07-25T03:44:40.000Z,12.115155,75.41463666666667,76.1,2.4,20.94,6.5349135,31,gps,0.59,0.99,1.15,-89.5,,,,75,,1784951080000,2026-07-25T09:14:40.000+05:30,12734.143481386038,1784949352118,Default Profile,false
2026-07-25T03:44:45.000Z,12.11548166666667,75.41486333333334,75.5,2.3,37.23,9.318531,27,gps,0.55,0.71,0.90,-89.5,,,,75,,1784951085000,2026-07-25T09:14:45.000+05:30,12778.037418925871,1784949352118,Default Profile,false
2026-07-25T03:44:51.000Z,12.115883333333333,75.41526,73.9,2.7,44.49,9.338605,28,gps,0.57,1.02,1.17,-89.5,,,,75,,1784951091000,2026-07-25T09:14:51.000+05:30,12840.12255481258,1784949352118,Default Profile,false
2026-07-25T03:44:57.000Z,12.116256666666667,75.41558666666667,78.30000000000001,2.7,35.42,9.30206,26,gps,0.60,1.06,1.22,-89.5,,,,75,,1784951097000,2026-07-25T09:14:57.000+05:30,12894.753985012969,1784949352118,Default Profile,false
2026-07-25T03:45:03.000Z,12.116735000000002,75.41596666666666,75.30000000000001,2.7,38.79,13.436824,25,gps,0.63,0.78,1.01,-89.5,,,,75,,1784951103000,2026-07-25T09:15:03.000+05:30,12962.10184292501,1784949352118,Default Profile,false
2026-07-25T03:45:09.000Z,12.117371666666667,75.41658833333332,69.6,2.7,40.52,15.671747,36,gps,0.47,0.80,0.93,-89.5,,,,75,,1784951109000,2026-07-25T09:15:09.000+05:30,13059.977715679683,1784949352118,Default Profile,false
2026-07-25T03:45:15.000Z,12.1181,75.41711833333333,63.900000000000006,2.4,34.01,15.6264515,38,gps,0.45,0.78,0.90,-89.5,,,,75,,1784951115000,2026-07-25T09:15:15.000+05:30,13159.370745383023,1784949352118,Default Profile,false
2026-07-25T03:45:21.000Z,12.118786666666665,75.41760166666667,66.9,2.6,39.0,15.070552,39,gps,0.44,0.86,0.97,-89.5,,,,75,,1784951121000,2026-07-25T09:15:21.000+05:30,13252.058671387043,1784949352118,Default Profile,false
2026-07-25T03:45:27.000Z,12.119271666666668,75.41803166666666,68.9,2.4,42.93,7.21795,41,gps,0.45,0.63,0.77,-89.5,,,,75,,1784951127000,2026-07-25T09:15:27.000+05:30,13323.429472055464,1784949352118,Default Profile,false
2026-07-25T03:45:33.000Z,12.119336666666667,75.418075,71.19999999999999,2.1,34.1,0.0,35,gps,0.49,0.65,0.82,-89.5,,,,75,,1784951133000,2026-07-25T09:15:33.000+05:30,13332.056943598958,1784949352118,Default Profile,false
2026-07-25T03:45:39.000Z,12.119425000000001,75.41816166666668,69.19999999999999,2.3,43.35,4.5758805,35,gps,0.50,0.93,1.05,-89.5,,,,75,,1784951139000,2026-07-25T09:15:39.000+05:30,13345.667679018485,1784949352118,Default Profile,false
2026-07-25T03:45:45.000Z,12.119656666666666,75.41841500000001,71.80000000000001,2.4,51.36,7.4238386,37,gps,0.48,0.94,1.05,-89.5,,,,75,,1784951145000,2026-07-25T09:15:45.000+05:30,13383.37870933069,1784949352118,Default Profile,false
2026-07-25T03:45:51.000Z,12.119921666666668,75.41883666666666,71.4,2.5,50.72,9.4034605,38,gps,0.50,0.92,1.05,-89.5,,,,75,,1784951151000,2026-07-25T09:15:51.000+05:30,13437.874427523793,1784949352118,Default Profile,false
2026-07-25T03:45:57.000Z,12.120165000000002,75.41931666666666,67.69999999999999,2.2,80.09,9.0786705,40,gps,0.46,0.89,1.00,-89.5,,,,75,,1784951157000,2026-07-25T09:15:57.000+05:30,13496.655886069833,1784949352118,Default Profile,false
2026-07-25T03:46:02.000Z,12.120248333333333,75.41968666666666,60.400000000000006,2.2,57.56,7.8824563,40,gps,0.46,0.65,0.80,-89.5,,,,75,,1784951162000,2026-07-25T09:16:02.000+05:30,13537.934411238199,1784949352118,Default Profile,false
2026-07-25T03:46:08.000Z,12.120741666666667,75.419825,53.599999999999994,2.5,17.91,9.920756,42,gps,0.45,0.65,0.79,-89.5,,,,75,,1784951168000,2026-07-25T09:16:08.000+05:30,13594.814745506263,1784949352118,Default Profile,false
2026-07-25T03:46:13.000Z,12.121098333333334,75.42010333333333,46.099999999999994,2.5,58.87,11.750593,42,gps,0.45,0.64,0.78,-89.5,,,,75,,1784951173000,2026-07-25T09:16:13.000+05:30,13644.699638573537,1784949352118,Default Profile,false
2026-07-25T03:46:19.000Z,12.121396666666666,75.42071,38.69999999999999,2.5,59.45,12.491279,39,gps,0.48,0.65,0.81,-89.5,,,,75,,1784951179000,2026-07-25T09:16:19.000+05:30,13718.52665378486,1784949352118,Default Profile,false
2026-07-25T03:46:24.000Z,12.121736666666667,75.42112999999999,32.599999999999994,2.2,47.47,11.25646,39,gps,0.46,0.78,0.90,-89.5,,,,75,,1784951184000,2026-07-25T09:16:24.000+05:30,13777.807395605832,1784949352118,Default Profile,false
2026-07-25T03:46:30.000Z,12.122029999999999,75.42148,31.5,2.6,49.0,6.2826996,28,gps,0.55,1.02,1.16,-89.5,,,,75,,1784951190000,2026-07-25T09:16:30.000+05:30,13827.924443643356,1784949352118,Default Profile,false
2026-07-25T03:46:36.000Z,12.122088333333332,75.42152166666666,25.099999999999994,2.6,62.86,0.0,26,gps,0.57,0.70,0.90,-89.5,,,,75,,1784951196000,2026-07-25T09:16:36.000+05:30,13835.8359685621,1784949352118,Default Profile,false
2026-07-25T03:46:42.000Z,12.122110000000001,75.42155333333334,25.700000000000003,2.6,50.29,2.3934584,27,gps,0.55,0.68,0.88,-89.5,,,,75,,1784951202000,2026-07-25T09:16:42.000+05:30,13840.037903376322,1784949352118,Default Profile,false
2026-07-25T03:46:48.000Z,12.122325,75.42178166666666,27.299999999999997,2.3,40.83,6.995075,31,gps,0.49,0.91,1.04,-89.5,,,,75,,1784951208000,2026-07-25T09:16:48.000+05:30,13874.501507426616,1784949352118,Default Profile,false
2026-07-25T03:46:54.000Z,12.122796666666666,75.42207166666667,27.599999999999994,2.5,27.53,10.510628,27,gps,0.54,1.00,1.14,-89.5,,,,75,,1784951214000,2026-07-25T09:16:54.000+05:30,13935.695148721567,1784949352118,Default Profile,false
2026-07-25T03:47:00.000Z,12.12351,75.42229166666667,33.2,2.5,15.8,12.508265,27,gps,0.58,1.09,1.23,-89.5,,,,75,,1784951220000,2026-07-25T09:17:00.000+05:30,14018.541691758635,1784949352118,Default Profile,false
2026-07-25T03:47:06.000Z,12.123986666666667,75.422645,29.0,2.6,53.12,11.407788,30,gps,0.53,0.96,1.10,-89.5,,,,75,,1784951226000,2026-07-25T09:17:06.000+05:30,14084.000348434538,1784949352118,Default Profile,false
2026-07-25T03:47:12.000Z,12.124315000000001,75.42323166666667,19.799999999999997,2.7,65.0,11.053659,28,gps,0.59,1.11,1.26,-89.5,,,,75,,1784951232000,2026-07-25T09:17:12.000+05:30,14157.489838341538,1784949352118,Default Profile,false
2026-07-25T03:47:17.000Z,12.124495000000001,75.42365333333333,8.099999999999994,2.6,57.36,6.9348526,31,gps,0.58,1.07,1.22,-89.5,,,,75,,1784951237000,2026-07-25T09:17:17.000+05:30,14207.510139081965,1784949352118,Default Profile,false
2026-07-25T03:47:26.000Z,12.12325,75.42373166666667,5.900000000000006,7.3,0.0,0.0,9,gps,1.27,0.91,1.57,-89.5,,,,75,,1784951246000,2026-07-25T09:17:26.000+05:30,14346.209506098394,1784949352118,Default Profile,false
2026-07-25T03:47:39.264Z,12.124581666666666,75.42404666666667,5.900000000000006,5.0,0.0,0.0,7,gps,1.83,0.98,2.07,-89.5,,,,75,,1784951259264,2026-07-25T09:17:39.264+05:30,14498.192437686306,1784949352118,Default Profile,false
2026-07-25T03:47:45.000Z,12.124884999999999,75.42462,14.599999999999994,4.9,0.0,0.0,11,gps,1.17,2.23,2.52,-89.5,,,,75,,1784951265000,2026-07-25T09:17:45.000+05:30,14569.062997828483,1784949352118,Default Profile,false
2026-07-25T03:47:51.000Z,12.125506666666668,75.42523666666666,27.599999999999994,3.4,47.31,7.766129,23,gps,0.64,1.11,1.28,-89.5,,,,75,,1784951271000,2026-07-25T09:17:51.000+05:30,14665.358653115389,1784949352118,Default Profile,false
2026-07-25T03:47:57.000Z,12.125843333333334,75.42558166666666,35.400000000000006,2.7,53.03,6.3918204,30,gps,0.54,0.70,0.89,-89.5,,,,75,,1784951277000,2026-07-25T09:17:57.000+05:30,14718.350660905424,1784949352118,Default Profile,false
2026-07-25T03:48:03.000Z,12.12592833333333,75.42591999999999,36.0,2.7,87.11,6.0263677,27,gps,0.68,1.18,1.36,-89.5,,,,75,,1784951283000,2026-07-25T09:18:03.000+05:30,14756.327178433297,1784949352118,Default Profile,false
2026-07-25T03:48:09.000Z,12.125975000000002,75.426355,30.700000000000003,2.5,86.13,8.184083,31,gps,0.59,0.98,1.14,-89.5,,,,75,,1784951289000,2026-07-25T09:18:09.000+05:30,14803.901596526377,1784949352118,Default Profile,false
2026-07-25T03:48:15.000Z,12.125976666666668,75.42686499999999,27.299999999999997,2.3,86.09,9.20941,35,gps,0.50,0.69,0.85,-89.5,,,,75,,1784951295000,2026-07-25T09:18:15.000+05:30,14859.34602425862,1784949352118,Default Profile,false
2026-07-25T03:48:20.000Z,12.126078333333332,75.427205,26.700000000000003,2.4,63.6,7.7877474,35,gps,0.48,0.90,1.02,-89.5,,,,75,,1784951300000,2026-07-25T09:18:20.000+05:30,14897.998875552326,1784949352118,Default Profile,false
2026-07-25T03:48:25.000Z,12.12631,75.42756833333333,27.400000000000006,2.4,57.06,9.118304,31,gps,0.54,1.00,1.13,-89.5,,,,75,,1784951305000,2026-07-25T09:18:25.000+05:30,14945.155912440487,1784949352118,Default Profile,false
2026-07-25T03:48:31.000Z,12.12674,75.42800833333334,31.299999999999997,2.8,34.93,10.415919,30,gps,0.54,0.72,0.90,-89.5,,,,75,,1784951311000,2026-07-25T09:18:31.000+05:30,15012.789165052473,1784949352118,Default Profile,false
2026-07-25T03:48:36.000Z,12.127223333333331,75.42821666666667,32.0,2.7,22.4,12.048617,29,gps,0.57,1.06,1.20,-89.5,,,,75,,1784951316000,2026-07-25T09:18:36.000+05:30,15071.110706500025,1784949352118,Default Profile,false
2026-07-25T03:48:42.000Z,12.127828333333332,75.42865166666667,36.8,2.9,50.78,13.784776,28,gps,0.61,1.16,1.31,-89.5,,,,75,,1784951322000,2026-07-25T09:18:42.000+05:30,15153.342204863075,1784949352118,Default Profile,false
2026-07-25T03:48:47.000Z,12.128151666666668,75.42918,41.099999999999994,2.8,54.22,12.85004,28,gps,0.60,1.07,1.23,-89.5,,,,75,,1784951327000,2026-07-25T09:18:47.000+05:30,15221.103573151644,1784949352118,Default Profile,false
2026-07-25T03:48:53.000Z,12.128653333333334,75.42982,48.5,2.9,44.84,14.978416,28,gps,0.64,1.14,1.31,-89.5,,,,75,,1784951333000,2026-07-25T09:18:53.000+05:30,15310.280817273895,1784949352118,Default Profile,false
2026-07-25T03:48:59.000Z,12.12923,75.43041666666666,49.099999999999994,3.1,42.91,14.665465,23,gps,0.69,0.82,1.07,-89.5,,,,75,,1784951339000,2026-07-25T09:18:59.000+05:30,15401.490393410882,1784949352118,Default Profile,false
2026-07-25T03:49:05.000Z,12.129805,75.43101833333334,51.69999999999999,2.8,45.95,15.109671,27,gps,0.60,0.79,0.99,-89.5,,,,75,,1784951345000,2026-07-25T09:19:05.000+05:30,15492.957589553414,1784949352118,Default Profile,false
2026-07-25T03:49:10.000Z,12.130355000000002,75.43148833333333,55.19999999999999,2.7,32.18,15.988301,28,gps,0.58,0.76,0.95,-89.5,,,,75,,1784951350000,2026-07-25T09:19:10.000+05:30,15572.649999122816,1784949352118,Default Profile,false
2026-07-25T03:49:15.000Z,12.131029999999999,75.431765,57.099999999999994,2.5,23.39,14.669583,33,gps,0.52,1.05,1.17,-89.5,,,,75,,1784951355000,2026-07-25T09:19:15.000+05:30,15653.508611592813,1784949352118,Default Profile,false
2026-07-25T03:49:21.000Z,12.131556666666665,75.43209333333333,55.099999999999994,2.6,37.1,8.232468,35,gps,0.50,0.71,0.87,-89.5,,,,75,,1784951361000,2026-07-25T09:19:21.000+05:30,15722.091596409577,1784949352118,Default Profile,false
2026-07-25T03:49:26.000Z,12.131623333333334,75.43219500000001,50.5,2.4,39.55,0.0,33,gps,0.51,0.73,0.89,-89.5,,,,75,,1784951366000,2026-07-25T09:19:26.000+05:30,15735.39975182634,1784949352118,Default Profile,false
2026-07-25T03:49:32.000Z,12.131618333333332,75.43219666666667,50.69999999999999,1.1,39.55,0.0,28,gps,0.54,0.73,0.91,-89.5,,,,75,,1784951372000,2026-07-25T09:19:32.000+05:30,15735.984504930357,1784949352118,Default Profile,false
2026-07-25T03:49:38.000Z,12.131618333333332,75.43219666666667,50.69999999999999,1.1,39.55,0.0,29,gps,0.54,0.67,0.86,-89.5,,,,75,,1784951378000,2026-07-25T09:19:38.000+05:30,15735.984504930357,1784949352118,Default Profile,false
2026-07-25T03:49:44.000Z,12.131681666666669,75.43227833333334,51.900000000000006,2.0,49.59,3.8681376,31,gps,0.52,0.97,1.10,-89.5,,,,75,,1784951384000,2026-07-25T09:19:44.000+05:30,15747.316565593435,1784949352118,Default Profile,false
2026-07-25T03:49:55.027Z,12.131826666666665,75.43262333333334,53.400000000000006,5.0,0.0,0.0,6,gps,1.31,0.89,1.58,-89.5,,,,75,,1784951395027,2026-07-25T09:19:55.027+05:30,15788.140851883618,1784949352118,Default Profile,false
2026-07-25T03:50:06.025Z,12.131949999999998,75.43301333333334,53.69999999999999,5.8,0.0,0.0,5,gps,1.80,0.97,2.05,-89.5,,,,74,,1784951406025,2026-07-25T09:20:06.025+05:30,15832.701183713649,1784949352118,Default Profile,false
2026-07-25T03:50:16.201Z,12.131948333333332,75.43357666666667,53.900000000000006,7.1,0.0,0.0,6,gps,2.45,0.99,2.64,-89.5,,,,74,,1784951416201,2026-07-25T09:20:16.201+05:30,15893.942287693973,1784949352118,Default Profile,false
2026-07-25T03:50:22.000Z,12.131361666666665,75.435365,53.900000000000006,5.3,123.15,10.631073,15,gps,0.98,0.86,1.31,-89.5,,,,74,,1784951422000,2026-07-25T09:20:22.000+05:30,16099.007644099578,1784949352118,Default Profile,false
2026-07-25T03:50:28.000Z,12.131055,75.43612666666667,53.900000000000006,3.3,121.51,11.055203,17,gps,0.79,0.85,1.16,-89.5,,,,74,,1784951428000,2026-07-25T09:20:28.000+05:30,16188.55648286752,1784949352118,Default Profile,false
2026-07-25T03:50:33.000Z,12.130888333333333,75.43659,54.0,2.9,114.88,10.964613,22,gps,0.65,0.78,1.01,-89.5,,,,74,,1784951433000,2026-07-25T09:20:33.000+05:30,16242.227476097027,1784949352118,Default Profile,false
2026-07-25T03:50:39.000Z,12.13071333333333,75.43716166666667,54.69999999999999,2.4,89.28,9.490448,33,gps,0.49,0.69,0.85,-89.5,,,,74,,1784951439000,2026-07-25T09:20:39.000+05:30,16307.349739739935,1784949352118,Default Profile,false
2026-07-25T03:50:44.000Z,12.130879999999998,75.43752333333333,55.099999999999994,2.3,46.41,8.468724,33,gps,0.50,0.72,0.87,-89.5,,,,74,,1784951444000,2026-07-25T09:20:44.000+05:30,16350.816039128951,1784949352118,Default Profile,false
2026-07-25T03:50:49.000Z,12.13119,75.43779500000001,55.80000000000001,2.3,42.07,9.235661,35,gps,0.48,0.94,1.05,-89.5,,,,74,,1784951449000,2026-07-25T09:20:49.000+05:30,16396.20802019279,1784949352118,Default Profile,false
2026-07-25T03:50:55.000Z,12.131580000000001,75.43818833333333,58.599999999999994,2.5,38.64,8.7559395,29,gps,0.54,1.14,1.26,-89.5,,,,74,,1784951455000,2026-07-25T09:20:55.000+05:30,16457.10979031615,1784949352118,Default Profile,false
2026-07-25T03:51:01.000Z,12.132096666666666,75.43844333333332,66.19999999999999,2.7,14.26,11.954424,23,gps,0.60,0.76,0.96,-89.5,,,,74,,1784951461000,2026-07-25T09:21:01.000+05:30,16520.89899848161,1784949352118,Default Profile,false
2026-07-25T03:51:07.000Z,12.132793333333332,75.43851666666666,72.9,2.6,3.94,12.89688,26,gps,0.59,0.74,0.95,-89.5,,,,74,,1784951467000,2026-07-25T09:21:07.000+05:30,16598.77393275179,1784949352118,Default Profile,false
2026-07-25T03:51:12.000Z,12.133361666666667,75.43864333333333,78.4,2.7,24.05,13.14755,30,gps,0.53,0.71,0.89,-89.5,,,,74,,1784951472000,2026-07-25T09:21:12.000+05:30,16663.452536578752,1784949352118,Default Profile,false
2026-07-25T03:51:18.000Z,12.133978333333335,75.43909333333333,84.30000000000001,2.6,44.94,12.531427,26,gps,0.58,0.76,0.95,-89.5,,,,74,,1784951478000,2026-07-25T09:21:18.000+05:30,16747.684517022124,1784949352118,Default Profile,false
2026-07-25T03:51:23.000Z,12.134336666666664,75.43955833333332,90.5,2.5,53.36,11.6934595,35,gps,0.49,0.69,0.85,-89.5,,,,74,,1784951483000,2026-07-25T09:21:23.000+05:30,16812.0503371222,1784949352118,Default Profile,false
2026-07-25T03:51:29.000Z,12.13459,75.44008833333334,98.6,2.2,69.74,9.2402935,34,gps,0.51,0.96,1.08,-89.5,,,,74,,1784951489000,2026-07-25T09:21:29.000+05:30,16876.184433683076,1784949352118,Default Profile,false
2026-07-25T03:51:34.000Z,12.134774999999998,75.44047666666667,102.19999999999999,2.2,60.95,9.443094,31,gps,0.54,1.01,1.14,-89.5,,,,74,,1784951494000,2026-07-25T09:21:34.000+05:30,16923.145573140686,1784949352118,Default Profile,false
2026-07-25T03:51:39.000Z,12.134983333333333,75.44074333333333,105.30000000000001,2.5,42.44,5.801434,34,gps,0.48,0.93,1.04,-89.5,,,,74,,1784951499000,2026-07-25T09:21:39.000+05:30,16960.25395440297,1784949352118,Default Profile,false
2026-07-25T03:51:45.000Z,12.135273333333336,75.44069333333333,106.80000000000001,2.5,8.91,4.543453,33,gps,0.50,1.12,1.22,-89.5,,,,74,,1784951505000,2026-07-25T09:21:45.000+05:30,16992.955382462285,1784949352118,Default Profile,false
2026-07-25T03:51:51.000Z,12.135396666666669,75.44074833333335,108.30000000000001,2.2,37.68,0.0,35,gps,0.47,0.69,0.84,-89.5,,,,74,,1784951511000,2026-07-25T09:21:51.000+05:30,17007.916132785493,1784949352118,Default Profile,false
2026-07-25T03:51:56.000Z,12.135396666666669,75.44075500000001,107.69999999999999,2.3,37.68,0.0,33,gps,0.48,0.67,0.82,-89.5,,,,74,,1784951516000,2026-07-25T09:21:56.000+05:30,17008.64086688391,1784949352118,Default Profile,false
2026-07-25T03:52:01.000Z,12.135396666666669,75.44075500000001,107.69999999999999,1.1,37.68,0.0,34,gps,0.47,0.66,0.81,-89.5,,,,74,,1784951521000,2026-07-25T09:22:01.000+05:30,17008.64086688391,1784949352118,Default Profile,false
2026-07-25T03:52:07.000Z,12.135396666666669,75.44075500000001,107.69999999999999,1.1,37.68,0.0,32,gps,0.49,0.67,0.83,-89.5,,,,74,,1784951527000,2026-07-25T09:22:07.000+05:30,17008.64086688391,1784949352118,Default Profile,false
2026-07-25T03:52:12.000Z,12.135396666666669,75.44075500000001,107.69999999999999,1.1,37.68,0.0,31,gps,0.50,0.67,0.84,-89.5,,,,74,,1784951532000,2026-07-25T09:22:12.000+05:30,17008.64086688391,1784949352118,Default Profile,false
2026-07-25T03:52:18.000Z,12.135473333333334,75.44084500000001,105.0,2.2,41.79,3.4100347,28,gps,0.55,0.74,0.92,-89.5,,,,74,,1784951538000,2026-07-25T09:22:18.000+05:30,17021.617752121278,1784949352118,Default Profile,false
2026-07-25T03:52:23.000Z,12.13569,75.44090333333334,97.80000000000001,2.2,11.02,7.221553,34,gps,0.48,0.87,1.00,-89.5,,,,74,,1784951543000,2026-07-25T09:22:23.000+05:30,17046.530586939167,1784949352118,Default Profile,false
2026-07-25T03:52:29.000Z,12.136204999999999,75.44104333333333,96.30000000000001,2.5,13.15,11.235356,37,gps,0.46,0.65,0.80,-89.5,,,,74,,1784951549000,2026-07-25T09:22:29.000+05:30,17105.783892682517,1784949352118,Default Profile,false
2026-07-25T03:52:35.000Z,12.136788333333334,75.44119166666665,93.69999999999999,2.8,18.24,12.094943,29,gps,0.57,0.70,0.91,-89.5,,,,74,,1784951555000,2026-07-25T09:22:35.000+05:30,17172.62194137306,1784949352118,Default Profile,false
2026-07-25T03:52:41.000Z,12.137519999999999,75.44131333333333,86.1,2.6,6.5,13.437338,25,gps,0.64,0.77,1.00,-89.5,,,,74,,1784951561000,2026-07-25T09:22:41.000+05:30,17255.047652324727,1784949352118,Default Profile,false
2026-07-25T03:52:47.000Z,12.138228333333332,75.44121,76.30000000000001,2.5,355.79,12.494368,26,gps,0.63,1.25,1.40,-89.5,,,,74,,1784951567000,2026-07-25T09:22:47.000+05:30,17334.607743583267,1784949352118,Default Profile,false
2026-07-25T03:52:53.000Z,12.138969999999999,75.44124333333333,73.69999999999999,2.6,18.68,12.979236,27,gps,0.59,1.21,1.34,-89.5,,,,74,,1784951573000,2026-07-25T09:22:53.000+05:30,17417.156884985474,1784949352118,Default Profile,false
2026-07-25T03:52:59.000Z,12.139529999999999,75.44163333333333,62.69999999999999,2.9,28.11,11.308447,21,gps,0.76,0.84,1.13,-89.5,,,,74,,1784951579000,2026-07-25T09:22:59.000+05:30,17492.48879776201,1784949352118,Default Profile,false
2026-07-25T03:53:04.000Z,12.139943333333333,75.44173500000001,54.0,2.8,24.02,8.250483,23,gps,0.68,0.80,1.05,-89.5,,,,74,,1784951584000,2026-07-25T09:23:04.000+05:30,17539.759518086106,1784949352118,Default Profile,false
2026-07-25T03:53:10.000Z,12.139996666666665,75.44198166666666,61.30000000000001,2.5,150.91,5.951733,29,gps,0.60,1.03,1.19,-89.5,,,,74,,1784951590000,2026-07-25T09:23:10.000+05:30,17567.22218009985,1784949352118,Default Profile,false
2026-07-25T03:53:15.000Z,12.13963,75.44197333333334,60.30000000000001,2.6,189.21,7.5628138,34,gps,0.55,0.69,0.88,-89.5,,,,74,,1784951595000,2026-07-25T09:23:15.000+05:30,17608.003716099593,1784949352118,Default Profile,false
2026-07-25T03:53:21.000Z,12.139208333333332,75.44173500000001,59.099999999999994,2.8,214.04,7.0630183,30,gps,0.66,0.71,0.97,-89.5,,,,74,,1784951601000,2026-07-25T09:23:21.000+05:30,17661.573088158082,1784949352118,Default Profile,false
2026-07-25T03:53:26.000Z,12.139058333333333,75.44174666666666,59.900000000000006,2.6,132.1,2.1242585,28,gps,0.71,1.06,1.27,-89.5,,,,74,,1784951606000,2026-07-25T09:23:26.000+05:30,17678.300476310233,1784949352118,Default Profile,false
2026-07-25T03:53:32.000Z,12.139305000000002,75.441985,63.5,3.1,35.67,9.274779,25,gps,0.66,0.74,0.99,-89.5,,,,74,,1784951612000,2026-07-25T09:23:32.000+05:30,17716.030696681566,1784949352118,Default Profile,false
2026-07-25T03:53:38.000Z,12.139906666666665,75.44243166666666,58.900000000000006,2.8,36.28,9.842519,27,gps,0.58,0.70,0.91,-89.5,,,,74,,1784951618000,2026-07-25T09:23:38.000+05:30,17798.69653520607,1784949352118,Default Profile,false
2026-07-25T03:53:44.000Z,12.140446666666666,75.44244333333333,42.400000000000006,2.8,341.96,11.284255,27,gps,0.63,1.13,1.29,-89.5,,,,74,,1784951624000,2026-07-25T09:23:44.000+05:30,17858.75518806617,1784949352118,Default Profile,false
2026-07-25T03:53:50.000Z,12.141033333333333,75.44203999999999,39.400000000000006,2.9,322.56,12.90563,25,gps,0.87,1.16,1.45,-89.5,,,,74,,1784951630000,2026-07-25T09:23:50.000+05:30,17937.35513805489,1784949352118,Default Profile,false
2026-07-25T03:53:55.000Z,12.141521666666666,75.44159166666667,31.400000000000006,2.6,320.26,13.300423,29,gps,0.82,1.13,1.40,-89.5,,,,74,,1784951635000,2026-07-25T09:23:55.000+05:30,18010.319747257585,1784949352118,Default Profile,false
2026-07-25T03:54:01.000Z,12.142073333333334,75.44109333333334,18.099999999999994,2.8,323.37,10.515775,27,gps,0.93,1.31,1.61,-89.5,,,,74,,1784951641000,2026-07-25T09:24:01.000+05:30,18092.15845520867,1784949352118,Default Profile,false
2026-07-25T03:54:06.000Z,12.14245,75.44080666666667,12.0,3.1,320.11,10.003112,28,gps,0.83,0.77,1.13,-89.5,,,,74,,1784951646000,2026-07-25T09:24:06.000+05:30,18144.36323348528,1784949352118,Default Profile,false
2026-07-25T03:54:12.000Z,12.142988333333335,75.44041999999999,4.799999999999997,2.9,331.81,11.649708,26,gps,0.96,1.34,1.65,-89.5,,,,74,,1784951652000,2026-07-25T09:24:12.000+05:30,18217.507067566392,1784949352118,Default Profile,false
2026-07-25T03:54:18.000Z,12.143508333333333,75.44002833333334,-3.299999999999997,2.8,314.64,10.99807,33,gps,0.69,0.91,1.14,-89.5,,,,74,,1784951658000,2026-07-25T09:24:18.000+05:30,18289.313056333278,1784949352118,Default Profile,false
2026-07-25T03:54:24.000Z,12.143826666666666,75.43959,-0.4000000000000057,2.7,293.0,9.965537,32,gps,0.71,0.92,1.17,-89.5,,,,74,,1784951664000,2026-07-25T09:24:24.000+05:30,18348.671741501028,1784949352118,Default Profile,false
2026-07-25T03:54:30.000Z,12.143823333333334,75.439035,-1.5999999999999943,2.6,272.54,9.447211,35,gps,0.55,1.00,1.14,-89.5,,,,74,,1784951670000,2026-07-25T09:24:30.000+05:30,18409.005084662665,1784949352118,Default Profile,false
2026-07-25T03:54:36.000Z,12.143883333333333,75.43851166666667,-2.5,2.6,287.44,7.5447984,39,gps,0.49,0.85,0.98,-89.5,,,,74,,1784951676000,2026-07-25T09:24:36.000+05:30,18466.28477742522,1784949352118,Default Profile,false
2026-07-25T03:54:42.000Z,12.144153333333334,75.438265,-5.299999999999997,2.3,346.8,6.0505595,38,gps,0.50,0.67,0.84,-89.5,,,,74,,1784951682000,2026-07-25T09:24:42.000+05:30,18506.538530920414,1784949352118,Default Profile,false
2026-07-25T03:54:48.000Z,12.144260000000001,75.438645,-6.799999999999997,2.5,86.11,7.732157,39,gps,0.48,0.67,0.83,-89.5,,,,74,,1784951688000,2026-07-25T09:24:48.000+05:30,18549.516067928198,1784949352118,Default Profile,false
2026-07-25T03:54:53.000Z,12.144348333333335,75.43909833333333,-9.0,2.6,80.23,9.823988,36,gps,0.50,0.99,1.11,-89.5,,,,74,,1784951693000,2026-07-25T09:24:53.000+05:30,18599.765655514155,1784949352118,Default Profile,false
2026-07-25T03:54:59.000Z,12.144376666666668,75.43969,-11.200000000000003,2.7,99.98,10.209001,32,gps,0.60,0.73,0.95,-89.5,,,,74,,1784951699000,2026-07-25T09:24:59.000+05:30,18664.160757385598,1784949352118,Default Profile,false
2026-07-25T03:55:04.000Z,12.144179999999999,75.44007333333334,-17.099999999999994,2.6,117.83,8.873811,29,gps,0.70,0.73,1.01,-89.5,,,,73,,1784951704000,2026-07-25T09:25:04.000+05:30,18711.22115937545,1784949352118,Default Profile,false
2026-07-25T03:55:09.000Z,12.143970000000001,75.44055166666666,-26.9,2.6,107.06,11.187488,29,gps,0.68,1.11,1.30,-89.5,,,,73,,1784951709000,2026-07-25T09:25:09.000+05:30,18768.22164884132,1784949352118,Default Profile,false
2026-07-25T03:55:15.000Z,12.14384,75.44113666666667,-38.1,2.6,98.51,8.734322,33,gps,0.57,1.00,1.16,-89.5,,,,73,,1784951715000,2026-07-25T09:25:15.000+05:30,18833.437257268615,1784949352118,Default Profile,false
2026-07-25T03:55:21.000Z,12.143833333333335,75.44166833333334,-42.0,2.5,74.45,9.388534,30,gps,0.61,1.04,1.21,-89.5,,,,73,,1784951721000,2026-07-25T09:25:21.000+05:30,18891.237724120107,1784949352118,Default Profile,false
2026-07-25T03:55:27.000Z,12.144131666666665,75.44212,-47.0,2.6,44.09,10.682545,38,gps,0.49,0.93,1.05,-89.5,,,,73,,1784951727000,2026-07-25T09:25:27.000+05:30,18950.49297590705,1784949352118,Default Profile,false
2026-07-25T03:55:33.000Z,12.144651666666668,75.44244,-55.2,2.5,22.89,12.001264,39,gps,0.48,0.92,1.04,-89.5,,,,73,,1784951733000,2026-07-25T09:25:33.000+05:30,19017.971713256942,1784949352118,Default Profile,false
2026-07-25T03:55:39.000Z,12.145215,75.44268666666667,-58.7,2.5,18.82,11.457202,34,gps,0.50,0.96,1.09,-89.5,,,,73,,1784951739000,2026-07-25T09:25:39.000+05:30,19086.109419674453,1784949352118,Default Profile,false
2026-07-25T03:55:45.000Z,12.145786666666668,75.44281333333333,-59.4,2.3,5.13,9.586701,35,gps,0.49,0.68,0.84,-89.5,,,,73,,1784951745000,2026-07-25T09:25:45.000+05:30,19151.150087653925,1784949352118,Default Profile,false
2026-07-25T03:55:51.000Z,12.146306666666666,75.442855,-65.3,2.4,4.75,8.607185,37,gps,0.46,0.65,0.80,-89.5,,,,73,,1784951751000,2026-07-25T09:25:51.000+05:30,19209.148582586935,1784949352118,Default Profile,false
2026-07-25T03:55:57.000Z,12.146741666666665,75.44287333333334,-68.3,2.4,4.77,6.1473274,37,gps,0.49,0.88,1.00,-89.5,,,,73,,1784951757000,2026-07-25T09:25:57.000+05:30,19257.55941479965,1784949352118,Default Profile,false
2026-07-25T03:56:02.000Z,12.146983333333333,75.44290666666667,-66.4,2.2,24.26,3.6915877,39,gps,0.45,0.87,0.98,-89.5,,,,73,,1784951762000,2026-07-25T09:26:02.000+05:30,19284.674724249166,1784949352118,Default Profile,false
2026-07-25T03:56:08.000Z,12.147028333333333,75.44293333333333,-66.2,2.3,25.12,0.0,38,gps,0.46,0.65,0.80,-89.5,,,,73,,1784951768000,2026-07-25T09:26:08.000+05:30,19290.457529002593,1784949352118,Default Profile,false
2026-07-25T03:56:14.000Z,12.147028333333333,75.44293333333333,-66.2,1.0,25.12,0.0,40,gps,0.46,0.65,0.79,-89.5,,,,73,,1784951774000,2026-07-25T09:26:14.000+05:30,19290.457529002593,1784949352118,Default Profile,false
2026-07-25T03:56:20.000Z,12.147028333333333,75.44293333333333,-66.2,1.0,25.12,0.0,38,gps,0.48,0.67,0.82,-89.5,,,,73,,1784951780000,2026-07-25T09:26:20.000+05:30,19290.457529002593,1784949352118,Default Profile,false
2026-07-25T03:56:26.000Z,12.147073333333333,75.44298166666667,-67.6,1.9,45.65,0.0,41,gps,0.45,0.65,0.79,-89.5,,,,73,,1784951786000,2026-07-25T09:26:26.000+05:30,19297.713093562477,1784949352118,Default Profile,false
2026-07-25T03:56:32.000Z,12.147070000000001,75.44298166666667,-67.7,2.2,45.65,0.0,41,gps,0.45,0.66,0.80,-89.5,,,,73,,1784951792000,2026-07-25T09:26:32.000+05:30,19298.083743317813,1784949352118,Default Profile,false
2026-07-25T03:56:37.000Z,12.14722,75.44308500000001,-68.2,2.2,31.81,4.5661006,41,gps,0.45,0.88,0.99,-89.5,,,,73,,1784951797000,2026-07-25T09:26:37.000+05:30,19318.192812767553,1784949352118,Default Profile,false
2026-07-25T03:56:42.000Z,12.147393333333332,75.44325833333333,-67.0,2.3,48.07,5.8235674,39,gps,0.46,0.70,0.84,-89.5,,,,73,,1784951802000,2026-07-25T09:26:42.000+05:30,19345.146644261124,1784949352118,Default Profile,false
2026-07-25T03:56:48.000Z,12.147593333333335,75.44352333333333,-59.7,2.5,41.86,6.335716,38,gps,0.50,0.68,0.84,-89.5,,,,73,,1784951808000,2026-07-25T09:26:48.000+05:30,19381.53906572138,1784949352118,Default Profile,false
2026-07-25T03:56:54.000Z,12.147870000000001,75.44385000000001,-54.9,2.3,67.7,7.9751062,34,gps,0.53,1.00,1.13,-89.5,,,,73,,1784951814000,2026-07-25T09:26:54.000+05:30,19428.52206933876,1784949352118,Default Profile,false
2026-07-25T03:56:59.000Z,12.147943333333334,75.44419333333333,-51.9,2.6,76.04,7.496929,32,gps,0.53,1.02,1.15,-89.5,,,,73,,1784951819000,2026-07-25T09:26:59.000+05:30,19466.724531967,1784949352118,Default Profile,false
2026-07-25T03:57:05.000Z,12.14801,75.44463666666667,-49.5,2.4,82.7,7.054268,30,gps,0.54,0.74,0.92,-89.5,,,,73,,1784951825000,2026-07-25T09:27:05.000+05:30,19515.483874736274,1784949352118,Default Profile,false
2026-07-25T03:57:11.000Z,12.147940000000002,75.44505333333333,-43.5,2.6,105.09,7.5293565,30,gps,0.58,0.76,0.95,-89.5,,,,73,,1784951831000,2026-07-25T09:27:11.000+05:30,19561.441552857483,1784949352118,Default Profile,false
2026-07-25T03:57:17.000Z,12.147811666666666,75.44545,-44.1,2.6,104.32,6.3676286,26,gps,0.68,1.37,1.53,-89.5,,,,73,,1784951837000,2026-07-25T09:27:17.000+05:30,19606.861133187143,1784949352118,Default Profile,false
2026-07-25T03:57:23.000Z,12.147726666666665,75.445795,-36.0,2.7,91.59,6.3259363,22,gps,0.83,0.88,1.21,-89.5,,,,73,,1784951843000,2026-07-25T09:27:23.000+05:30,19645.53703921162,1784949352118,Default Profile,false
2026-07-25T03:57:28.000Z,12.14781,75.44609833333334,-33.2,2.9,65.77,6.9363966,24,gps,0.75,1.29,1.49,-89.5,,,,73,,1784951848000,2026-07-25T09:27:28.000+05:30,19679.788161190158,1784949352118,Default Profile,false
2026-07-25T03:57:34.000Z,12.148068333333333,75.44657000000001,-33.9,2.1,53.73,10.209516,39,gps,0.48,0.91,1.03,-89.5,,,,73,,1784951854000,2026-07-25T09:27:34.000+05:30,19738.55905247171,1784949352118,Default Profile,false
2026-07-25T03:57:40.000Z,12.148483333333335,75.44709666666667,-35.7,2.3,48.11,12.527309,40,gps,0.47,0.68,0.83,-89.5,,,,73,,1784951860000,2026-07-25T09:27:40.000+05:30,19812.092353415184,1784949352118,Default Profile,false
2026-07-25T03:57:46.000Z,12.14893,75.447705,-38.3,2.7,54.44,13.453295,35,gps,0.50,0.71,0.87,-89.5,,,,73,,1784951866000,2026-07-25T09:27:46.000+05:30,19894.795558073867,1784949352118,Default Profile,false
2026-07-25T03:57:52.000Z,12.149366666666667,75.44836666666667,-36.2,2.4,62.86,14.289204,33,gps,0.51,0.71,0.88,-89.5,,,,73,,1784951872000,2026-07-25T09:27:52.000+05:30,19981.57671854649,1784949352118,Default Profile,false
2026-07-25T03:57:58.000Z,12.149540000000002,75.44885666666667,-32.0,2.4,81.93,5.2898,34,gps,0.53,1.04,1.16,-89.5,,,,73,,1784951878000,2026-07-25T09:27:58.000+05:30,20038.22170509894,1784949352118,Default Profile,false
2026-07-25T03:58:03.000Z,12.149534999999998,75.448885,-30.9,2.1,83.43,0.0,36,gps,0.46,0.69,0.83,-89.5,,,,73,,1784951883000,2026-07-25T09:28:03.000+05:30,20041.351439752332,1784949352118,Default Profile,false
2026-07-25T03:58:08.000Z,12.149579999999998,75.449005,-28.6,2.1,57.38,4.420949,37,gps,0.47,0.91,1.02,-89.5,,,,73,,1784951888000,2026-07-25T09:28:08.000+05:30,20055.322740180945,1784949352118,Default Profile,false
2026-07-25T03:58:14.000Z,12.149781666666668,75.449355,-28.1,2.4,59.84,8.172245,36,gps,0.48,1.12,1.22,-89.5,,,,73,,1784951894000,2026-07-25T09:28:14.000+05:30,20099.485912595967,1784949352118,Default Profile,false
2026-07-25T03:58:19.000Z,12.150003333333332,75.449725,-26.799999999999997,2.4,57.25,8.704982,38,gps,0.47,0.92,1.03,-89.5,,,,73,,1784951899000,2026-07-25T09:28:19.000+05:30,20146.65822520752,1784949352118,Default Profile,false
2026-07-25T03:58:25.000Z,12.150311666666669,75.45014666666665,-24.799999999999997,2.6,45.93,9.543465,34,gps,0.50,0.72,0.87,-89.5,,,,73,,1784951905000,2026-07-25T09:28:25.000+05:30,20203.8988472377,1784949352118,Default Profile,false
2026-07-25T03:58:31.000Z,12.150821666666666,75.45038333333333,-23.799999999999997,2.2,22.53,11.594633,32,gps,0.50,0.96,1.08,-89.5,,,,73,,1784951911000,2026-07-25T09:28:31.000+05:30,20266.170953021276,1784949352118,Default Profile,false
2026-07-25T03:58:37.000Z,12.151379999999998,75.45075666666666,-24.400000000000006,2.4,37.6,12.113473,34,gps,0.50,0.69,0.85,-89.5,,,,73,,1784951917000,2026-07-25T09:28:37.000+05:30,20340.342101664737,1784949352118,Default Profile,false
2026-07-25T03:58:42.000Z,12.151745000000002,75.45115333333334,-23.599999999999994,2.7,42.12,10.425184,32,gps,0.55,1.09,1.22,-89.5,,,,73,,1784951922000,2026-07-25T09:28:42.000+05:30,20399.557714879855,1784949352118,Default Profile,false
2026-07-25T03:58:48.000Z,12.152104999999999,75.451515,-20.299999999999997,2.5,50.0,8.209305,33,gps,0.54,0.75,0.93,-89.5,,,,73,,1784951928000,2026-07-25T09:28:48.000+05:30,20455.665072851963,1784949352118,Default Profile,false
2026-07-25T03:58:54.000Z,12.152381666666667,75.45192999999999,-17.5,2.5,57.12,9.8929615,36,gps,0.53,0.72,0.89,-89.5,,,,73,,1784951934000,2026-07-25T09:28:54.000+05:30,20510.268165988873,1784949352118,Default Profile,false
2026-07-25T03:58:59.000Z,12.152650000000001,75.45234,-15.900000000000006,2.7,54.35,9.743691,38,gps,0.49,0.68,0.84,-89.5,,,,73,,1784951939000,2026-07-25T09:28:59.000+05:30,20563.902077885094,1784949352118,Default Profile,false
2026-07-25T03:59:05.000Z,12.153033333333333,75.45274666666666,-12.900000000000006,2.6,36.18,9.214558,36,gps,0.52,1.00,1.13,-89.5,,,,73,,1784951945000,2026-07-25T09:29:05.000+05:30,20625.310766698964,1784949352118,Default Profile,false
2026-07-25T03:59:11.000Z,12.153228333333335,75.45291166666667,-18.700000000000003,2.3,70.8,1.5071067,39,gps,0.49,0.95,1.07,-89.5,,,,73,,1784951951000,2026-07-25T09:29:11.000+05:30,20653.450633896573,1784949352118,Default Profile,false
2026-07-25T03:59:17.000Z,12.153238333333336,75.452905,-18.599999999999994,2.1,70.8,0.0,37,gps,0.51,0.69,0.86,-89.5,,,,73,,1784951957000,2026-07-25T09:29:17.000+05:30,20654.77788681796,1784949352118,Default Profile,false
2026-07-25T03:59:23.000Z,12.15332833333333,75.45294833333334,-17.799999999999997,2.0,34.48,3.9299042,41,gps,0.47,0.89,1.00,-89.5,,,,73,,1784951963000,2026-07-25T09:29:23.000+05:30,20665.838597145295,1784949352118,Default Profile,false
2026-07-25T03:59:29.000Z,12.153566666666666,75.45317166666668,-16.5,2.2,43.2,6.3954234,35,gps,0.52,0.71,0.88,-89.5,,,,73,,1784951969000,2026-07-25T09:29:29.000+05:30,20701.778788798616,1784949352118,Default Profile,false
2026-07-25T03:59:35.000Z,12.153883333333333,75.45344,-13.900000000000006,2.5,33.02,6.734111,28,gps,0.57,0.75,0.94,-89.5,,,,73,,1784951975000,2026-07-25T09:29:35.000+05:30,20747.5026271927,1784949352118,Default Profile,false
2026-07-25T03:59:41.000Z,12.154211666666667,75.45363,-14.600000000000009,2.5,27.95,6.326451,30,gps,0.64,1.16,1.32,-89.4,,,,73,,1784951981000,2026-07-25T09:29:41.000+05:30,20789.44870181313,1784949352118,Default Profile,false
2026-07-25T03:59:47.000Z,12.154536666666669,75.4538,-15.400000000000006,2.4,28.12,5.9048934,31,gps,0.59,1.09,1.24,-89.4,,,,73,,1784951987000,2026-07-25T09:29:47.000+05:30,20830.03772413622,1784949352118,Default Profile,false
2026-07-25T03:59:53.000Z,12.154918333333335,75.4539,-14.600000000000009,2.3,1.32,8.11614,36,gps,0.53,0.70,0.88,-89.4,,,,73,,1784951993000,2026-07-25T09:29:53.000+05:30,20873.847131214712,1784949352118,Default Profile,false
2026-07-25T03:59:59.000Z,12.155433333333333,75.45375166666666,-14.800000000000011,2.4,331.29,9.490448,33,gps,0.61,1.03,1.20,-89.4,,,,73,,1784951999000,2026-07-25T09:29:59.000+05:30,20933.33925109125,1784949352118,Default Profile,false
2026-07-25T04:00:04.000Z,12.155924999999998,75.45359333333334,-18.0,2.7,354.92,10.662471,35,gps,0.62,0.98,1.16,-89.4,,,,73,,1784952004000,2026-07-25T09:30:04.000+05:30,20990.655247150185,1784949352118,Default Profile,false
2026-07-25T04:00:10.000Z,12.156500000000001,75.45377166666667,-18.60000000000001,2.8,22.82,11.010938,34,gps,0.60,1.03,1.19,-89.4,,,,73,,1784952010000,2026-07-25T09:30:10.000+05:30,21057.466425031987,1784949352118,Default Profile,false
2026-07-25T04:00:16.000Z,12.157210000000001,75.45399333333333,-25.10000000000001,2.5,23.73,12.6801815,36,gps,0.53,0.86,1.01,-89.4,,,,73,,1784952016000,2026-07-25T09:30:16.000+05:30,21140.009995579534,1784949352118,Default Profile,false
2026-07-25T04:00:22.000Z,12.157734999999999,75.45444166666667,-29.900000000000006,2.5,35.06,12.4151,36,gps,0.48,0.68,0.84,-89.4,,,,73,,1784952022000,2026-07-25T09:30:22.000+05:30,21216.055692385562,1784949352118,Default Profile,false
2026-07-25T04:00:28.000Z,12.158414999999998,75.454685,-32.300000000000004,2.4,11.4,13.409029,44,gps,0.44,0.85,0.96,-89.4,,,,73,,1784952028000,2026-07-25T09:30:28.000+05:30,21296.16117822116,1784949352118,Default Profile,false
2026-07-25T04:00:33.000Z,12.158946666666669,75.45487499999999,-35.800000000000004,2.4,25.22,9.333458,39,gps,0.48,0.67,0.83,-89.4,,,,73,,1784952033000,2026-07-25T09:30:33.000+05:30,21358.783572695567,1784949352118,Default Profile,false
2026-07-25T04:00:39.000Z,12.159391666666666,75.45511833333333,-33.300000000000004,2.4,22.81,9.81215,40,gps,0.46,0.68,0.82,-89.4,,,,73,,1784952039000,2026-07-25T09:30:39.000+05:30,21414.891220972284,1784949352118,Default Profile,false
2026-07-25T04:00:44.000Z,12.159813333333334,75.45522333333334,-31.200000000000003,2.5,7.57,9.857446,38,gps,0.48,0.94,1.05,-89.4,,,,73,,1784952044000,2026-07-25T09:30:44.000+05:30,21463.14759360913,1784949352118,Default Profile,false
2026-07-25T04:00:50.000Z,12.160290000000002,75.45532666666666,-25.700000000000003,2.6,15.78,8.767263,31,gps,0.55,1.05,1.19,-89.4,,,,73,,1784952050000,2026-07-25T09:30:50.000+05:30,21517.327612258217,1784949352118,Default Profile,false
2026-07-25T04:00:55.000Z,12.160601666666667,75.45555666666668,-23.60000000000001,2.5,43.75,9.637144,36,gps,0.47,0.69,0.84,-89.4,,,,73,,1784952055000,2026-07-25T09:30:55.000+05:30,21560.06015059064,1784949352118,Default Profile,false
2026-07-25T04:01:00.000Z,12.160945,75.45593000000001,-20.80000000000001,2.7,46.4,12.963794,38,gps,0.47,0.92,1.03,-89.4,,,,73,,1784952060000,2026-07-25T09:31:00.000+05:30,21615.77652749681,1784949352118,Default Profile,false
2026-07-25T04:01:06.000Z,12.161576666666667,75.456385,-23.0,2.6,31.75,14.633553,35,gps,0.50,0.71,0.87,-89.4,,,,73,,1784952066000,2026-07-25T09:31:06.000+05:30,21701.68064706618,1784949352118,Default Profile,false
2026-07-25T04:01:11.000Z,12.162195,75.45671999999999,-26.700000000000003,2.6,23.12,12.140239,33,gps,0.51,1.08,1.19,-89.4,,,,73,,1784952071000,2026-07-25T09:31:11.000+05:30,21779.483741427597,1784949352118,Default Profile,false
2026-07-25T04:01:17.000Z,12.162648333333333,75.45692166666666,-32.10000000000001,2.2,35.81,5.4673796,35,gps,0.48,0.93,1.05,-89.4,,,,73,,1784952077000,2026-07-25T09:31:17.000+05:30,21834.452212618937,1784949352118,Default Profile,false
2026-07-25T04:01:23.000Z,12.162731666666666,75.45694499999999,-38.2,2.0,21.12,3.8532104,36,gps,0.49,0.86,0.99,-89.4,,,,73,,1784952083000,2026-07-25T09:31:23.000+05:30,21844.059300643567,1784949352118,Default Profile,false
2026-07-25T04:01:29.000Z,12.163063333333332,75.45703499999999,-40.2,2.3,4.36,8.094007,42,gps,0.44,0.83,0.94,-89.4,,,,73,,1784952089000,2026-07-25T09:31:29.000+05:30,21882.214428144165,1784949352118,Default Profile,false
2026-07-25T04:01:35.000Z,12.163698333333333,75.45710833333332,-43.800000000000004,2.2,14.06,13.581461,40,gps,0.45,0.63,0.78,-89.4,,,,73,,1784952095000,2026-07-25T09:31:35.000+05:30,21953.27173042437,1784949352118,Default Profile,false
2026-07-25T04:01:41.000Z,12.164468333333332,75.45737333333334,-48.800000000000004,2.7,10.73,14.104419,37,gps,0.48,0.67,0.82,-89.4,,,,73,,1784952101000,2026-07-25T09:31:41.000+05:30,22043.6073976841,1784949352118,Default Profile,false
2026-07-25T04:01:47.000Z,12.165135000000001,75.45767333333333,-42.800000000000004,2.7,41.99,10.689751,36,gps,0.50,0.91,1.04,-89.4,,,,73,,1784952107000,2026-07-25T09:31:47.000+05:30,22124.592733690202,1784949352118,Default Profile,false
2026-07-25T04:01:52.000Z,12.165411666666667,75.45814833333334,-48.00000000000001,2.6,58.41,12.279213,35,gps,0.53,1.03,1.16,-89.4,,,,73,,1784952112000,2026-07-25T09:31:52.000+05:30,22184.69458020325,1784949352118,Default Profile,false
2026-07-25T04:01:58.000Z,12.165751666666665,75.45877999999999,-53.7,2.7,79.84,13.212404,34,gps,0.57,1.07,1.21,-89.4,,,,73,,1784952118000,2026-07-25T09:31:58.000+05:30,22263.075798681348,1784949352118,Default Profile,false
2026-07-25T04:02:04.000Z,12.165566666666667,75.45948166666668,-56.50000000000001,2.4,108.56,12.229285,34,gps,0.54,0.74,0.91,-89.4,,,,73,,1784952124000,2026-07-25T09:32:04.000+05:30,22342.070855095273,1784949352118,Default Profile,false
2026-07-25T04:02:10.000Z,12.165488333333334,75.46008666666667,-53.00000000000001,2.5,82.89,9.486845,35,gps,0.52,0.69,0.86,-89.4,,,,73,,1784952130000,2026-07-25T09:32:10.000+05:30,22408.40736248212,1784949352118,Default Profile,false
2026-07-25T04:02:16.000Z,12.165731666666666,75.46051666666668,-50.300000000000004,2.6,46.06,9.008154,30,gps,0.57,0.76,0.95,-89.4,,,,73,,1784952136000,2026-07-25T09:32:16.000+05:30,22462.414178758336,1784949352118,Default Profile,false
2026-07-25T04:02:22.000Z,12.166216666666665,75.46086333333332,-50.900000000000006,2.5,45.59,11.850965,36,gps,0.50,0.96,1.08,-89.4,,,,73,,1784952142000,2026-07-25T09:32:22.000+05:30,22528.204121144245,1784949352118,Default Profile,false
2026-07-25T04:02:27.000Z,12.166603333333335,75.46123333333334,-54.10000000000001,2.7,41.3,10.584233,34,gps,0.52,0.69,0.87,-89.4,,,,73,,1784952147000,2026-07-25T09:32:27.000+05:30,22587.077663004915,1784949352118,Default Profile,false
2026-07-25T04:02:33.000Z,12.166858333333334,75.46151666666667,-52.00000000000001,2.8,50.18,4.7874312,38,gps,0.50,0.70,0.86,-89.4,,,,73,,1784952153000,2026-07-25T09:32:33.000+05:30,22628.940293616295,1784949352118,Default Profile,false
2026-07-25T04:02:39.000Z,12.166839999999999,75.46148666666666,-51.50000000000001,2.5,55.13,0.0,34,gps,0.51,0.67,0.85,-89.4,,,,73,,1784952159000,2026-07-25T09:32:39.000+05:30,22632.785988442465,1784949352118,Default Profile,false
2026-07-25T04:02:44.000Z,12.166941666666666,75.46154499999999,-47.60000000000001,2.4,41.84,4.232046,34,gps,0.53,1.08,1.20,-89.4,,,,73,,1784952164000,2026-07-25T09:32:44.000+05:30,22645.747586807724,1784949352118,Default Profile,false
2026-07-25T04:02:50.000Z,12.167108333333333,75.46174333333333,-45.900000000000006,2.4,41.98,4.360727,37,gps,0.47,0.95,1.07,-89.4,,,,73,,1784952170000,2026-07-25T09:32:50.000+05:30,22674.176663575163,1784949352118,Default Profile,false
2026-07-25T04:02:56.000Z,12.167371666666668,75.46197166666667,-46.00000000000001,2.6,47.11,7.9797387,38,gps,0.46,0.69,0.83,-89.4,,,,73,,1784952176000,2026-07-25T09:32:56.000+05:30,22712.561395664292,1784949352118,Default Profile,false
2026-07-25T04:03:02.000Z,12.167675000000001,75.462405,-49.7,2.5,56.14,8.953593,33,gps,0.52,1.02,1.15,-89.4,,,,73,,1784952182000,2026-07-25T09:33:02.000+05:30,22770.49459183742,1784949352118,Default Profile,false
2026-07-25T04:03:08.000Z,12.167883333333334,75.462685,-51.300000000000004,2.4,46.02,4.072997,34,gps,0.54,0.73,0.91,-89.4,,,,73,,1784952188000,2026-07-25T09:33:08.000+05:30,22808.743023097002,1784949352118,Default Profile,false
2026-07-25T04:03:14.000Z,12.167984999999998,75.462765,-49.2,2.4,40.98,0.0,36,gps,0.48,0.70,0.85,-89.4,,,,73,,1784952194000,2026-07-25T09:33:14.000+05:30,22823.00538246534,1784949352118,Default Profile,false
2026-07-25T04:03:20.000Z,12.167973333333334,75.46278000000001,-50.800000000000004,2.2,40.98,0.0,40,gps,0.46,0.66,0.81,-89.4,,,,73,,1784952200000,2026-07-25T09:33:20.000+05:30,22825.088959709534,1784949352118,Default Profile,false
2026-07-25T04:03:26.000Z,12.167973333333334,75.46278000000001,-50.800000000000004,2.3,40.98,0.0,37,gps,0.52,0.67,0.85,-89.4,,,,73,,1784952206000,2026-07-25T09:33:26.000+05:30,22825.088959709534,1784949352118,Default Profile,false
2026-07-25T04:03:32.000Z,12.167973333333334,75.46278000000001,-50.800000000000004,2.1,40.98,0.0,36,gps,0.51,0.67,0.84,-89.4,,,,73,,1784952212000,2026-07-25T09:33:32.000+05:30,22825.088959709534,1784949352118,Default Profile,false
2026-07-25T04:03:38.000Z,12.167973333333334,75.46278000000001,-50.800000000000004,2.1,40.98,0.0,31,gps,0.53,0.70,0.88,-89.4,,,,73,,1784952218000,2026-07-25T09:33:38.000+05:30,22825.088959709534,1784949352118,Default Profile,false
2026-07-25T04:03:44.000Z,12.167973333333334,75.46278000000001,-50.800000000000004,1.2,40.98,0.0,31,gps,0.53,0.70,0.88,-89.4,,,,73,,1784952224000,2026-07-25T09:33:44.000+05:30,22825.088959709534,1784949352118,Default Profile,false
2026-07-25T04:03:50.000Z,12.167973333333334,75.46278000000001,-50.800000000000004,1.9,40.98,0.0,32,gps,0.55,0.72,0.90,-89.4,,,,73,,1784952230000,2026-07-25T09:33:50.000+05:30,22825.088959709534,1784949352118,Default Profile,false
2026-07-25T04:03:56.000Z,12.167973333333334,75.46278000000001,-50.800000000000004,2.1,40.98,0.0,28,gps,0.56,0.73,0.92,-89.4,,,,73,,1784952236000,2026-07-25T09:33:56.000+05:30,22825.088959709534,1784949352118,Default Profile,false
2026-07-25T04:04:02.000Z,12.167973333333334,75.46278000000001,-50.800000000000004,2.3,40.98,0.0,32,gps,0.54,0.71,0.89,-89.4,,,,73,,1784952242000,2026-07-25T09:34:02.000+05:30,22825.088959709534,1784949352118,Default Profile,false
2026-07-25T04:04:08.000Z,12.167973333333334,75.46278000000001,-50.800000000000004,2.2,40.98,0.0,33,gps,0.57,0.73,0.93,-89.4,,,,73,,1784952248000,2026-07-25T09:34:08.000+05:30,22825.088959709534,1784949352118,Default Profile,false
2026-07-25T04:04:14.000Z,12.167973333333334,75.46278000000001,-50.800000000000004,2.1,40.98,0.0,30,gps,0.61,0.75,0.97,-89.4,,,,73,,1784952254000,2026-07-25T09:34:14.000+05:30,22825.088959709534,1784949352118,Default Profile,false
2026-07-25T04:04:20.000Z,12.167973333333334,75.46278000000001,-50.800000000000004,2.9,40.98,0.0,18,gps,0.98,0.82,1.28,-89.4,,,,72,,1784952260000,2026-07-25T09:34:20.000+05:30,22825.088959709534,1784949352118,Default Profile,false
2026-07-25T04:04:26.000Z,12.167973333333334,75.46278000000001,-50.800000000000004,3.9,40.98,0.0,11,gps,1.68,0.90,1.90,-89.4,,,,72,,1784952266000,2026-07-25T09:34:26.000+05:30,22825.088959709534,1784949352118,Default Profile,false
2026-07-25T04:04:31.000Z,12.167973333333334,75.46278000000001,-50.800000000000004,4.3,40.98,0.0,9,gps,1.79,0.90,2.01,-89.4,,,,72,,1784952271000,2026-07-25T09:34:31.000+05:30,22825.088959709534,1784949352118,Default Profile,false
2026-07-25T04:04:37.000Z,12.167973333333334,75.46278000000001,-50.800000000000004,5.3,40.98,0.0,6,gps,12.09,1.00,12.13,-89.4,,,,72,,1784952277000,2026-07-25T09:34:37.000+05:30,22825.088959709534,1784949352118,Default Profile,false
2026-07-25T04:04:43.000Z,12.167973333333334,75.46278000000001,-50.900000000000006,5.8,40.98,0.0,6,gps,14.08,1.00,14.11,-89.4,,,,72,,1784952283000,2026-07-25T09:34:43.000+05:30,22825.088959709534,1784949352118,Default Profile,false
2026-07-25T04:04:49.000Z,12.168081666666668,75.46273666666666,-50.50000000000001,5.1,325.53,0.0,10,gps,1.30,0.93,1.59,-89.4,,,,72,,1784952289000,2026-07-25T09:34:49.000+05:30,22838.0232112724,1784949352118,Default Profile,false
2026-07-25T04:04:54.000Z,12.168081666666668,75.46273666666666,-50.50000000000001,4.7,325.53,0.0,14,gps,1.14,0.85,1.42,-89.4,,,,72,,1784952294000,2026-07-25T09:34:54.000+05:30,22838.0232112724,1784949352118,Default Profile,false
2026-07-25T04:05:00.000Z,12.168126666666668,75.46259,-50.400000000000006,4.1,325.53,0.0,14,gps,1.13,0.86,1.42,-89.4,,,,72,,1784952300000,2026-07-25T09:35:00.000+05:30,22854.732225821113,1784949352118,Default Profile,false
2026-07-25T04:05:06.000Z,12.168126666666668,75.46259,-50.400000000000006,4.1,325.53,0.0,13,gps,1.67,0.86,1.88,-89.4,,,,72,,1784952306000,2026-07-25T09:35:06.000+05:30,22854.732225821113,1784949352118,Default Profile,false
2026-07-25T04:05:12.000Z,12.168001666666665,75.462775,-45.800000000000004,3.1,113.23,0.0,22,gps,0.80,0.76,1.10,-89.4,,,,72,,1784952312000,2026-07-25T09:35:12.000+05:30,22879.17727283368,1784949352118,Default Profile,false
2026-07-25T04:05:17.000Z,12.167998333333333,75.46277166666667,-45.800000000000004,3.0,113.23,0.0,20,gps,0.90,0.78,1.19,-89.4,,,,72,,1784952317000,2026-07-25T09:35:17.000+05:30,22879.69559603849,1784949352118,Default Profile,false
2026-07-25T04:05:23.000Z,12.167998333333333,75.46277166666667,-45.800000000000004,3.0,113.23,0.0,22,gps,0.74,0.79,1.09,-89.4,,,,72,,1784952323000,2026-07-25T09:35:23.000+05:30,22879.69559603849,1784949352118,Default Profile,false
2026-07-25T04:05:29.000Z,12.168003333333335,75.46279666666666,-47.2,3.0,113.23,0.0,18,gps,1.06,0.81,1.34,-89.4,,,,72,,1784952329000,2026-07-25T09:35:29.000+05:30,22882.469308100513,1784949352118,Default Profile,false
2026-07-25T04:05:34.000Z,12.168003333333335,75.46279666666666,-47.2,3.1,113.23,0.0,22,gps,0.74,0.78,1.08,-89.4,,,,72,,1784952334000,2026-07-25T09:35:34.000+05:30,22882.469308100513,1784949352118,Default Profile,false
2026-07-25T04:05:40.000Z,12.168003333333335,75.46279666666666,-47.2,3.0,113.23,0.0,23,gps,0.72,0.81,1.08,-89.4,,,,72,,1784952340000,2026-07-25T09:35:40.000+05:30,22882.469308100513,1784949352118,Default Profile,false
2026-07-25T04:05:45.000Z,12.168003333333335,75.46279666666666,-47.2,3.1,113.23,0.0,25,gps,0.67,0.79,1.03,-89.4,,,,72,,1784952345000,2026-07-25T09:35:45.000+05:30,22882.469308100513,1784949352118,Default Profile,false
2026-07-25T04:05:51.000Z,12.168020000000002,75.46274333333334,-46.800000000000004,3.0,113.23,0.14412223,26,gps,0.66,0.78,1.02,-89.4,,,,72,,1784952351000,2026-07-25T09:35:51.000+05:30,22888.555490840237,1784949352118,Default Profile,false
2026-07-25T04:05:57.000Z,12.168078333333336,75.46275833333334,-47.300000000000004,2.9,113.23,0.0,24,gps,0.69,0.82,1.07,-89.4,,,,72,,1784952357000,2026-07-25T09:35:57.000+05:30,22895.243642876274,1784949352118,Default Profile,false
2026-07-25T04:06:03.000Z,12.168271666666666,75.46275833333334,-47.10000000000001,3.0,355.83,4.715885,24,gps,0.68,0.81,1.06,-89.4,,,,72,,1784952363000,2026-07-25T09:36:03.000+05:30,22916.741328693868,1784949352118,Default Profile,false
2026-07-25T04:06:08.000Z,12.168550000000002,75.46280666666667,-38.00000000000001,2.7,353.85,6.5971947,22,gps,0.66,1.43,1.58,-89.4,,,,72,,1784952368000,2026-07-25T09:36:08.000+05:30,22948.13332466718,1784949352118,Default Profile,false
2026-07-25T04:06:13.000Z,12.168949999999999,75.46280499999999,-27.200000000000003,2.7,353.1,7.530901,24,gps,0.65,1.36,1.51,-89.4,,,,72,,1784952373000,2026-07-25T09:36:13.000+05:30,22992.61166426133,1784949352118,Default Profile,false
2026-07-25T04:06:18.000Z,12.169243333333334,75.46284999999999,-38.10000000000001,2.4,16.92,6.677491,29,gps,0.54,1.01,1.14,-89.4,,,,72,,1784952378000,2026-07-25T09:36:18.000+05:30,23025.593560754092,1784949352118,Default Profile,false
2026-07-25T04:06:24.000Z,12.169368333333333,75.46301666666666,-41.900000000000006,2.4,50.98,1.158125,33,gps,0.48,0.67,0.83,-89.4,,,,72,,1784952384000,2026-07-25T09:36:24.000+05:30,23048.427382272028,1784949352118,Default Profile,false
2026-07-25T04:06:29.000Z,12.169381666666668,75.46309,-41.7,2.3,79.51,2.8042066,34,gps,0.51,0.92,1.05,-89.4,,,,72,,1784952389000,2026-07-25T09:36:29.000+05:30,23056.535147135273,1784949352118,Default Profile,false
2026-07-25T04:06:35.000Z,12.16945,75.463325,-42.00000000000001,2.4,72.11,5.6676064,34,gps,0.48,0.99,1.10,-89.4,,,,72,,1784952395000,2026-07-25T09:36:35.000+05:30,23083.184922411467,1784949352118,Default Profile,false
2026-07-25T04:06:40.000Z,12.169495,75.46366666666667,-40.900000000000006,2.4,76.81,7.375455,34,gps,0.51,0.71,0.87,-89.4,,,,72,,1784952400000,2026-07-25T09:36:40.000+05:30,23120.658363990908,1784949352118,Default Profile,false
2026-07-25T04:06:46.000Z,12.169591666666667,75.46411666666667,-46.50000000000001,2.3,75.32,6.570944,34,gps,0.50,0.97,1.09,-89.4,,,,72,,1784952406000,2026-07-25T09:36:46.000+05:30,23170.738759245123,1784949352118,Default Profile,false
2026-07-25T04:06:52.000Z,12.169635000000001,75.46422666666668,-46.10000000000001,2.3,69.01,2.0640361,33,gps,0.50,0.73,0.88,-89.4,,,,72,,1784952412000,2026-07-25T09:36:52.000+05:30,23183.62972947803,1784949352118,Default Profile,false
2026-07-25T04:06:58.000Z,12.169686666666667,75.464375,-47.300000000000004,2.4,59.18,3.9885826,32,gps,0.52,0.72,0.89,-89.4,,,,72,,1784952418000,2026-07-25T09:36:58.000+05:30,23200.745957655025,1784949352118,Default Profile,false
2026-07-25T04:07:04.000Z,12.16979833333333,75.46462166666667,-48.50000000000001,2.5,60.45,4.810079,31,gps,0.56,0.75,0.94,-89.4,,,,72,,1784952424000,2026-07-25T09:37:04.000+05:30,23230.293265099364,1784949352118,Default Profile,false
2026-07-25T04:07:10.000Z,12.169949999999998,75.46488,-46.2,2.6,49.95,6.7351403,33,gps,0.55,1.02,1.16,-89.4,,,,72,,1784952430000,2026-07-25T09:37:10.000+05:30,23263.04825100906,1784949352118,Default Profile,false
2026-07-25T04:07:16.000Z,12.170226666666668,75.46511000000001,-44.60000000000001,2.6,33.77,5.9007754,37,gps,0.48,0.91,1.03,-89.4,,,,72,,1784952436000,2026-07-25T09:37:16.000+05:30,23302.689425256674,1784949352118,Default Profile,false
2026-07-25T04:07:22.000Z,12.170535,75.46530333333334,-42.400000000000006,2.4,27.33,7.063533,35,gps,0.52,0.97,1.11,-89.4,,,,72,,1784952442000,2026-07-25T09:37:22.000+05:30,23342.90234019399,1784949352118,Default Profile,false
2026-07-25T04:07:28.000Z,12.170858333333335,75.46556000000001,-42.50000000000001,2.5,36.12,6.9230137,32,gps,0.54,0.72,0.90,-89.4,,,,72,,1784952448000,2026-07-25T09:37:28.000+05:30,23388.410029734216,1784949352118,Default Profile,false
2026-07-25T04:07:34.000Z,12.171213333333332,75.46580166666666,-43.400000000000006,2.4,33.11,7.9133396,34,gps,0.55,1.00,1.15,-89.4,,,,72,,1784952454000,2026-07-25T09:37:34.000+05:30,23435.825481299427,1784949352118,Default Profile,false
2026-07-25T04:07:40.000Z,12.171623333333333,75.46594666666667,-42.800000000000004,2.3,4.36,7.5597253,37,gps,0.49,0.64,0.81,-89.4,,,,72,,1784952460000,2026-07-25T09:37:40.000+05:30,23484.062859361922,1784949352118,Default Profile,false
2026-07-25T04:07:46.000Z,12.172046666666665,75.46587666666666,-36.50000000000001,2.3,334.35,8.011651,32,gps,0.55,1.03,1.17,-89.4,,,,72,,1784952466000,2026-07-25T09:37:46.000+05:30,23531.746334866064,1784949352118,Default Profile,false
2026-07-25T04:07:52.000Z,12.172446666666668,75.46568333333333,-35.00000000000001,2.4,335.59,8.959769,26,gps,0.61,0.76,0.97,-89.4,,,,72,,1784952472000,2026-07-25T09:37:52.000+05:30,23580.93875250164,1784949352118,Default Profile,false
2026-07-25T04:07:58.000Z,12.172883333333335,75.46553166666666,-33.7,2.7,341.16,7.701274,28,gps,0.57,1.15,1.29,-89.4,,,,72,,1784952478000,2026-07-25T09:37:58.000+05:30,23632.21611206348,1784949352118,Default Profile,false
2026-07-25T04:08:04.000Z,12.173268333333333,75.46541333333333,-32.60000000000001,2.5,342.32,6.0356326,29,gps,0.56,0.76,0.94,-89.4,,,,72,,1784952484000,2026-07-25T09:38:04.000+05:30,23676.916632287244,1784949352118,Default Profile,false
2026-07-25T04:08:10.000Z,12.173599999999999,75.46527999999999,-35.800000000000004,2.4,341.59,6.2693167,28,gps,0.59,1.08,1.23,-89.4,,,,72,,1784952490000,2026-07-25T09:38:10.000+05:30,23716.541679510043,1784949352118,Default Profile,false
2026-07-25T04:08:15.000Z,12.173889999999998,75.465165,-37.7,2.4,335.75,7.009487,28,gps,0.57,1.17,1.30,-89.4,,,,72,,1784952495000,2026-07-25T09:38:15.000+05:30,23751.126143425452,1784949352118,Default Profile,false
2026-07-25T04:08:21.000Z,12.174218333333332,75.46501333333335,-42.7,2.5,334.26,6.6728587,29,gps,0.57,1.09,1.23,-89.4,,,,72,,1784952501000,2026-07-25T09:38:21.000+05:30,23791.184506193615,1784949352118,Default Profile,false
2026-07-25T04:08:27.000Z,12.174616666666669,75.46493833333334,-45.2,2.4,349.81,6.472632,29,gps,0.55,0.75,0.93,-89.4,,,,72,,1784952507000,2026-07-25T09:38:27.000+05:30,23836.221097950205,1784949352118,Default Profile,false
2026-07-25T04:08:33.000Z,12.175006666666665,75.46483166666667,-42.300000000000004,2.3,336.23,7.2354503,35,gps,0.50,1.01,1.13,-89.4,,,,72,,1784952513000,2026-07-25T09:38:33.000+05:30,23881.110220090417,1784949352118,Default Profile,false
2026-07-25T04:08:39.000Z,12.175270000000001,75.46456833333333,-44.2,2.5,309.91,6.787642,34,gps,0.50,0.72,0.87,-89.4,,,,72,,1784952519000,2026-07-25T09:38:39.000+05:30,23922.057215667715,1784949352118,Default Profile,false
2026-07-25T04:08:44.000Z,12.175485,75.46434500000001,-38.60000000000001,2.5,319.83,6.080414,32,gps,0.58,0.74,0.94,-89.4,,,,72,,1784952524000,2026-07-25T09:38:44.000+05:30,23956.127924357097,1784949352118,Default Profile,false
2026-07-25T04:08:50.000Z,12.175743333333333,75.46422333333334,-20.10000000000001,2.7,336.75,4.2932982,26,gps,0.63,0.77,0.99,-89.4,,,,72,,1784952530000,2026-07-25T09:38:50.000+05:30,23987.751187559334,1784949352118,Default Profile,false
2026-07-25T04:08:56.000Z,12.175978333333335,75.46414166666666,-16.60000000000001,2.8,340.41,3.9566698,26,gps,0.64,1.26,1.42,-89.4,,,,72,,1784952536000,2026-07-25T09:38:56.000+05:30,24015.348540558705,1784949352118,Default Profile,false
2026-07-25T04:09:18.876Z,12.176428333333336,75.46413,-13.600000000000009,5.8,0.0,0.0,7,gps,1.24,0.94,1.55,-89.4,,,,72,,1784952558876,2026-07-25T09:39:18.876+05:30,24065.40232337415,1784949352118,Default Profile,false
2026-07-25T04:09:24.859Z,12.176623333333335,75.464135,-13.800000000000011,4.9,0.0,0.0,16,gps,0.73,0.83,1.11,-89.4,,,,72,,1784952564859,2026-07-25T09:39:24.859+05:30,24087.09214376764,1784949352118,Default Profile,false
2026-07-25T04:09:29.859Z,12.177811666666665,75.46426166666667,-13.800000000000011,4.2,35.21,5.8637156,23,gps,0.57,0.74,0.93,-89.4,,,,72,,1784952569859,2026-07-25T09:39:29.859+05:30,24219.944102373574,1784949352118,Default Profile,false
2026-07-25T04:09:34.853Z,12.17815,75.46441,-13.700000000000003,2.8,32.27,5.8029785,29,gps,0.50,0.70,0.86,-89.4,,,,72,,1784952574853,2026-07-25T09:39:34.853+05:30,24260.874274981416,1784949352118,Default Profile,false
2026-07-25T04:09:40.850Z,12.17849,75.46450833333333,-13.700000000000003,3.0,15.47,5.796287,34,gps,0.51,0.71,0.88,-89.4,,,,72,,1784952580850,2026-07-25T09:39:40.850+05:30,24300.16231359876,1784949352118,Default Profile,false
2026-07-25T04:09:47.000Z,12.178869999999998,75.46450333333334,-13.400000000000006,3.0,357.9,6.140636,30,gps,0.53,0.72,0.90,-89.4,,,,72,,1784952587000,2026-07-25T09:39:47.000+05:30,24342.41988052115,1784949352118,Default Profile,false
2026-07-25T04:09:53.000Z,12.179296666666668,75.464475,-13.200000000000003,2.5,355.46,7.9679,35,gps,0.49,0.68,0.84,-89.4,,,,72,,1784952593000,2026-07-25T09:39:53.000+05:30,24389.962895560737,1784949352118,Default Profile,false
2026-07-25T04:09:58.000Z,12.17971,75.46441833333333,-13.100000000000009,2.5,352.19,8.898518,32,gps,0.51,0.70,0.87,-89.4,,,,72,,1784952598000,2026-07-25T09:39:58.000+05:30,24436.334330038,1784949352118,Default Profile,false
2026-07-25T04:10:04.000Z,12.180213333333333,75.46442166666667,-12.900000000000006,2.5,4.0,8.7507925,33,gps,0.48,0.67,0.82,-89.4,,,,72,,1784952604000,2026-07-25T09:40:04.000+05:30,24492.30361578792,1784949352118,Default Profile,false
2026-07-25T04:10:10.000Z,12.180691666666666,75.46451166666667,-13.400000000000006,2.4,13.7,8.97727,29,gps,0.51,0.69,0.85,-89.4,,,,72,,1784952610000,2026-07-25T09:40:10.000+05:30,24546.383938801395,1784949352118,Default Profile,false
2026-07-25T04:10:16.000Z,12.180971666666668,75.46458833333332,-13.200000000000003,2.6,16.9,2.3224266,28,gps,0.59,0.73,0.94,-89.4,,,,72,,1784952616000,2026-07-25T09:40:16.000+05:30,24578.614378347014,1784949352118,Default Profile,false
2026-07-25T04:10:22.000Z,12.180984999999998,75.46459,-13.300000000000011,2.3,16.9,0.0,30,gps,0.52,0.71,0.88,-89.4,,,,72,,1784952622000,2026-07-25T09:40:22.000+05:30,24580.108003493293,1784949352118,Default Profile,false
2026-07-25T04:10:27.000Z,12.181135,75.46466166666667,-9.400000000000006,2.5,42.58,3.8753436,32,gps,0.53,1.03,1.16,-89.4,,,,72,,1784952627000,2026-07-25T09:40:27.000+05:30,24598.516538585078,1784949352118,Default Profile,false
2026-07-25T04:10:33.000Z,12.181236666666667,75.46492833333333,-3.700000000000003,2.6,88.77,4.787946,27,gps,0.57,0.78,0.97,-89.4,,,,72,,1784952633000,2026-07-25T09:40:33.000+05:30,24629.627513822765,1784949352118,Default Profile,false
2026-07-25T04:10:39.000Z,12.181191666666667,75.465305,0.7999999999999972,3.0,88.75,5.879672,25,gps,0.67,0.80,1.05,-89.4,,,,72,,1784952639000,2026-07-25T09:40:39.000+05:30,24670.872585405552,1784949352118,Default Profile,false
2026-07-25T04:10:45.000Z,12.181461666666667,75.46547333333334,4.8999999999999915,3.5,24.76,5.0797935,16,gps,1.04,2.16,2.40,-89.4,,,,72,,1784952645000,2026-07-25T09:40:45.000+05:30,24706.0310223767,1784949352118,Default Profile,false
2026-07-25T04:10:51.000Z,12.181968333333336,75.46518833333333,7.099999999999994,3.3,327.5,9.65413,14,gps,0.91,0.95,1.31,-89.4,,,,72,,1784952651000,2026-07-25T09:40:51.000+05:30,24770.324333979406,1784949352118,Default Profile,false
2026-07-25T04:10:56.000Z,12.182328333333333,75.46501666666667,8.699999999999989,3.4,344.7,7.9910626,15,gps,1.07,0.87,1.38,-89.4,,,,72,,1784952656000,2026-07-25T09:40:56.000+05:30,24814.489467180458,1784949352118,Default Profile,false
2026-07-25T04:11:02.000Z,12.182746666666667,75.465355,7.0,3.0,49.84,10.61769,19,gps,0.99,1.71,1.98,-89.4,,,,72,,1784952662000,2026-07-25T09:41:02.000+05:30,24873.786149679843,1784949352118,Default Profile,false
2026-07-25T04:11:07.000Z,12.183065,75.46574166666666,2.1999999999999886,2.8,39.55,8.437326,19,gps,1.03,1.64,1.93,-89.4,,,,72,,1784952667000,2026-07-25T09:41:07.000+05:30,24928.73363147818,1784949352118,Default Profile,false
2026-07-25T04:11:13.000Z,12.183203333333331,75.46589166666666,3.0999999999999943,3.3,62.23,2.364119,20,gps,0.76,0.85,1.14,-89.4,,,,72,,1784952673000,2026-07-25T09:41:13.000+05:30,24951.148177972118,1784949352118,Default Profile,false
2026-07-25T04:11:19.000Z,12.183306666666665,75.46580666666667,14.099999999999994,2.6,10.26,3.1238492,17,gps,0.87,1.80,2.00,-89.4,,,,72,,1784952679000,2026-07-25T09:41:19.000+05:30,24965.89188486162,1784949352118,Default Profile,false
2026-07-25T04:11:25.000Z,12.183561666666666,75.46588333333334,15.599999999999994,2.5,25.85,6.033574,24,gps,0.72,1.28,1.46,-89.4,,,,72,,1784952685000,2026-07-25T09:41:25.000+05:30,24995.44568668781,1784949352118,Default Profile,false
2026-07-25T04:11:31.000Z,12.183976666666668,75.46609333333335,9.399999999999991,2.8,16.23,10.45967,22,gps,0.83,1.62,1.82,-89.4,,,,72,,1784952691000,2026-07-25T09:41:31.000+05:30,25046.92794492149,1784949352118,Default Profile,false
2026-07-25T04:11:36.000Z,12.18451,75.46612833333333,9.5,2.5,10.25,11.939497,23,gps,0.73,1.47,1.64,-89.4,,,,72,,1784952696000,2026-07-25T09:41:36.000+05:30,25106.353792597085,1784949352118,Default Profile,false
2026-07-25T04:11:41.000Z,12.185055,75.466165,11.899999999999991,2.6,359.6,10.329446,27,gps,0.64,1.31,1.46,-89.4,,,,72,,1784952701000,2026-07-25T09:41:41.000+05:30,25167.08592808187,1784949352118,Default Profile,false
2026-07-25T04:11:47.000Z,12.185553333333333,75.466345,-3.9000000000000057,2.7,21.65,8.759542,25,gps,0.65,1.38,1.52,-89.4,,,,72,,1784952707000,2026-07-25T09:41:47.000+05:30,25225.850381465083,1784949352118,Default Profile,false
2026-07-25T04:11:52.000Z,12.185831666666665,75.46659333333334,-7.800000000000011,2.6,60.37,8.033785,30,gps,0.58,1.06,1.21,-89.4,,,,72,,1784952712000,2026-07-25T09:41:52.000+05:30,25266.915979512134,1784949352118,Default Profile,false
2026-07-25T04:11:58.000Z,12.186013333333335,75.46694166666666,-10.900000000000006,2.7,46.88,6.1493864,28,gps,0.67,1.23,1.40,-89.4,,,,72,,1784952718000,2026-07-25T09:41:58.000+05:30,25309.828081081647,1784949352118,Default Profile,false
2026-07-25T04:12:03.000Z,12.186376666666668,75.46701666666667,-16.60000000000001,2.7,3.02,8.996315,26,gps,0.64,0.82,1.04,-89.4,,,,72,,1784952723000,2026-07-25T09:42:03.000+05:30,25351.0430875364,1784949352118,Default Profile,false
2026-07-25T04:12:09.000Z,12.186913333333333,75.46709166666666,-19.900000000000006,2.7,15.2,10.451435,23,gps,0.71,1.29,1.47,-89.4,,,,71,,1784952729000,2026-07-25T09:42:09.000+05:30,25411.271894253805,1784949352118,Default Profile,false
2026-07-25T04:12:15.000Z,12.187399999999998,75.467215,-20.400000000000006,2.7,11.69,8.166583,30,gps,0.52,1.04,1.16,-89.4,,,,71,,1784952735000,2026-07-25T09:42:15.000+05:30,25467.022336253292,1784949352118,Default Profile,false
2026-07-25T04:12:21.000Z,12.187706666666667,75.46701333333334,-24.10000000000001,2.7,315.06,7.00434,20,gps,0.72,1.22,1.42,-89.4,,,,71,,1784952741000,2026-07-25T09:42:21.000+05:30,25507.559150039582,1784949352118,Default Profile,false
2026-07-25T04:12:27.000Z,12.187943333333331,75.46666166666667,-23.10000000000001,2.6,320.78,6.192108,30,gps,0.52,0.71,0.89,-89.4,,,,71,,1784952747000,2026-07-25T09:42:27.000+05:30,25553.964691837256,1784949352118,Default Profile,false
2026-07-25T04:12:33.000Z,12.188261666666666,75.46659833333334,-18.30000000000001,2.6,0.17,6.7310224,29,gps,0.54,0.75,0.92,-89.4,,,,71,,1784952753000,2026-07-25T09:42:33.000+05:30,25590.024854628515,1784949352118,Default Profile,false
2026-07-25T04:12:39.000Z,12.188676666666668,75.46672166666667,-17.0,2.7,20.56,7.873191,25,gps,0.59,0.77,0.97,-89.4,,,,71,,1784952759000,2026-07-25T09:42:39.000+05:30,25638.078314975563,1784949352118,Default Profile,false
2026-07-25T04:12:45.000Z,12.188938333333333,75.46686500000001,-8.5,2.5,22.95,3.6344535,28,gps,0.56,1.09,1.23,-89.4,,,,71,,1784952765000,2026-07-25T09:42:45.000+05:30,25671.082435684053,1784949352118,Default Profile,false
2026-07-25T04:12:50.000Z,12.18913,75.46694166666666,-6.0,2.4,15.64,5.278476,26,gps,0.73,1.27,1.46,-89.4,,,,71,,1784952770000,2026-07-25T09:42:50.000+05:30,25693.965871416425,1784949352118,Default Profile,false
2026-07-25T04:12:56.000Z,12.189373333333332,75.46699833333334,-1.4000000000000057,2.5,358.29,3.6082027,26,gps,0.64,0.78,1.01,-89.4,,,,71,,1784952776000,2026-07-25T09:42:56.000+05:30,25721.715426684168,1784949352118,Default Profile,false
2026-07-25T04:13:02.000Z,12.189449999999999,75.46692333333334,5.0,2.7,270.98,1.5467403,25,gps,0.67,0.78,1.03,-89.4,,,,71,,1784952782000,2026-07-25T09:43:02.000+05:30,25733.510480520985,1784949352118,Default Profile,false
2026-07-25T04:13:07.000Z,12.189448333333333,75.46690333333332,7.0,2.9,282.94,0.0,25,gps,0.62,0.76,0.98,-89.4,,,,71,,1784952787000,2026-07-25T09:43:07.000+05:30,25735.692126475427,1784949352118,Default Profile,false
2026-07-25T04:13:13.000Z,12.189443333333335,75.46690333333332,7.3999999999999915,2.7,282.94,0.0,24,gps,0.62,0.79,1.00,-89.4,,,,71,,1784952793000,2026-07-25T09:43:13.000+05:30,25736.24810110843,1784949352118,Default Profile,false
2026-07-25T04:13:19.000Z,12.189443333333335,75.46690333333332,7.3999999999999915,2.4,282.94,0.0,24,gps,0.58,0.77,0.97,-89.4,,,,71,,1784952799000,2026-07-25T09:43:19.000+05:30,25736.24810110843,1784949352118,Default Profile,false
2026-07-25T04:13:24.000Z,12.189443333333335,75.46690333333332,7.3999999999999915,1.2,282.94,0.0,23,gps,0.62,0.78,1.00,-89.4,,,,71,,1784952804000,2026-07-25T09:43:24.000+05:30,25736.24810110843,1784949352118,Default Profile,false
2026-07-25T04:13:30.000Z,12.189443333333335,75.46690333333332,7.3999999999999915,1.1,282.94,0.0,24,gps,0.60,0.78,0.98,-89.4,,,,71,,1784952810000,2026-07-25T09:43:30.000+05:30,25736.24810110843,1784949352118,Default Profile,false
2026-07-25T04:13:36.000Z,12.189443333333335,75.46690333333332,7.3999999999999915,1.6,282.94,0.0,24,gps,0.58,0.78,0.97,-89.4,,,,71,,1784952816000,2026-07-25T09:43:36.000+05:30,25736.24810110843,1784949352118,Default Profile,false
2026-07-25T04:13:42.000Z,12.189443333333335,75.46690333333332,7.3999999999999915,2.0,282.94,0.0,25,gps,0.62,0.82,1.03,-89.4,,,,71,,1784952822000,2026-07-25T09:43:42.000+05:30,25736.24810110843,1784949352118,Default Profile,false
2026-07-25T04:13:47.000Z,12.189433333333334,75.46682333333334,6.5,2.2,274.63,3.3307674,28,gps,0.58,1.17,1.30,-89.4,,,,71,,1784952827000,2026-07-25T09:43:47.000+05:30,25745.013954023205,1784949352118,Default Profile,false
2026-07-25T04:13:52.000Z,12.189446666666667,75.46658666666667,4.699999999999989,2.5,271.13,6.2940235,27,gps,0.65,0.77,1.01,-89.4,,,,71,,1784952832000,2026-07-25T09:43:52.000+05:30,25770.77947608582,1784949352118,Default Profile,false
2026-07-25T04:13:58.000Z,12.189446666666667,75.466255,-4.6000000000000085,2.7,274.46,5.9398947,23,gps,0.68,0.82,1.06,-89.4,,,,71,,1784952838000,2026-07-25T09:43:58.000+05:30,25806.82766771906,1784949352118,Default Profile,false
2026-07-25T04:14:03.000Z,12.189486666666669,75.465995,-10.0,2.6,282.29,5.3572288,25,gps,0.61,0.75,0.97,-89.4,,,,71,,1784952843000,2026-07-25T09:44:03.000+05:30,25835.434437847645,1784949352118,Default Profile,false
2026-07-25T04:14:08.000Z,12.189513333333332,75.46585833333333,-11.200000000000003,2.6,298.33,1.226583,25,gps,0.60,1.20,1.34,-89.4,,,,71,,1784952848000,2026-07-25T09:44:08.000+05:30,25850.581532610315,1784949352118,Default Profile,false
2026-07-25T04:14:13.000Z,12.189508333333333,75.46585833333333,-11.200000000000003,2.5,298.33,0.0,25,gps,0.65,0.77,1.00,-89.4,,,,71,,1784952853000,2026-07-25T09:44:13.000+05:30,25851.137507243515,1784949352118,Default Profile,false
2026-07-25T04:14:19.000Z,12.189511666666666,75.46566833333333,-13.800000000000011,2.5,264.49,2.7398665,24,gps,0.61,0.74,0.96,-89.4,,,,71,,1784952859000,2026-07-25T09:44:19.000+05:30,25871.791551196875,1784949352118,Default Profile,false
2026-07-25T04:14:24.000Z,12.189491666666667,75.46553999999999,-16.80000000000001,2.4,235.08,2.1721277,31,gps,0.54,0.71,0.89,-89.4,,,,71,,1784952864000,2026-07-25T09:44:24.000+05:30,25885.916018780772,1784949352118,Default Profile,false
2026-07-25T04:14:30.000Z,12.189393333333332,75.46546666666667,-18.10000000000001,2.4,189.82,3.1109812,34,gps,0.47,0.95,1.06,-89.4,,,,71,,1784952870000,2026-07-25T09:44:30.000+05:30,25899.446878731556,1784949352118,Default Profile,false
2026-07-25T04:14:36.000Z,12.189286666666666,75.46530666666666,-21.200000000000003,2.3,272.18,3.2067194,33,gps,0.52,0.71,0.87,-89.4,,,,71,,1784952876000,2026-07-25T09:44:36.000+05:30,25920.496667329644,1784949352118,Default Profile,false
2026-07-25T04:14:42.000Z,12.189381666666668,75.46522333333334,-17.700000000000003,2.2,316.46,0.0,34,gps,0.48,0.69,0.85,-89.4,,,,71,,1784952882000,2026-07-25T09:44:42.000+05:30,25934.411526023952,1784949352118,Default Profile,false
2026-07-25T04:14:47.000Z,12.189383333333334,75.46522166666666,-17.700000000000003,2.4,316.46,0.0,33,gps,0.48,0.69,0.84,-89.4,,,,71,,1784952887000,2026-07-25T09:44:47.000+05:30,25934.670677428425,1784949352118,Default Profile,false
2026-07-25T04:14:53.000Z,12.189383333333334,75.46522166666666,-17.700000000000003,1.3,316.46,0.0,31,gps,0.51,0.71,0.87,-89.4,,,,71,,1784952893000,2026-07-25T09:44:53.000+05:30,25934.670677428425,1784949352118,Default Profile,false
2026-07-25T04:14:59.000Z,12.189383333333334,75.46522166666666,-17.700000000000003,1.1,316.46,0.0,32,gps,0.53,0.70,0.88,-89.4,,,,71,,1784952899000,2026-07-25T09:44:59.000+05:30,25934.670677428425,1784949352118,Default Profile,false
2026-07-25T04:15:05.000Z,12.189383333333334,75.46522166666666,-17.700000000000003,1.9,316.46,0.0,31,gps,0.53,0.68,0.86,-89.4,,,,71,,1784952905000,2026-07-25T09:45:05.000+05:30,25934.670677428425,1784949352118,Default Profile,false
2026-07-25T04:15:11.000Z,12.189383333333334,75.46522166666666,-17.700000000000003,2.1,316.46,0.0,34,gps,0.50,0.66,0.83,-89.4,,,,71,,1784952911000,2026-07-25T09:45:11.000+05:30,25934.670677428425,1784949352118,Default Profile,false
2026-07-25T04:15:17.000Z,12.189383333333334,75.46522166666666,-17.700000000000003,1.0,316.46,0.0,34,gps,0.51,0.71,0.88,-89.4,,,,71,,1784952917000,2026-07-25T09:45:17.000+05:30,25934.670677428425,1784949352118,Default Profile,false
2026-07-25T04:15:23.000Z,12.189383333333334,75.46522166666666,-17.700000000000003,1.0,316.46,0.0,34,gps,0.48,0.65,0.80,-89.4,,,,71,,1784952923000,2026-07-25T09:45:23.000+05:30,25934.670677428425,1784949352118,Default Profile,false
2026-07-25T04:15:29.000Z,12.189475,75.46523666666667,-15.700000000000003,1.9,51.81,1.2780553,35,gps,0.50,0.67,0.84,-89.4,,,,71,,1784952929000,2026-07-25T09:45:29.000+05:30,25944.993104859648,1784949352118,Default Profile,false
2026-07-25T04:15:34.000Z,12.189544999999999,75.46538833333334,-14.600000000000009,2.2,75.84,3.6905584,34,gps,0.54,0.98,1.12,-89.4,,,,71,,1784952934000,2026-07-25T09:45:34.000+05:30,25963.222716965265,1784949352118,Default Profile,false
2026-07-25T04:15:40.000Z,12.189585,75.46568833333335,-13.700000000000003,2.2,94.56,4.5280113,34,gps,0.49,0.96,1.08,-89.4,,,,71,,1784952940000,2026-07-25T09:45:40.000+05:30,25996.13106794299,1784949352118,Default Profile,false
2026-07-25T04:15:45.000Z,12.189588333333331,75.46588,-13.200000000000003,2.4,95.52,4.5419087,30,gps,0.57,0.93,1.09,-89.4,,,,71,,1784952945000,2026-07-25T09:45:45.000+05:30,26016.966223604762,1784949352118,Default Profile,false
2026-07-25T04:15:51.000Z,12.189571666666666,75.466155,-11.600000000000009,2.4,88.04,4.688605,29,gps,0.53,0.98,1.12,-89.4,,,,71,,1784952951000,2026-07-25T09:45:51.000+05:30,26046.91281198594,1784949352118,Default Profile,false
2026-07-25T04:15:57.000Z,12.189543333333331,75.46645666666667,-8.700000000000003,2.5,94.83,5.2599463,33,gps,0.52,0.66,0.84,-89.4,,,,71,,1784952957000,2026-07-25T09:45:57.000+05:30,26079.851367038256,1784949352118,Default Profile,false
2026-07-25T04:16:03.000Z,12.18952,75.46681,-10.200000000000003,2.6,96.84,5.1189127,24,gps,0.68,1.20,1.38,-89.4,,,,71,,1784952963000,2026-07-25T09:46:03.000+05:30,26118.34199861824,1784949352118,Default Profile,false
2026-07-25T04:16:09.000Z,12.189528333333332,75.46699333333332,-8.900000000000006,2.6,74.51,1.9240316,26,gps,0.60,1.16,1.31,-89.4,,,,71,,1784952969000,2026-07-25T09:46:09.000+05:30,26138.289662634805,1784949352118,Default Profile,false
2026-07-25T04:16:15.000Z,12.189558333333332,75.46702333333333,-7.700000000000003,2.7,50.73,0.0,24,gps,0.66,0.80,1.04,-89.4,,,,71,,1784952975000,2026-07-25T09:46:15.000+05:30,26142.954386521295,1784949352118,Default Profile,false
2026-07-25T04:16:21.000Z,12.189636666666669,75.46707166666667,-5.700000000000003,2.5,18.35,2.8752384,28,gps,0.62,1.05,1.22,-89.4,,,,71,,1784952981000,2026-07-25T09:46:21.000+05:30,26153.126182689524,1784949352118,Default Profile,false
2026-07-25T04:16:27.000Z,12.189906666666666,75.46713833333334,-1.0,2.5,15.4,6.767053,26,gps,0.66,0.82,1.06,-89.4,,,,71,,1784952987000,2026-07-25T09:46:27.000+05:30,26184.01081953866,1784949352118,Default Profile,false
2026-07-25T04:16:33.000Z,12.190226666666668,75.46723666666666,2.299999999999997,2.5,21.89,5.2774467,27,gps,0.62,0.78,1.00,-89.4,,,,71,,1784952993000,2026-07-25T09:46:33.000+05:30,26221.163624957426,1784949352118,Default Profile,false
2026-07-25T04:16:39.000Z,12.190545000000002,75.46728333333334,4.599999999999994,2.5,8.63,5.2558284,26,gps,0.56,0.74,0.93,-89.4,,,,71,,1784952999000,2026-07-25T09:46:39.000+05:30,26256.922223313104,1784949352118,Default Profile,false
2026-07-25T04:16:45.000Z,12.190775,75.46733666666667,-1.9000000000000057,2.6,358.03,3.003919,24,gps,0.61,0.74,0.96,-89.4,,,,71,,1784953005000,2026-07-25T09:46:45.000+05:30,26283.145751774115,1784949352118,Default Profile,false
2026-07-25T04:16:51.000Z,12.190793333333334,75.46734333333333,-6.5,2.5,352.51,0.0,23,gps,0.66,0.77,1.01,-89.4,,,,71,,1784953011000,2026-07-25T09:46:51.000+05:30,26285.309268178935,1784949352118,Default Profile,false
2026-07-25T04:16:56.000Z,12.190815000000002,75.46732166666668,-6.6000000000000085,2.5,352.51,0.17449084,24,gps,0.62,0.83,1.04,-89.4,,,,71,,1784953016000,2026-07-25T09:46:56.000+05:30,26288.678227603803,1784949352118,Default Profile,false
2026-07-25T04:17:02.000Z,12.190975,75.46732,-2.9000000000000057,2.5,358.53,4.2202077,29,gps,0.55,1.13,1.26,-89.4,,,,71,,1784953022000,2026-07-25T09:47:02.000+05:30,26306.470338034276,1784949352118,Default Profile,false
2026-07-25T04:17:07.000Z,12.191258333333334,75.46720666666667,-1.6000000000000085,2.4,347.59,4.4626417,26,gps,0.59,1.24,1.37,-89.4,,,,71,,1784953027000,2026-07-25T09:47:07.000+05:30,26340.297990421095,1784949352118,Default Profile,false
2026-07-25T04:17:13.000Z,12.191533333333332,75.46712000000001,2.799999999999997,2.6,340.75,5.9177613,25,gps,0.65,1.21,1.38,-89.4,,,,71,,1784953033000,2026-07-25T09:47:13.000+05:30,26372.294539609404,1784949352118,Default Profile,false
2026-07-25T04:17:19.000Z,12.191888333333335,75.46694333333333,2.0,2.7,336.37,5.70724,24,gps,0.67,1.20,1.37,-89.4,,,,71,,1784953039000,2026-07-25T09:47:19.000+05:30,26416.191072323043,1784949352118,Default Profile,false
2026-07-25T04:17:25.000Z,12.192085,75.46686833333334,-1.3999999999999915,2.4,324.49,1.9507972,28,gps,0.55,0.99,1.14,-89.3,,,,71,,1784953045000,2026-07-25T09:47:25.000+05:30,26439.52926910064,1784949352118,Default Profile,false
2026-07-25T04:17:31.000Z,12.192143333333336,75.46687833333334,-3.0,2.4,324.49,0.0,28,gps,0.54,0.71,0.89,-89.3,,,,71,,1784953051000,2026-07-25T09:47:31.000+05:30,26446.10606846125,1784949352118,Default Profile,false
2026-07-25T04:17:36.000Z,12.192143333333336,75.46687833333334,-3.0,2.2,324.49,0.0,27,gps,0.50,0.70,0.86,-89.3,,,,71,,1784953056000,2026-07-25T09:47:36.000+05:30,26446.10606846125,1784949352118,Default Profile,false
2026-07-25T04:17:42.000Z,12.192143333333336,75.46687833333334,-3.0,2.2,324.49,0.0,26,gps,0.52,0.70,0.88,-89.3,,,,71,,1784953062000,2026-07-25T09:47:42.000+05:30,26446.10606846125,1784949352118,Default Profile,false
2026-07-25T04:17:48.000Z,12.192143333333336,75.46687833333334,-3.0,2.3,324.49,0.0,27,gps,0.55,0.69,0.88,-89.3,,,,71,,1784953068000,2026-07-25T09:47:48.000+05:30,26446.10606846125,1784949352118,Default Profile,false
2026-07-25T04:17:54.000Z,12.192143333333336,75.46687833333334,-3.0,2.2,324.49,0.0,25,gps,0.56,0.72,0.91,-89.3,,,,71,,1784953074000,2026-07-25T09:47:54.000+05:30,26446.10606846125,1784949352118,Default Profile,false
2026-07-25T04:18:00.000Z,12.192143333333336,75.46687833333334,-3.0,1.2,324.49,0.0,24,gps,0.57,0.71,0.91,-89.3,,,,71,,1784953080000,2026-07-25T09:48:00.000+05:30,26446.10606846125,1784949352118,Default Profile,false
2026-07-25T04:18:06.000Z,12.192143333333336,75.46687833333334,-3.0,1.7,324.49,0.0,30,gps,0.50,0.69,0.85,-89.3,,,,71,,1784953086000,2026-07-25T09:48:06.000+05:30,26446.10606846125,1784949352118,Default Profile,false
2026-07-25T04:18:12.000Z,12.192143333333336,75.46687833333334,-3.0,1.1,324.49,0.0,26,gps,0.53,0.71,0.88,-89.3,,,,71,,1784953092000,2026-07-25T09:48:12.000+05:30,26446.10606846125,1784949352118,Default Profile,false
2026-07-25T04:18:18.000Z,12.192143333333336,75.46687833333334,-3.0,1.1,324.49,0.0,26,gps,0.52,0.70,0.87,-89.3,,,,71,,1784953098000,2026-07-25T09:48:18.000+05:30,26446.10606846125,1784949352118,Default Profile,false
2026-07-25T04:18:24.000Z,12.192143333333336,75.46687833333334,-3.0,1.1,324.49,0.0,27,gps,0.58,0.71,0.92,-89.3,,,,71,,1784953104000,2026-07-25T09:48:24.000+05:30,26446.10606846125,1784949352118,Default Profile,false
2026-07-25T04:18:29.000Z,12.192143333333336,75.46687833333334,-3.0,1.1,324.49,0.0,29,gps,0.52,0.70,0.88,-89.3,,,,71,,1784953109000,2026-07-25T09:48:29.000+05:30,26446.10606846125,1784949352118,Default Profile,false
2026-07-25T04:18:35.000Z,12.192143333333336,75.46687833333334,-3.0,1.1,324.49,0.0,26,gps,0.57,0.72,0.91,-89.3,,,,71,,1784953115000,2026-07-25T09:48:35.000+05:30,26446.10606846125,1784949352118,Default Profile,false
2026-07-25T04:18:41.000Z,12.192143333333336,75.46687833333334,-3.0,1.1,324.49,0.0,26,gps,0.57,0.68,0.89,-89.3,,,,71,,1784953121000,2026-07-25T09:48:41.000+05:30,26446.10606846125,1784949352118,Default Profile,false
2026-07-25T04:18:47.000Z,12.192196666666666,75.46686166666667,-5.3999999999999915,1.9,338.32,2.3296328,32,gps,0.48,0.67,0.82,-89.3,,,,71,,1784953127000,2026-07-25T09:48:47.000+05:30,26452.3069508784,1784949352118,Default Profile,false
2026-07-25T04:18:53.000Z,12.192371666666668,75.46677500000001,-4.8999999999999915,2.4,334.27,4.9778786,29,gps,0.55,1.14,1.27,-89.3,,,,71,,1784953133000,2026-07-25T09:48:53.000+05:30,26473.926028992748,1784949352118,Default Profile,false
2026-07-25T04:18:59.000Z,12.19259,75.466635,5.200000000000003,2.6,322.88,4.402419,22,gps,0.63,1.58,1.70,-89.3,,,,71,,1784953139000,2026-07-25T09:48:59.000+05:30,26502.57792300597,1784949352118,Default Profile,false
2026-07-25T04:19:05.000Z,12.192803333333332,75.46648499999999,11.200000000000003,2.5,326.29,4.9377303,25,gps,0.58,0.75,0.94,-89.3,,,,71,,1784953145000,2026-07-25T09:49:05.000+05:30,26531.361624178786,1784949352118,Default Profile,false
2026-07-25T04:19:11.000Z,12.193035000000002,75.46627833333334,11.900000000000006,2.7,312.27,5.1183977,24,gps,0.61,1.15,1.30,-89.3,,,,71,,1784953151000,2026-07-25T09:49:11.000+05:30,26565.53943125466,1784949352118,Default Profile,false
2026-07-25T04:19:17.000Z,12.193231666666668,75.46602333333334,8.299999999999997,2.5,296.83,3.893359,25,gps,0.62,1.20,1.35,-89.3,,,,71,,1784953157000,2026-07-25T09:49:17.000+05:30,26600.843093533065,1784949352118,Default Profile,false
2026-07-25T04:19:23.000Z,12.193295,75.465885,12.799999999999997,2.2,301.61,2.323456,30,gps,0.53,1.06,1.18,-89.3,,,,71,,1784953163000,2026-07-25T09:49:23.000+05:30,26617.445642160605,1784949352118,Default Profile,false
2026-07-25T04:19:29.000Z,12.193393333333331,75.46568666666667,15.799999999999997,2.5,306.76,5.1261187,32,gps,0.48,0.69,0.84,-89.3,,,,71,,1784953169000,2026-07-25T09:49:29.000+05:30,26641.61635119458,1784949352118,Default Profile,false
2026-07-25T04:19:35.000Z,12.193610000000001,75.465435,12.100000000000009,2.5,317.15,6.268287,28,gps,0.53,1.12,1.24,-89.3,,,,71,,1784953175000,2026-07-25T09:49:35.000+05:30,26678.066422560303,1784949352118,Default Profile,false
2026-07-25T04:19:40.000Z,12.193915,75.46517,14.400000000000006,2.5,317.91,8.326661,27,gps,0.58,1.16,1.29,-89.3,,,,71,,1784953180000,2026-07-25T09:49:40.000+05:30,26722.560657711874,1784949352118,Default Profile,false
2026-07-25T04:19:45.000Z,12.194293333333333,75.46492333333335,14.400000000000006,2.6,337.2,9.7313385,27,gps,0.54,0.73,0.91,-89.3,,,,71,,1784953185000,2026-07-25T09:49:45.000+05:30,26772.445673675476,1784949352118,Default Profile,false
2026-07-25T04:19:51.000Z,12.194854999999999,75.46470666666667,16.400000000000006,2.8,338.3,11.361464,25,gps,0.60,1.26,1.40,-89.3,,,,71,,1784953191000,2026-07-25T09:49:51.000+05:30,26839.192207630964,1784949352118,Default Profile,false
2026-07-25T04:19:57.000Z,12.195455,75.46443666666667,12.400000000000006,2.8,331.94,12.412012,23,gps,0.62,0.82,1.03,-89.3,,,,71,,1784953197000,2026-07-25T09:49:57.000+05:30,26912.077658908744,1784949352118,Default Profile,false
2026-07-25T04:20:02.000Z,12.195959999999998,75.46413666666668,25.299999999999997,2.7,331.15,11.976042,25,gps,0.60,1.25,1.38,-89.3,,,,71,,1784953202000,2026-07-25T09:50:02.000+05:30,26977.010978588227,1784949352118,Default Profile,false
2026-07-25T04:20:08.000Z,12.196460000000002,75.46388166666667,30.10000000000001,2.8,340.2,8.626744,23,gps,0.68,1.45,1.60,-89.3,,,,71,,1784953208000,2026-07-25T09:50:08.000+05:30,27039.13331410492,1784949352118,Default Profile,false
2026-07-25T04:20:14.000Z,12.196818333333333,75.4638,29.200000000000003,2.6,345.47,5.835406,25,gps,0.60,1.14,1.29,-89.3,,,,71,,1784953214000,2026-07-25T09:50:14.000+05:30,27079.954808521306,1784949352118,Default Profile,false
2026-07-25T04:20:20.000Z,12.197135,75.463785,32.900000000000006,2.5,351.6,5.866289,24,gps,0.61,0.81,1.01,-89.3,,,,71,,1784953220000,2026-07-25T09:50:20.000+05:30,27115.20425525819,1784949352118,Default Profile,false
2026-07-25T04:20:26.000Z,12.19754,75.46372333333333,34.3,2.6,347.43,7.5180326,24,gps,0.59,1.23,1.37,-89.3,,,,71,,1784953226000,2026-07-25T09:50:26.000+05:30,27160.734202440242,1784949352118,Default Profile,false
2026-07-25T04:20:31.000Z,12.197901666666667,75.46359833333332,32.2,3.0,343.35,8.443503,12,gps,0.85,1.69,1.89,-89.3,,,,71,,1784953231000,2026-07-25T09:50:31.000+05:30,27203.1824561673,1784949352118,Default Profile,false
2026-07-25T04:20:43.000Z,12.198605000000002,75.463355,36.400000000000006,5.9,341.86,6.1190176,5,gps,1.95,0.99,2.18,-89.3,,,,71,,1784953243000,2026-07-25T09:50:43.000+05:30,27285.740130806957,1784949352118,Default Profile,false
2026-07-25T04:20:49.000Z,12.198865000000001,75.46335666666667,36.3,3.4,336.21,5.2110476,9,gps,1.15,0.92,1.47,-89.3,,,,71,,1784953249000,2026-07-25T09:50:49.000+05:30,27314.651379197767,1784949352118,Default Profile,false
2026-07-25T04:20:55.000Z,12.199035,75.46314666666667,42.10000000000001,3.1,335.56,4.9933205,18,gps,0.70,0.81,1.07,-89.3,,,,71,,1784953255000,2026-07-25T09:50:55.000+05:30,27344.28663345104,1784949352118,Default Profile,false
2026-07-25T04:21:00.000Z,12.199180000000002,75.46294666666667,44.7,3.6,300.65,3.9149773,12,gps,1.26,0.86,1.52,-89.3,,,,71,,1784953260000,2026-07-25T09:51:00.000+05:30,27371.350421129373,1784949352118,Default Profile,false
2026-07-25T04:21:05.000Z,12.199136666666668,75.46291666666666,44.2,3.3,280.39,0.0,17,gps,0.79,0.81,1.13,-89.3,,,,71,,1784953265000,2026-07-25T09:51:05.000+05:30,27377.16836123456,1784949352118,Default Profile,false
2026-07-25T04:21:10.000Z,12.199136666666668,75.46291666666666,44.2,3.3,280.39,0.0,14,gps,0.83,0.81,1.16,-89.3,,,,71,,1784953270000,2026-07-25T09:51:10.000+05:30,27377.16836123456,1784949352118,Default Profile,false
2026-07-25T04:21:15.000Z,12.199136666666668,75.46291666666666,44.2,3.3,280.39,0.0,17,gps,0.73,0.87,1.14,-89.3,,,,71,,1784953275000,2026-07-25T09:51:15.000+05:30,27377.16836123456,1784949352118,Default Profile,false
2026-07-25T04:21:21.000Z,12.199136666666668,75.46289666666667,43.60000000000001,3.7,257.18,2.0223436,13,gps,0.78,0.87,1.17,-89.3,,,,71,,1784953281000,2026-07-25T09:51:21.000+05:30,27379.34204208822,1784949352118,Default Profile,false
2026-07-25T04:21:27.000Z,12.199201666666665,75.462415,46.39999999999999,3.6,276.98,9.180586,10,gps,0.90,1.87,2.08,-89.3,,,,71,,1784953287000,2026-07-25T09:51:27.000+05:30,27432.188107806163,1784949352118,Default Profile,false
2026-07-25T04:21:33.000Z,12.199163333333335,75.461765,45.7,3.2,267.26,11.671841,11,gps,0.84,0.95,1.27,-89.3,,,,71,,1784953293000,2026-07-25T09:51:33.000+05:30,27502.961198567213,1784949352118,Default Profile,false
2026-07-25T04:21:39.000Z,12.19921,75.46099166666666,34.8,3.1,272.0,14.466783,19,gps,0.69,1.39,1.55,-89.3,,,,71,,1784953299000,2026-07-25T09:51:39.000+05:30,27587.170208115866,1784949352118,Default Profile,false
2026-07-25T04:21:44.000Z,12.199173333333333,75.46029666666666,34.3,3.2,264.6,15.374753,18,gps,0.64,1.14,1.31,-89.3,,,,71,,1784953304000,2026-07-25T09:51:44.000+05:30,27662.8155574747,1784949352118,Default Profile,false
2026-07-25T04:21:50.000Z,12.199111666666665,75.45938333333334,27.0,2.5,266.04,15.337178,23,gps,0.57,0.71,0.92,-89.3,,,,71,,1784953310000,2026-07-25T09:51:50.000+05:30,27762.31686741499,1784949352118,Default Profile,false
2026-07-25T04:21:56.000Z,12.199093333333334,75.45864166666667,38.10000000000001,2.8,269.33,10.709311,14,gps,0.78,0.84,1.14,-89.3,,,,71,,1784953316000,2026-07-25T09:51:56.000+05:30,27842.949983315524,1784949352118,Default Profile,false
2026-07-25T04:22:02.000Z,12.199026666666668,75.45841,35.400000000000006,2.7,249.78,0.0,19,gps,0.62,0.77,0.99,-89.3,,,,71,,1784953322000,2026-07-25T09:52:02.000+05:30,27869.197044287695,1784949352118,Default Profile,false
2026-07-25T04:22:07.000Z,12.199023333333333,75.45842333333333,35.3,2.4,249.78,0.0,20,gps,0.63,0.78,1.00,-89.3,,,,71,,1784953327000,2026-07-25T09:52:07.000+05:30,27870.692816140232,1784949352118,Default Profile,false
2026-07-25T04:22:12.000Z,12.199023333333333,75.45842333333333,35.3,2.5,249.78,0.0,24,gps,0.54,0.75,0.92,-89.3,,,,70,,1784953332000,2026-07-25T09:52:12.000+05:30,27870.692816140232,1784949352118,Default Profile,false
2026-07-25T04:22:18.000Z,12.199023333333333,75.45842333333333,35.3,2.5,249.78,0.0,25,gps,0.59,0.74,0.94,-89.3,,,,70,,1784953338000,2026-07-25T09:52:18.000+05:30,27870.692816140232,1784949352118,Default Profile,false
2026-07-25T04:22:23.000Z,12.199023333333333,75.45842333333333,35.3,1.1,249.78,0.0,27,gps,0.53,0.70,0.88,-89.3,,,,70,,1784953343000,2026-07-25T09:52:23.000+05:30,27870.692816140232,1784949352118,Default Profile,false
2026-07-25T04:22:29.000Z,12.198948333333332,75.45833333333333,31.5,2.0,278.63,3.5366564,25,gps,0.58,1.04,1.19,-89.3,,,,70,,1784953349000,2026-07-25T09:52:29.000+05:30,27883.546934295377,1784949352118,Default Profile,false
2026-07-25T04:22:34.000Z,12.198928333333333,75.45810833333333,26.0,2.6,264.71,5.9198203,28,gps,0.53,1.01,1.15,-89.3,,,,70,,1784953354000,2026-07-25T09:52:34.000+05:30,27908.101777302167,1784949352118,Default Profile,false
2026-07-25T04:22:39.000Z,12.198866666666667,75.45775499999999,21.400000000000006,2.6,256.7,8.786308,20,gps,0.62,0.79,1.00,-89.3,,,,70,,1784953359000,2026-07-25T09:52:39.000+05:30,27947.110899026808,1784949352118,Default Profile,false
2026-07-25T04:22:45.000Z,12.198749999999999,75.457085,15.799999999999997,2.6,260.46,12.055824,24,gps,0.57,0.75,0.94,-89.3,,,,70,,1784953365000,2026-07-25T09:52:45.000+05:30,28021.075831459184,1784949352118,Default Profile,false
2026-07-25T04:22:51.000Z,12.198721666666666,75.456385,16.10000000000001,2.5,266.28,12.251933,27,gps,0.53,1.04,1.17,-89.3,,,,70,,1784953371000,2026-07-25T09:52:51.000+05:30,28097.219982008017,1784949352118,Default Profile,false
2026-07-25T04:22:57.000Z,12.198663333333332,75.45573666666665,19.700000000000003,2.3,260.81,12.187078,26,gps,0.55,1.01,1.15,-89.3,,,,70,,1784953377000,2026-07-25T09:52:57.000+05:30,28167.981502247054,1784949352118,Default Profile,false
2026-07-25T04:23:03.000Z,12.198578333333334,75.45500833333334,22.10000000000001,2.7,267.64,12.59062,27,gps,0.52,0.73,0.90,-89.3,,,,70,,1784953383000,2026-07-25T09:53:03.000+05:30,28247.702132769024,1784949352118,Default Profile,false
2026-07-25T04:23:08.000Z,12.198558333333335,75.45437333333332,22.0,3.0,270.32,14.764807,23,gps,0.58,0.75,0.95,-89.3,,,,70,,1784953388000,2026-07-25T09:53:08.000+05:30,28316.752469648054,1784949352118,Default Profile,false
2026-07-25T04:23:13.000Z,12.198618333333332,75.453715,15.400000000000006,2.6,282.41,14.823485,23,gps,0.61,1.12,1.28,-89.3,,,,70,,1784953393000,2026-07-25T09:53:13.000+05:30,28388.613322419365,1784949352118,Default Profile,false
2026-07-25T04:23:19.000Z,12.198771666666667,75.45290166666668,30.60000000000001,2.9,277.94,15.256367,21,gps,0.63,0.78,1.00,-89.3,,,,70,,1784953399000,2026-07-25T09:53:19.000+05:30,28478.639098079264,1784949352118,Default Profile,false
2026-07-25T04:23:25.000Z,12.198994999999998,75.45206,23.200000000000003,2.8,273.09,14.442591,19,gps,0.80,1.67,1.86,-89.3,,,,70,,1784953405000,2026-07-25T09:53:25.000+05:30,28573.42586223389,1784949352118,Default Profile,false
2026-07-25T04:23:30.000Z,12.198961666666666,75.45143333333334,23.299999999999997,3.1,267.97,13.042546,18,gps,0.78,0.86,1.16,-89.3,,,,70,,1784953410000,2026-07-25T09:53:30.000+05:30,28641.63534952557,1784949352118,Default Profile,false
2026-07-25T04:23:36.000Z,12.198778333333333,75.45069333333332,25.900000000000006,3.0,259.47,12.537604,13,gps,0.86,0.96,1.29,-89.3,,,,70,,1784953416000,2026-07-25T09:53:36.000+05:30,28724.605004038505,1784949352118,Default Profile,false
2026-07-25T04:23:42.000Z,12.198993333333332,75.450015,24.10000000000001,3.0,286.22,12.707977,16,gps,0.90,0.81,1.21,-89.3,,,,70,,1784953422000,2026-07-25T09:53:42.000+05:30,28802.108423946967,1784949352118,Default Profile,false
2026-07-25T04:23:47.000Z,12.198983333333334,75.44946499999999,11.0,2.6,256.03,11.868979,19,gps,0.84,1.35,1.59,-89.3,,,,70,,1784953427000,2026-07-25T09:53:47.000+05:30,28861.895022168166,1784949352118,Default Profile,false
2026-07-25T04:23:53.000Z,12.198746666666667,75.44888999999999,7.200000000000003,3.3,232.37,10.695928,17,gps,0.86,0.81,1.18,-89.3,,,,70,,1784953433000,2026-07-25T09:53:53.000+05:30,28929.703299384808,1784949352118,Default Profile,false
2026-07-25T04:23:58.000Z,12.198498333333335,75.44846333333334,6.1000000000000085,3.0,237.65,8.854252,14,gps,0.97,1.79,2.03,-89.3,,,,70,,1784953438000,2026-07-25T09:53:58.000+05:30,28983.674197221353,1784949352118,Default Profile,false
2026-07-25T04:24:04.000Z,12.198281666666666,75.44809666666667,6.900000000000006,2.9,242.38,5.8451858,18,gps,0.69,0.82,1.07,-89.3,,,,70,,1784953444000,2026-07-25T09:54:04.000+05:30,29030.241698782796,1784949352118,Default Profile,false
2026-07-25T04:24:09.000Z,12.198281666666666,75.44808833333333,9.799999999999997,2.9,248.82,0.0,14,gps,0.83,0.86,1.20,-89.3,,,,70,,1784953449000,2026-07-25T09:54:09.000+05:30,29031.14740206146,1784949352118,Default Profile,false
2026-07-25T04:24:15.000Z,12.198283333333332,75.44808166666667,9.799999999999997,2.9,248.82,0.0,20,gps,0.71,0.79,1.06,-89.3,,,,70,,1784953455000,2026-07-25T09:54:15.000+05:30,29031.895289954253,1784949352118,Default Profile,false
2026-07-25T04:24:20.000Z,12.198283333333332,75.44808166666667,9.799999999999997,2.8,248.82,0.0,26,gps,0.59,0.72,0.93,-89.3,,,,70,,1784953460000,2026-07-25T09:54:20.000+05:30,29031.895289954253,1784949352118,Default Profile,false
2026-07-25T04:24:26.000Z,12.198223333333333,75.44782333333333,18.299999999999997,2.5,263.67,6.732052,27,gps,0.58,1.08,1.23,-89.3,,,,70,,1784953466000,2026-07-25T09:54:26.000+05:30,29060.753884507114,1784949352118,Default Profile,false
2026-07-25T04:24:31.000Z,12.198213333333335,75.44745833333333,18.299999999999997,2.4,278.23,9.202204,30,gps,0.53,0.73,0.91,-89.3,,,,70,,1784953471000,2026-07-25T09:54:31.000+05:30,29100.43927852786,1784949352118,Default Profile,false
2026-07-25T04:24:36.000Z,12.19836,75.44699999999999,16.900000000000006,2.8,289.84,10.707767,24,gps,0.63,1.04,1.21,-89.3,,,,70,,1784953476000,2026-07-25T09:54:36.000+05:30,29152.854664940307,1784949352118,Default Profile,false
2026-07-25T04:24:42.000Z,12.198528333333336,75.44650333333334,16.200000000000003,3.3,299.81,10.613572,18,gps,0.72,0.83,1.10,-89.3,,,,70,,1784953482000,2026-07-25T09:54:42.000+05:30,29209.987704414674,1784949352118,Default Profile,false
2026-07-25T04:24:48.000Z,12.199078333333334,75.44608333333333,21.0,3.3,314.79,11.110794,16,gps,0.74,1.43,1.61,-89.3,,,,70,,1784953488000,2026-07-25T09:54:48.000+05:30,29286.302089322377,1784949352118,Default Profile,false
2026-07-25T04:24:53.000Z,12.199600000000002,75.44573666666666,29.0,2.9,325.35,14.296925,21,gps,0.68,1.28,1.45,-89.3,,,,70,,1784953493000,2026-07-25T09:54:53.000+05:30,29355.471013154074,1784949352118,Default Profile,false
2026-07-25T04:24:59.000Z,12.200331666666667,75.44540333333333,26.799999999999997,3.0,342.77,14.765322,17,gps,1.05,1.89,2.16,-89.3,,,,70,,1784953499000,2026-07-25T09:54:59.000+05:30,29444.530113482047,1784949352118,Default Profile,false
2026-07-25T04:25:05.000Z,12.201179999999999,75.44512166666667,22.700000000000003,3.2,343.25,16.172058,15,gps,1.09,2.05,2.32,-89.3,,,,70,,1784953505000,2026-07-25T09:55:05.000+05:30,29543.703404128963,1784949352118,Default Profile,false
2026-07-25T04:25:11.000Z,12.201988333333334,75.44517833333333,22.5,4.6,8.33,14.651053,10,gps,1.25,0.97,1.58,-89.3,,,,70,,1784953511000,2026-07-25T09:55:11.000+05:30,29633.796718373418,1784949352118,Default Profile,false
2026-07-25T04:25:16.000Z,12.202721666666665,75.44531666666667,21.400000000000006,4.4,6.98,15.58373,12,gps,1.05,0.95,1.41,-89.3,,,,70,,1784953516000,2026-07-25T09:55:16.000+05:30,29716.71406614597,1784949352118,Default Profile,false
2026-07-25T04:25:21.000Z,12.203485,75.44544666666667,12.900000000000006,3.1,11.43,14.217142,13,gps,1.00,0.93,1.37,-89.3,,,,70,,1784953521000,2026-07-25T09:55:21.000+05:30,29802.76074087842,1784949352118,Default Profile,false
2026-07-25T04:25:27.000Z,12.204133333333335,75.44573999999999,2.200000000000003,3.2,13.69,11.738755,12,gps,1.22,0.94,1.54,-89.3,,,,70,,1784953527000,2026-07-25T09:55:27.000+05:30,29881.58654161773,1784949352118,Default Profile,false
2026-07-25T04:25:32.000Z,12.204771666666666,75.44574166666666,2.299999999999997,3.1,350.99,13.455354,21,gps,0.77,0.91,1.19,-89.3,,,,70,,1784953532000,2026-07-25T09:55:32.000+05:30,29952.566200918067,1784949352118,Default Profile,false
2026-07-25T04:25:38.000Z,12.205566666666668,75.44549833333333,1.1000000000000085,4.0,342.75,15.548729,9,gps,1.48,0.96,1.76,-89.3,,,,70,,1784953538000,2026-07-25T09:55:38.000+05:30,30044.83719852958,1784949352118,Default Profile,false
2026-07-25T04:25:44.000Z,12.206318333333336,75.44526,-0.09999999999999432,4.7,344.31,14.473989,5,gps,2.05,0.99,2.27,-89.3,,,,70,,1784953544000,2026-07-25T09:55:44.000+05:30,30132.340358271478,1784949352118,Default Profile,false
2026-07-25T04:25:49.000Z,12.206940000000001,75.445105,-1.0999999999999943,4.7,346.54,14.866722,9,gps,1.26,0.98,1.60,-89.3,,,,70,,1784953549000,2026-07-25T09:55:49.000+05:30,30203.48950612555,1784949352118,Default Profile,false
2026-07-25T04:25:55.000Z,12.207356666666666,75.44494833333333,4.799999999999997,3.6,332.42,8.96852,9,gps,1.33,4.56,4.75,-89.3,,,,70,,1784953555000,2026-07-25T09:55:55.000+05:30,30252.850308040262,1784949352118,Default Profile,false
2026-07-25T04:26:01.000Z,12.207561666666667,75.44480333333333,4.5,4.5,321.17,4.667501,9,gps,1.53,3.43,3.76,-89.3,,,,70,,1784953561000,2026-07-25T09:56:01.000+05:30,30280.562156521777,1784949352118,Default Profile,false
2026-07-25T04:26:06.000Z,12.207410000000001,75.44477833333333,3.299999999999997,4.0,279.93,1.028415,11,gps,1.06,0.95,1.42,-89.3,,,,70,,1784953566000,2026-07-25T09:56:06.000+05:30,30297.644184726094,1784949352118,Default Profile,false
2026-07-25T04:26:12.000Z,12.207411666666667,75.44473833333333,-2.0,3.6,315.69,2.3702958,7,gps,1.42,0.97,1.72,-89.3,,,,70,,1784953572000,2026-07-25T09:56:12.000+05:30,30301.995359125278,1784949352118,Default Profile,false
2026-07-25T04:26:18.000Z,12.207663333333334,75.44457000000001,2.1000000000000085,3.4,329.15,6.6460934,11,gps,1.02,0.97,1.41,-89.3,,,,70,,1784953578000,2026-07-25T09:56:18.000+05:30,30335.428854372778,1784949352118,Default Profile,false
2026-07-25T04:26:23.000Z,12.207985,75.44445999999999,1.7999999999999972,2.7,332.01,9.8981085,22,gps,0.66,0.83,1.06,-89.3,,,,70,,1784953583000,2026-07-25T09:56:23.000+05:30,30373.141544094797,1784949352118,Default Profile,false
2026-07-25T04:26:29.000Z,12.208461666666668,75.44414166666667,-2.299999999999997,2.9,314.92,9.330884,19,gps,0.66,0.82,1.06,-89.3,,,,70,,1784953589000,2026-07-25T09:56:29.000+05:30,30436.436342030524,1784949352118,Default Profile,false
2026-07-25T04:26:35.000Z,12.208528333333334,75.44367666666668,-22.700000000000003,3.1,273.51,8.860428,17,gps,0.78,0.85,1.15,-89.3,,,,70,,1784953595000,2026-07-25T09:56:35.000+05:30,30487.51343641234,1784949352118,Default Profile,false
2026-07-25T04:26:41.000Z,12.2084,75.44305666666668,-55.599999999999994,3.0,260.66,11.318742,14,gps,0.89,0.89,1.26,-89.3,,,,70,,1784953601000,2026-07-25T09:56:41.000+05:30,30556.38964001484,1784949352118,Default Profile,false
2026-07-25T04:26:47.000Z,12.208428333333332,75.442395,-58.0,3.0,285.9,12.547898,19,gps,0.67,1.44,1.59,-89.3,,,,70,,1784953607000,2026-07-25T09:56:47.000+05:30,30628.368712165866,1784949352118,Default Profile,false
2026-07-25T04:26:53.000Z,12.208686666666665,75.441695,-66.19999999999999,2.9,291.52,13.081151,14,gps,0.85,0.88,1.23,-89.3,,,,70,,1784953613000,2026-07-25T09:56:53.000+05:30,30709.68736191578,1784949352118,Default Profile,false
2026-07-25T04:26:59.000Z,12.208988333333332,75.44111833333334,-59.8,3.6,305.94,10.666074,18,gps,0.86,0.84,1.20,-89.3,,,,70,,1784953619000,2026-07-25T09:56:59.000+05:30,30780.771731193938,1784949352118,Default Profile,false
2026-07-25T04:27:05.000Z,12.209478333333333,75.440905,-59.199999999999996,3.3,338.98,9.33037,24,gps,0.69,0.75,1.02,-89.3,,,,70,,1784953625000,2026-07-25T09:57:05.000+05:30,30839.98505379659,1784949352118,Default Profile,false
2026-07-25T04:27:11.000Z,12.210080000000001,75.44084333333333,-67.5,2.8,350.9,10.050467,22,gps,0.61,0.77,0.99,-89.3,,,,70,,1784953631000,2026-07-25T09:57:11.000+05:30,30907.22217767802,1784949352118,Default Profile,false
2026-07-25T04:27:16.000Z,12.210461666666667,75.44064833333333,-72.19999999999999,2.7,318.74,9.201689,17,gps,0.68,1.43,1.58,-89.3,,,,70,,1784953636000,2026-07-25T09:57:16.000+05:30,30954.658707594062,1784949352118,Default Profile,false
2026-07-25T04:27:22.000Z,12.210451666666666,75.44024666666665,-64.3,2.4,261.44,5.629517,32,gps,0.52,0.71,0.88,-89.3,,,,70,,1784953642000,2026-07-25T09:57:22.000+05:30,30998.325759045478,1784949352118,Default Profile,false
2026-07-25T04:27:27.000Z,12.21042,75.44017000000001,-53.599999999999994,2.2,260.15,0.0,32,gps,0.53,0.70,0.87,-89.3,,,,70,,1784953647000,2026-07-25T09:57:27.000+05:30,31007.371329515463,1784949352118,Default Profile,false
2026-07-25T04:27:32.000Z,12.21042,75.44017000000001,-53.599999999999994,2.2,260.15,0.0,30,gps,0.54,0.73,0.91,-89.3,,,,70,,1784953652000,2026-07-25T09:57:32.000+05:30,31007.371329515463,1784949352118,Default Profile,false
2026-07-25T04:27:38.000Z,12.21042,75.44017000000001,-53.599999999999994,3.0,260.15,0.0,18,gps,0.76,0.78,1.09,-89.3,,,,70,,1784953658000,2026-07-25T09:57:38.000+05:30,31007.371329515463,1784949352118,Default Profile,false
2026-07-25T04:27:44.000Z,12.210436666666665,75.440145,-51.199999999999996,3.1,260.15,0.0,15,gps,0.81,0.83,1.16,-89.3,,,,69,,1784953664000,2026-07-25T09:57:44.000+05:30,31010.660180360537,1784949352118,Default Profile,false
2026-07-25T04:27:50.000Z,12.210443333333334,75.44003500000001,-57.0,2.8,255.69,1.9435911,19,gps,0.73,0.91,1.17,-89.3,,,,69,,1784953670000,2026-07-25T09:57:50.000+05:30,31022.63787644989,1784949352118,Default Profile,false
2026-07-25T04:27:56.000Z,12.210434999999999,75.43998833333333,-58.699999999999996,2.7,257.22,0.0,20,gps,0.74,0.85,1.12,-89.3,,,,69,,1784953676000,2026-07-25T09:57:56.000+05:30,31027.793536482965,1784949352118,Default Profile,false
2026-07-25T04:28:01.000Z,12.210341666666666,75.43991,-53.3,2.6,227.9,3.4100347,20,gps,0.72,0.84,1.11,-89.3,,,,69,,1784953681000,2026-07-25T09:58:01.000+05:30,31041.216719318356,1784949352118,Default Profile,false
2026-07-25T04:28:06.000Z,12.210256666666664,75.43969166666668,-53.0,2.7,250.93,6.5158687,27,gps,0.55,1.12,1.24,-89.3,,,,69,,1784953686000,2026-07-25T09:58:06.000+05:30,31066.758189877444,1784949352118,Default Profile,false
2026-07-25T04:28:12.000Z,12.210188333333333,75.43924833333334,-53.099999999999994,2.7,265.28,9.284559,25,gps,0.57,1.11,1.25,-89.3,,,,69,,1784953692000,2026-07-25T09:58:12.000+05:30,31115.534891283314,1784949352118,Default Profile,false
2026-07-25T04:28:18.000Z,12.210136666666665,75.43859666666667,-46.0,2.9,257.0,12.3481865,23,gps,0.57,1.13,1.27,-89.3,,,,69,,1784953698000,2026-07-25T09:58:18.000+05:30,31186.590346161687,1784949352118,Default Profile,false
2026-07-25T04:28:24.000Z,12.209866666666668,75.43785,-38.599999999999994,2.9,248.61,11.833979,24,gps,0.55,0.75,0.93,-89.3,,,,69,,1784953704000,2026-07-25T09:58:24.000+05:30,31273.11353769066,1784949352118,Default Profile,false
2026-07-25T04:28:30.000Z,12.209773333333333,75.43750166666668,-40.0,3.2,260.85,1.2620989,16,gps,0.89,0.84,1.22,-89.3,,,,69,,1784953710000,2026-07-25T09:58:30.000+05:30,31312.367076018443,1784949352118,Default Profile,false
2026-07-25T04:28:36.000Z,12.209783333333332,75.43747499999999,-43.3,3.0,263.54,2.2555127,15,gps,0.85,0.84,1.19,-89.3,,,,69,,1784953716000,2026-07-25T09:58:36.000+05:30,31315.47119554586,1784949352118,Default Profile,false
2026-07-25T04:28:42.000Z,12.20974,75.43723166666668,-45.599999999999994,3.0,261.7,5.5451026,17,gps,0.83,0.88,1.21,-89.3,,,,69,,1784953722000,2026-07-25T09:58:42.000+05:30,31342.351970553373,1784949352118,Default Profile,false
2026-07-25T04:28:47.000Z,12.20974,75.43692666666668,-47.699999999999996,3.3,259.46,6.692418,17,gps,0.81,0.88,1.20,-89.3,,,,69,,1784953727000,2026-07-25T09:58:47.000+05:30,31375.499276768685,1784949352118,Default Profile,false
2026-07-25T04:28:53.000Z,12.209346666666667,75.43667166666667,-52.199999999999996,2.6,214.73,10.762841,24,gps,0.65,0.80,1.03,-89.3,,,,69,,1784953733000,2026-07-25T09:58:53.000+05:30,31427.276933508834,1784949352118,Default Profile,false
2026-07-25T04:28:59.000Z,12.208785,75.43631333333333,-47.4,2.7,215.68,12.610695,26,gps,0.59,1.13,1.28,-89.3,,,,69,,1784953739000,2026-07-25T09:58:59.000+05:30,31500.878365972476,1784949352118,Default Profile,false
2026-07-25T04:29:05.000Z,12.208249999999998,75.43588833333334,-39.199999999999996,3.0,226.22,13.693155,24,gps,0.68,1.34,1.50,-89.3,,,,69,,1784953745000,2026-07-25T09:59:05.000+05:30,31576.193745989392,1784949352118,Default Profile,false
2026-07-25T04:29:11.000Z,12.207895,75.43523499999999,-39.199999999999996,2.8,248.98,13.179977,20,gps,0.82,1.39,1.61,-89.3,,,,69,,1784953751000,2026-07-25T09:59:11.000+05:30,31657.433226754794,1784949352118,Default Profile,false
2026-07-25T04:29:17.000Z,12.208023333333331,75.43445666666666,-35.4,3.1,280.46,11.911701,16,gps,0.84,0.86,1.20,-89.3,,,,69,,1784953757000,2026-07-25T09:59:17.000+05:30,31743.218033865087,1784949352118,Default Profile,false
2026-07-25T04:29:22.000Z,12.208078333333333,75.43419666666667,-37.699999999999996,3.0,286.29,5.769521,19,gps,0.70,1.30,1.48,-89.3,,,,69,,1784953762000,2026-07-25T09:59:22.000+05:30,31772.129181499025,1784949352118,Default Profile,false
2026-07-25T04:29:27.000Z,12.208068333333332,75.43422166666666,-38.0,2.7,292.68,0.0,21,gps,0.62,0.78,1.00,-89.3,,,,69,,1784953767000,2026-07-25T09:59:27.000+05:30,31775.064921835048,1784949352118,Default Profile,false
2026-07-25T04:29:33.000Z,12.208068333333332,75.43422000000001,-38.099999999999994,2.6,292.68,0.0,25,gps,0.59,0.76,0.96,-89.3,,,,69,,1784953773000,2026-07-25T09:59:33.000+05:30,31775.246055797365,1784949352118,Default Profile,false
2026-07-25T04:29:39.000Z,12.208124999999999,75.43401333333333,-38.9,2.6,292.48,5.327375,25,gps,0.61,0.74,0.96,-89.3,,,,69,,1784953779000,2026-07-25T09:59:39.000+05:30,31798.573767712445,1784949352118,Default Profile,false
2026-07-25T04:29:45.000Z,12.208298333333335,75.43367333333335,-40.8,2.9,287.55,7.0532384,22,gps,0.67,1.24,1.41,-89.3,,,,69,,1784953785000,2026-07-25T09:59:45.000+05:30,31840.249637137575,1784949352118,Default Profile,false
2026-07-25T04:29:51.000Z,12.208501666666667,75.43318,-46.199999999999996,2.9,287.61,9.967596,21,gps,0.70,1.43,1.59,-89.3,,,,69,,1784953791000,2026-07-25T09:59:51.000+05:30,31898.437494048332,1784949352118,Default Profile,false
2026-07-25T04:29:57.000Z,12.208626666666666,75.43256500000001,-44.8,2.8,287.87,11.559117,19,gps,0.70,0.84,1.09,-89.3,,,,69,,1784953797000,2026-07-25T09:59:57.000+05:30,31966.70572783772,1784949352118,Default Profile,false
2026-07-25T04:30:02.000Z,12.208833333333333,75.431985,-44.3,2.8,291.95,14.380824,19,gps,0.75,1.77,1.92,-89.3,,,,69,,1784953802000,2026-07-25T10:00:02.000+05:30,32033.798476341293,1784949352118,Default Profile,false
2026-07-25T04:30:08.000Z,12.20913,75.43120666666667,-38.699999999999996,3.0,288.51,14.873928,20,gps,0.68,0.82,1.07,-89.3,,,,69,,1784953808000,2026-07-25T10:00:08.000+05:30,32124.592426257048,1784949352118,Default Profile,false
2026-07-25T04:30:13.000Z,12.209501666666664,75.43065,-30.699999999999996,3.2,309.94,14.121404,12,gps,1.06,2.08,2.34,-89.3,,,,69,,1784953813000,2026-07-25T10:00:13.000+05:30,32197.859209228372,1784949352118,Default Profile,false
2026-07-25T04:30:19.000Z,12.210103333333333,75.429955,-42.0,2.8,306.48,14.912532,18,gps,0.69,0.81,1.06,-89.3,,,,69,,1784953819000,2026-07-25T10:00:19.000+05:30,32298.760417698733,1784949352118,Default Profile,false
2026-07-25T04:30:25.000Z,12.210648333333332,75.42929833333332,-44.0,2.9,316.79,15.889475,17,gps,0.73,1.33,1.52,-89.3,,,,69,,1784953825000,2026-07-25T10:00:25.000+05:30,32392.38540626938,1784949352118,Default Profile,false
2026-07-25T04:30:31.000Z,12.211181666666668,75.42862833333334,-33.3,3.1,310.23,14.87959,16,gps,0.80,0.84,1.16,-89.3,,,,69,,1784953831000,2026-07-25T10:00:31.000+05:30,32486.29490694711,1784949352118,Default Profile,false
2026-07-25T04:30:36.000Z,12.211576666666668,75.42817666666666,-35.8,3.0,299.26,13.260789,17,gps,0.84,1.39,1.62,-89.3,,,,69,,1784953836000,2026-07-25T10:00:36.000+05:30,32552.163297883395,1784949352118,Default Profile,false
2026-07-25T04:30:42.000Z,12.211541666666669,75.42756,-23.39999999999999,2.8,246.95,10.2306185,17,gps,0.77,0.83,1.13,-89.3,,,,69,,1784953842000,2026-07-25T10:00:42.000+05:30,32619.29488645753,1784949352118,Default Profile,false
2026-07-25T04:30:48.000Z,12.211215000000001,75.427105,-20.39999999999999,2.8,238.95,9.317502,23,gps,0.63,0.81,1.02,-89.3,,,,69,,1784953848000,2026-07-25T10:00:48.000+05:30,32680.651292019033,1784949352118,Default Profile,false
2026-07-25T04:30:54.000Z,12.210994999999999,75.42661166666667,-19.099999999999994,2.9,249.49,10.424154,22,gps,0.67,0.82,1.06,-89.3,,,,69,,1784953854000,2026-07-25T10:00:54.000+05:30,32739.583499231096,1784949352118,Default Profile,false
2026-07-25T04:31:00.000Z,12.210863333333334,75.42598166666667,-8.200000000000003,2.9,251.99,11.243592,21,gps,0.66,0.84,1.07,-89.3,,,,69,,1784953860000,2026-07-25T10:01:00.000+05:30,32809.59922777774,1784949352118,Default Profile,false
2026-07-25T04:31:06.000Z,12.210655000000001,75.42532166666666,-6.799999999999997,3.1,249.36,12.420762,21,gps,0.67,0.82,1.06,-89.3,,,,69,,1784953866000,2026-07-25T10:01:06.000+05:30,32884.9756000803,1784949352118,Default Profile,false
2026-07-25T04:31:12.000Z,12.210356666666666,75.42463166666667,-9.399999999999991,2.7,242.89,13.052841,23,gps,0.59,1.24,1.38,-89.3,,,,69,,1784953872000,2026-07-25T10:01:12.000+05:30,32966.9742211299,1784949352118,Default Profile,false
2026-07-25T04:31:17.000Z,12.210073333333332,75.42407499999999,-8.799999999999997,3.2,244.27,13.089386,14,gps,0.85,1.96,2.13,-89.3,,,,69,,1784953877000,2026-07-25T10:01:17.000+05:30,33035.18432420026,1784949352118,Default Profile,false
2026-07-25T04:31:23.000Z,12.209803333333332,75.42335166666666,-4.8999999999999915,2.8,246.51,13.373513,18,gps,0.78,1.86,2.02,-89.3,,,,69,,1784953883000,2026-07-25T10:01:23.000+05:30,33119.33383208563,1784949352118,Default Profile,false
2026-07-25T04:31:28.000Z,12.209738333333332,75.42265166666667,-7.299999999999997,3.2,258.49,14.891429,16,gps,1.06,0.94,1.41,-89.3,,,,69,,1784953888000,2026-07-25T10:01:28.000+05:30,33195.75217344049,1784949352118,Default Profile,false
2026-07-25T04:31:33.000Z,12.209628333333335,75.421995,-11.399999999999991,2.8,255.87,14.1502285,18,gps,0.78,0.89,1.18,-89.3,,,,69,,1784953893000,2026-07-25T10:01:33.000+05:30,33268.15910412653,1784949352118,Default Profile,false
2026-07-25T04:31:39.000Z,12.209398333333334,75.42135666666667,-17.799999999999997,3.1,258.8,13.869705,21,gps,0.69,1.57,1.71,-89.3,,,,69,,1784953899000,2026-07-25T10:01:39.000+05:30,33342.09701200489,1784949352118,Default Profile,false
2026-07-25T04:31:44.000Z,12.209318333333332,75.4207,-26.599999999999994,3.0,264.74,15.207468,21,gps,0.64,1.20,1.36,-89.3,,,,69,,1784953904000,2026-07-25T10:01:44.000+05:30,33414.01571289121,1784949352118,Default Profile,false
2026-07-25T04:31:50.000Z,12.209280000000001,75.420005,-27.599999999999994,3.0,270.06,7.304423,21,gps,0.71,0.85,1.11,-89.3,,,,69,,1784953910000,2026-07-25T10:01:50.000+05:30,33489.66839985405,1784949352118,Default Profile,false
2026-07-25T04:31:55.000Z,12.20922,75.41988166666667,-19.099999999999994,3.1,256.46,2.4917703,16,gps,0.96,0.87,1.30,-89.3,,,,69,,1784953915000,2026-07-25T10:01:55.000+05:30,33504.6408683237,1784949352118,Default Profile,false
2026-07-25T04:32:00.000Z,12.209253333333333,75.41971833333334,-18.0,2.8,268.84,5.75408,22,gps,0.72,1.41,1.59,-89.3,,,,69,,1784953920000,2026-07-25T10:02:00.000+05:30,33522.77475667723,1784949352118,Default Profile,false
2026-07-25T04:32:05.000Z,12.20923166666667,75.41938,-18.099999999999994,2.7,266.8,9.166173,27,gps,0.55,1.06,1.20,-89.3,,,,69,,1784953925000,2026-07-25T10:02:05.000+05:30,33559.62363169312,1784949352118,Default Profile,false
2026-07-25T04:32:11.000Z,12.209184999999998,75.41880166666667,-18.299999999999997,2.7,260.42,11.081969,23,gps,0.59,1.10,1.25,-89.3,,,,69,,1784953931000,2026-07-25T10:02:11.000+05:30,33622.690686196176,1784949352118,Default Profile,false
2026-07-25T04:32:17.000Z,12.208833333333333,75.41823666666666,-24.5,2.7,230.24,12.921072,24,gps,0.60,1.11,1.26,-89.3,,,,69,,1784953937000,2026-07-25T10:02:17.000+05:30,33695.48878243077,1784949352118,Default Profile,false
2026-07-25T04:32:23.000Z,12.208556666666668,75.41763999999999,-22.099999999999994,2.8,260.75,12.335318,20,gps,0.67,0.78,1.03,-89.3,,,,69,,1784953943000,2026-07-25T10:02:23.000+05:30,33767.26202185287,1784949352118,Default Profile,false
2026-07-25T04:32:29.000Z,12.208556666666668,75.41688333333333,-22.5,2.7,264.0,13.623153,23,gps,0.60,0.77,0.98,-89.3,,,,69,,1784953949000,2026-07-25T10:02:29.000+05:30,33849.49669000784,1784949352118,Default Profile,false
2026-07-25T04:32:35.000Z,12.208450000000001,75.41610833333334,-28.199999999999996,2.7,249.23,13.670507,20,gps,0.69,1.27,1.44,-89.3,,,,69,,1784953955000,2026-07-25T10:02:35.000+05:30,33934.55485856944,1784949352118,Default Profile,false
2026-07-25T04:32:41.000Z,12.208225,75.41537333333333,-34.699999999999996,2.8,251.54,12.540692,18,gps,0.75,0.86,1.14,-89.3,,,,69,,1784953961000,2026-07-25T10:02:41.000+05:30,34018.261233552235,1784949352118,Default Profile,false
2026-07-25T04:32:47.000Z,12.208363333333333,75.41476166666666,-32.099999999999994,2.9,294.67,10.621808,13,gps,0.85,0.89,1.23,-89.3,,,,69,,1784953967000,2026-07-25T10:02:47.000+05:30,34086.493761031044,1784949352118,Default Profile,false
2026-07-25T04:32:53.000Z,12.208654999999998,75.41426,-27.199999999999996,2.8,295.6,12.197372,18,gps,0.74,0.86,1.14,-89.3,,,,69,,1784953973000,2026-07-25T10:02:53.000+05:30,34149.931840458674,1784949352118,Default Profile,false
2026-07-25T04:32:59.000Z,12.208916666666669,75.41355666666666,-29.4,2.8,284.03,12.629739,19,gps,0.73,0.86,1.13,-89.3,,,,69,,1784953979000,2026-07-25T10:02:59.000+05:30,34231.7205634618,1784949352118,Default Profile,false
2026-07-25T04:33:05.000Z,12.208989999999998,75.41289833333333,-30.599999999999994,3.0,279.65,10.577027,18,gps,0.79,2.11,2.25,-89.3,,,,69,,1784953985000,2026-07-25T10:03:05.000+05:30,34303.73141386173,1784949352118,Default Profile,false
2026-07-25T04:33:10.000Z,12.209016666666665,75.41262,-32.099999999999994,3.2,280.73,5.1065593,21,gps,0.65,1.38,1.53,-89.3,,,,69,,1784953990000,2026-07-25T10:03:10.000+05:30,34334.12566408684,1784949352118,Default Profile,false
2026-07-25T04:33:16.000Z,12.208981666666666,75.412705,-35.099999999999994,2.6,288.85,0.0,21,gps,0.68,0.82,1.06,-89.3,,,,69,,1784953996000,2026-07-25T10:03:16.000+05:30,34344.14979623375,1784949352118,Default Profile,false
2026-07-25T04:33:22.000Z,12.208981666666666,75.412705,-35.099999999999994,2.3,288.85,0.0,25,gps,0.54,0.74,0.92,-89.3,,,,69,,1784954002000,2026-07-25T10:03:22.000+05:30,34344.14979623375,1784949352118,Default Profile,false
2026-07-25T04:33:28.000Z,12.208938333333332,75.41279666666667,-39.099999999999994,2.2,288.85,0.0,29,gps,0.52,0.72,0.89,-89.3,,,,69,,1784954008000,2026-07-25T10:03:28.000+05:30,34355.21621111409,1784949352118,Default Profile,false
2026-07-25T04:33:34.000Z,12.208938333333332,75.4128,-39.3,2.3,288.85,0.0,22,gps,0.58,0.78,0.97,-89.3,,,,69,,1784954014000,2026-07-25T10:03:34.000+05:30,34355.57847785319,1784949352118,Default Profile,false
2026-07-25T04:33:39.000Z,12.208938333333332,75.4128,-39.3,2.2,288.85,0.0,24,gps,0.56,0.75,0.94,-89.3,,,,69,,1784954019000,2026-07-25T10:03:39.000+05:30,34355.57847785319,1784949352118,Default Profile,false
2026-07-25T04:33:45.000Z,12.208938333333332,75.4128,-39.3,2.2,288.85,0.0,28,gps,0.55,0.74,0.92,-89.3,,,,69,,1784954025000,2026-07-25T10:03:45.000+05:30,34355.57847785319,1784949352118,Default Profile,false
2026-07-25T04:33:51.000Z,12.208938333333332,75.4128,-39.3,2.4,288.85,0.0,25,gps,0.58,0.74,0.94,-89.3,,,,69,,1784954031000,2026-07-25T10:03:51.000+05:30,34355.57847785319,1784949352118,Default Profile,false
2026-07-25T04:33:57.000Z,12.208938333333332,75.4128,-39.3,2.4,288.85,0.0,23,gps,0.59,0.78,0.98,-89.3,,,,69,,1784954037000,2026-07-25T10:03:57.000+05:30,34355.57847785319,1784949352118,Default Profile,false
2026-07-25T04:34:03.000Z,12.208938333333332,75.4128,-39.3,2.4,288.85,0.0,25,gps,0.56,0.76,0.95,-89.3,,,,69,,1784954043000,2026-07-25T10:04:03.000+05:30,34355.57847785319,1784949352118,Default Profile,false
2026-07-25T04:34:09.000Z,12.20892,75.41260000000001,-35.3,2.5,270.46,3.7147503,24,gps,0.62,1.25,1.40,-89.3,,,,69,,1784954049000,2026-07-25T10:04:09.000+05:30,34377.409870353185,1784949352118,Default Profile,false
2026-07-25T04:34:15.000Z,12.20886,75.41231666666665,-34.3,2.5,256.77,4.678825,21,gps,0.65,0.79,1.02,-89.3,,,,69,,1784954055000,2026-07-25T10:04:15.000+05:30,34408.917021362744,1784949352118,Default Profile,false
2026-07-25T04:34:20.000Z,12.208781666666669,75.41210666666666,-29.599999999999994,2.5,252.21,4.2176337,26,gps,0.58,1.10,1.24,-89.3,,,,69,,1784954060000,2026-07-25T10:04:20.000+05:30,34433.34548138389,1784949352118,Default Profile,false
2026-07-25T04:34:26.000Z,12.208961666666669,75.41189833333333,-26.5,2.6,322.66,4.995379,21,gps,0.65,1.19,1.36,-89.3,,,,69,,1784954066000,2026-07-25T10:04:26.000+05:30,34463.56549512018,1784949352118,Default Profile,false
2026-07-25T04:34:32.000Z,12.209319999999998,75.41168333333333,-30.5,2.8,323.9,6.804628,13,gps,0.80,0.91,1.21,-89.3,,,,69,,1784954072000,2026-07-25T10:04:32.000+05:30,34509.756302136484,1784949352118,Default Profile,false
2026-07-25T04:34:38.000Z,12.209566666666667,75.41143666666667,-32.5,2.7,318.69,6.2404923,23,gps,0.63,1.27,1.42,-89.3,,,,69,,1784954078000,2026-07-25T10:04:38.000+05:30,34548.10929142267,1784949352118,Default Profile,false
2026-07-25T04:34:44.000Z,12.209828333333332,75.41118499999999,-30.599999999999994,2.5,318.92,5.9661455,25,gps,0.55,1.12,1.25,-89.3,,,,69,,1784954084000,2026-07-25T10:04:44.000+05:30,34588.042461288795,1784949352118,Default Profile,false
2026-07-25T04:34:50.000Z,12.21007,75.41099833333332,-34.0,2.5,323.42,3.3997402,22,gps,0.61,1.34,1.47,-89.3,,,,69,,1784954090000,2026-07-25T10:04:50.000+05:30,34621.712430612286,1784949352118,Default Profile,false
2026-07-25T04:34:56.000Z,12.210138333333335,75.41096333333333,-38.199999999999996,2.5,326.58,0.0,21,gps,0.60,0.80,1.00,-89.3,,,,69,,1784954096000,2026-07-25T10:04:56.000+05:30,34630.209679543404,1784949352118,Default Profile,false
2026-07-25T04:35:02.000Z,12.210138333333335,75.41096333333333,-38.199999999999996,2.5,326.58,0.0,22,gps,0.61,0.78,0.98,-89.3,,,,69,,1784954102000,2026-07-25T10:05:02.000+05:30,34630.209679543404,1784949352118,Default Profile,false
2026-07-25T04:35:08.000Z,12.210138333333335,75.41096333333333,-38.199999999999996,1.1,326.58,0.0,19,gps,0.76,0.78,1.09,-89.3,,,,69,,1784954108000,2026-07-25T10:05:08.000+05:30,34630.209679543404,1784949352118,Default Profile,false
2026-07-25T04:35:14.000Z,12.210138333333335,75.41096333333333,-38.199999999999996,1.1,326.58,0.0,25,gps,0.56,0.74,0.93,-89.3,,,,69,,1784954114000,2026-07-25T10:05:14.000+05:30,34630.209679543404,1784949352118,Default Profile,false
2026-07-25T04:35:20.000Z,12.210138333333335,75.41096333333333,-38.199999999999996,1.1,326.58,0.0,22,gps,0.63,0.78,1.00,-89.3,,,,69,,1784954120000,2026-07-25T10:05:20.000+05:30,34630.209679543404,1784949352118,Default Profile,false
2026-07-25T04:35:26.000Z,12.210138333333335,75.41096333333333,-38.199999999999996,1.1,326.58,0.0,18,gps,0.72,0.85,1.11,-89.3,,,,69,,1784954126000,2026-07-25T10:05:26.000+05:30,34630.209679543404,1784949352118,Default Profile,false
2026-07-25T04:35:32.000Z,12.210138333333335,75.41096333333333,-38.199999999999996,1.1,326.58,0.0,19,gps,0.65,0.83,1.05,-89.3,,,,69,,1784954132000,2026-07-25T10:05:32.000+05:30,34630.209679543404,1784949352118,Default Profile,false
2026-07-25T04:35:38.000Z,12.210138333333335,75.41096333333333,-38.199999999999996,1.1,326.58,0.0,20,gps,0.65,0.82,1.05,-89.3,,,,69,,1784954138000,2026-07-25T10:05:38.000+05:30,34630.209679543404,1784949352118,Default Profile,false
2026-07-25T04:35:44.000Z,12.210138333333335,75.41096333333333,-38.199999999999996,1.1,326.58,0.0,21,gps,0.61,0.80,1.01,-89.3,,,,69,,1784954144000,2026-07-25T10:05:44.000+05:30,34630.209679543404,1784949352118,Default Profile,false
2026-07-25T04:35:50.000Z,12.210138333333335,75.41096333333333,-38.199999999999996,1.1,326.58,0.0,23,gps,0.58,0.80,0.98,-89.3,,,,69,,1784954150000,2026-07-25T10:05:50.000+05:30,34630.209679543404,1784949352118,Default Profile,false
2026-07-25T04:35:56.000Z,12.210138333333335,75.41096333333333,-38.199999999999996,1.7,326.58,0.0,26,gps,0.58,0.71,0.92,-89.3,,,,69,,1784954156000,2026-07-25T10:05:56.000+05:30,34630.209679543404,1784949352118,Default Profile,false
2026-07-25T04:36:02.000Z,12.210138333333335,75.41096333333333,-38.199999999999996,2.1,326.58,0.0,28,gps,0.58,0.71,0.92,-89.3,,,,69,,1784954162000,2026-07-25T10:06:02.000+05:30,34630.209679543404,1784949352118,Default Profile,false
2026-07-25T04:36:08.000Z,12.210138333333335,75.41096333333333,-38.199999999999996,1.1,326.58,0.0,24,gps,0.62,0.78,0.99,-89.3,,,,69,,1784954168000,2026-07-25T10:06:08.000+05:30,34630.209679543404,1784949352118,Default Profile,false
2026-07-25T04:36:14.000Z,12.210138333333335,75.41096333333333,-38.199999999999996,1.1,326.58,0.0,26,gps,0.56,0.80,0.97,-89.3,,,,69,,1784954174000,2026-07-25T10:06:14.000+05:30,34630.209679543404,1784949352118,Default Profile,false
2026-07-25T04:36:20.000Z,12.210243333333334,75.41089833333334,-38.8,2.2,329.63,3.9144626,22,gps,0.70,1.64,1.79,-89.3,,,,69,,1784954180000,2026-07-25T10:06:20.000+05:30,34643.85588802523,1784949352118,Default Profile,false
2026-07-25T04:36:25.000Z,12.210445,75.41078333333333,-37.3,2.5,329.47,5.3433313,27,gps,0.58,0.79,0.98,-89.3,,,,68,,1784954185000,2026-07-25T10:06:25.000+05:30,34669.52791744931,1784949352118,Default Profile,false
2026-07-25T04:36:30.000Z,12.210664999999999,75.41067166666667,-26.199999999999996,2.6,346.22,5.4761295,27,gps,0.59,1.23,1.36,-89.3,,,,68,,1784954190000,2026-07-25T10:06:30.000+05:30,34696.83564208153,1784949352118,Default Profile,false
2026-07-25T04:36:35.000Z,12.21093,75.41065666666667,-18.5,2.7,352.47,5.44782,24,gps,0.68,1.42,1.57,-89.3,,,,68,,1784954195000,2026-07-25T10:06:35.000+05:30,34726.347356801605,1784949352118,Default Profile,false
2026-07-25T04:36:41.000Z,12.211234999999999,75.41067,-9.899999999999991,2.6,6.89,5.8420973,25,gps,0.62,0.80,1.01,-89.3,,,,68,,1784954201000,2026-07-25T10:06:41.000+05:30,34760.29275204134,1784949352118,Default Profile,false
2026-07-25T04:36:47.000Z,12.211513333333334,75.410785,-3.6000000000000085,2.7,12.08,5.727829,25,gps,0.62,1.28,1.42,-89.2,,,,68,,1784954207000,2026-07-25T10:06:47.000+05:30,34793.67026768289,1784949352118,Default Profile,false
2026-07-25T04:36:53.000Z,12.211853333333332,75.41089666666667,-4.900000000000006,2.6,16.7,6.687271,20,gps,0.64,0.84,1.06,-89.2,,,,68,,1784954213000,2026-07-25T10:06:53.000+05:30,34833.37659358043,1784949352118,Default Profile,false
2026-07-25T04:36:58.000Z,12.212146666666667,75.41082,-4.1000000000000085,2.6,352.53,6.159681,19,gps,0.73,0.88,1.14,-89.2,,,,68,,1784954218000,2026-07-25T10:06:58.000+05:30,34867.04116249218,1784949352118,Default Profile,false
2026-07-25T04:37:04.000Z,12.21247,75.41074666666667,-2.799999999999997,2.8,352.26,5.735035,22,gps,0.69,1.42,1.58,-89.2,,,,68,,1784954224000,2026-07-25T10:07:04.000+05:30,34903.86693175401,1784949352118,Default Profile,false
2026-07-25T04:37:10.000Z,12.2127,75.41067333333334,2.700000000000003,2.9,319.81,5.006703,19,gps,0.92,1.60,1.85,-89.2,,,,68,,1784954230000,2026-07-25T10:07:10.000+05:30,34930.65478608562,1784949352118,Default Profile,false
2026-07-25T04:37:15.000Z,12.212831666666666,75.410445,6.3999999999999915,3.0,308.94,5.1652374,15,gps,1.04,1.84,2.11,-89.2,,,,68,,1784954235000,2026-07-25T10:07:15.000+05:30,34959.466745082835,1784949352118,Default Profile,false
2026-07-25T04:37:21.000Z,12.21303666666667,75.410195,-5.6000000000000085,3.1,302.52,5.367523,12,gps,1.20,1.86,2.21,-89.2,,,,68,,1784954241000,2026-07-25T10:07:21.000+05:30,34994.93218050904,1784949352118,Default Profile,false
2026-07-25T04:37:26.000Z,12.213253333333334,75.41000666666667,-6.200000000000003,3.3,312.95,5.376788,11,gps,1.14,0.91,1.45,-89.2,,,,68,,1784954246000,2026-07-25T10:07:26.000+05:30,35026.54490501283,1784949352118,Default Profile,false
2026-07-25T04:37:31.000Z,12.213400000000002,75.40976166666665,-5.700000000000003,3.8,305.32,6.118503,9,gps,1.43,0.98,1.73,-89.2,,,,68,,1784954251000,2026-07-25T10:07:31.000+05:30,35057.76865702022,1784949352118,Default Profile,false
2026-07-25T04:37:37.000Z,12.213658333333335,75.40941666666666,1.0999999999999943,3.7,315.45,7.7038474,12,gps,1.41,4.01,4.25,-89.2,,,,68,,1784954257000,2026-07-25T10:07:37.000+05:30,35105.00151541714,1784949352118,Default Profile,false
2026-07-25T04:37:43.000Z,12.214186666666668,75.40912833333333,4.099999999999994,3.7,337.11,10.505481,10,gps,1.23,0.96,1.57,-89.2,,,,68,,1784954263000,2026-07-25T10:07:43.000+05:30,35171.584083550144,1784949352118,Default Profile,false
2026-07-25T04:37:49.000Z,12.214828333333333,75.40896166666667,6.200000000000003,4.4,344.72,12.809892,7,gps,1.93,7.72,7.96,-89.2,,,,68,,1784954269000,2026-07-25T10:07:49.000+05:30,35245.197348602494,1784949352118,Default Profile,false
2026-07-25T04:37:55.000Z,12.215524999999998,75.40858333333334,7.299999999999997,3.9,334.61,13.196963,9,gps,1.30,0.96,1.62,-89.2,,,,68,,1784954275000,2026-07-25T10:07:55.000+05:30,35332.89854933939,1784949352118,Default Profile,false
2026-07-25T04:38:01.000Z,12.215941666666668,75.40822499999999,9.799999999999997,3.7,317.69,11.153516,10,gps,1.15,0.97,1.50,-89.2,,,,68,,1784954281000,2026-07-25T10:08:01.000+05:30,35393.422212602185,1784949352118,Default Profile,false
2026-07-25T04:38:06.000Z,12.216099999999999,75.40775000000001,16.200000000000003,3.8,288.89,10.755121,8,gps,1.32,0.94,1.62,-89.2,,,,68,,1784954286000,2026-07-25T10:08:06.000+05:30,35447.96356405008,1784949352118,Default Profile,false
2026-07-25T04:38:12.000Z,12.216165,75.40703833333333,25.89999999999999,3.4,269.65,12.134577,9,gps,1.27,0.93,1.58,-89.2,,,,68,,1784954292000,2026-07-25T10:08:12.000+05:30,35525.64239308232,1784949352118,Default Profile,false
2026-07-25T04:38:17.000Z,12.216095,75.40652833333334,23.200000000000003,3.3,266.85,9.056023,13,gps,0.92,0.89,1.28,-89.2,,,,68,,1784954297000,2026-07-25T10:08:17.000+05:30,35581.611577354604,1784949352118,Default Profile,false
2026-07-25T04:38:23.000Z,12.215996666666667,75.40628333333333,14.899999999999991,3.3,252.17,2.8134716,14,gps,1.20,2.05,2.38,-89.2,,,,68,,1784954303000,2026-07-25T10:08:23.000+05:30,35610.39515018062,1784949352118,Default Profile,false
2026-07-25T04:38:29.000Z,12.215991666666666,75.40625,7.8999999999999915,2.7,277.04,2.4212534,19,gps,0.74,0.83,1.11,-89.2,,,,68,,1784954309000,2026-07-25T10:08:29.000+05:30,35614.060136839056,1784949352118,Default Profile,false
2026-07-25T04:38:34.000Z,12.216031666666668,75.40597666666666,4.299999999999997,2.8,278.02,6.4870443,16,gps,0.91,0.85,1.24,-89.2,,,,68,,1784954314000,2026-07-25T10:08:34.000+05:30,35644.09635842879,1784949352118,Default Profile,false
2026-07-25T04:38:40.000Z,12.216108333333333,75.40538333333333,-2.5,2.8,280.31,13.606167,22,gps,0.73,0.85,1.12,-89.2,,,,68,,1784954320000,2026-07-25T10:08:40.000+05:30,35709.139188659006,1784949352118,Default Profile,false
2026-07-25T04:38:46.000Z,12.216343333333334,75.40460333333334,-11.799999999999997,2.6,293.05,15.070552,26,gps,0.67,1.29,1.46,-89.2,,,,68,,1784954326000,2026-07-25T10:08:46.000+05:30,35797.84345599261,1784949352118,Default Profile,false
2026-07-25T04:38:51.000Z,12.216566666666665,75.40402833333333,-21.5,2.6,287.11,11.399553,23,gps,0.65,0.83,1.05,-89.2,,,,68,,1784954331000,2026-07-25T10:08:51.000+05:30,35865.0863683058,1784949352118,Default Profile,false
2026-07-25T04:38:56.000Z,12.216698333333333,75.40368333333332,-24.0,2.5,286.31,3.7790906,26,gps,0.61,1.16,1.31,-89.2,,,,68,,1784954336000,2026-07-25T10:08:56.000+05:30,35905.33699497263,1784949352118,Default Profile,false
2026-07-25T04:39:01.000Z,12.216691666666668,75.40365166666668,-25.5,2.6,293.82,0.0,27,gps,0.61,0.76,0.97,-89.2,,,,68,,1784954341000,2026-07-25T10:09:01.000+05:30,35908.857362458824,1784949352118,Default Profile,false
2026-07-25T04:39:06.000Z,12.216718333333331,75.403615,-27.0,2.5,283.62,2.4325771,27,gps,0.57,0.75,0.94,-89.2,,,,68,,1784954346000,2026-07-25T10:09:06.000+05:30,35913.824370374,1784949352118,Default Profile,false
2026-07-25T04:39:12.000Z,12.216798333333335,75.40341833333333,-28.200000000000003,2.5,291.92,5.4215693,29,gps,0.55,1.13,1.26,-89.2,,,,68,,1784954352000,2026-07-25T10:09:12.000+05:30,35936.974775608986,1784949352118,Default Profile,false
2026-07-25T04:39:18.000Z,12.21693166666667,75.40306833333334,-27.400000000000006,2.4,287.76,7.340968,32,gps,0.52,0.94,1.08,-89.2,,,,68,,1784954358000,2026-07-25T10:09:18.000+05:30,35977.79895170885,1784949352118,Default Profile,false
2026-07-25T04:39:24.193Z,12.216831666666668,75.403215,-28.0,4.5,0.0,0.0,5,gps,1.49,0.96,1.77,-89.2,,,,68,,1784954364193,2026-07-25T10:09:24.193+05:30,35997.233536059306,1784949352118,Default Profile,false
2026-07-25T04:39:55.456Z,12.218616666666666,75.401715,-27.6,7.3,0.0,0.0,12,gps,0.85,0.86,1.21,-89.2,,,,68,,1784954395456,2026-07-25T10:09:55.456+05:30,36254.078325642455,1784949352118,Default Profile,false
2026-07-25T04:40:01.373Z,12.21881,75.40131333333333,-10.100000000000009,6.5,323.16,5.282594,17,gps,0.74,0.86,1.14,-89.2,,,,68,,1784954401373,2026-07-25T10:10:01.373+05:30,36302.736383153155,1784949352118,Default Profile,false
2026-07-25T04:40:07.000Z,12.219136666666667,75.401085,-7.1000000000000085,3.2,323.3,7.054268,26,gps,0.54,0.75,0.93,-89.2,,,,68,,1784954407000,2026-07-25T10:10:07.000+05:30,36346.72684182481,1784949352118,Default Profile,false
2026-07-25T04:40:13.000Z,12.219436666666665,75.40084333333333,-8.100000000000009,2.7,325.95,6.9997077,28,gps,0.56,1.08,1.22,-89.2,,,,68,,1784954413000,2026-07-25T10:10:13.000+05:30,36389.18328534559,1784949352118,Default Profile,false
2026-07-25T04:40:19.000Z,12.219785000000002,75.40056333333334,-9.700000000000003,2.8,317.06,8.473872,30,gps,0.54,0.74,0.92,-89.2,,,,68,,1784954419000,2026-07-25T10:10:19.000+05:30,36438.439477213884,1784949352118,Default Profile,false
2026-07-25T04:40:24.000Z,12.220114999999998,75.40025666666666,-9.5,2.7,318.92,9.68141,29,gps,0.57,0.76,0.95,-89.2,,,,68,,1784954424000,2026-07-25T10:10:24.000+05:30,36488.00935413281,1784949352118,Default Profile,false
2026-07-25T04:40:30.000Z,12.220595,75.39983833333334,-7.799999999999997,2.9,320.72,10.472538,25,gps,0.63,1.20,1.36,-89.2,,,,68,,1784954430000,2026-07-25T10:10:30.000+05:30,36558.12053480236,1784949352118,Default Profile,false
2026-07-25T04:40:36.000Z,12.220996666666668,75.39946166666667,-11.100000000000009,2.6,315.57,8.899548,31,gps,0.57,1.15,1.28,-89.2,,,,68,,1784954436000,2026-07-25T10:10:36.000+05:30,36618.7045879808,1784949352118,Default Profile,false
2026-07-25T04:40:41.000Z,12.22127,75.39920833333333,-9.600000000000009,2.5,317.24,6.4700584,32,gps,0.53,0.99,1.13,-89.2,,,,68,,1784954441000,2026-07-25T10:10:41.000+05:30,36659.71321661967,1784949352118,Default Profile,false
2026-07-25T04:40:47.000Z,12.221343333333333,75.39913166666666,-6.6000000000000085,2.5,315.85,0.0,28,gps,0.57,0.74,0.93,-89.2,,,,68,,1784954447000,2026-07-25T10:10:47.000+05:30,36671.3712827452,1784949352118,Default Profile,false
2026-07-25T04:40:53.000Z,12.221348333333333,75.39912666666667,-5.900000000000006,2.3,315.85,0.0,29,gps,0.56,0.76,0.95,-89.2,,,,68,,1784954453000,2026-07-25T10:10:53.000+05:30,36672.148691121656,1784949352118,Default Profile,false
2026-07-25T04:40:59.000Z,12.221458333333333,75.39903166666666,-3.0,2.3,320.34,4.24337,31,gps,0.54,1.01,1.14,-89.2,,,,68,,1784954459000,2026-07-25T10:10:59.000+05:30,36688.15480053971,1784949352118,Default Profile,false
2026-07-25T04:41:05.000Z,12.221783333333333,75.398785,-1.1000000000000085,2.5,329.48,9.298457,30,gps,0.54,0.71,0.90,-89.2,,,,68,,1784954465000,2026-07-25T10:11:05.000+05:30,36733.1499825451,1784949352118,Default Profile,false
2026-07-25T04:41:11.000Z,12.222394999999999,75.39851166666668,-3.700000000000003,2.6,341.29,12.752758,26,gps,0.62,0.81,1.02,-89.2,,,,68,,1784954471000,2026-07-25T10:11:11.000+05:30,36807.36781511699,1784949352118,Default Profile,false
2026-07-25T04:41:17.000Z,12.223166666666668,75.398,-7.1000000000000085,2.9,316.31,17.503643,23,gps,0.76,1.72,1.88,-89.2,,,,68,,1784954477000,2026-07-25T10:11:17.000+05:30,36909.615014773146,1784949352118,Default Profile,false
2026-07-25T04:41:23.000Z,12.22384,75.39719333333333,-7.799999999999997,3.0,310.42,17.36261,22,gps,0.76,1.71,1.87,-89.2,,,,68,,1784954483000,2026-07-25T10:11:23.000+05:30,37024.90002244965,1784949352118,Default Profile,false
2026-07-25T04:41:28.000Z,12.22426,75.39651833333333,-12.400000000000006,2.9,306.63,17.090322,28,gps,0.59,0.76,0.96,-89.2,,,,68,,1784954488000,2026-07-25T10:11:28.000+05:30,37111.859754629404,1784949352118,Default Profile,false
2026-07-25T04:41:33.000Z,12.224854999999998,75.39594666666667,-14.900000000000006,3.1,321.43,18.007557,17,gps,0.97,0.91,1.33,-89.2,,,,68,,1784954493000,2026-07-25T10:11:33.000+05:30,37202.61657730124,1784949352118,Default Profile,false
2026-07-25T04:41:39.000Z,12.225905000000001,75.39550666666668,-13.299999999999997,3.1,336.2,21.16023,23,gps,0.73,0.86,1.12,-89.2,,,,68,,1784954499000,2026-07-25T10:11:39.000+05:30,37328.78331744137,1784949352118,Default Profile,false
2026-07-25T04:41:44.000Z,12.226743333333332,75.395065,-16.400000000000006,3.0,328.45,20.710878,26,gps,0.63,0.80,1.02,-89.2,,,,68,,1784954504000,2026-07-25T10:11:44.000+05:30,37433.632746538155,1784949352118,Default Profile,false
2026-07-25T04:41:50.000Z,12.227643333333333,75.3947,-9.799999999999997,3.0,339.89,14.445165,24,gps,0.75,1.65,1.81,-89.2,,,,68,,1784954510000,2026-07-25T10:11:50.000+05:30,37541.282373068905,1784949352118,Default Profile,false
2026-07-25T04:41:56.000Z,12.228024999999999,75.39452833333333,-10.700000000000003,2.8,330.33,1.7938069,26,gps,0.68,1.24,1.41,-89.2,,,,68,,1784954516000,2026-07-25T10:11:56.000+05:30,37587.641045858945,1784949352118,Default Profile,false
2026-07-25T04:42:02.000Z,12.228015000000001,75.394525,-10.600000000000009,2.6,330.33,0.0,31,gps,0.53,0.67,0.85,-89.2,,,,68,,1784954522000,2026-07-25T10:12:02.000+05:30,37588.81051130608,1784949352118,Default Profile,false
2026-07-25T04:42:07.000Z,12.228015000000001,75.39454666666667,-8.100000000000009,2.3,357.42,2.066095,28,gps,0.58,0.72,0.93,-89.2,,,,68,,1784954527000,2026-07-25T10:12:07.000+05:30,37591.16507533879,1784949352118,Default Profile,false
2026-07-25T04:42:12.000Z,12.228211666666668,75.39450166666667,-7.900000000000006,2.2,354.07,6.1246796,26,gps,0.65,1.13,1.31,-89.2,,,,68,,1784954532000,2026-07-25T10:12:12.000+05:30,37613.57352490892,1784949352118,Default Profile,false
2026-07-25T04:42:18.000Z,12.22868,75.39443833333333,-9.600000000000009,2.6,352.32,9.222793,25,gps,0.63,1.06,1.23,-89.2,,,,68,,1784954538000,2026-07-25T10:12:18.000+05:30,37666.10265670624,1784949352118,Default Profile,false
2026-07-25T04:42:24.000Z,12.229235000000001,75.39418,-13.600000000000009,2.6,313.75,12.0249405,24,gps,0.71,1.33,1.51,-89.2,,,,68,,1784954544000,2026-07-25T10:12:24.000+05:30,37733.901190700795,1784949352118,Default Profile,false
2026-07-25T04:42:30.000Z,12.229751666666667,75.39371833333333,-9.600000000000009,2.7,326.32,11.313595,23,gps,0.70,1.38,1.55,-89.2,,,,68,,1784954550000,2026-07-25T10:12:30.000+05:30,37810.17450040296,1784949352118,Default Profile,false
2026-07-25T04:42:36.000Z,12.230351666666666,75.39329500000001,-5.0,2.8,322.8,11.356317,26,gps,0.63,1.30,1.45,-89.2,,,,68,,1784954556000,2026-07-25T10:12:36.000+05:30,37891.21485476092,1784949352118,Default Profile,false
2026-07-25T04:42:42.000Z,12.230825000000001,75.393,2.700000000000003,2.6,330.35,10.542026,23,gps,0.68,0.84,1.08,-89.2,,,,68,,1784954562000,2026-07-25T10:12:42.000+05:30,37952.84171263602,1784949352118,Default Profile,false
2026-07-25T04:42:48.000Z,12.231436666666665,75.39285,15.5,2.6,351.51,12.858275,23,gps,0.75,0.85,1.13,-89.2,,,,68,,1784954568000,2026-07-25T10:12:48.000+05:30,38022.782017375685,1784949352118,Default Profile,false
2026-07-25T04:42:53.000Z,12.232006666666667,75.392675,19.0,3.0,338.26,12.272522,19,gps,1.03,1.83,2.10,-89.2,,,,68,,1784954573000,2026-07-25T10:12:53.000+05:30,38088.954708727244,1784949352118,Default Profile,false
2026-07-25T04:42:59.000Z,12.232211666666668,75.39252666666667,22.5,3.5,323.21,3.6812932,17,gps,0.87,0.94,1.28,-89.2,,,,68,,1784954579000,2026-07-25T10:12:59.000+05:30,38116.873288988114,1784949352118,Default Profile,false
2026-07-25T04:43:04.000Z,12.232128333333332,75.39255333333334,23.39999999999999,3.0,304.12,0.0,20,gps,0.74,0.92,1.18,-89.2,,,,68,,1784954584000,2026-07-25T10:13:04.000+05:30,38126.58209843438,1784949352118,Default Profile,false
2026-07-25T04:43:09.000Z,12.23211,75.39259666666666,24.89999999999999,2.7,320.76,1.8231461,24,gps,0.62,0.87,1.07,-89.2,,,,68,,1784954589000,2026-07-25T10:13:09.000+05:30,38131.713470672716,1784949352118,Default Profile,false
2026-07-25T04:43:15.000Z,12.23235,75.39244666666667,15.200000000000003,2.6,327.26,8.056432,23,gps,0.65,0.86,1.08,-89.2,,,,68,,1784954595000,2026-07-25T10:13:15.000+05:30,38162.98474936822,1784949352118,Default Profile,false
2026-07-25T04:43:21.000Z,12.232761666666667,75.39201333333334,11.700000000000003,2.7,297.85,12.0445,25,gps,0.56,0.78,0.96,-89.2,,,,68,,1784954601000,2026-07-25T10:13:21.000+05:30,38228.657312588664,1784949352118,Default Profile,false
2026-07-25T04:43:26.000Z,12.232875000000002,75.39131166666667,5.099999999999994,2.7,269.01,13.9844885,25,gps,0.56,1.21,1.33,-89.2,,,,68,,1784954606000,2026-07-25T10:13:26.000+05:30,38305.9419528444,1784949352118,Default Profile,false
2026-07-25T04:43:32.000Z,12.23304,75.39056166666666,11.799999999999997,2.9,299.79,13.584549,22,gps,0.61,1.30,1.43,-89.2,,,,68,,1784954612000,2026-07-25T10:13:32.000+05:30,38389.484126218085,1784949352118,Default Profile,false
2026-07-25T04:43:38.000Z,12.233319999999999,75.38998833333333,19.099999999999994,2.9,298.23,10.660927,20,gps,0.71,1.58,1.73,-89.2,,,,67,,1784954618000,2026-07-25T10:13:38.000+05:30,38459.134478269916,1784949352118,Default Profile,false
2026-07-25T04:43:44.000Z,12.233583333333335,75.38945,23.299999999999997,3.4,296.85,9.772516,18,gps,0.82,0.81,1.15,-89.2,,,,67,,1784954624000,2026-07-25T10:13:44.000+05:30,38524.55407154084,1784949352118,Default Profile,false
2026-07-25T04:43:49.000Z,12.233765000000002,75.38909333333332,32.7,3.1,293.68,8.890283,13,gps,0.99,0.92,1.35,-89.2,,,,67,,1784954629000,2026-07-25T10:13:49.000+05:30,38568.26116754699,1784949352118,Default Profile,false
2026-07-25T04:43:55.000Z,12.234056666666667,75.38865833333332,34.8,3.2,301.85,9.004036,15,gps,0.85,0.93,1.26,-89.2,,,,67,,1784954635000,2026-07-25T10:13:55.000+05:30,38625.58834546279,1784949352118,Default Profile,false
2026-07-25T04:44:18.745Z,12.234409999999999,75.38847166666666,42.89999999999999,6.9,0.0,0.0,5,gps,2.09,0.96,2.30,-89.2,,,,67,,1784954658745,2026-07-25T10:14:18.745+05:30,38669.80482146291,1784949352118,Default Profile,false
2026-07-25T04:44:24.754Z,12.235441666666668,75.3875,42.7,5.4,320.37,7.578255,17,gps,0.68,0.78,1.03,-89.2,,,,67,,1784954664754,2026-07-25T10:14:24.754+05:30,38825.71861739992,1784949352118,Default Profile,false
2026-07-25T04:44:29.759Z,12.2358,75.38728166666667,42.7,5.0,331.89,5.750477,20,gps,0.65,0.78,1.02,-89.2,,,,67,,1784954669759,2026-07-25T10:14:29.759+05:30,38872.092518879945,1784949352118,Default Profile,false
2026-07-25T04:44:34.762Z,12.236116666666666,75.38706499999999,42.8,4.0,331.89,4.4163165,19,gps,0.67,0.81,1.05,-89.2,,,,67,,1784954674762,2026-07-25T10:14:34.762+05:30,38914.45086582806,1784949352118,Default Profile,false
2026-07-25T04:44:40.764Z,12.236331666666668,75.38689833333333,42.8,3.7,325.9,4.3535204,21,gps,0.62,0.80,1.01,-89.2,,,,67,,1784954680764,2026-07-25T10:14:40.764+05:30,38944.44362491788,1784949352118,Default Profile,false
2026-07-25T04:44:46.764Z,12.236503333333333,75.386775,42.89999999999999,3.6,322.27,3.8768878,19,gps,0.68,0.81,1.06,-89.2,,,,67,,1784954686764,2026-07-25T10:14:46.764+05:30,38967.767342083425,1784949352118,Default Profile,false
2026-07-25T04:44:51.764Z,12.236651666666667,75.38666166666667,42.89999999999999,3.6,323.51,3.7070293,22,gps,0.61,0.79,1.00,-89.2,,,,67,,1784954691764,2026-07-25T10:14:51.764+05:30,38988.35198905312,1784949352118,Default Profile,false
2026-07-25T04:44:57.759Z,12.236808333333332,75.38651166666666,43.39999999999999,3.2,305.77,3.922698,23,gps,0.66,1.30,1.46,-89.2,,,,67,,1784954697759,2026-07-25T10:14:57.759+05:30,39012.209370060446,1784949352118,Default Profile,false
2026-07-25T04:45:02.757Z,12.23691,75.38632,44.999999999999986,2.9,298.25,3.9088006,22,gps,0.64,1.35,1.49,-89.2,,,,67,,1784954702757,2026-07-25T10:15:02.757+05:30,39035.90768769938,1784949352118,Default Profile,false
2026-07-25T04:45:08.752Z,12.236908333333334,75.38629833333333,47.7,2.6,246.43,1.8982955,23,gps,0.62,0.80,1.02,-89.2,,,,67,,1784954708752,2026-07-25T10:15:08.752+05:30,39038.26945482327,1784949352118,Default Profile,false
2026-07-25T04:45:14.000Z,12.236918333333332,75.38629333333333,52.8,2.5,285.12,0.47302973,27,gps,0.55,0.77,0.95,-89.2,,,,67,,1784954714000,2026-07-25T10:15:14.000+05:30,39039.507054270034,1784949352118,Default Profile,false
2026-07-25T04:45:20.000Z,12.236938333333335,75.38615833333333,57.499999999999986,2.8,277.14,1.5153422,27,gps,0.62,1.33,1.47,-89.2,,,,67,,1784954720000,2026-07-25T10:15:20.000+05:30,39054.34491023046,1784949352118,Default Profile,false
2026-07-25T04:45:26.000Z,12.236983333333335,75.38556666666666,59.89999999999999,2.9,263.19,12.225167,26,gps,0.60,1.25,1.38,-89.2,,,,67,,1784954726000,2026-07-25T10:15:26.000+05:30,39118.83485813836,1784949352118,Default Profile,false
2026-07-25T04:45:31.000Z,12.236891666666668,75.38491833333333,60.999999999999986,3.0,259.96,12.002808,27,gps,0.65,1.29,1.44,-89.2,,,,67,,1784954731000,2026-07-25T10:15:31.000+05:30,39190.02178976151,1784949352118,Default Profile,false
2026-07-25T04:45:37.000Z,12.23696,75.38426,58.89999999999999,2.7,274.63,12.950926,26,gps,0.62,0.81,1.02,-89.2,,,,67,,1784954737000,2026-07-25T10:15:37.000+05:30,39261.96427965181,1784949352118,Default Profile,false
2026-07-25T04:45:43.000Z,12.237005,75.38352833333333,59.499999999999986,2.7,272.49,11.192635,25,gps,0.68,1.35,1.51,-89.2,,,,67,,1784954743000,2026-07-25T10:15:43.000+05:30,39341.63069422266,1784949352118,Default Profile,false
2026-07-25T04:45:48.000Z,12.237010000000001,75.38321166666667,60.60000000000001,2.9,265.45,4.912509,25,gps,0.84,1.45,1.68,-89.2,,,,67,,1784954748000,2026-07-25T10:15:48.000+05:30,39376.046873247404,1784949352118,Default Profile,false
2026-07-25T04:45:54.000Z,12.236996666666668,75.38321333333333,62.10000000000001,2.7,261.28,0.0,26,gps,0.61,0.78,0.99,-89.2,,,,67,,1784954754000,2026-07-25T10:15:54.000+05:30,39377.54049374643,1784949352118,Default Profile,false
2026-07-25T04:46:00.000Z,12.237015000000001,75.38309,61.60000000000001,2.6,272.34,2.9745798,22,gps,0.75,0.82,1.11,-89.2,,,,67,,1784954760000,2026-07-25T10:16:00.000+05:30,39391.09709242932,1784949352118,Default Profile,false
2026-07-25T04:46:06.000Z,12.237085000000002,75.38284333333333,63.10000000000001,2.5,305.26,4.6649275,28,gps,0.58,1.17,1.30,-89.2,,,,67,,1784954766000,2026-07-25T10:16:06.000+05:30,39419.009226499424,1784949352118,Default Profile,false
2026-07-25T04:46:11.000Z,12.23734166666667,75.38269666666666,58.499999999999986,2.7,340.99,6.8530116,26,gps,0.63,1.17,1.33,-89.2,,,,67,,1784954771000,2026-07-25T10:16:11.000+05:30,39451.69797472953,1784949352118,Default Profile,false
2026-07-25T04:46:17.000Z,12.237981666666666,75.38255166666666,57.999999999999986,3.4,345.14,12.84901,20,gps,0.70,0.85,1.10,-89.2,,,,67,,1784954777000,2026-07-25T10:16:17.000+05:30,39524.586257163865,1784949352118,Default Profile,false
2026-07-25T04:46:23.000Z,12.238971666666664,75.38224666666666,50.0,3.0,337.75,16.62141,12,gps,0.97,3.38,3.51,-89.1,,,,67,,1784954783000,2026-07-25T10:16:23.000+05:30,39639.55045622227,1784949352118,Default Profile,false
2026-07-25T04:46:28.000Z,12.239661666666667,75.38187666666666,47.80000000000001,3.7,325.54,16.503538,10,gps,1.28,0.97,1.61,-89.1,,,,67,,1784954788000,2026-07-25T10:16:28.000+05:30,39726.17176300543,1784949352118,Default Profile,false
2026-07-25T04:46:34.000Z,12.240426666666668,75.38139500000001,44.30000000000001,4.0,329.31,15.450932,12,gps,1.05,0.97,1.43,-89.1,,,,67,,1784954794000,2026-07-25T10:16:34.000+05:30,39826.049313529635,1784949352118,Default Profile,false
2026-07-25T04:46:39.000Z,12.241023333333333,75.381135,33.400000000000006,3.4,336.68,15.329457,13,gps,1.01,0.92,1.36,-89.1,,,,67,,1784954799000,2026-07-25T10:16:39.000+05:30,39898.1609456702,1784949352118,Default Profile,false
2026-07-25T04:46:44.000Z,12.24179,75.38089166666667,30.5,3.5,342.38,17.489231,14,gps,0.89,2.11,2.29,-89.1,,,,67,,1784954804000,2026-07-25T10:16:44.000+05:30,39987.4170879238,1784949352118,Default Profile,false
2026-07-25T04:46:50.000Z,12.242653333333331,75.38077833333334,22.10000000000001,2.9,340.25,14.301043,15,gps,0.92,1.94,2.15,-89.1,,,,67,,1784954810000,2026-07-25T10:16:50.000+05:30,40084.202123177114,1784949352118,Default Profile,false
2026-07-25T04:46:56.000Z,12.243078333333335,75.380395,20.60000000000001,3.3,315.73,10.891007,17,gps,0.83,0.84,1.18,-89.1,,,,67,,1784954816000,2026-07-25T10:16:56.000+05:30,40147.197919175036,1784949352118,Default Profile,false
2026-07-25T04:47:02.000Z,12.243441666666667,75.37990166666667,20.5,3.5,315.99,11.436098,14,gps,1.02,0.86,1.33,-89.1,,,,67,,1784954822000,2026-07-25T10:17:02.000+05:30,40214.32540817803,1784949352118,Default Profile,false
2026-07-25T04:47:08.000Z,12.24424166666667,75.37956666666668,17.30000000000001,3.8,339.62,17.135618,10,gps,1.65,2.56,3.04,-89.1,,,,67,,1784954828000,2026-07-25T10:17:08.000+05:30,40310.44168162371,1784949352118,Default Profile,false
2026-07-25T04:47:14.000Z,12.245106666666667,75.37926,0.7000000000000028,3.3,332.96,15.752559,11,gps,0.99,0.92,1.35,-89.1,,,,67,,1784954834000,2026-07-25T10:17:14.000+05:30,40412.23450300724,1784949352118,Default Profile,false
2026-07-25T04:47:20.000Z,12.245534999999999,75.37854666666667,-5.299999999999997,3.0,305.45,14.986137,18,gps,0.87,2.16,2.33,-89.1,,,,67,,1784954840000,2026-07-25T10:17:20.000+05:30,40503.21229104928,1784949352118,Default Profile,false
2026-07-25T04:47:25.000Z,12.245809999999999,75.37788666666667,-7.699999999999989,2.9,293.73,15.524537,16,gps,0.82,0.91,1.23,-89.1,,,,67,,1784954845000,2026-07-25T10:17:25.000+05:30,40581.177952637365,1784949352118,Default Profile,false
2026-07-25T04:47:31.000Z,12.245946666666669,75.37717500000001,-8.899999999999991,3.1,288.32,12.261198,14,gps,1.00,2.37,2.57,-89.1,,,,67,,1784954851000,2026-07-25T10:17:31.000+05:30,40659.990089348874,1784949352118,Default Profile,false
2026-07-25T04:47:37.000Z,12.246303333333334,75.376715,-8.699999999999989,3.4,310.89,10.936818,14,gps,0.89,2.44,2.59,-89.1,,,,67,,1784954857000,2026-07-25T10:17:37.000+05:30,40723.798050577185,1784949352118,Default Profile,false
2026-07-25T04:47:42.000Z,12.247016666666665,75.376355,-17.19999999999999,3.1,326.52,15.492109,15,gps,0.87,0.93,1.27,-89.1,,,,67,,1784954862000,2026-07-25T10:17:42.000+05:30,40812.239133551084,1784949352118,Default Profile,false
2026-07-25T04:47:48.000Z,12.247768333333333,75.37602166666667,-26.499999999999993,2.8,343.69,10.295989,19,gps,0.70,0.85,1.10,-89.1,,,,67,,1784954868000,2026-07-25T10:17:48.000+05:30,40903.331727308585,1784949352118,Default Profile,false
2026-07-25T04:47:54.000Z,12.248208333333332,75.37589833333332,-30.299999999999997,2.8,323.32,8.704468,19,gps,0.75,2.07,2.21,-89.1,,,,67,,1784954874000,2026-07-25T10:17:54.000+05:30,40954.05983974573,1784949352118,Default Profile,false
2026-07-25T04:47:59.000Z,12.248476666666667,75.37554833333334,-31.89999999999999,3.0,312.74,10.846742,17,gps,0.76,2.21,2.34,-89.1,,,,67,,1784954879000,2026-07-25T10:17:59.000+05:30,41002.3995081751,1784949352118,Default Profile,false
2026-07-25T04:48:05.000Z,12.248951666666668,75.3751,-29.799999999999997,2.8,318.33,13.824924,17,gps,0.78,0.89,1.18,-89.1,,,,67,,1784954885000,2026-07-25T10:18:05.000+05:30,41074.254202429554,1784949352118,Default Profile,false
2026-07-25T04:48:11.000Z,12.249561666666667,75.37457333333333,-25.799999999999997,2.9,319.86,13.801247,16,gps,0.88,2.25,2.42,-89.1,,,,67,,1784954891000,2026-07-25T10:18:11.000+05:30,41163.00084402138,1784949352118,Default Profile,false
2026-07-25T04:48:16.000Z,12.249888333333335,75.37429333333333,-23.19999999999999,2.8,322.22,6.760876,15,gps,0.88,0.88,1.25,-89.1,,,,67,,1784954896000,2026-07-25T10:18:16.000+05:30,41210.38368211137,1784949352118,Default Profile,false
2026-07-25T04:48:22.000Z,12.249966666666667,75.37427666666667,-20.599999999999994,2.9,344.17,0.0,21,gps,0.65,0.83,1.05,-89.1,,,,67,,1784954902000,2026-07-25T10:18:22.000+05:30,41219.280237787374,1784949352118,Default Profile,false
2026-07-25T04:48:28.000Z,12.250091666666666,75.37413666666666,-18.19999999999999,3.0,313.19,4.555806,19,gps,0.75,1.43,1.62,-89.1,,,,67,,1784954908000,2026-07-25T10:18:28.000+05:30,41239.886615760726,1784949352118,Default Profile,false
2026-07-25T04:48:33.000Z,12.250265000000002,75.37387833333334,-19.799999999999997,2.9,307.05,7.7280393,16,gps,0.98,0.88,1.31,-89.1,,,,67,,1784954913000,2026-07-25T10:18:33.000+05:30,41273.937700019254,1784949352118,Default Profile,false
2026-07-25T04:48:38.000Z,12.250525000000001,75.373495,-14.199999999999989,3.1,305.22,10.321725,18,gps,0.84,1.47,1.69,-89.1,,,,67,,1784954918000,2026-07-25T10:18:38.000+05:30,41324.6416939318,1784949352118,Default Profile,false
2026-07-25T04:48:44.000Z,12.251058333333333,75.37283666666667,-12.5,3.3,306.53,14.842015,17,gps,0.76,0.84,1.13,-89.1,,,,67,,1784954924000,2026-07-25T10:18:44.000+05:30,41417.56321794318,1784949352118,Default Profile,false
2026-07-25T04:48:50.000Z,12.251743333333332,75.37219833333333,-22.099999999999994,2.9,320.44,17.139221,18,gps,0.76,1.36,1.56,-89.1,,,,67,,1784954930000,2026-07-25T10:18:50.000+05:30,41520.58195982197,1784949352118,Default Profile,false
2026-07-25T04:48:56.000Z,12.252451666666666,75.37161666666665,-24.19999999999999,3.5,324.63,15.874033,12,gps,1.39,1.81,2.28,-89.1,,,,67,,1784954936000,2026-07-25T10:18:56.000+05:30,41621.569692266414,1784949352118,Default Profile,false
2026-07-25T04:49:02.000Z,12.253000000000002,75.37160166666666,-23.099999999999994,4.2,29.48,11.059836,11,gps,1.12,0.94,1.46,-89.1,,,,67,,1784954942000,2026-07-25T10:19:02.000+05:30,41682.56335919983,1784949352118,Default Profile,false
2026-07-25T04:49:08.000Z,12.253746666666666,75.37222833333334,-26.39999999999999,3.0,43.37,12.326053,18,gps,0.72,0.87,1.13,-89.1,,,,67,,1784954948000,2026-07-25T10:19:08.000+05:30,41789.941797635365,1784949352118,Default Profile,false
2026-07-25T04:49:14.000Z,12.254196666666667,75.37262166666666,-16.89999999999999,2.8,37.34,9.285074,19,gps,0.74,1.97,2.11,-89.1,,,,67,,1784954954000,2026-07-25T10:19:14.000+05:30,41855.74831059179,1784949352118,Default Profile,false
2026-07-25T04:49:19.000Z,12.254563333333332,75.37286,-20.19999999999999,2.8,35.72,9.56148,20,gps,0.75,1.97,2.11,-89.1,,,,67,,1784954959000,2026-07-25T10:19:19.000+05:30,41904.04944592543,1784949352118,Default Profile,false
2026-07-25T04:49:25.000Z,12.254916666666668,75.37326833333333,-16.89999999999999,2.6,54.56,10.962554,24,gps,0.59,1.23,1.36,-89.1,,,,67,,1784954965000,2026-07-25T10:19:25.000+05:30,41963.31420139305,1784949352118,Default Profile,false
2026-07-25T04:49:31.000Z,12.255165,75.37355666666667,-31.799999999999997,2.7,33.94,4.2670474,23,gps,0.68,0.80,1.05,-89.1,,,,67,,1784954971000,2026-07-25T10:19:31.000+05:30,42005.076710601104,1784949352118,Default Profile,false
2026-07-25T04:49:36.000Z,12.255238333333333,75.37349999999999,-28.39999999999999,2.6,316.4,1.6532878,23,gps,0.63,0.81,1.03,-89.1,,,,67,,1784954976000,2026-07-25T10:19:36.000+05:30,42015.294674809185,1784949352118,Default Profile,false
2026-07-25T04:49:41.000Z,12.255225,75.37346666666667,-25.499999999999993,2.5,316.4,0.0,24,gps,0.63,0.78,1.00,-89.1,,,,67,,1784954981000,2026-07-25T10:19:41.000+05:30,42019.2083970846,1784949352118,Default Profile,false
2026-07-25T04:49:47.000Z,12.255235,75.37341500000001,-24.0,2.6,294.58,2.2575717,23,gps,0.64,0.77,1.00,-89.1,,,,67,,1784954987000,2026-07-25T10:19:47.000+05:30,42024.93160620634,1784949352118,Default Profile,false
2026-07-25T04:49:53.000Z,12.2553,75.37304833333333,-21.89999999999999,2.6,287.39,8.4049,26,gps,0.57,0.80,0.98,-89.1,,,,67,,1784954993000,2026-07-25T10:19:53.000+05:30,42065.424229879434,1784949352118,Default Profile,false
2026-07-25T04:49:59.000Z,12.255565,75.37230166666667,-22.299999999999997,2.7,291.25,16.628101,24,gps,0.61,1.31,1.45,-89.1,,,,67,,1784954999000,2026-07-25T10:19:59.000+05:30,42151.74296782556,1784949352118,Default Profile,false
2026-07-25T04:50:05.000Z,12.256055,75.37134333333333,-30.89999999999999,2.7,296.55,19.884233,18,gps,0.69,0.86,1.10,-89.1,,,,67,,1784955005000,2026-07-25T10:20:05.000+05:30,42269.26912718202,1784949352118,Default Profile,false
2026-07-25T04:50:10.000Z,12.256538333333333,75.370525,-24.69999999999999,2.9,302.79,18.310213,22,gps,0.71,1.46,1.62,-89.1,,,,67,,1784955010000,2026-07-25T10:20:10.000+05:30,42373.169581907336,1784949352118,Default Profile,false
2026-07-25T04:50:16.000Z,12.256793333333333,75.36957333333334,-33.699999999999996,3.0,276.84,17.052748,26,gps,0.58,0.78,0.97,-89.1,,,,67,,1784955016000,2026-07-25T10:20:16.000+05:30,42480.39505640798,1784949352118,Default Profile,false
2026-07-25T04:50:22.000Z,12.256799999999998,75.36857666666667,-32.89999999999999,2.6,267.06,16.823181,31,gps,0.52,1.02,1.15,-89.1,,,,67,,1784955022000,2026-07-25T10:20:22.000+05:30,42588.69573405504,1784949352118,Default Profile,false
2026-07-25T04:50:27.000Z,12.256760000000002,75.36779166666666,-28.89999999999999,2.6,269.16,16.588469,26,gps,0.59,0.73,0.94,-89.1,,,,67,,1784955027000,2026-07-25T10:20:27.000+05:30,42674.10999191031,1784949352118,Default Profile,false
2026-07-25T04:50:33.000Z,12.256946666666666,75.36705666666667,-28.199999999999996,2.6,308.61,12.188622,25,gps,0.64,0.80,1.02,-89.1,,,,67,,1784955033000,2026-07-25T10:20:33.000+05:30,42756.62846952775,1784949352118,Default Profile,false
2026-07-25T04:50:39.000Z,12.257554999999998,75.36654833333334,-39.39999999999999,2.7,327.48,14.650023,23,gps,0.68,0.80,1.05,-89.1,,,,67,,1784955039000,2026-07-25T10:20:39.000+05:30,42843.959008905425,1784949352118,Default Profile,false
2026-07-25T04:50:44.000Z,12.258223333333335,75.36635833333334,-42.599999999999994,2.8,342.94,14.970181,17,gps,0.85,0.91,1.24,-89.1,,,,67,,1784955044000,2026-07-25T10:20:44.000+05:30,42921.08871740899,1784949352118,Default Profile,false
2026-07-25T04:50:50.000Z,12.258836666666665,75.36597166666667,-45.099999999999994,2.9,325.24,14.137876,22,gps,0.65,0.83,1.06,-89.1,,,,67,,1784955050000,2026-07-25T10:20:50.000+05:30,43001.19142792753,1784949352118,Default Profile,false
2026-07-25T04:50:55.000Z,12.259416666666668,75.36564666666666,-45.699999999999996,2.6,335.72,10.907478,23,gps,0.65,0.82,1.04,-89.1,,,,67,,1784955055000,2026-07-25T10:20:55.000+05:30,43074.720022206544,1784949352118,Default Profile,false
2026-07-25T04:51:01.000Z,12.259601666666667,75.36559333333334,-42.49999999999999,2.8,354.76,2.0650656,20,gps,0.70,0.83,1.08,-89.1,,,,67,,1784955061000,2026-07-25T10:21:01.000+05:30,43096.09178937006,1784949352118,Default Profile,false
2026-07-25T04:51:07.000Z,12.2598,75.36554333333333,-43.599999999999994,2.7,352.96,4.8924346,21,gps,0.74,1.81,1.96,-89.1,,,,67,,1784955067000,2026-07-25T10:21:07.000+05:30,43118.80480246414,1784949352118,Default Profile,false
2026-07-25T04:51:12.000Z,12.260171666666668,75.36547833333334,-43.599999999999994,2.8,346.55,8.769322,16,gps,0.82,0.89,1.21,-89.1,,,,67,,1784955072000,2026-07-25T10:21:12.000+05:30,43160.73142407834,1784949352118,Default Profile,false
2026-07-25T04:51:17.000Z,12.260571666666666,75.36527833333334,-48.099999999999994,3.0,330.62,11.328007,16,gps,0.83,0.91,1.23,-89.1,,,,67,,1784955077000,2026-07-25T10:21:17.000+05:30,43210.234553907634,1784949352118,Default Profile,false
2026-07-25T04:51:23.000Z,12.261133333333332,75.36481833333333,-46.39999999999999,2.9,318.61,13.21086,21,gps,0.67,1.44,1.59,-89.1,,,,67,,1784955083000,2026-07-25T10:21:23.000+05:30,43290.22743906739,1784949352118,Default Profile,false
2026-07-25T04:51:29.000Z,12.26164,75.36435833333333,-45.39999999999999,2.7,322.6,11.25749,25,gps,0.62,0.77,0.99,-89.1,,,,67,,1784955089000,2026-07-25T10:21:29.000+05:30,43365.542412370174,1784949352118,Default Profile,false
2026-07-25T04:51:35.000Z,12.262106666666666,75.36400833333333,-43.99999999999999,2.8,325.29,10.470479,20,gps,0.64,1.26,1.42,-89.1,,,,67,,1784955095000,2026-07-25T10:21:35.000+05:30,43429.87733829423,1784949352118,Default Profile,false
2026-07-25T04:51:41.000Z,12.262615000000002,75.36369166666667,-31.299999999999997,2.6,339.79,12.620989,18,gps,0.70,1.67,1.81,-89.1,,,,67,,1784955101000,2026-07-25T10:21:41.000+05:30,43496.05066563137,1784949352118,Default Profile,false
2026-07-25T04:51:46.000Z,12.263286666666666,75.36347500000001,-24.5,2.9,344.52,17.063557,19,gps,0.71,1.43,1.60,-89.1,,,,67,,1784955106000,2026-07-25T10:21:46.000+05:30,43574.35927284471,1784949352118,Default Profile,false
2026-07-25T04:51:52.000Z,12.264385,75.363165,-8.699999999999989,3.0,344.58,20.230642,17,gps,0.92,1.78,2.01,-89.1,,,,67,,1784955112000,2026-07-25T10:21:52.000+05:30,43701.04831947469,1784949352118,Default Profile,false
2026-07-25T04:51:58.000Z,12.265531666666668,75.362905,-3.1999999999999886,2.8,348.12,20.424177,17,gps,0.81,0.83,1.16,-89.1,,,,67,,1784955118000,2026-07-25T10:21:58.000+05:30,43831.64408920193,1784949352118,Default Profile,false
2026-07-25T04:52:04.000Z,12.266566666666666,75.36274499999999,-14.099999999999994,2.9,352.56,18.709639,20,gps,0.81,1.61,1.80,-89.0,,,,67,,1784955124000,2026-07-25T10:22:04.000+05:30,43948.036527041,1784949352118,Default Profile,false
2026-07-25T04:52:10.000Z,12.267574999999999,75.36263000000001,-30.6,2.7,356.57,19.126049,20,gps,0.65,1.38,1.52,-89.0,,,,66,,1784955130000,2026-07-25T10:22:10.000+05:30,44060.852210943296,1784949352118,Default Profile,false
2026-07-25T04:52:16.000Z,12.268625000000002,75.36261333333333,-32.6,2.6,354.92,17.88145,24,gps,0.57,0.77,0.96,-89.0,,,,66,,1784955136000,2026-07-25T10:22:16.000+05:30,44177.62092731192,1784949352118,Default Profile,false
2026-07-25T04:52:21.000Z,12.26937,75.36251666666666,-32.9,2.6,347.09,15.205409,24,gps,0.60,0.73,0.94,-89.0,,,,66,,1784955141000,2026-07-25T10:22:21.000+05:30,44261.12435480561,1784949352118,Default Profile,false
2026-07-25T04:52:27.000Z,12.269838333333333,75.36249833333333,-28.4,2.9,353.52,5.44782,17,gps,0.80,1.51,1.71,-89.0,,,,66,,1784955147000,2026-07-25T10:22:27.000+05:30,44313.23873045282,1784949352118,Default Profile,false
2026-07-25T04:52:33.000Z,12.269794999999998,75.36254833333334,-23.299999999999997,2.9,7.57,0.0,15,gps,0.75,0.84,1.13,-89.0,,,,66,,1784955153000,2026-07-25T10:22:33.000+05:30,44320.50042368263,1784949352118,Default Profile,false
2026-07-25T04:52:39.000Z,12.269968333333335,75.362535,-29.5,2.8,9.15,5.5317197,16,gps,0.74,0.83,1.12,-89.0,,,,66,,1784955159000,2026-07-25T10:22:39.000+05:30,44339.82858196481,1784949352118,Default Profile,false
2026-07-25T04:52:45.000Z,12.270391666666667,75.36259166666667,-30.9,2.7,5.18,8.619538,19,gps,0.67,0.81,1.05,-89.0,,,,66,,1784955165000,2026-07-25T10:22:45.000+05:30,44387.30206933761,1784949352118,Default Profile,false
2026-07-25T04:52:51.000Z,12.271013333333334,75.36263000000001,-32.5,2.6,5.79,10.853433,25,gps,0.56,1.08,1.21,-89.0,,,,66,,1784955171000,2026-07-25T10:22:51.000+05:30,44456.5536157518,1784949352118,Default Profile,false
2026-07-25T04:52:57.000Z,12.27153,75.36252166666667,-34.2,2.5,335.91,10.695413,22,gps,0.62,1.21,1.36,-89.0,,,,66,,1784955177000,2026-07-25T10:22:57.000+05:30,44515.19778157996,1784949352118,Default Profile,false
2026-07-25T04:53:02.000Z,12.272046666666665,75.362365,-35.8,2.4,346.45,9.69119,22,gps,0.62,1.13,1.29,-89.0,,,,66,,1784955182000,2026-07-25T10:23:02.000+05:30,44575.11730532716,1784949352118,Default Profile,false
2026-07-25T04:53:08.000Z,12.272408333333333,75.36226166666667,-38.8,2.9,341.65,5.037586,17,gps,0.77,0.85,1.15,-89.0,,,,66,,1784955188000,2026-07-25T10:23:08.000+05:30,44616.87068631605,1784949352118,Default Profile,false
2026-07-25T04:53:14.000Z,12.272543333333333,75.36218166666666,-45.1,2.6,322.99,2.5684638,21,gps,0.66,1.36,1.51,-89.0,,,,66,,1784955194000,2026-07-25T10:23:14.000+05:30,44634.21703573039,1784949352118,Default Profile,false
2026-07-25T04:53:20.000Z,12.272705,75.36228333333334,-46.6,2.5,42.29,3.2329702,23,gps,0.60,1.29,1.42,-89.0,,,,66,,1784955200000,2026-07-25T10:23:20.000+05:30,44655.31631425258,1784949352118,Default Profile,false
2026-07-25T04:53:25.000Z,12.27277,75.362415,-47.4,2.2,56.24,0.0,26,gps,0.53,0.75,0.92,-89.0,,,,66,,1784955205000,2026-07-25T10:23:25.000+05:30,44671.34451232062,1784949352118,Default Profile,false
2026-07-25T04:53:30.000Z,12.27277,75.36241666666666,-47.5,2.3,56.24,0.0,24,gps,0.57,0.77,0.96,-89.0,,,,66,,1784955210000,2026-07-25T10:23:30.000+05:30,44671.525601914254,1784949352118,Default Profile,false
2026-07-25T04:53:36.000Z,12.27277,75.36241666666666,-47.5,2.2,56.24,0.0,28,gps,0.52,0.73,0.90,-89.0,,,,66,,1784955216000,2026-07-25T10:23:36.000+05:30,44671.525601914254,1784949352118,Default Profile,false
2026-07-25T04:53:41.000Z,12.27277,75.36241666666666,-47.5,2.1,56.24,0.0,29,gps,0.52,0.73,0.90,-89.0,,,,66,,1784955221000,2026-07-25T10:23:41.000+05:30,44671.525601914254,1784949352118,Default Profile,false
2026-07-25T04:53:47.000Z,12.272874999999999,75.36255333333334,-44.1,2.1,44.98,4.9495687,29,gps,0.53,1.05,1.18,-89.0,,,,66,,1784955227000,2026-07-25T10:23:47.000+05:30,44690.41526963575,1784949352118,Default Profile,false
2026-07-25T04:53:53.000Z,12.273145,75.36283666666667,-40.1,2.6,47.18,8.904695,24,gps,0.62,1.31,1.45,-89.0,,,,66,,1784955233000,2026-07-25T10:23:53.000+05:30,44733.41628176355,1784949352118,Default Profile,false
2026-07-25T04:53:59.000Z,12.273626666666667,75.363275,-34.7,2.6,44.3,11.446393,26,gps,0.57,1.12,1.26,-89.0,,,,66,,1784955239000,2026-07-25T10:23:59.000+05:30,44805.087988744555,1784949352118,Default Profile,false
2026-07-25T04:54:05.000Z,12.274094999999999,75.36373333333333,-36.3,2.5,47.71,10.447832,26,gps,0.62,1.23,1.38,-89.0,,,,66,,1784955245000,2026-07-25T10:24:05.000+05:30,44877.14299194576,1784949352118,Default Profile,false
2026-07-25T04:54:11.000Z,12.274401666666666,75.36407166666666,-37.0,2.6,44.86,5.689739,25,gps,0.66,1.43,1.58,-89.0,,,,66,,1784955251000,2026-07-25T10:24:11.000+05:30,44927.284437562725,1784949352118,Default Profile,false
2026-07-25T04:54:17.000Z,12.27453,75.364125,-32.8,2.4,346.09,2.5494192,27,gps,0.66,1.26,1.42,-89.0,,,,66,,1784955257000,2026-07-25T10:24:17.000+05:30,44942.68617110348,1784949352118,Default Profile,false
2026-07-25T04:54:23.000Z,12.274646666666667,75.36397166666667,-39.5,2.5,290.75,3.8583577,28,gps,0.58,0.73,0.93,-89.0,,,,66,,1784955263000,2026-07-25T10:24:23.000+05:30,44963.80137588956,1784949352118,Default Profile,false
2026-07-25T04:54:29.000Z,12.274538333333332,75.36383000000001,-39.1,2.5,220.86,3.4012845,27,gps,0.65,1.13,1.30,-89.0,,,,66,,1784955269000,2026-07-25T10:24:29.000+05:30,44983.34717515061,1784949352118,Default Profile,false
2026-07-25T04:54:35.000Z,12.274491666666666,75.36368666666667,-42.7,2.4,279.1,2.4562545,30,gps,0.55,0.76,0.94,-89.0,,,,66,,1784955275000,2026-07-25T10:24:35.000+05:30,44999.762527707724,1784949352118,Default Profile,false
2026-07-25T04:54:41.000Z,12.274518333333333,75.36365,-43.0,2.4,295.73,0.0,34,gps,0.50,0.70,0.86,-89.0,,,,66,,1784955281000,2026-07-25T10:24:41.000+05:30,45004.72883577278,1784949352118,Default Profile,false
2026-07-25T04:54:47.000Z,12.274518333333333,75.36365,-43.0,2.4,295.73,0.0,34,gps,0.54,0.70,0.88,-89.0,,,,66,,1784955287000,2026-07-25T10:24:47.000+05:30,45004.72883577278,1784949352118,Default Profile,false
2026-07-25T04:54:53.000Z,12.274448333333332,75.36371000000001,-44.2,2.5,295.73,0.5327375,28,gps,0.63,0.80,1.02,-89.0,,,,66,,1784955293000,2026-07-25T10:24:53.000+05:30,45014.8819079223,1784949352118,Default Profile,false
2026-07-25T04:54:59.000Z,12.27443333333333,75.36370833333334,-44.0,2.5,295.73,0.0,25,gps,0.70,0.84,1.09,-89.0,,,,66,,1784955299000,2026-07-25T10:24:59.000+05:30,45016.55963351396,1784949352118,Default Profile,false
2026-07-25T04:55:05.000Z,12.274408333333334,75.36376333333332,-43.8,3.2,110.49,1.0953289,20,gps,0.82,0.85,1.18,-89.0,,,,66,,1784955305000,2026-07-25T10:25:05.000+05:30,45023.15048356915,1784949352118,Default Profile,false
2026-07-25T04:55:10.000Z,12.274418333333331,75.36375166666667,-43.8,4.0,110.49,0.0,15,gps,0.95,0.87,1.29,-89.0,,,,66,,1784955310000,2026-07-25T10:25:10.000+05:30,45024.836689288175,1784949352118,Default Profile,false
2026-07-25T04:55:15.000Z,12.274466666666667,75.36366333333334,-47.5,3.6,110.49,0.0,16,gps,1.05,0.88,1.37,-89.0,,,,66,,1784955315000,2026-07-25T10:25:15.000+05:30,45035.836689835145,1784949352118,Default Profile,false
2026-07-25T04:55:20.000Z,12.274478333333331,75.36365666666667,-47.6,4.2,110.49,0.0,11,gps,1.88,0.92,2.09,-89.0,,,,66,,1784955320000,2026-07-25T10:25:20.000+05:30,45037.32249213617,1784949352118,Default Profile,false
2026-07-25T04:55:26.000Z,12.274478333333331,75.36365666666667,-47.6,4.1,110.49,0.0,15,gps,1.02,0.94,1.39,-89.0,,,,66,,1784955326000,2026-07-25T10:25:26.000+05:30,45037.32249213617,1784949352118,Default Profile,false
2026-07-25T04:55:32.000Z,12.274478333333331,75.36365666666667,-47.6,4.1,110.49,0.0,15,gps,1.14,0.92,1.46,-89.0,,,,66,,1784955332000,2026-07-25T10:25:32.000+05:30,45037.32249213617,1784949352118,Default Profile,false
2026-07-25T04:55:38.000Z,12.274478333333331,75.36365666666667,-47.6,2.8,110.49,0.0,24,gps,0.73,0.85,1.12,-89.0,,,,66,,1784955338000,2026-07-25T10:25:38.000+05:30,45037.32249213617,1784949352118,Default Profile,false
2026-07-25T04:55:43.000Z,12.274406666666668,75.36373166666667,-47.9,2.5,110.49,0.0,27,gps,0.65,0.81,1.04,-89.0,,,,66,,1784955343000,2026-07-25T10:25:43.000+05:30,45048.720314451304,1784949352118,Default Profile,false
2026-07-25T04:55:49.000Z,12.274406666666668,75.36373166666667,-47.9,2.4,110.49,0.0,27,gps,0.67,0.82,1.06,-89.0,,,,66,,1784955349000,2026-07-25T10:25:49.000+05:30,45048.720314451304,1784949352118,Default Profile,false
2026-07-25T04:55:55.000Z,12.274406666666668,75.36373166666667,-47.9,2.4,110.49,0.0,29,gps,0.67,0.82,1.06,-89.0,,,,66,,1784955355000,2026-07-25T10:25:55.000+05:30,45048.720314451304,1784949352118,Default Profile,false
2026-07-25T04:56:01.000Z,12.274406666666668,75.36373166666667,-47.9,2.5,110.49,0.0,28,gps,0.75,0.81,1.11,-89.0,,,,66,,1784955361000,2026-07-25T10:26:01.000+05:30,45048.720314451304,1784949352118,Default Profile,false
2026-07-25T04:56:07.000Z,12.274406666666668,75.36373166666667,-47.9,2.6,110.49,0.0,29,gps,0.73,0.81,1.09,-89.0,,,,66,,1784955367000,2026-07-25T10:26:07.000+05:30,45048.720314451304,1784949352118,Default Profile,false
2026-07-25T04:56:13.000Z,12.274406666666668,75.36373166666667,-47.9,2.6,110.49,0.0,24,gps,1.00,0.79,1.27,-89.0,,,,66,,1784955373000,2026-07-25T10:26:13.000+05:30,45048.720314451304,1784949352118,Default Profile,false
2026-07-25T04:56:19.000Z,12.274461666666665,75.36365500000001,-51.8,2.7,110.49,0.0,25,gps,1.00,0.79,1.27,-89.0,,,,66,,1784955379000,2026-07-25T10:26:19.000+05:30,45059.05434015844,1784949352118,Default Profile,false
2026-07-25T04:56:25.000Z,12.274495000000002,75.363605,-51.1,2.3,110.49,0.0,27,gps,0.76,0.79,1.09,-89.0,,,,66,,1784955385000,2026-07-25T10:26:25.000+05:30,45065.63095313324,1784949352118,Default Profile,false
2026-07-25T04:56:31.000Z,12.274536666666666,75.36358833333334,-51.2,2.0,110.49,0.16831417,34,gps,0.51,0.66,0.83,-89.0,,,,66,,1784955391000,2026-07-25T10:26:31.000+05:30,45070.605399793254,1784949352118,Default Profile,false
2026-07-25T04:56:36.000Z,12.274605000000001,75.36358666666666,-51.0,1.9,344.12,1.395412,35,gps,0.49,0.65,0.81,-89.0,,,,66,,1784955396000,2026-07-25T10:26:36.000+05:30,45078.20587738524,1784949352118,Default Profile,false
2026-07-25T04:56:41.000Z,12.274655,75.36357333333333,-50.0,1.8,348.75,0.0,40,gps,0.46,0.65,0.80,-89.0,,,,66,,1784955401000,2026-07-25T10:26:41.000+05:30,45083.95126943969,1784949352118,Default Profile,false
2026-07-25T04:56:47.000Z,12.274659999999999,75.36356500000001,-49.6,2.0,348.75,0.0,36,gps,0.49,0.67,0.83,-89.0,,,,66,,1784955407000,2026-07-25T10:26:47.000+05:30,45085.013781588954,1784949352118,Default Profile,false
2026-07-25T04:56:53.000Z,12.274726666666668,75.36359,-49.2,2.3,34.5,1.0011348,32,gps,0.55,0.71,0.90,-89.0,,,,66,,1784955413000,2026-07-25T10:26:53.000+05:30,45092.90877449399,1784949352118,Default Profile,false
2026-07-25T04:56:59.000Z,12.274756666666667,75.36365,-50.6,2.4,68.21,0.0,32,gps,0.52,0.67,0.85,-89.0,,,,66,,1784955419000,2026-07-25T10:26:59.000+05:30,45100.23185744057,1784949352118,Default Profile,false
2026-07-25T04:57:05.000Z,12.274779999999998,75.36372,-52.5,2.3,68.21,0.14206333,35,gps,0.52,0.69,0.86,-89.0,,,,66,,1784955425000,2026-07-25T10:27:05.000+05:30,45108.267928185945,1784949352118,Default Profile,false
2026-07-25T04:57:10.000Z,12.274846666666667,75.36380166666666,-53.8,2.3,68.21,0.15801972,39,gps,0.46,0.62,0.77,-89.0,,,,66,,1784955430000,2026-07-25T10:27:10.000+05:30,45119.830295017964,1784949352118,Default Profile,false
2026-07-25T04:57:15.000Z,12.274883333333332,75.36386333333333,-54.8,2.2,68.21,0.0,36,gps,0.48,0.64,0.80,-89.0,,,,66,,1784955435000,2026-07-25T10:27:15.000+05:30,45127.67354923986,1784949352118,Default Profile,false
2026-07-25T04:57:21.000Z,12.274888333333335,75.36386333333333,-54.7,3.4,68.21,0.0,16,gps,0.82,0.81,1.15,-89.0,,,,66,,1784955441000,2026-07-25T10:27:21.000+05:30,45128.22952387346,1784949352118,Default Profile,false
2026-07-25T05:02:36.000Z,12.27482,75.36386,-75.8,8.3,91.66,0.0,10,gps,0.97,0.92,1.34,-89.0,,,,65,,1784955756000,2026-07-25T10:32:36.000+05:30,45135.83647058819,1784949352118,Default Profile,false
2026-07-25T05:02:42.000Z,12.27482,75.36386,-75.8,5.1,91.66,0.0,15,gps,0.92,0.80,1.22,-89.0,,,,65,,1784955762000,2026-07-25T10:32:42.000+05:30,45135.83647058819,1784949352118,Default Profile,false
2026-07-25T05:02:47.000Z,12.274791666666665,75.36395166666667,-57.9,4.1,179.78,0.0,18,gps,1.05,0.78,1.31,-89.0,,,,65,,1784955767000,2026-07-25T10:32:47.000+05:30,45146.28273404953,1784949352118,Default Profile,false
2026-07-25T05:02:52.000Z,12.274796666666669,75.363945,-53.1,2.3,208.26,0.0,34,gps,0.49,0.63,0.80,-89.0,,,,65,,1784955772000,2026-07-25T10:32:52.000+05:30,45147.195857691084,1784949352118,Default Profile,false
2026-07-25T05:02:58.000Z,12.274796666666669,75.363945,-53.1,2.2,208.26,0.0,30,gps,0.52,0.67,0.85,-89.0,,,,65,,1784955778000,2026-07-25T10:32:58.000+05:30,45147.195857691084,1784949352118,Default Profile,false
