segment,timestamp,longitude,latitude,altitude,horizontal accuracy,vertical accuracy,speed,speed accuracy,course,course accuracy
1,2026-07-25T04:18:36.999637Z,75.36010984060182,12.037135188892838,47.90169814508408,7.657748054055789,4.278769676399054,1.8832980549415017,0.8960000686259818,351.9877552901725,38.550136760246254
1,2026-07-25T04:18:37.999638Z,75.36010697183394,12.03715524756616,47.99999037664384,7.657748054041805,4.243149194169522,1.7927835965518848,0.8967931662055136,349.77423876950184,40.532201339464734
1,2026-07-25T04:18:38.999639Z,75.36010973276865,12.037161019281967,47.70215699542314,7.657748051231203,4.088670526255914,1.7643496896057485,1.0342833051293037,349.826811591417,47.49982810533593
1,2026-07-25T04:18:39.999638Z,75.36010806981771,12.037168669353992,47.47267324663699,7.479337331927779,4.117240252809063,1.8804355730254527,0.9029674185482127,355.1502841111191,38.90907383630839
1,2026-07-25T04:18:40.999638Z,75.36011069783778,12.03717768945026,47.269586423411965,7.364743966748072,3.980169114930661,1.7815333110724685,1.0321682104476493,2.430845730054455,46.945471273475064
1,2026-07-25T04:18:41.999639Z,75.36011615180857,12.037186872180836,47.04575973097235,7.198889660822412,3.7876020842890386,1.65265341799067,1.1559076487046192,16.089067082952585,56.67299592624464
1,2026-07-25T04:18:42.999638Z,75.36012191292436,12.037202497998596,46.70790485665202,7.198889676775718,4.0766038603238535,1.7637908893437506,1.030879822532076,17.945753266517638,47.355322829932575
1,2026-07-25T04:18:43.999639Z,75.36013346426446,12.037213359427275,46.53420860879123,7.198889675175131,4.307312791785109,1.8053646655654523,1.0339393145579836,34.22725035524663,46.40255860863808
1,2026-07-25T04:18:44.999638Z,75.3601540582982,12.037222963581005,46.508167400956154,7.198889666602629,4.524629599694479,1.96137004437024,1.0348781738048343,48.693925237434904,42.752986821203336
1,2026-07-25T04:18:45.999639Z,75.36017172021626,12.037228302796228,46.54807644803077,7.073446871698116,4.612200655290893,1.9292171920395789,0.8923468811171942,58.81973088161062,37.47763374200957
1,2026-07-25T04:18:46.999638Z,75.36018268699182,12.037232102482651,46.285390669479966,7.399974302830846,4.818253292263486,1.7933044628955739,1.042120086804385,64.85910297329157,47.08702186022507
1,2026-07-25T04:18:47.999099Z,75.36018883703468,12.037237766609739,46.30257988348603,6.972797986724817,4.115115244783995,1.6892163717462956,1.1513882734618168,68.46708608428737,55.227598507846544
1,2026-07-25T04:18:48.999089Z,75.36019603888302,12.037238134737173,46.108752145431936,6.6932814036817465,4.109492725410729,1.5489688995819904,1.0359419493775697,73.42971978302964,54.19079549094961
1,2026-07-25T04:18:49.999090Z,75.36021117862659,12.037236254875687,45.844073155894876,6.318898352972834,3.885952424412587,1.5253721957450852,1.040226531204677,77.51870358137455,55.25662485327119
1,2026-07-25T04:18:50.999082Z,75.36022201277231,12.037241396007243,45.7287811646238,6.130606379509908,4.04916334027723,1.526588869718926,1.035180323349845,75.33582773264766,54.94525239712644
1,2026-07-25T04:18:51.999070Z,75.36023824431558,12.037238385850731,45.862882967107,5.902186154517036,4.084902466578196,1.6804184141813834,1.034125073759341,75.14304964008076,49.863239401583414
1,2026-07-25T04:18:52.999074Z,75.36025510551356,12.037242583770952,46.14470448438078,5.982609345511202,4.173303050304502,1.8227963625795864,1.1543634712758162,77.44314097764413,51.30793842505692
1,2026-07-25T04:18:53.999067Z,75.36026852593186,12.037246278665497,46.47379104141146,6.116773367460581,4.242041370139703,1.975091172377288,1.1445032339942494,80.99232581026763,46.93350030400601
1,2026-07-25T04:18:54.999061Z,75.3602887994516,12.037252695193017,46.365284322761,6.493303809531064,4.531799225708299,1.8094114349709747,1.1518161527240314,82.36129803402378,51.5721182762931
1,2026-07-25T04:18:55.999071Z,75.36030815355869,12.037259740794745,46.41563263442367,6.8401066398737695,4.810552873837203,1.6823736905693856,1.0420073649185764,81.41011471856159,50.17744370111626
1,2026-07-25T04:18:56.999070Z,75.36031742153078,12.037266640269692,45.87330492492765,6.840106642143598,4.4375234625564755,1.4501787219284135,1.1441455553180662,72.53844434871432,63.91678319753137
1,2026-07-25T04:18:57.999067Z,75.36032685107222,12.03726630064604,45.808304876089096,7.213747266764392,4.909990765749718,1.0657887763565348,1.1473205754082758,82.62275138136155,87.18401439331305
1,2026-07-25T04:18:58.999081Z,75.360328818826,12.037269222152727,45.753092418424785,7.53263499772004,5.630596393391027,0.5385657981000995,1.004244710077833,87.72875148932188,150.76688823245934
1,2026-07-25T04:18:59.999084Z,75.36032787979478,12.037275583602012,45.92686153296381,7.616775277621191,5.692054009867744,0.51630326326877,1.049326292582999,79.31381228532143,164.68092654836428
1,2026-07-25T04:19:00.999086Z,75.36033498016324,12.037278169169474,45.82619165815413,7.816937683868283,6.12743853224513,0.8313809141509413,1.1681241867910783,80.72389707518622,113.84518398363912
1,2026-07-25T04:19:01.999101Z,75.36035891690346,12.03727682714497,45.8352542379871,7.794653873125193,6.353385295947281,1.5348905055203121,1.1631333955547414,73.75543086772616,61.395675881916056
1,2026-07-25T04:19:02.999117Z,75.3603709146495,12.037280609525437,46.792288867756724,7.7204895838840635,6.2356446447492235,1.380739686161541,1.0061422925658996,76.60630441251641,58.907758488336974
1,2026-07-25T04:19:03.999133Z,75.36037836037839,12.037275738985452,47.17897151224315,7.5253725573297094,6.337267359214464,1.0964646137329264,0.9633147837110274,85.84239836688351,70.68505402563939
1,2026-07-25T04:19:04.999148Z,75.36037355237504,12.03727500262248,46.660825240425766,7.419046148955041,6.127476206614394,0.3726372767999692,0.9733497056308107,-1.0,-1.0
1,2026-07-25T04:19:05.999162Z,75.36037291294124,12.037276910509743,46.67503756377846,7.357538978908339,5.931471973112533,0.16220973521808754,0.6874356432757311,-1.0,-1.0
1,2026-07-25T04:19:06.999175Z,75.36037303820042,12.037276923907925,46.39308576006442,7.405335722589579,5.523294440936463,0.023165326155555884,0.4119823874198774,-1.0,-1.0
1,2026-07-25T04:19:07.999188Z,75.36038136690999,12.037275236061642,46.07279223948717,7.447998138257848,5.18561658302877,0.12337159669578616,0.6268134221130848,-1.0,-1.0
1,2026-07-25T04:19:08.999199Z,75.36038410513387,12.037273713281106,46.187092788517475,7.565655441840602,4.893817525036824,0.055091775835259184,0.952584469734593,-1.0,-1.0
1,2026-07-25T04:19:09.999210Z,75.36039252405419,12.037278388544784,46.33142446167767,7.521783341429297,4.859380093412491,0.4235801207565349,1.0352281087486257,71.72391205004338,180.0
1,2026-07-25T04:19:10.999222Z,75.36040191176079,12.037288195428706,46.56781868357211,7.451974624539109,5.005322482057861,1.086154028876735,0.9011543765979836,66.4917468817905,67.1894026627651
1,2026-07-25T04:19:11.999231Z,75.36042186642655,12.037297906724724,46.99468855652958,7.451974578589405,5.223592588844249,1.9751149436981115,0.9049202880135824,64.56613737311655,37.10957178501896
1,2026-07-25T04:19:12.999240Z,75.36043869311138,12.037297044212254,46.878158141858876,7.48378938126535,5.533253507150344,1.7341885595544435,1.0532071157233498,87.79387920115246,49.202991180112214
1,2026-07-25T04:19:13.999249Z,75.36044855886772,12.037294445503425,46.978288729675114,7.483789392161012,5.636408357537433,1.3694686404174303,1.1737531853161098,88.31923464888479,69.4381483964715
1,2026-07-25T04:19:14.999258Z,75.36045419504886,12.03730257328241,47.59140426572412,7.428444443634347,6.034434086541809,1.3237441691709113,1.0300931780498788,80.88743224823861,62.92539123117252
1,2026-07-25T04:19:15.999265Z,75.36046413933167,12.037305739818292,47.79669884312898,7.41013616058541,6.459878846189941,1.274218692105971,1.1310404023568077,78.40927024779192,71.76452287203983
1,2026-07-25T04:19:16.999273Z,75.36047645063839,12.037300877857923,48.04514885041863,7.518482375848359,6.616020140363233,1.4104263520590903,1.1315329381726134,92.61437840692149,64.84186848162928
1,2026-07-25T04:19:17.999280Z,75.3604924595548,12.037287487587653,47.85884541645646,7.685036183015115,6.8154880298160325,1.5211970787631395,1.058183259071859,113.62865718732952,56.334074066004554
1,2026-07-25T04:19:18.999287Z,75.36050685089387,12.037267342305762,47.910652700811625,7.757637455200319,6.522865308895796,1.4954960116154792,1.058098526393454,131.37715232346693,57.29232783416583
1,2026-07-25T04:19:19.999293Z,75.36051551630005,12.037256324674225,48.0265199765563,7.688268505733196,6.1834471717831905,1.447828838330477,0.9041831726146456,137.4158476719492,50.56814254786937
1,2026-07-25T04:19:20.999299Z,75.36052341476882,12.03724801334368,47.79646184295416,7.504873858880957,5.868382304983258,1.3743247388037725,1.037455958092273,140.52035204418803,61.14391416914634
1,2026-07-25T04:19:21.999305Z,75.36051984911153,12.037239894310492,48.037353723309934,7.504054104540079,6.288979509117454,1.0485830174555464,1.0258004570532122,169.96699078125795,79.16089537743329
1,2026-07-25T04:19:22.999310Z,75.36052619261228,12.037228727156819,48.30273749306798,7.347471479120413,6.846684368685394,1.4939779950961496,0.921235788709668,159.49695203862674,49.92898908295151
1,2026-07-25T04:19:23.999316Z,75.36052645429432,12.037205051467444,48.3901699334383,7.282583623192845,6.706756195405808,1.8923348636974455,1.0638176467575342,173.68957739505925,45.549479191034706
1,2026-07-25T04:19:24.999321Z,75.3605214312437,12.037181802358079,48.65243227034807,7.269613989460717,6.229355780330933,2.1809024889030226,1.1832291452655435,175.83851197679934,43.95961987923369
1,2026-07-25T04:19:25.999326Z,75.36052232894625,12.037156283544522,49.38293501641601,7.2696139573826,6.219240253836832,2.2769534252164143,1.1505465147304537,173.41232769356512,40.93459309817832
1,2026-07-25T04:19:26.999330Z,75.36053006700422,12.037135466485568,49.26949129626155,7.338466642275244,5.715450058672598,2.219584994999373,1.1605779478857354,165.01520864205614,42.36709141389505
1,2026-07-25T04:19:27.999335Z,75.36053237879905,12.037110644616424,49.63935036677867,7.389784177799108,5.540559578213236,2.15447419135768,1.156875410517719,170.1358660569142,43.50662171997706
1,2026-07-25T04:19:28.999339Z,75.36053444547055,12.037089000269653,50.32029528450221,7.341391030560424,5.577197935484904,2.1677024850869566,1.0200189437370009,170.58593192853868,38.11438924179987
1,2026-07-25T04:19:29.999343Z,75.36053771402052,12.037073290455435,50.130241295322776,7.341391054138678,5.132854827864671,2.078263205237148,1.152218154133566,168.70378910154028,44.92198783644696
1,2026-07-25T04:19:30.999346Z,75.3605363685523,12.037068802629214,50.73325975704938,7.3413910803433415,5.280246893513576,1.4182472169797213,0.9896524906877052,166.92213642284074,56.42036624049472
1,2026-07-25T04:19:31.999349Z,75.36053951020858,12.037062800062957,51.204901076853275,7.393856448029092,5.369752611048559,1.4243279740296162,0.995871708197185,169.53562411129735,56.54508207771762
1,2026-07-25T04:19:32.999353Z,75.36054082989605,12.037061018342321,51.264659602195024,7.4315542228907425,5.190274495731977,1.142786850035749,1.0070855797361953,166.34736587710904,71.31662116558097
1,2026-07-25T04:19:33.999356Z,75.36054104059876,12.03705875796037,51.13268940616399,7.695254104473283,5.1922885799680625,0.9516741485649891,1.0351255648321025,166.50420007045946,88.1236115271474
1,2026-07-25T04:19:34.999360Z,75.36054669191644,12.0370634744149,51.571619706228375,7.67718204583949,5.224688330007254,0.5021787844357426,0.9291824705483078,170.95383889046647,148.678018169879
1,2026-07-25T04:19:35.999364Z,75.36054421900853,12.03706294293427,51.35546387825161,7.676141457829695,4.9331759040356955,0.16843839893785886,0.9507304610762132,-1.0,-1.0
1,2026-07-25T04:19:36.999366Z,75.36054679871313,12.037061837530349,51.57078005839139,7.741188802102081,4.9191314835491635,0.07136313989612247,0.9774005381782118,-1.0,-1.0
1,2026-07-25T04:19:37.999368Z,75.36054773718196,12.037058542406177,51.73859840910882,7.953248287132473,5.389062653012662,0.09932191197526388,1.0487915867148367,-1.0,-1.0
1,2026-07-25T04:19:38.999371Z,75.36055053080986,12.03705639306348,51.83824357856065,8.245092413727468,5.286755148530044,0.05580384262684703,0.7528904513339334,-1.0,-1.0
1,2026-07-25T04:19:39.999375Z,75.36055147550611,12.037044700038983,51.71846557967365,8.619465843053415,5.385554693289462,0.02742462610636456,1.1604167168791804,-1.0,-1.0
1,2026-07-25T04:19:40.999377Z,75.36055008433269,12.037040221190223,51.61428784020245,8.894703112511847,5.630923203805902,0.028796268457367134,0.8192214127810199,-1.0,-1.0
1,2026-07-25T04:19:41.999380Z,75.36055125574157,12.03703395419395,51.52223467826843,9.109773823926995,5.691063024864826,0.015613964843786176,0.998670307856696,-1.0,-1.0
1,2026-07-25T04:19:42.999381Z,75.36054907116099,12.037035617307769,51.35905507206917,9.218760019489507,5.317319373002095,0.02420766801245448,0.8565716529205344,-1.0,-1.0
1,2026-07-25T04:19:43.999384Z,75.36054957322243,12.037033353359869,51.3800501646474,9.214515244517028,5.235453895601949,0.054928924114395226,0.40839169797190644,-1.0,-1.0
1,2026-07-25T04:19:44.999387Z,75.36055790111222,12.03702812411248,51.22686623316258,9.142886482708557,5.642980684661168,0.0,0.3080157138848601,-1.0,-1.0
1,2026-07-25T04:19:45.999388Z,75.36055918047634,12.037023458352914,51.17548959702253,8.791969609330689,5.990874456903772,0.0,0.4362274815796545,-1.0,-1.0
1,2026-07-25T04:19:46.999391Z,75.36055928471622,12.03702307819679,51.17548959702253,6.5671064263972045,7.230354249381161,0.0,0.3080157138848601,-1.0,-1.0
1,2026-07-25T04:19:47.999393Z,75.36055932986008,12.037022913559957,51.17548959702253,5.818027952771279,8.037191407265837,0.0,0.3080157138848601,-1.0,-1.0
1,2026-07-25T04:19:48.999395Z,75.36055935298694,12.0370228292178,51.17548959702253,5.200331378944123,8.704567114713877,0.0,0.3080157138848601,-1.0,-1.0
1,2026-07-25T04:19:49.999397Z,75.36055936585349,12.037022782294267,51.17548959702253,4.641697757107117,9.402251763869005,0.0,0.3080157138848601,-1.0,-1.0
1,2026-07-25T04:19:50.999400Z,75.36055937370811,12.037022753649003,51.17548959702253,4.26485439641375,10.179964097148831,0.0,0.3080157138848601,-1.0,-1.0
1,2026-07-25T04:19:51.999401Z,75.36056633041086,12.037025183615643,50.00080392509699,10.516696503676009,9.12835640834043,0.007620423683792745,0.8954051653380987,-1.0,-1.0
1,2026-07-25T04:19:52.999403Z,75.36056651968306,12.037025245407806,50.00080392509699,9.85077605684443,10.56702363797478,0.0,0.3080157138848601,-1.0,-1.0
1,2026-07-25T04:19:53.999405Z,75.36056656086245,12.037025258851742,50.00080392509699,10.919390380419031,10.923972643217963,0.0,0.3080157138848601,-1.0,-1.0
1,2026-07-25T04:19:54.999406Z,75.36056656220475,12.037025259289969,50.00080392509699,11.00467208902887,11.193899513544693,0.0,0.3080157138848601,-1.0,-1.0
1,2026-07-25T04:19:55.999407Z,75.36056284698347,12.037027696463934,49.752432288601995,11.036699400368791,8.611521310290952,0.0814214468636322,0.9041484831182446,-1.0,-1.0
1,2026-07-25T04:19:56.999411Z,75.36056177245133,12.037027228577173,49.69702070392668,10.802417071655713,8.405405780144806,0.08320109310044295,0.7275740342362971,-1.0,-1.0
1,2026-07-25T04:19:57.999412Z,75.36055805158551,12.037026466318508,49.553006475791335,10.681798867632484,6.928016015375271,0.09786059358716169,0.9842398998826658,-1.0,-1.0
1,2026-07-25T04:19:58.999413Z,75.36055292059302,12.037031110211537,49.30576344579458,10.710566036685528,6.356780898603189,0.1484005428772491,0.3080157138848601,-1.0,-1.0
1,2026-07-25T04:19:59.999415Z,75.36054541646573,12.03703233805402,49.22360876202583,10.598716270596467,6.423152556473313,0.20113327631086583,0.7322685949523884,-1.0,-1.0
1,2026-07-25T04:20:00.999416Z,75.36054220145868,12.03703193622696,49.18671147245914,10.694341940095143,6.370969261084466,0.16778584283272155,0.9091826404220306,-1.0,-1.0
1,2026-07-25T04:20:01.999419Z,75.36054074199144,12.037034717516965,49.289062052965164,10.676598410215401,7.027253010724423,0.0903090718908814,0.4722530729294957,-1.0,-1.0
1,2026-07-25T04:20:02.999420Z,75.36054141253054,12.037035145457047,49.19624372385442,10.920753541733463,7.189888673279215,0.13230594956829708,0.5777992537168933,-1.0,-1.0
1,2026-07-25T04:20:03.999422Z,75.36054425245129,12.037035808746586,49.42777142301202,10.855990102931727,7.2071178094262445,0.08058827261706122,0.7411115652909203,-1.0,-1.0
1,2026-07-25T04:20:04.999423Z,75.36054268016753,12.037037627777385,49.456024705432355,10.967497710162482,7.317044315208317,0.0718811871679642,0.9213725572630456,-1.0,-1.0
1,2026-07-25T04:20:05.999425Z,75.36053557077649,12.037033036436894,49.743831457570195,11.055431744100531,7.459278553065399,0.06649423351183509,1.1484838649118234,-1.0,-1.0
1,2026-07-25T04:20:06.999426Z,75.36053403327732,12.037034716665376,49.84510171599686,11.084953543965756,7.401052722905599,0.15097758725673224,1.1015507554602963,-1.0,-1.0
1,2026-07-25T04:20:07.999428Z,75.36053517462324,12.037032990422412,50.01507365331054,11.122466772828853,8.255466975354663,0.10901324256996511,0.555664237098548,-1.0,-1.0
1,2026-07-25T04:20:08.999429Z,75.36053465632712,12.0370335898443,50.120596734806895,11.488083533585542,8.749279823052547,0.0,0.49785203567205083,-1.0,-1.0
1,2026-07-25T04:20:09.999430Z,75.36053465632709,12.037033589844299,50.120596734806895,11.490394581905198,10.17837979025359,0.0,0.3080157138848601,-1.0,-1.0
1,2026-07-25T04:20:10.999432Z,75.36053465632712,12.037033589844302,50.120596734806895,11.654050649973298,10.983307558856824,0.0,0.3080157138848601,-1.0,-1.0
1,2026-07-25T04:20:11.999433Z,75.36053465632712,12.0370335898443,50.120596734806895,11.580615469526236,11.831432189877946,0.0,0.3080157138848601,-1.0,-1.0
1,2026-07-25T04:20:12.999435Z,75.3605346563271,12.037033589844299,50.120596734806895,11.387721360808143,11.786552440230084,0.0,0.3080157138848601,-1.0,-1.0
1,2026-07-25T04:20:13.999436Z,75.3605346563271,12.037033589844302,50.120596734806895,11.427519878870923,12.656184508075073,0.0,0.3080157138848601,-1.0,-1.0
1,2026-07-25T04:20:14.999437Z,75.36053465632709,12.0370335898443,50.120596734806895,11.36852003376389,13.355318297380565,0.0,0.1969397439475982,123.7538223887542,180.0
1,2026-07-25T04:20:15.999439Z,75.36053465632708,12.037033589844299,50.120596734806895,11.730224763654219,13.81599120757879,0.0,0.24794286958847334,74.96754899524917,180.0
1,2026-07-25T04:20:16.999441Z,75.36053465632709,12.0370335898443,50.120596734806895,8.182603428744883,14.484250858185728,0.0,0.3080157138848601,-1.0,-1.0
1,2026-07-25T04:20:17.999442Z,75.36053465632709,12.0370335898443,50.120596734806895,8.148902779541283,14.962418471174834,0.0,0.3080157138848601,-1.0,-1.0
1,2026-07-25T04:20:18.999444Z,75.3605346563271,12.037033589844302,50.120596734806895,8.043053595890877,14.844862352863498,0.0,0.3080157138848601,-1.0,-1.0
1,2026-07-25T04:20:19.999445Z,75.36053465632712,12.037033589844304,50.120596734806895,6.877896347063796,15.109343469163464,0.0,0.3080157138848601,-1.0,-1.0
1,2026-07-25T04:20:20.999446Z,75.3605346563271,12.037033589844302,50.120596734806895,10.039501372139467,15.368069388028921,0.0,0.3080157138848601,-1.0,-1.0
1,2026-07-25T04:20:21.999448Z,75.3605248776042,12.037051620552884,49.52910973131657,11.048965913335905,11.109360964118954,0.0,1.0304897701235018,-1.0,-1.0
1,2026-07-25T04:20:22.999448Z,75.3605209364501,12.037048361056554,49.597876506857574,11.007503920360904,9.115552612346884,0.3354833340181513,1.156927892926037,-1.0,-1.0
1,2026-07-25T04:20:23.999450Z,75.36052211776956,12.037040245170322,49.673332328908145,10.89135431592856,7.667344924527903,0.5898508507478298,1.1537963594465415,170.0164480696163,158.49739248318798
1,2026-07-25T04:20:24.999452Z,75.36052363578706,12.037032397705582,49.8158556483686,10.868273145523958,7.3093602670079605,0.6834705368308364,1.1467266981550686,165.98213927560042,135.92868358842142
1,2026-07-25T04:20:25.999454Z,75.36051980634377,12.037019376276909,49.571198801510036,10.686883850186446,7.315748396612616,1.0239280551317869,1.0270338155612577,179.94487689898122,81.25203854365618
1,2026-07-25T04:20:26.999455Z,75.36052569333148,12.037007642382521,49.77732525579631,10.693220240097265,7.070427399036129,1.4149955602758801,1.1589215712268623,172.00424789906623,66.36294569762194
1,2026-07-25T04:20:27.999457Z,75.36052982839878,12.036991186109683,49.84439045097679,10.647142765864228,7.760878371962314,1.8949675242560324,1.037992422574316,175.4799998468922,44.3835424363715
1,2026-07-25T04:20:28.999457Z,75.36053659407558,12.036967727844607,49.98662431817502,10.570315140472575,7.241961415223602,2.1427488641352066,1.162610264477034,177.6421054827846,43.96413369314657
1,2026-07-25T04:20:29.999459Z,75.36054565189745,12.036938833392465,49.507594355382025,10.449418901922092,6.94767140125727,2.1688754457687494,1.1602906944080686,175.39328374884195,43.34717814403902
1,2026-07-25T04:20:30.999459Z,75.36054795985673,12.036918585635181,49.62443034350872,10.501321807661505,7.016381763197869,2.3908789726596824,1.1641736495770056,177.8482711045553,39.454630949180405
1,2026-07-25T04:20:31.999461Z,75.36055977375135,12.036894954183499,49.36167135555297,10.544528516347015,7.008620113205514,2.462436294837709,1.1634198857541584,168.11689060269407,38.28295426510958
1,2026-07-25T04:20:32.999462Z,75.36056766390874,12.036869419246688,49.271923158317804,10.612111547211628,6.795340063583416,2.564964762140464,1.180742775030666,168.59898504225248,37.30010388712397
1,2026-07-25T04:20:33.999465Z,75.3605763137432,12.036844457881596,49.13453670684248,10.401243497546382,6.676408131431399,2.4957505943360827,1.1767002461032816,167.85433264192886,38.20308905878912
1,2026-07-25T04:20:34.999465Z,75.36058282887196,12.036815712283422,49.12143735866994,10.224444837315911,6.263316693606145,2.557483684788187,1.1570831796478094,169.64257874395747,36.65973034661688
1,2026-07-25T04:20:35.999466Z,75.36058881584621,12.036790827475022,49.283374063670635,10.180487086387693,6.393292357009346,2.301069371732127,1.1602846272538914,174.86609652526005,40.85738984068137
1,2026-07-25T04:20:36.999467Z,75.36059648893351,12.03677085418288,49.017866467125714,10.006545429588906,6.165260493506772,2.1982147730561805,1.1522406193460637,172.12910218398991,42.471687656649365
1,2026-07-25T04:20:37.999469Z,75.36060263091161,12.036741889365267,49.43857276812196,10.08301924565258,6.141884058904848,2.8318970977851574,1.1593583120342317,172.68207091756707,33.17152231155183
1,2026-07-25T04:20:38.999470Z,75.3606109227522,12.036709047653861,49.59397057816386,10.10102994701298,6.399329860685967,3.5118783576633463,1.1607045492311212,167.10042494312754,26.78006378222036
1,2026-07-25T04:20:39.999471Z,75.36061636786384,12.03667544186939,49.831869250163436,10.22631647649572,6.6216902374300055,3.5733152113805553,1.162112595302515,168.42307837529617,26.350722933585992
1,2026-07-25T04:20:40.999473Z,75.360627196029,12.036634070564984,49.84720734972507,10.188117057318925,6.889308388454407,4.026768084081883,1.1649858453379278,165.148928975614,23.44192967578692
1,2026-07-25T04:20:41.999474Z,75.36063208844475,12.036598327035577,49.7300665890798,9.954813192709384,6.562692254311969,3.833586504508916,1.1993055208433014,169.06983629811577,25.3489897670689
1,2026-07-25T04:20:42.999475Z,75.3606409804208,12.036554158663176,49.40028278529644,9.791385256182103,6.642380726400926,4.222765596337452,1.1983924882210317,166.51009029932703,22.995327352506223
1,2026-07-25T04:20:43.999476Z,75.36065076974448,12.036515954553922,49.38488718122244,9.801008966120275,6.570599902535089,3.9951049327869335,1.1993128945088956,169.81844613583192,24.324383076020613
1,2026-07-25T04:20:44.999478Z,75.36066169430056,12.036468888561206,49.44695190526545,9.84126464958765,6.726769827194946,4.340632586835037,1.1637564738378983,168.9584818722207,21.72464222270103
1,2026-07-25T04:20:45.999479Z,75.36067649532153,12.036430136975017,49.74894322641194,9.915717113848405,6.281870597194551,4.298033194490895,1.1863490640138978,164.78836858082497,22.365455023297045
1,2026-07-25T04:20:46.999482Z,75.36069030713625,12.03638873969817,50.13932011928409,9.927493513143382,6.323757349861321,4.297209472813892,1.0594576978631551,163.54352035391867,19.976503925128643
1,2026-07-25T04:20:47.999482Z,75.3607094199894,12.036345857302615,50.43965717870742,9.895903928164408,6.502450321516724,4.558254262967421,1.0440108082844213,160.99746404619506,18.558018862219544
1,2026-07-25T04:20:48.999483Z,75.36071920550945,12.0363130309392,50.661859289743006,10.037950987239956,9.327920791895602,4.766552696628508,0.9167246804305264,158.83905273572958,15.576792843797477
1,2026-07-25T04:20:49.999485Z,75.36073895723216,12.036268829315981,50.74251676071435,9.822275744653272,8.310835433736202,5.032422442695516,0.9594790829109323,157.34702255812115,15.447428203873171
1,2026-07-25T04:20:50.999486Z,75.36075467976356,12.036225801966411,50.58757955953479,9.871668972556863,7.9728320852788475,5.109812529955451,0.9729588221264277,158.76369182483623,15.42684765850158
1,2026-07-25T04:20:51.999487Z,75.36076659683611,12.036180466667158,50.8320401776582,9.877157891509778,8.600293116058463,5.14822277437307,0.9523316893200098,162.00178960051022,14.98903459509936
1,2026-07-25T04:20:52.999488Z,75.36078983120179,12.036134371573253,50.83326464239508,9.981997449948905,8.763680897198556,5.2748363890300665,0.934730958806499,157.6892712000419,14.360845558112997
1,2026-07-25T04:20:53.997753Z,75.36081390800703,12.036082277126694,50.656400967389345,10.107787990764248,8.920580612020448,5.697130039585577,0.9142064311156376,157.6380329295551,13.003488725273504
1,2026-07-25T04:20:54.997740Z,75.36083425579845,12.036029182659572,50.31177949812263,10.485757364390324,9.59150133561203,5.716682686858037,0.9117695138731119,158.8225622054434,12.922886323897401
1,2026-07-25T04:20:55.997741Z,75.36085204716652,12.035973657098983,50.15936145745218,10.46016492374021,9.967887614742715,6.084447106597255,0.9037868362536501,161.29727790023773,12.03502123056043
1,2026-07-25T04:20:56.997754Z,75.36087506793828,12.035933057496619,50.36286103539169,10.455715185059896,10.174656855607783,5.50897235799614,0.9026222330765222,157.31182908984363,13.27500710687002
1,2026-07-25T04:20:57.997766Z,75.36088987102454,12.035881002201812,51.00991113111377,10.923239078360668,10.70649637312116,5.639330774731031,0.9130456598462732,160.12526908480226,13.097978148737266
1,2026-07-25T04:20:58.997802Z,75.36090333452866,12.035832494447494,51.467211660929024,11.011691901975269,10.958064809560634,5.671457345774107,0.9095187768361542,161.8564225677032,12.96589750878579
1,2026-07-25T04:20:59.997832Z,75.36091658422919,12.035782440085134,52.003820209763944,11.087036616826014,11.327397754067304,5.758531378812736,0.9018213111658273,164.4434083818706,12.666387426620654
1,2026-07-25T04:21:00.997856Z,75.36093060715208,12.035736768942513,51.6997284963727,11.13602249083317,11.399939405667139,5.399677637466935,0.8960945007080614,165.3946853168968,13.441680837678524
1,2026-07-25T04:21:01.997903Z,75.36094584442309,12.035697031312719,51.52548601012677,11.062252756785796,11.056712649650253,4.947338105628571,0.9121068728664695,162.29240808441025,14.937828249125284
1,2026-07-25T04:21:02.997938Z,75.36095278447219,12.035652657462265,51.52261862996966,10.86496377434275,11.099641031136844,4.660797115555598,0.900352933320744,165.63503090342982,15.649577093906272
1,2026-07-25T04:21:03.997972Z,75.36096765776261,12.035603659401147,52.2212478723377,10.838554741989492,10.935801832505877,5.051666923128589,0.896711992822558,164.13506915399003,14.374760601914298
1,2026-07-25T04:21:04.998021Z,75.3609857981036,12.03556339386218,52.23578433226794,10.776847739258697,10.788361615767293,4.87744617858885,0.9029180665288683,159.90959459084192,14.994739080399523
1,2026-07-25T04:21:05.998057Z,75.36099364722492,12.035533228966635,51.695067214779556,10.562875175148465,10.502808005809415,4.140903467926011,0.9066878588709139,162.3140988308884,17.74113041865947
1,2026-07-25T04:21:06.998093Z,75.36100285839431,12.035513094963767,51.36571424268186,10.305291182436463,10.873379297200538,3.14683580568895,0.9022909114736137,160.52557259215098,23.198644397978907
1,2026-07-25T04:21:07.998106Z,75.3610055124018,12.035499313996509,50.895692786201835,10.195324366768332,10.546983747366328,2.2669769233291857,0.8969322190282952,160.9533618552471,31.825691001585234
1,2026-07-25T04:21:08.998152Z,75.36100422694939,12.035481657425299,50.91771474480629,10.29487220375979,10.932426681797919,1.8622140746581661,0.8989081064116681,164.23485045395793,38.969617368232456
1,2026-07-25T04:21:09.998194Z,75.3610054917061,12.03546786437076,50.49902926757932,10.44574556465454,11.80541784813561,1.6197131517658834,0.8953711277354564,166.5595033171942,44.19425428154374
1,2026-07-25T04:21:10.998235Z,75.36100859266482,12.035448312408295,49.93407706543803,10.526170029579042,11.888378797967135,1.9922496858549559,0.8942600433083394,166.55818764721613,35.577627708966
1,2026-07-25T04:21:11.998273Z,75.36101439994665,12.035417573523954,50.330719160847366,10.636465121499878,11.77073760140304,2.8025239506417647,0.9012550548291417,169.43490292698854,26.0555599623789
1,2026-07-25T04:21:12.998309Z,75.36101451794848,12.035386233869938,51.492393541149795,10.964104591403252,11.676069083537207,3.1825436451328706,0.8908207188410596,176.18992613509522,22.416334696369166
1,2026-07-25T04:21:13.998344Z,75.36101587597074,12.035358815841644,51.49997972883284,11.265556002251818,11.639137615081912,3.0956054185701065,0.8987790394806978,177.48488421626007,23.39529090296901
1,2026-07-25T04:21:14.998377Z,75.36101819130168,12.035337544962497,51.401536610908806,11.238340459207336,11.217674559817041,2.7517424226244023,0.9036155152931579,175.15082936284833,26.509322728106554
1,2026-07-25T04:21:15.998407Z,75.36102423306558,12.035322422731387,50.88651429768652,11.357511716756953,10.941712175422467,2.2495545439671503,0.9246636532832676,169.9319845512638,33.257460557250006
1,2026-07-25T04:21:16.998436Z,75.36102011095716,12.035304716229009,51.290500334464014,11.254300574105736,11.55969906941588,2.060138726393675,0.8969882332846877,183.14032833645152,35.178391383659445
1,2026-07-25T04:21:17.998464Z,75.36101908540003,12.0352937089979,51.1038354113698,11.357624201801196,11.734695730839745,1.5684208369727983,0.9016133022315359,164.71673583984375,180.0
1,2026-07-25T04:21:18.998490Z,75.36101868615663,12.035282985303551,50.363805185072124,11.135789199271384,11.59614738606502,1.3972392967235145,0.8996719786792174,187.7812825078017,180.0
1,2026-07-25T04:21:19.998516Z,75.36101822942595,12.03526890779534,49.571436814032495,11.095488149097186,11.73009824681499,1.4667985116330766,0.8736678852088292,187.82611886010096,180.0
1,2026-07-25T04:21:20.998539Z,75.36101162303893,12.035254662644437,49.369151478633285,10.781076579360732,11.694421441090503,1.5368334249357223,0.8874406361171003,200.73139669892532,180.0
1,2026-07-25T04:21:21.998562Z,75.36100569085042,12.035243598406957,48.753660498186946,10.531127540496163,11.173395428469464,1.4862887302278258,0.8844401106985622,207.33064331540774,180.0
1,2026-07-25T04:21:22.998583Z,75.36099720019426,12.035235450093383,48.197465595789254,10.310711807275625,10.746614589389878,1.4181594334663377,0.8790821216493362,217.68576797927778,180.0
1,2026-07-25T04:21:23.998603Z,75.36098204528402,12.03522852277151,48.00177057646215,10.266576763370963,10.696626183146373,1.5859888378428082,0.8795630836845808,164.71673583984375,180.0
1,2026-07-25T04:21:24.998623Z,75.360965732006,12.03522064016273,48.15574738569558,10.410214329120887,10.53355780237633,1.8155446647532267,0.8982111199637046,239.36130942914912,39.993465940475126
1,2026-07-25T04:21:25.998642Z,75.3609460722358,12.035219288865083,48.3433104082942,10.31741303855304,10.281996696775304,1.9350016997728485,0.8966842928148051,252.82261659278103,37.51804018205739
1,2026-07-25T04:21:26.998659Z,75.36091959235601,12.03522001767111,47.90541297476739,10.142520289062581,10.193113747983642,2.362385294249606,0.8936727005572945,262.66184112967863,30.4637319420828
1,2026-07-25T04:21:27.998677Z,75.3608908126281,12.035225091274999,47.49465954117477,9.999693016476368,10.127569967433072,2.9091236581614757,0.8987027695968991,271.4062086055866,24.90072546668943
1,2026-07-25T04:21:28.998693Z,75.36086186470999,12.035238402358766,47.46264687459916,10.126006657003513,8.763652614109228,3.2420010271371527,0.952609935565397,281.89721926454524,23.782544491529617
1,2026-07-25T04:21:29.998708Z,75.36084672931712,12.035245240717789,47.284351686015725,10.091687600363084,7.458927392382213,2.659682984366458,0.9706993025248434,284.4749556771647,29.478917626944472
1,2026-07-25T04:21:30.998723Z,75.36080815983432,12.035253326946469,47.17836024891585,9.849459374591543,7.300510094554443,3.3123779460237195,0.9203429365680701,282.93837330125035,22.458835386773583
1,2026-07-25T04:21:31.998738Z,75.36079206300072,12.0352902235907,47.194972327910364,9.658706879336306,8.133597965398872,3.593055956771262,0.9154321133868615,305.71497923835875,20.638678921021754
1,2026-07-25T04:21:32.998751Z,75.36077476338096,12.035313365091776,47.29406125843525,9.477824803114794,8.162659879899776,3.532455764923583,0.9061162769516893,314.1622991781663,20.775734271224273
1,2026-07-25T04:21:33.998764Z,75.36075362664201,12.035334742745446,47.119089568033814,9.273174438507713,7.868376915706186,3.4843222683655415,0.8979939474312975,313.623857216746,20.854836920249884
1,2026-07-25T04:21:34.998777Z,75.3607319010021,12.035361585767193,46.90506823454052,9.022665827916539,7.4487333639518685,3.6794921942477443,0.8966016646274577,315.80602703931925,19.66478966820873
1,2026-07-25T04:21:35.998788Z,75.36071208206047,12.03538473305799,46.9336155904457,9.20557231661756,7.420720849420823,3.605068554706518,0.9118868247415031,317.0185538333749,20.47190800842281
1,2026-07-25T04:21:36.998801Z,75.36069059219678,12.035409304564052,46.81218986585736,9.283700572097597,7.659609545547565,3.6543594078848844,0.9006219504045228,316.68813056900655,19.923932477668522
1,2026-07-25T04:21:37.998812Z,75.36066900345432,12.035438600269499,46.81283189728856,9.374803507403113,7.728683332631335,3.867202871343404,0.9059407154939495,317.2278905223545,18.936884823132907
1,2026-07-25T04:21:38.998823Z,75.36064704121128,12.035465772180151,47.03252245858312,9.433821270641557,7.621922190666665,3.8316382798876147,0.9163637787937865,316.7977375125713,19.360379866430932
1,2026-07-25T04:21:39.998833Z,75.36062186766686,12.035490850769213,46.93798136804253,9.77601802185686,7.6958350833966325,3.9053834203334685,0.9109284712884331,315.71102377845915,18.875092394177592
1,2026-07-25T04:21:40.998844Z,75.36059763584234,12.035514935863844,46.743008338846266,9.716193102839021,7.4833046581261,3.875616025036613,0.9090750465709422,315.14169973066447,18.961228374691355
1,2026-07-25T04:21:41.998854Z,75.36057483272587,12.035544904524919,46.96387689560652,9.67629662878702,7.396907837036126,3.977989448996746,0.9109567298989043,317.60361701774633,18.541111865733644
1,2026-07-25T04:21:42.998864Z,75.360553821352,12.035574259434338,46.87087712343782,9.766517355006469,7.565131030300854,3.947236648156986,0.9061736051898732,318.82097785881007,18.5841759405035
1,2026-07-25T04:21:43.998872Z,75.36052871361042,12.03559846712475,46.97297299373895,9.702151154762056,7.592104096479329,3.859910161733825,0.9090328595009046,315.56760951656497,19.069230011769193
1,2026-07-25T04:21:44.998881Z,75.36050779089194,12.035627274209318,47.11165911704302,9.716511593649631,7.7220738337899775,3.830274645801649,0.9084776891564939,318.8512691747984,19.211363415551542
1,2026-07-25T04:21:45.998890Z,75.3604846252959,12.035654438921249,47.35925100650638,9.587869151731097,7.250749937158199,3.826235067123938,0.9074280177656379,318.9103154506967,19.21518533411352
1,2026-07-25T04:21:46.998899Z,75.36045886916685,12.035676344153979,46.85034160595387,9.62509936262111,7.289584877424406,3.879207059048168,0.9082323051177142,316.74043629921835,18.943759023146388
1,2026-07-25T04:21:47.998908Z,75.36043508070267,12.035700325623228,46.99428918585181,9.774172726176428,7.612882105966004,3.8009699310053464,0.9099119068047898,315.1411401938276,19.387731572461963
1,2026-07-25T04:21:48.998915Z,75.36040903789932,12.035727402844573,47.11507074907422,9.604994722773007,7.634666171509014,3.8771128625182487,0.9107960545770121,316.25837522445613,19.031079312591213
1,2026-07-25T04:21:49.998923Z,75.36038489252799,12.035754508791921,46.94956949632615,9.608279111281977,7.948656162660578,3.7937653506369426,0.9158463779347458,315.96027212066275,19.550109901453226
1,2026-07-25T04:21:50.998930Z,75.36036537470466,12.035788397234278,47.13631747383624,9.374860946962771,7.819406470285766,3.9508572800801005,0.9158346470152868,321.6598969351888,18.779600059529713
1,2026-07-25T04:21:51.998939Z,75.36034579651088,12.035814824961811,47.266364144161344,9.276969510020232,7.864167142172774,3.6570792206776215,0.9097360073508122,319.89552449283383,20.139176552517355
1,2026-07-25T04:21:52.998946Z,75.36032309251263,12.035846558397385,47.67506895121187,9.173512676709471,8.174504091018925,3.880638004030814,0.9029870625336094,317.0909166286485,18.852717189691646
1,2026-07-25T04:21:53.998953Z,75.36030345466719,12.035875159272752,47.24188969936222,9.065522200151703,8.352928576372735,3.858100869497945,0.8987508155360915,318.66888990599404,18.82701368419766
1,2026-07-25T04:21:54.998960Z,75.36028491859675,12.03590549592649,47.34611725714058,8.86424146620045,8.307011131216026,3.8458895669522386,0.8993486566075899,319.68529185684275,18.939467146547337
1,2026-07-25T04:21:55.998967Z,75.36026446303508,12.035932015826992,47.19095810316503,8.826650469783294,7.997736000668947,3.7837205451046643,0.9004199678650543,319.52052254350235,19.274398010654743
1,2026-07-25T04:21:56.998974Z,75.36024363944847,12.035960008117598,47.29809558391571,8.664606549674993,7.742831675061079,3.7702381562051936,0.8971720428207732,320.32939211562257,19.27881569471156
1,2026-07-25T04:21:57.998981Z,75.36022185028543,12.035985371516098,47.37845107726753,8.528035836538889,7.471584816900977,3.738147042995777,0.8997069429038177,319.05138127012754,19.50226171783623
1,2026-07-25T04:21:58.998988Z,75.36020232840634,12.036012699199706,47.465533489361405,8.5734910404645,7.323172299674079,3.744946874573933,0.8995689977977026,320.3793659699144,19.463613095663366
1,2026-07-25T04:21:59.998994Z,75.36017897496487,12.036035441332926,47.322126789949834,8.558866159686353,7.4161104791661066,3.6930152291583442,0.8979458720321877,318.1296274958398,19.697885529062884
1,2026-07-25T04:22:00.999001Z,75.36015623971703,12.036059071868761,47.25814924016595,8.697614994185104,7.542554540920864,3.669593709269584,0.8989687123890298,317.17820070901536,19.84346821994394
1,2026-07-25T04:22:01.999007Z,75.36013448352618,12.036082393192164,46.9598513096571,8.666849053002766,7.761412034341249,3.6659195324072895,0.897311736361792,317.41118437115114,19.800483058172293
1,2026-07-25T04:22:02.999014Z,75.36011404941718,12.036109171025785,47.37430702429265,9.100831604977435,8.265617857527984,3.6929898604403366,0.8986224799125448,320.41948340770256,19.716312187397865
1,2026-07-25T04:22:03.999020Z,75.36009322022745,12.036136028569416,47.201494664885104,9.24790494246349,8.516625917687133,3.7055479081681093,0.8970727114907241,320.2972642046742,19.609763137452543
1,2026-07-25T04:22:04.999026Z,75.36007009104512,12.036161811851569,47.277991542592645,9.342829986383368,8.484460762144243,3.767004516998654,0.8952051276567928,319.52229027292424,19.253517020460816
1,2026-07-25T04:22:05.999032Z,75.36004692092914,12.036187105007725,47.180979990400374,9.29435156086892,8.234480651984015,3.7733355069443375,0.893840407433141,319.1371558898217,19.189480957551798
1,2026-07-25T04:22:06.999038Z,75.36002550405125,12.036213680147183,47.00688541401178,9.154298542980413,8.074900854226136,3.724131671190685,0.8954591357403262,319.51953047946427,19.472970665808617
1,2026-07-25T04:22:07.999043Z,75.36000370895403,12.036238952803716,46.96413641050458,9.099354170164593,7.8983969658915445,3.679164726602591,0.8969629606032234,319.4444527038067,19.751589142827584
1,2026-07-25T04:22:08.999050Z,75.35998513994512,12.036267609513775,46.83696025982499,8.968011102073776,7.8263714705402005,3.655714843885974,0.897101574594912,321.4989031148783,19.874740178669665
1,2026-07-25T04:22:09.999056Z,75.35996115365312,12.03629122628922,47.062191353179514,8.866691562206167,7.7199873759998905,3.6416875367038015,0.8976341094752323,318.7235267431508,19.972539533964326
1,2026-07-25T04:22:10.999062Z,75.359941426906,12.036317324283575,47.04909314028919,8.678651425739613,7.633179995755369,3.604704945966673,0.8982246531332773,318.3835066649033,20.188975807134
1,2026-07-25T04:22:11.999067Z,75.35992133654955,12.036341122004833,47.08957578241825,8.697016957854457,7.665478467453058,3.4910361899870814,0.8969929852780699,320.0444585588806,20.81964383781495
1,2026-07-25T04:22:12.999073Z,75.35989993694324,12.036365767313555,47.01023528445512,8.51011485977682,7.5405836665806625,3.5221120795965195,0.8978578218722756,319.83237232565267,20.654729076304474
1,2026-07-25T04:22:13.999079Z,75.35987878439357,12.03638839456198,47.07601564005017,8.552103620392696,7.559813823274368,3.4092935224299548,0.9013719745170163,319.7064304975402,21.422745637918347
1,2026-07-25T04:22:14.999084Z,75.35987600218984,12.036395127121494,46.985325472429395,8.93066960550607,7.933076471133843,1.823702849025843,0.9006737382544924,320.3752842762085,40.01730252953264
1,2026-07-25T04:22:15.999090Z,75.35987890775266,12.036394536891807,46.90091314073652,8.903190974448071,8.165918115901475,0.6308677398887701,0.9002217575809175,322.856610869781,115.60676839098821
1,2026-07-25T04:22:16.999096Z,75.35988003558292,12.036394152142297,46.84726746380329,8.933689151481051,8.346015123480226,0.17659387794036535,1.232273442636208,325.5951023199332,180.0
1,2026-07-25T04:22:17.999101Z,75.35987998309761,12.036398146391571,46.73687927238643,9.051832558978838,7.754377861458503,0.16860047601339886,1.3493481875347566,325.5951023014269,180.0
1,2026-07-25T04:22:18.999107Z,75.35987679891579,12.0364050901233,46.245945528149605,9.196232240992797,7.754942517075431,0.5114180186658359,1.3517535272471906,325.5951016327962,180.0
1,2026-07-25T04:22:19.999113Z,75.35986747423722,12.03641476044276,46.954427289776504,9.285338692164094,8.299980729845958,1.1699563732602947,0.9018135922940876,320.16910664738907,58.60631288898208
1,2026-07-25T04:22:20.999118Z,75.35985408408467,12.036428675228073,46.31533117592335,9.06446190803622,8.542201937872735,1.7410532729403811,0.8979947282376731,319.51902043722885,41.3961432447032
1,2026-07-25T04:22:21.999123Z,75.35983765051832,12.036447073592836,46.392348915338516,9.44334430412393,8.975605216905725,2.269111999516848,0.8978156938706089,320.29767257113,32.009640130134095
1,2026-07-25T04:22:22.999129Z,75.35982317082235,12.036464362074542,46.462514866143465,9.451819501359896,8.863980486914883,2.376726499229474,0.897062656078469,320.46712310020956,30.573515168035783
1,2026-07-25T04:22:23.999134Z,75.35980725930172,12.036482329447889,46.23156666941941,9.590421409016354,8.887359586486474,2.644217385505117,0.899518040491537,320.730116620461,27.54688572525133
1,2026-07-25T04:22:24.999140Z,75.35978848497157,12.036510166714283,46.25009855441749,9.577983040605327,8.762208275422855,3.240248350353875,0.9002241992055027,322.9303777613509,22.508750631040353
1,2026-07-25T04:22:25.999145Z,75.35976717516434,12.036537069251258,46.24827632680535,9.54549208628102,8.770312598301057,3.537774981148227,0.9048280228520458,322.0596692442805,20.721751127823268
1,2026-07-25T04:22:26.999150Z,75.3597526765807,12.03655549143948,46.086505766958,9.401508614730147,8.533680297802913,3.054789419632001,0.9097151828021433,322.33609997650217,24.12607859819913
1,2026-07-25T04:22:27.999156Z,75.35974495963363,12.036564115783605,46.104494265280664,9.548837126407506,8.818118056532303,2.1199225172526597,0.9167593761812809,321.0322855485553,35.00738821358025
1,2026-07-25T04:22:28.999160Z,75.35974081368342,12.036569197258613,46.14224617742002,9.335516468769665,8.808350677800652,1.3312767245434123,0.9298381317471603,320.5708453031948,56.38767376324781
1,2026-07-25T04:22:29.999166Z,75.35973823984945,12.036563845046114,45.566321671009064,9.180120923466381,8.917660705801321,0.47132118197227413,0.8572084840507445,301.1190847744644,126.11768172150151
1,2026-07-25T04:22:30.999171Z,75.35973984539086,12.03656083601984,45.667089220136404,9.122184909642854,9.003721247031772,0.01721253189522847,1.1853951997195133,292.0010783372478,180.0
1,2026-07-25T04:22:31.999177Z,75.359739358108,12.03655845840244,45.5729911075905,8.883617612967004,8.704706743725497,0.05956338744130836,1.266062282088209,292.00107710625224,180.0
1,2026-07-25T04:22:32.999181Z,75.35973894267296,12.03655793818899,45.62225131224841,8.679646697081235,8.149215497040357,0.10877244106140732,1.2137470663846297,292.00107671889117,180.0
1,2026-07-25T04:22:33.999187Z,75.35973763470655,12.036559953322445,45.609567511826754,8.465415433337393,7.853275101645724,0.29196356913051913,1.2123225601964582,292.00107710449976,180.0
1,2026-07-25T04:22:34.999192Z,75.3597275871055,12.036568719202645,45.41910898219794,8.224609860468684,7.746189720444259,1.0234417201453427,1.0043627630785839,312.4386391995255,77.57625183537985
1,2026-07-25T04:22:35.999198Z,75.35972184738878,12.036570488697857,45.47019743733108,8.030704924143583,7.754653307531326,0.0,0.9145744988978969,307.66885394408655,180.0
1,2026-07-25T04:22:36.999203Z,75.35970424333415,12.036585582051977,45.1193049158901,7.883898774737227,7.7133739763675235,1.5129020430845215,0.9230327635283626,311.7767713592952,48.41754309731446
1,2026-07-25T04:22:37.999208Z,75.35968998887813,12.036598358738408,44.91720631252974,7.950169797446879,7.498632367625043,1.8380356675984495,0.9312245786038124,313.8194361947372,40.831750406302774
1,2026-07-25T04:22:38.999213Z,75.359678198013,12.036614675146932,44.76062356494367,7.988312559732094,7.9254600769336,2.138287511861045,0.909382722141917,319.64108596555616,34.43304127288212
1,2026-07-25T04:22:39.999218Z,75.35966495295712,12.036630954959207,44.58477995917201,7.932354448188077,7.643961669508538,2.2968583818754786,0.9071440277750972,320.51705338238946,31.950682879448582
1,2026-07-25T04:22:40.999224Z,75.35965340472424,12.03664578741932,44.48850953299552,8.004604225993916,7.740526221251113,2.309151909823161,0.904268135177978,320.16664267182875,31.65964710204039
1,2026-07-25T04:22:41.999228Z,75.35963204815114,12.036672716924082,44.40548409614712,7.929239788619443,7.500933684311777,3.1404921045408374,0.9047056794457504,320.78478624216217,23.311105152332736
1,2026-07-25T04:22:42.999234Z,75.35961117192153,12.036705334873291,44.36253628693521,8.037386682522634,7.60592003385154,3.7165970538399944,0.8974587312924138,324.9349690083059,19.547780205285136
1,2026-07-25T04:22:43.999239Z,75.35958633606855,12.036730168059217,44.444946844130754,8.127479993473598,7.548759900840419,3.751254152842178,0.89842346990025,319.7706115025469,19.402154484416712
1,2026-07-25T04:22:44.999244Z,75.35956183284405,12.03675710859031,44.379049118608236,8.287584146961953,7.586621069671956,3.8616873890075056,0.8983007974690066,318.10874441807715,18.83933028653411
1,2026-07-25T04:22:45.999249Z,75.35953981513399,12.036787507777483,44.40054808277637,8.608620402860526,7.772377963857161,4.000263545632668,0.8983910041026572,320.5777525817987,18.19305546707755
1,2026-07-25T04:22:46.999254Z,75.35951617357254,12.036817815020504,44.21274858340621,8.65626303065427,7.834058472023677,4.10733028371486,0.8969962273879512,319.8534030130663,17.682731117590944
1,2026-07-25T04:22:47.999261Z,75.3594913271263,12.036845942894356,44.294059599749744,8.838817928900786,7.917785773607092,4.057947498239911,0.8978912833441843,319.5738588966667,17.926670102345597
1,2026-07-25T04:22:48.999265Z,75.3594711908517,12.036868864293803,44.44968297332525,8.903168497854262,7.965410474864476,3.5872686433671346,0.9075413625273845,319.0023141360437,20.4987856691225
1,2026-07-25T04:22:49.999270Z,75.35945786604934,12.036880555277529,43.67551664635539,8.897939865888949,7.754776072599398,2.6508617565371297,0.9029142861082075,316.37430143308535,27.427656882897473
1,2026-07-25T04:22:50.999276Z,75.3594513010363,12.036890370250944,43.418640272691846,8.770710434694301,8.350609869420323,1.8948873873719116,0.9070596330008893,319.43385698822004,37.980918084901916
1,2026-07-25T04:22:51.999280Z,75.35944546322507,12.036894258976695,43.820134743116796,8.737318768339037,8.911615965765694,1.2161126678619247,0.9206244831438828,319.65249857175064,61.27397329425623
1,2026-07-25T04:22:52.999285Z,75.35944257647712,12.036895048222132,43.99418637994677,8.513248350249716,8.853059021630747,0.6654820214430008,0.9128248426773468,317.7920816487226,110.89464879639424
1,2026-07-25T04:22:53.999291Z,75.35944032634683,12.036893164140253,44.124844004400074,8.294707442782373,8.586651853712421,0.29342325291776494,0.9988514798837411,306.034050305563,180.0
1,2026-07-25T04:22:54.999296Z,75.35943740878892,12.036896698437259,44.275791676715016,8.455706427988108,7.8885717786501,0.35350044344571224,1.3343902898194115,306.0340495365344,180.0
1,2026-07-25T04:22:55.999300Z,75.35943255822087,12.036901703201735,44.28057998418808,8.559730149577483,7.720791909741119,0.574690719045738,1.1933766073415988,315.2082738805137,167.40346364814917
1,2026-07-25T04:22:56.999306Z,75.35942154181214,12.036912791405292,44.43306317180395,8.47061357925644,7.73589878944174,1.172829624295206,0.9092344154664076,320.44060311429456,62.8149686936354
1,2026-07-25T04:22:57.999311Z,75.3594036203488,12.03693389644943,44.50057491287589,8.718632493321305,8.05214893779072,2.18217696840273,0.901845919699763,320.96773902972143,33.47753092250922
1,2026-07-25T04:22:58.999316Z,75.35938489674625,12.036954520785768,44.4613933712244,8.638810141550858,7.763071396968669,2.512509518791578,0.9081712210518169,320.8878918520557,29.287031079274335
1,2026-07-25T04:22:59.998506Z,75.35937954239496,12.036970404071079,44.53825867921114,8.57445380123588,7.835653321620873,2.070338005472149,0.912480148378589,327.6488704640954,35.69896936346558
1,2026-07-25T04:23:00.998500Z,75.35937417016999,12.036985606965585,44.50070067960769,8.362231400893092,7.693618403721828,2.003028130936034,0.9252343941993076,329.02600898624024,37.41540825332179
1,2026-07-25T04:23:01.998505Z,75.35936629896199,12.037003702125778,44.29947430919856,8.36223144635538,7.891784569022971,2.1373991892240194,0.933186387931689,332.01025283746077,35.37139034111828
1,2026-07-25T04:23:02.998518Z,75.3593532515266,12.037027101006906,44.25958303362131,8.317382581362935,7.706481053830069,2.553324684068164,0.9442869597665533,331.80557456032784,29.96765933851696
1,2026-07-25T04:23:03.998531Z,75.3593310010191,12.037062283604497,44.57505007926375,8.201208000510217,7.906374804014764,3.663172959532285,0.9285254212475679,328.182827527718,20.530431230996076
1,2026-07-25T04:23:04.998553Z,75.35930279310882,12.037098009476791,44.506944607011974,8.11157375403053,7.744851326627987,4.453586238598623,0.9090384732031965,323.89141220390667,16.539597793157874
1,2026-07-25T04:23:05.998573Z,75.35927145956772,12.037129877966585,44.23723057936877,8.163790350996644,7.7894389650265135,4.682950866069839,0.9021370426631198,318.9331016990702,15.601652923465139
1,2026-07-25T04:23:06.998593Z,75.35923974294688,12.03715726423621,43.78923805151135,8.150978701067967,7.901102667070208,4.711652980013374,0.9011716646497588,315.5398849113285,15.476861049228148
1,2026-07-25T04:23:07.998625Z,75.35920757751622,12.037193492785086,43.71804601512849,8.237041527239452,7.89540608154941,4.958113553543869,0.907850289762261,315.86907859877454,14.820188623441922
1,2026-07-25T04:23:08.998651Z,75.35917248278508,12.037227582006714,43.478717466816306,8.195094577624642,7.80380249847432,5.145890898284252,0.905022669626734,314.5161260645389,14.229189926876652
1,2026-07-25T04:23:09.998676Z,75.35913610100717,12.03726222885895,43.44380065239966,8.197629517462763,7.680939463550226,5.174010236954549,0.9069140029182657,313.5833064270084,14.191951181883434
1,2026-07-25T04:23:10.998710Z,75.35909852037416,12.037297996422334,43.43754168972373,8.105393467441377,8.132729162026713,5.342894016995887,0.912049327179451,313.29775589159675,13.82676271601202
1,2026-07-25T04:23:11.998736Z,75.3590625556916,12.037331308813618,43.149389241822064,8.02066675432862,8.122309180405367,5.273380165219011,0.9021760858945951,313.1075596255608,13.852939548139435
1,2026-07-25T04:23:12.998764Z,75.35902567850628,12.037367263441933,42.97498360089958,8.142705267787656,8.479529382495727,5.316800672661868,0.9037003671000751,314.65582038139587,13.7676636894317
1,2026-07-25T04:23:13.998800Z,75.3589902060391,12.037404371622062,42.83302317652851,8.207269604687362,8.429812182040827,5.346781002584991,0.9041634885386242,315.6632778469435,13.69740655864332
1,2026-07-25T04:23:14.998833Z,75.35895728358835,12.037439836197303,42.72586801741272,8.412547752118934,8.754797741349805,5.2257787929716235,0.9089682661062192,316.7266267776165,14.086067934857484
1,2026-07-25T04:23:15.998866Z,75.35892523946563,12.037476969888104,42.71844846010208,8.376772151754063,8.400582900922345,5.2420578431566875,0.9011485383163782,318.4811940286392,13.92723574103383
1,2026-07-25T04:23:16.998897Z,75.35889461392152,12.037510128867801,42.48792670015246,8.2291164057468,7.904924532624827,5.123420043550963,0.8974811011104795,318.57846001299663,14.185269867570304
1,2026-07-25T04:23:17.998926Z,75.35886584296357,12.037542475922407,42.70835966616869,8.08947159881244,7.660365648213077,4.924142177390536,0.8989235558911863,318.96070980712875,14.792096910863075
1,2026-07-25T04:23:18.998955Z,75.35883497413982,12.037577333427988,42.53057901747525,7.987510795524855,7.547087595537243,5.0227523510432315,0.9009960999591985,319.08165864345233,14.531904282125737
1,2026-07-25T04:23:19.998982Z,75.3588082606228,12.037611999456887,42.89967194199562,7.862880260564897,7.385403206047905,5.017214388755936,0.9069626995662801,320.8657244516451,14.644798204679624
1,2026-07-25T04:23:20.999007Z,75.35877895111959,12.037646089532654,42.59868162870407,7.745761700702572,7.248849869275589,4.982632486027309,0.9153445761653428,319.6500441928783,14.879868775672193
1,2026-07-25T04:23:21.999032Z,75.35875132360994,12.037677824110718,42.726693478412926,7.568315157454549,7.101347838145672,4.8793030158322495,0.9030475435980958,319.6173775470784,14.993739599349558
1,2026-07-25T04:23:22.999055Z,75.3587272492802,12.037708881393753,42.90672065876424,7.392886366631063,6.889853743857629,4.671317183382517,0.9025305384281525,320.8123688073924,15.654461824341352
1,2026-07-25T04:23:23.999079Z,75.3587005625353,12.037742597609135,42.83644220326096,7.208620145271108,6.600231689576925,4.761964854888124,0.8993000827918795,321.3640035866763,15.302222358546222
1,2026-07-25T04:23:24.999099Z,75.35867359353153,12.037776658330168,42.6198786534369,7.0090474632553645,6.309661955899799,4.832207092533559,0.8985903396488378,321.65028466956323,15.066629745816092
1,2026-07-25T04:23:25.999120Z,75.35864582636833,12.037808963773521,42.33322808239609,6.982654387308926,6.262649331658547,4.8155610493730725,0.9006980346427207,320.7156551797912,15.152096335549446
1,2026-07-25T04:23:26.999140Z,75.35862292091426,12.037845768801908,42.393357769586146,6.873359421293332,6.150276920533287,4.873778090241342,0.9004537842784052,323.497813000912,14.970396603764478
1,2026-07-25T04:23:27.999159Z,75.35859684247312,12.037880452886359,42.388858324848115,6.867771557307496,6.152090577628015,4.88124660509988,0.899452783374663,323.6032487210673,14.930114297484861
1,2026-07-25T04:23:28.999177Z,75.35857045637354,12.037915031648327,42.32384668570012,6.73274804926076,5.998920115682952,4.856228089892235,0.8997510050441677,323.04250721487045,15.011933422532024
1,2026-07-25T04:23:29.999195Z,75.35854175467715,12.03794633932131,41.7514829384163,6.676230190605458,5.947325649377055,4.812303993906797,0.8982141214651862,320.01069812191696,15.110480863782984
1,2026-07-25T04:23:30.999212Z,75.35851204627058,12.037980735119582,41.50587589107454,6.601926976284984,5.848782867888667,4.913702126813619,0.8983671125874901,319.96212062262583,14.800240261661004
1,2026-07-25T04:23:31.999228Z,75.3584854743302,12.038017531342943,41.50300298910588,6.459278213783656,5.713557830334556,4.908882005302254,0.8985660730115436,322.4805190987145,14.826992135650777
1,2026-07-25T04:23:32.999244Z,75.35845747607357,12.038051907797051,41.46829191222787,6.412145559329004,5.610838937238768,4.86059471091035,0.9008624232085932,321.7534804496552,15.01648435900111
1,2026-07-25T04:23:33.999262Z,75.35843013745806,12.038083500311602,41.175669545307755,6.324283231686647,5.5620874983445185,4.739146557160245,0.900708392915135,319.79457128314505,15.388934155942582
1,2026-07-25T04:23:34.999274Z,75.35840844972427,12.038121208968336,41.679041154682636,6.2905174175196725,5.646054700378422,4.7644229249213295,0.8978043918067474,323.9412119514742,15.267991243545762
1,2026-07-25T04:23:35.999288Z,75.35838688571626,12.038154267001154,41.595563245005906,6.295883833476241,5.613302370122939,4.616179368646568,0.902875771847115,324.4368277358324,15.847524917636939
1,2026-07-25T04:23:36.999302Z,75.35836198370036,12.038188275377008,41.47719629202038,6.216274915967151,5.600484751473209,4.626106176193725,0.9008215515866693,323.9728118499679,15.776280178617116
1,2026-07-25T04:23:37.999315Z,75.35833816168044,12.038220811334279,41.202583039179444,6.255152651673941,5.637643988176693,4.622514584277483,0.9022747930867001,323.3734836970379,15.807924129451566
1,2026-07-25T04:23:38.999329Z,75.35831264016561,12.038254772162656,41.10667962580919,6.489950288917805,5.818804824341889,4.668034555006162,0.8993978757024693,323.0544618341547,15.609548775495224
1,2026-07-25T04:23:39.999341Z,75.35829073677242,12.038285310699374,41.05084980465472,6.3926208470320605,5.717208991367059,4.441387820148628,0.9076683413661982,323.0626488857008,16.557592533400335
1,2026-07-25T04:23:40.999353Z,75.35826364498699,12.038318654810828,41.256949740462005,6.484832565999995,5.838604143392307,4.601661072397303,0.9063832477224872,322.8606141279885,15.956411836164378
1,2026-07-25T04:23:41.999366Z,75.35823852872991,12.038350951122121,41.338822414167225,6.454548005297122,5.831751545814066,4.558221529255357,0.9008655130254579,323.267376737467,16.011056920415793
1,2026-07-25T04:23:42.999377Z,75.35820620495201,12.038383722613633,41.23450423590839,6.419683847677309,5.878584123736499,4.716973534000906,0.8991198125142947,320.51400397123007,15.444775051060795
1,2026-07-25T04:23:43.999389Z,75.35817752872933,12.038416726579378,41.0093351257965,6.3108405579493985,5.808033625002283,4.713294348266716,0.8997541865871099,320.5596497691107,15.468266204677905
1,2026-07-25T04:23:44.999400Z,75.3581495898396,12.038447668567976,40.98107968270779,6.436542242063023,5.997722255936621,4.662763726693381,0.9009055677640397,319.6881616762438,15.655293658048109
1,2026-07-25T04:23:45.999411Z,75.35812184858983,12.038480620095305,40.95668003242463,6.471857131207228,6.0431397812914245,4.660341826965229,0.9010805907498942,320.38687057890695,15.666667092114833
1,2026-07-25T04:23:46.999421Z,75.3580936714132,12.038511781438268,40.8665866414085,6.611193584562863,6.132268313452961,4.621658890607837,0.9020782439901592,319.7101242301738,15.813951020946186
1,2026-07-25T04:23:47.999432Z,75.35806346972286,12.038544280286072,40.940292198210955,7.157881247685329,6.650046843478324,4.732484248902497,0.8997239249968009,319.23749769051983,15.40497457491497
1,2026-07-25T04:23:48.999442Z,75.35803351680231,12.0385773359789,40.9945655958727,7.585623862501925,7.010550965609613,4.798800987745989,0.901605273177255,319.2320348164574,15.223281587172966
1,2026-07-25T04:23:49.999452Z,75.3580045231918,12.038615667682086,41.161900494247675,7.651577745570882,6.99352799695862,5.056986912721225,0.9014056890777067,320.92544671806615,14.443303972803246
1,2026-07-25T04:23:50.999462Z,75.35797568242518,12.038651067101222,41.392000450752676,7.726566511656982,7.070363338610233,5.165859332689372,0.9024122457630112,320.8366381792144,14.15384721667365
1,2026-07-25T04:23:51.999471Z,75.35794570426131,12.038690281329588,41.28689580410719,8.185107116591222,7.4860394807721296,5.280283471898739,0.9016155894164503,321.42894750851883,13.835349545919803
1,2026-07-25T04:23:52.999482Z,75.35791761899279,12.038726720449372,41.35822885017842,8.116288702863757,7.524720963054594,5.121541996200422,0.9060706463859873,321.5767947546232,14.335190779165021
1,2026-07-25T04:23:53.999492Z,75.35788717444427,12.038763975061752,41.285603983327746,8.051822267432334,7.5528703164133555,5.143092147010908,0.9047639658764031,320.94922421599176,14.254570280524032
1,2026-07-25T04:23:54.999501Z,75.35786007765769,12.038801048892447,41.23801292292774,7.886500476060444,7.318610496154125,5.050697630355744,0.9026183917089831,322.8113914471501,14.480703378981689
1,2026-07-25T04:23:55.999509Z,75.35783181625682,12.038838300453639,41.298211560584605,7.779266226818869,6.967011734562469,5.058250873837854,0.899655281057475,323.0715919587542,14.41036053042672
1,2026-07-25T04:23:56.999519Z,75.35780314404855,12.03887367771048,41.17777267284691,7.770767307672154,7.145948643617437,4.984028264100767,0.9007230911403521,321.69842780142073,14.64369640718477
1,2026-07-25T04:23:57.999528Z,75.35777572199582,12.038910305208876,41.01213632989675,8.297576061302319,7.64200122548204,4.940523942879285,0.8980931964032651,322.73087594181317,14.728085068022372
1,2026-07-25T04:23:58.999537Z,75.3577471073981,12.038943729931452,41.00641684886068,8.465655324319211,7.740884506602246,4.833954336581852,0.8985923582869919,321.63803515860695,15.062534152475958
1,2026-07-25T04:23:59.999545Z,75.35772146642067,12.038978034469482,40.840689214877784,8.33313859657962,7.607566312868419,4.695064039765769,0.8984578248289854,323.0089921404823,15.505782664832534
1,2026-07-25T04:24:00.999554Z,75.35769338464442,12.039010854749089,40.714431434869766,8.235712792406314,7.440121154204392,4.672944200323293,0.899159240086711,322.2440689258784,15.591181832937435
1,2026-07-25T04:24:01.999562Z,75.35766400062342,12.039043079307259,40.45736665464938,8.142527352305256,7.230935535063097,4.6795244701604535,0.9001658125599651,321.09282589384804,15.586483169447485
1,2026-07-25T04:24:02.999570Z,75.35763826499914,12.039079604965561,40.382597661577165,8.163015937178624,7.20984347861192,4.76343107982256,0.8951331085485166,323.0270107687809,15.226512905149804
1,2026-07-25T04:24:03.999579Z,75.35761057476041,12.039117487740429,40.40556926187128,8.477958828753408,7.31892730755911,4.966037051048725,0.8981663373575481,323.73267549999935,14.654888071998197
1,2026-07-25T04:24:04.999587Z,75.35758051193312,12.039154828308323,40.47859788965434,8.946059357807224,7.579880607573486,5.121532644820342,0.8996792297430779,322.2842704494397,14.233838849565487
1,2026-07-25T04:24:05.999596Z,75.35754979765618,12.039197251050483,40.28386623412371,9.377192450579733,7.934543191982196,5.419819980656807,0.9003763972729221,323.18303418115835,13.460045830080578
1,2026-07-25T04:24:06.999604Z,75.35752115212838,12.039240933567058,40.46892589330673,9.377890973491574,7.903196088094452,5.563557833159436,0.8990574026144684,324.95402799069836,13.093660106364231
1,2026-07-25T04:24:07.999612Z,75.35749100245137,12.03928341059142,40.45819157641381,9.257418951229976,7.756938234123087,5.5999386410874505,0.8978389924817272,324.6934069039087,12.991299289778814
1,2026-07-25T04:24:08.999620Z,75.35746017766915,12.039326621572352,40.53696004115045,9.222896222157814,7.677027470963895,5.670370102458766,0.8987003595480864,324.76654772213794,12.84204070264758
1,2026-07-25T04:24:09.999627Z,75.35742746786978,12.03937043536202,40.74382577650249,9.011369417761852,7.506946007922563,5.820164457299146,0.8981534068657006,324.9746551371948,12.502863578662653
1,2026-07-25T04:24:10.999636Z,75.35739484066715,12.039415984649539,40.63092190492898,8.93027989582755,7.515702775289363,5.9566334023189045,0.8974151874249577,325.18296556304284,12.207456557578155
1,2026-07-25T04:24:11.999644Z,75.35736368809746,12.039462325613755,40.51386619452387,8.706512181893336,7.377231189968855,6.0342468203236574,0.8978576506627993,325.2235827805472,12.055971876734493
1,2026-07-25T04:24:12.999651Z,75.35732943304755,12.039509567182328,40.73573290556669,8.5641596173203,7.309829402062135,6.156398268341724,0.8980023865041535,324.7017157681546,11.819171947938836
1,2026-07-25T04:24:13.999660Z,75.35729668044394,12.039556393997053,40.635009765625,8.132355609694907,6.951164311664011,6.168310737761378,0.8986481042672336,324.90141525329716,11.804812761699942
1,2026-07-25T04:24:14.999667Z,75.35726296641458,12.03960298549169,40.66187146678567,7.888366275465926,6.737279295739628,6.245243886386519,0.8976461293034999,324.75646821378825,11.646452221052597
1,2026-07-25T04:24:15.999675Z,75.35722879697394,12.039648503557443,40.69147749710828,8.160689332055995,7.082443279137309,6.256904319005286,0.8979271071822792,324.14058401707314,11.628281717811701
1,2026-07-25T04:24:16.999683Z,75.35719477432504,12.039694616211548,40.608451689593494,7.809560830461329,6.843324592156435,6.272136074283747,0.897576335880553,324.28741701697896,11.595512743453762
1,2026-07-25T04:24:17.999690Z,75.35716016744107,12.039740773951761,40.552278445102274,7.517419858850312,6.639865595517737,6.314132391093829,0.8980153006845035,323.96045158949266,11.524031336243642
1,2026-07-25T04:24:18.999698Z,75.35712696930412,12.039788011760479,40.47009100578725,6.784080264396768,6.338306771471123,6.298567394233253,2.1030013552087286,324.6294666619638,27.053684870173907
1,2026-07-25T04:24:19.999705Z,75.35709053746768,12.039834430241283,40.47881586197764,6.138589073169939,5.909946114451522,6.372154281628616,2.0898326406421686,323.68724620217205,26.571912967242223
1,2026-07-25T04:24:20.999713Z,75.35705416476246,12.039879969130572,40.40914667956531,5.53847102727978,5.352598153491134,6.410546474897546,2.0970909939237456,322.9485712603651,26.502117187007375
1,2026-07-25T04:24:21.999722Z,75.35701837152368,12.039925190584325,40.247703336179256,5.027646810224738,4.873670453847496,6.383909842652411,2.0911673085699043,322.7880014403817,26.533129563655194
1,2026-07-25T04:24:22.999728Z,75.35698312234803,12.03997166091801,40.2224479848519,4.585369229585932,4.487077520284256,6.38482831284353,2.066114335633805,323.07536153288106,26.21095492818293
1,2026-07-25T04:24:23.999736Z,75.35694898422638,12.04001875597586,40.32171387877315,4.203283887175851,4.125833737471395,6.354618368258713,2.1006778892752687,323.4651826979033,26.76626951522562
1,2026-07-25T04:24:24.999744Z,75.35691528195927,12.040065902000102,40.31117529422045,3.883018712022535,3.7780898231517064,6.358670421308256,2.1039683158390523,324.23659859093857,26.808781982421216
1,2026-07-25T04:24:25.999751Z,75.3568809034344,12.040112896741677,40.25683040544391,3.6309412756177184,3.5486674141217898,6.372591011862894,2.085958230429054,324.2561042196488,26.520451460398284
1,2026-07-25T04:24:26.999758Z,75.3568455006832,12.040159068719815,40.109570464119315,3.392538085950228,3.3483298651617006,6.373170328049038,2.0816258498733036,323.9670162923337,26.445763445867172
1,2026-07-25T04:24:27.999766Z,75.3568113663516,12.040205985146267,40.057914059609175,3.1883868069261574,3.142788029783624,6.367931137074493,2.0858874597567167,324.0805204542105,26.5369849953778
1,2026-07-25T04:24:28.999773Z,75.35677599663047,12.040252720035207,40.00898177642375,3.014243471093056,3.0,6.401966854948395,2.083941058856423,324.0523571115082,26.369449236870967
1,2026-07-25T04:24:29.999781Z,75.35674013684516,12.040299330606997,39.900159125216305,2.8628935197991097,3.0,6.4176248806717675,2.080921401053998,323.6500126022251,26.269408876083016
1,2026-07-25T04:24:30.999787Z,75.35670296291379,12.040343519076027,39.72908845450729,2.735972607720558,3.0,6.363558883539248,2.092056163521979,322.2563887983883,26.61769512100722
1,2026-07-25T04:24:31.999796Z,75.35666591971564,12.040387307904622,39.706976706162095,2.6305830026986157,3.0,6.295775110624188,2.072519238334282,321.35640244044674,26.671162359332783
1,2026-07-25T04:24:32.999803Z,75.35663041959765,12.040430213576697,39.664118425920606,2.543167078878125,3.0,6.150613936712804,2.1024390869170753,321.1652422026982,27.690982228506872
1,2026-07-25T04:24:33.999810Z,75.35659669559813,12.040472174880934,39.57167361024767,2.4719514648037886,3.0,5.950637665764472,2.112039690086849,321.4847432847929,28.75651107991638
1,2026-07-25T04:24:34.999817Z,75.35656425611259,12.040513846190194,39.60173987597227,2.439540978140882,3.0,5.765598675407945,2.1177838030141376,322.0363133465488,29.75164068362678
1,2026-07-25T04:24:35.999825Z,75.35653318273293,12.040554960377499,39.58700515143573,2.3955868861204115,3.0,5.672873071160034,2.15007863924607,322.69938741996685,30.71049174684608
1,2026-07-25T04:24:36.999833Z,75.3565020181609,12.04059761130392,39.61185714136809,2.365336001318929,3.0,5.836928063763998,2.134137205946107,323.4121370089682,29.62547136977877
1,2026-07-25T04:24:37.999839Z,75.35646936942337,12.040641119640613,39.65768775716424,2.334891344595623,3.0,5.972163509662588,2.031457695634299,323.59190535730454,27.5613435894238
1,2026-07-25T04:24:38.999846Z,75.3564372664366,12.040683963645643,39.75373456161469,2.3091304756884057,3.0,5.885560753903194,2.1091975708021464,323.81587409749324,28.988968258702158
1,2026-07-25T04:24:39.999854Z,75.35640707348611,12.040726462739102,39.86208336055279,2.287049731398744,3.0,5.7873714273002825,2.14535632085292,324.06467544624974,29.963160433608145
1,2026-07-25T04:24:40.999861Z,75.35637903238768,12.040769074448402,40.02353006321937,2.2679130883462206,3.0,5.707697821869804,2.123065730402142,324.9554289486869,30.059976029474353
1,2026-07-25T04:24:41.999869Z,75.35634892066427,12.040813820621558,40.05287572927773,2.251168525722058,3.0,5.899329348686204,2.126732195841805,325.3061244888208,29.147812661025462
1,2026-07-25T04:24:42.999876Z,75.35631800716295,12.040857821422358,39.844469813629985,2.2363939233363865,3.0,5.907832410213283,2.1253224950970653,325.2639270901008,29.1487838472876
1,2026-07-25T04:24:43.999884Z,75.3562880867607,12.040901653131115,39.77596697118133,2.223260918042666,3.0,5.867329590314614,2.126528680387754,325.2336395300644,29.36499934540184
1,2026-07-25T04:24:44.999891Z,75.35625819183169,12.04094470866196,39.831666986458,2.211510355273885,3.0,5.8171197902306435,2.1295985396863286,325.02954012651196,29.661028525870787
1,2026-07-25T04:24:45.999898Z,75.35622837908238,12.040987416473046,39.90341489203274,2.226989734013785,3.0,5.7587995649420325,2.137127135122897,324.72561725556193,30.069564078008757
1,2026-07-25T04:24:46.999906Z,75.35619908635819,12.041028849803663,39.95955590065569,2.215640251370775,3.0,5.66767121714675,2.154604942866049,324.2232199917765,30.802620937543562
1,2026-07-25T04:24:47.999913Z,75.35616911205202,12.041070603520819,39.93650383222848,2.2217814424100695,3.0,5.626742044636444,2.1494912308147356,323.9616227090828,30.952495582254706
1,2026-07-25T04:24:48.999920Z,75.35614060927064,12.041112282523867,39.954779458232224,2.210692370140447,3.0,5.555993302781463,2.1637920227554535,323.97287502222275,31.55582996783242
1,2026-07-25T04:24:49.999927Z,75.3561131765794,12.04115307760455,40.09397628251463,2.200157747885107,3.0,5.46698533457758,2.1775664499763843,324.2111596660427,32.27311323743913
1,2026-07-25T04:24:50.999934Z,75.35608533939707,12.041194789145878,40.11750088073313,2.1901498595682773,3.0,5.466462682678746,2.1620785701055794,324.63247043494033,32.04243515822192
1,2026-07-25T04:24:51.999942Z,75.35605757322749,12.04123570281533,40.06111821718514,2.180642368466738,3.0,5.4251631372249784,2.174345158123834,324.76974862018557,32.474986244764736
1,2026-07-25T04:24:52.999949Z,75.35602816071047,12.041277030932065,40.00705096125603,2.1716102506733423,3.0,5.58572010362494,2.1637744624403,325.01637026660666,31.388368318113198
1,2026-07-25T04:24:53.999957Z,75.35599542743446,12.041320656666684,39.95300401095301,2.1630297380194197,3.0,5.8723167947174515,2.150452664586364,324.7552447173012,29.66724625084527
1,2026-07-25T04:24:54.999963Z,75.35596422265998,12.04136549647443,39.811781789176166,2.1548782469377064,3.0,5.929619684055534,2.1314606006808825,325.4266582563006,29.120865630603603
1,2026-07-25T04:24:55.999971Z,75.35593552303875,12.04141000214495,40.004602645523846,2.1471343330127035,3.0,5.81813869218349,2.118121655096676,326.1729074353131,29.48132529980148
1,2026-07-25T04:24:56.999978Z,75.35590877680256,12.041453282419061,40.08958098012954,2.1397776176784244,3.0,5.654232414014319,2.1510831255723377,327.2304061811605,30.801575150016014
1,2026-07-25T04:24:57.999988Z,75.35588399360974,12.04149650904148,40.04432263877243,2.1327887359551743,3.0,5.495320035939852,2.1503875188468853,329.474316611627,31.707038831595238
1,2026-07-25T04:24:58.999993Z,75.35586411306052,12.04154079664297,40.22005261480808,2.1261492873355277,3.0,5.398872855062613,2.6873478848265533,333.30695534105985,40.310721668749345
1,2026-07-25T04:24:59.1000000Z,75.35584726490737,12.041585770064254,40.44037585798651,2.1198418208852177,3.0,5.337714404935002,2.707192318393034,336.24138660681984,40.989752818576996
1,2026-07-25T04:25:01.000007Z,75.35583052440272,12.041624689777555,40.33500049635768,2.113849724131136,3.0,4.967879136346737,2.695038569703648,337.3900556101974,43.952479730881294
1,2026-07-25T04:25:02.000015Z,75.35581475927712,12.041662427219427,40.68619103170931,2.1081572333112844,3.0,4.658146713496703,2.699065685315055,338.28573591880985,46.795742729562214
1,2026-07-25T04:25:03.000021Z,75.35580162643319,12.041698247267377,40.738325241953135,2.11282304425459,3.0,4.352713185246843,2.7044328930004675,339.99103290577364,50.16630757961963
1,2026-07-25T04:25:04.000030Z,75.35579196119403,12.041732382592626,40.79896697215736,2.1071818868888563,3.0,4.07360384293591,2.704923784063953,342.62069907001603,53.51570601275632
1,2026-07-25T04:25:05.000036Z,75.35578127551831,12.041767364502274,40.76265928335488,2.1018227978303248,3.0,4.076090285771339,2.705353185091533,343.80143946289536,53.6611024020344
1,2026-07-25T04:25:05.998279Z,75.35577271974387,12.041803001089136,40.85789962578565,2.0967316580110165,3.0,4.070147688600942,2.6974042208347035,346.13289456170065,53.518469755673856
1,2026-07-25T04:25:06.998263Z,75.35576673651576,12.041841131801755,41.238516407087445,2.0918950761441804,3.0,4.218254084163943,2.7064646739743985,348.6399434652533,51.7985591716281
1,2026-07-25T04:25:07.998280Z,75.35575968716383,12.041880413889663,41.29257724434137,2.096140399043382,3.0,4.379209075486937,2.701876845057284,349.9161444625458,49.82904633579386
1,2026-07-25T04:25:08.998286Z,75.3557547724822,12.041921334868542,41.40325784496963,2.0913333772614107,3.0,4.519861892632971,2.6988246085125165,352.0597815094041,48.102920939224624
1,2026-07-25T04:25:09.998290Z,75.35575014577556,12.041965608805205,41.39059467706829,2.0867667102224847,3.0,4.840826102460552,2.7000854169189896,353.787420458826,45.12595131037942
1,2026-07-25T04:25:10.998317Z,75.35574681207963,12.042009942418058,41.34266126342118,2.090430283259992,3.0,4.946605250752887,2.6968141317451533,355.69793279932827,44.17135012922789
1,2026-07-25T04:25:11.998330Z,75.35574496229384,12.042053151737976,41.42033107858151,2.0934678378769456,3.0,4.918494968380425,2.7058001773364007,357.63422223625247,44.57247980396196
1,2026-07-25T04:25:12.998342Z,75.35574563392704,12.042097950910103,41.629799229092896,2.088794439263147,3.0,5.055829631435262,2.700764702007254,359.29722661704807,43.26424066387158
1,2026-07-25T04:25:13.998380Z,75.35574730501978,12.042146058220078,41.71198150329292,2.0843547099349906,3.0,5.341373972641506,2.703793032422498,0.20408945750536014,41.01493196799884
1,2026-07-25T04:25:14.998402Z,75.35574796751676,12.042193602739204,41.95190946944058,2.080136967637952,3.0,5.338689538555184,2.697208102453167,0.18037933662980477,40.92484035187858
1,2026-07-25T04:25:15.998423Z,75.35574851825841,12.04223922140674,42.10020636115223,2.1054244628423815,3.0,5.190948149990426,2.697994224691399,0.43228189313397275,42.10169860575592
1,2026-07-25T04:25:16.998464Z,75.35574963360452,12.042282323702652,42.248701099306345,2.100153237187603,3.0,4.90762719480396,2.7050138573712252,0.8067102489662732,44.64565514865431
1,2026-07-25T04:25:17.998487Z,75.3557512059996,12.042322402302277,42.39002396352589,2.0951970326379397,3.0,4.589404842369906,2.700763216324671,1.1847343116917883,47.667751309110606
1,2026-07-25T04:25:18.998505Z,75.3557518889913,12.042356171996278,42.51717890519649,2.0904371783910882,3.0,4.007505992228913,2.6914798397298276,1.191793463943565,54.387940544144364
1,2026-07-25T04:25:19.998549Z,75.35575467708563,12.042388676611745,42.688463068567216,2.085915315369364,3.0,3.7540379253082743,2.7009136689424933,2.232159178475563,58.2037969217876
1,2026-07-25T04:25:20.998591Z,75.35575574532355,12.042418058137885,42.92531300894916,2.081619550282462,3.0,3.499221447069419,2.7012828764516854,1.5600165091269866,62.47473903806141
1,2026-07-25T04:25:21.998633Z,75.355757400141,12.042447506645471,43.0469317920506,2.0911453024837243,3.0,3.3580943591763757,2.7003791598492617,1.3932486740657983,65.03477189169774
1,2026-07-25T04:25:22.998672Z,75.35575781602043,12.042472908722182,43.10049606021494,2.0865880369328864,3.0,3.0106709346678304,2.7060587637718387,1.179648830388903,72.54844462018299
1,2026-07-25T04:25:23.998709Z,75.35575855793184,12.042491856533081,43.30793683882803,2.0822586395742393,3.0,2.333181919939917,2.70062884639356,1.11600599311932,92.87755376979823
1,2026-07-25T04:25:24.998744Z,75.35575887912692,12.042507537443084,43.26988171041012,2.078145707958277,3.0,1.8835519838171957,2.7007426084437434,1.0294890599361415,115.44241892924867
1,2026-07-25T04:25:25.998780Z,75.35575959605183,12.042519167005917,43.322722697630525,2.0742384214843965,3.0,1.4571629371924386,2.6947535074459847,3.540297746658325,148.2567624784579
1,2026-07-25T04:25:26.998811Z,75.35575938480659,12.04252586529432,43.300857556052506,2.0705265042638685,3.0,0.9369232704974211,4.060380115072986,3.540297746658325,180.0
1,2026-07-25T04:25:27.998843Z,75.35575936850736,12.042528965590286,43.50481709744781,2.067000180009758,3.0,0.5411394137792107,4.046947917832409,3.540297746658325,180.0
1,2026-07-25T04:25:28.998873Z,75.35575988950731,12.042531011066119,43.63315518386662,2.063650171517647,3.0,0.30692889904494236,4.062261242151403,3.540297746658325,180.0
1,2026-07-25T04:25:29.998900Z,75.35575860343671,12.042532641423698,43.62341581005603,2.0670486782301687,3.0,0.13881264969719864,4.062124640829453,3.540297746658325,180.0
1,2026-07-25T04:25:30.998929Z,75.35575777558901,12.042532582465808,43.53862018790096,2.072854568249982,3.0,0.018929580980114265,3.7613315419417352,3.540297746658325,180.0
1,2026-07-25T04:25:31.998955Z,75.35575728793691,12.042532727753658,43.486632094718516,2.1177261229618343,3.0,0.01774965269239015,3.7435311841405032,3.540297746658325,180.0
1,2026-07-25T04:25:32.998979Z,75.35575706912219,12.042532831079882,43.39453657064587,2.1503293255700284,3.0,0.015481237379184134,3.743891754436992,3.540297746658325,180.0
1,2026-07-25T04:25:33.999004Z,75.35575710062047,12.042532804146926,43.39698749408126,2.19339197028849,3.0,0.0,3.7433622227504446,3.540297746658325,180.0
1,2026-07-25T04:25:34.999027Z,75.35575710062047,12.042532804146926,43.39698749408126,2.220249538624361,3.0,0.0,3.768234921588926,3.540297746658325,180.0
1,2026-07-25T04:25:35.999049Z,75.35575710062047,12.042532804146926,43.39698749408126,2.2483393858689094,3.0,0.0,3.741897268605312,3.540297746658325,180.0
1,2026-07-25T04:25:36.999071Z,75.3557552281532,12.042532705065925,43.14389925263822,2.2879049518674663,3.0,0.02043543175517485,3.7647778131993523,3.540297746658325,180.0
1,2026-07-25T04:25:37.999093Z,75.3557551940275,12.042532318799317,43.10614831279963,2.3255780295627035,3.0,0.014450385111897408,3.7581120905656835,3.540297746658325,180.0
1,2026-07-25T04:25:38.999112Z,75.35575504290861,12.042532387718715,43.09093276131898,2.3852591864106008,3.0,0.0,3.747808470447702,3.540297746658325,180.0
1,2026-07-25T04:25:39.999132Z,75.35575504290861,12.042532387718715,43.09093276131898,2.3960181454445686,3.0,0.0,3.74184724561078,3.540297746658325,180.0
1,2026-07-25T04:25:40.999151Z,75.35575504290861,12.042532387718715,43.09093276131898,2.4100827347033253,3.0,0.0,3.7454235220828833,3.540297746658325,180.0
1,2026-07-25T04:25:41.999170Z,75.35575504290861,12.042532387718715,43.09093276131898,2.430017909010614,3.0,0.0,3.7216220776759728,3.540297746658325,180.0
1,2026-07-25T04:25:42.999188Z,75.35575504290861,12.042532387718715,43.09093276131898,2.4202289915576642,3.0,0.0,3.743011481929541,3.540297746658325,180.0
1,2026-07-25T04:25:43.999204Z,75.35575504290861,12.042532387718715,43.09093276131898,2.432692367209371,3.0,0.0,3.7548689165029216,3.540297746658325,180.0
1,2026-07-25T04:25:44.999223Z,75.35575504290861,12.042532387718715,43.09093276131898,2.411584518465528,3.0,0.0,3.7237352539663013,3.540297746658325,180.0
1,2026-07-25T04:25:45.999239Z,75.35575504290861,12.042532387718715,43.09093276131898,2.4053047916893338,3.0,0.0,3.7206109120746707,3.540297746658325,180.0
1,2026-07-25T04:25:46.999254Z,75.35575504290861,12.042532387718715,43.09093276131898,2.4165839747230162,3.0,0.0,3.748239926969329,3.540297746658325,180.0
1,2026-07-25T04:25:47.999270Z,75.35575250470087,12.04253342904472,42.717992439866066,2.3957547759971622,3.0,0.016363142204975128,3.746765181613553,3.540297746658325,180.0
1,2026-07-25T04:25:48.999286Z,75.3557528213824,12.04253323202741,42.75270145852119,2.375967037187522,3.0,0.0,3.727194224471173,3.540297746658325,180.0
1,2026-07-25T04:25:49.999300Z,75.3557528213824,12.04253323202741,42.75270145852119,2.357168685328146,3.0,0.0,3.7432257234819315,3.540297746658325,180.0
1,2026-07-25T04:25:50.999315Z,75.3557528213824,12.04253323202741,42.75270145852119,2.354774176151637,3.0,0.0,3.7268824299752903,3.540297746658325,180.0
1,2026-07-25T04:25:51.999330Z,75.3557528213824,12.04253323202741,42.75270145852119,2.337035467344055,3.0,0.0,3.726746972452941,3.540297746658325,180.0
1,2026-07-25T04:25:52.999344Z,75.35575284573567,12.042533023779068,42.698466496542096,2.3201836939848026,3.0,0.015027903228477036,3.7470333777143168,3.540297746658325,180.0
1,2026-07-25T04:25:53.999357Z,75.3557528471292,12.042532934981384,42.69616907089949,2.3041745092780097,3.0,0.0,3.7313239249763543,3.540297746658325,180.0
1,2026-07-25T04:25:54.999371Z,75.3557528471292,12.042532934981384,42.69616907089949,2.2889657838141093,3.0,0.0,3.742509307967233,3.540297746658325,180.0
1,2026-07-25T04:25:55.999385Z,75.3557528471292,12.042532934981384,42.69616907089949,2.274517494623404,3.0,0.0,3.747458477613018,3.540297746658325,180.0
1,2026-07-25T04:25:56.999398Z,75.35575544333874,12.042539839173646,42.84592306241393,2.260791620273758,3.0,0.7251232121567732,3.746595315258316,3.540297746658325,180.0
1,2026-07-25T04:25:57.999411Z,75.35575567141262,12.04255751379896,42.90867570973933,2.2597451024551045,3.0,1.7558008116677155,3.7431595596839964,3.540297746658325,172.72200851637047
1,2026-07-25T04:25:58.999424Z,75.35575700424137,12.042580590043563,42.85873682517558,2.2467578481671655,3.0,2.415758397758911,2.541440572410121,3.540297746658325,85.24314953494681
1,2026-07-25T04:25:59.999436Z,75.35575865856347,12.042604058961304,42.835320566780865,2.23441995729537,3.0,2.586627081769552,2.511457205556617,3.540297746658325,78.5629619826204
1,2026-07-25T04:26:00.999448Z,75.3557613284313,12.04262687530598,42.755172808654606,2.2226989598514746,3.0,2.5650325623429358,2.506172487670747,3.540297746658325,78.04463132993976
1,2026-07-25T04:26:01.999460Z,75.35576536194985,12.042654599135268,42.70260439813137,2.211564014674376,3.0,3.0139797485810593,2.4734339466795414,5.896046150064565,65.4889982713409
1,2026-07-25T04:26:02.999472Z,75.3557720630543,12.042688392690861,42.63242186419666,2.2009858172813046,3.0,3.61646234318689,2.364500644477355,7.788439963173362,52.05183039041406
1,2026-07-25T04:26:03.999485Z,75.35578203244552,12.042723652436935,42.6606246298179,2.1909365295612337,3.0,3.9784892356648798,2.341074750603727,10.37674031657247,47.599674004640015
1,2026-07-25T04:26:04.999497Z,75.3557918347154,12.042761215901903,42.66912760771811,2.18138969748939,3.0,4.2098818222754195,2.3078933810376747,11.657906340927198,44.411432594393034
1,2026-07-25T04:26:05.999508Z,75.35580141329181,12.04280004476179,42.77716649975628,2.172320213532861,3.0,4.353607782575636,2.289409227545607,11.94879841497492,42.60966440837674
1,2026-07-25T04:26:06.999520Z,75.35580676076644,12.042837021293078,42.73331431951374,2.174703617067394,3.0,4.252378830566369,2.2965526551855477,10.361780350438567,43.745216696272884
1,2026-07-25T04:26:07.999531Z,75.35581010513927,12.04287406689138,42.6733499225229,2.1659684395692986,3.0,4.1596429235972,2.300248376746064,8.209886282232073,44.748530719238445
1,2026-07-25T04:26:08.999542Z,75.35581174894507,12.04291133075494,42.58496982138604,2.157670021511034,3.0,4.0944674891674016,2.3266972961642134,6.020809465609092,45.85394852522608
1,2026-07-25T04:26:09.999553Z,75.35581315636031,12.042946128636867,42.49699579924345,2.149786525445445,3.0,3.9421486868502646,2.3418108553040633,4.764971592476563,47.84590386520317
1,2026-07-25T04:26:10.999565Z,75.35581604228456,12.042977711611357,42.22265084926039,2.1422971989562853,3.0,3.7053200356106446,2.361035700837747,4.620977727695568,49.36290568340693
1,2026-07-25T04:26:11.999575Z,75.3558168641721,12.043012760813557,42.21819999348372,2.1351823380192583,3.0,3.7110633176109764,2.3642655700819284,3.3786005048007692,49.49829301719205
1,2026-07-25T04:26:12.999587Z,75.35581857150304,12.04304491541175,42.24270013906062,2.128423220287501,3.0,3.6081611922962273,2.3734276291609655,2.9295017246373103,52.05119856451435
1,2026-07-25T04:26:13.999598Z,75.35582006260556,12.04307663528832,42.17399201449007,2.1350776501175974,3.0,3.506973647984661,2.387970264370405,2.6177183225811893,53.17283462969592
1,2026-07-25T04:26:14.999608Z,75.35582154657777,12.04310699058177,42.1513316007331,2.1283237663830414,3.0,3.389579520489105,2.407883572579417,2.377822006522582,55.81271330496046
1,2026-07-25T04:26:15.999619Z,75.35582370868153,12.043134541011987,42.231165969744325,2.1219075790284636,3.0,3.147321911726346,2.4347127110453206,2.4804377571672704,60.793137885396334
1,2026-07-25T04:26:16.999630Z,75.35582523150092,12.043159528129241,42.12477622739971,2.1158122014497915,3.0,2.8718642884990127,2.453419148012559,2.730998258667209,66.34449459330506
1,2026-07-25T04:26:17.999640Z,75.35582779153667,12.043183751628721,42.11953165754676,2.11002159536969,3.0,2.7520676483423205,2.482499071898729,3.5037746654864064,72.34982010481716
1,2026-07-25T04:26:18.999652Z,75.35582909775269,12.043207697245256,41.81963964924216,2.1045205165040093,3.0,2.661416918853458,2.4959144689988957,3.7509892822873754,73.66176374505889
1,2026-07-25T04:26:19.999663Z,75.3558332604096,12.043229121477665,42.200521713122725,3.6685870148792965,3.0,2.5494015345089664,2.514460569703542,5.4315692850729755,79.34619541987995
1,2026-07-25T04:26:20.999672Z,75.35583895742883,12.043250160681593,42.17258570622653,4.2263608638292745,3.0,2.474954864550279,2.522373202858559,8.771295516977528,82.25239215503719
1,2026-07-25T04:26:21.999683Z,75.35584654879062,12.04326831325487,42.12100210785866,5.013331821914357,3.0,2.186484749619026,2.5294575681098257,13.835928126582152,93.58642391698446
1,2026-07-25T04:26:22.999694Z,75.3558552865168,12.04328315980141,42.210858676582575,5.945901137692674,3.0,2.046108267365193,2.5303407549835906,19.52456855986006,100.19956933768414
1,2026-07-25T04:26:23.999704Z,75.35586710221942,12.04330019675671,42.27969854418188,7.220429380948982,3.0,2.189079110030829,2.5381539638475825,25.352961103496934,93.85110987138088
1,2026-07-25T04:26:24.999715Z,75.35587890888608,12.04331125389858,42.468095229938626,8.520385563925073,3.0,1.8707799370706213,2.5374661086779455,31.29596150722931,106.80525764454222
1,2026-07-25T04:26:25.999725Z,75.35588735717869,12.043317884285605,42.470938134007156,9.456243537067282,3.0,1.3387567355448993,2.5332160604999436,2.183229446411133,128.0982731995652
1,2026-07-25T04:26:26.999735Z,75.35589685444388,12.043322395758548,42.38078953232616,10.521320009661022,3.0,1.2291745058329833,3.7106180116176786,2.183229446411133,180.0
1,2026-07-25T04:26:27.999745Z,75.35590910754192,12.04333217753684,42.33172238711268,11.877923060068975,3.0,1.7183109842303277,3.7359922581116853,36.32131322054726,175.86155927898778
1,2026-07-25T04:26:28.999756Z,75.3559291400086,12.043346154988882,42.20259142015129,12.694261021968748,3.0,2.45787637620406,2.525889678445568,51.18087343867196,83.18356617944177
1,2026-07-25T04:26:29.999766Z,75.35595049297426,12.043356479352157,42.06673769466579,14.848716846734227,3.0,2.61666959174269,2.4954812609263914,58.15003592651045,77.27164106099724
1,2026-07-25T04:26:30.999776Z,75.35597458779792,12.043362588389499,41.979987090453506,2.1267870975483425,3.0,2.7112509687768416,2.4950167984357567,66.31401321172902,74.11024796378717
1,2026-07-25T04:26:31.999786Z,75.35600163953413,12.043364048259077,41.928797490894794,2.1204477359291354,3.0,2.98100671844304,2.4618683332499045,75.30983927670606,66.75207888469454
1,2026-07-25T04:26:32.999797Z,75.3560337644594,12.043361809092243,41.765371980145574,2.11480735260187,3.0,3.444711064614789,2.414005319019849,84.56902019294137,56.78256800017439
1,2026-07-25T04:26:33.999806Z,75.3560683950463,12.04335502120835,41.704413034021854,2.1233343500687045,3.0,3.7654394385550987,2.3496549780026603,91.55292280481923,50.427401986299664
1,2026-07-25T04:26:34.999817Z,75.35610234280598,12.043348267660637,41.542671388946474,2.1171676242282262,3.0,3.8192968450295885,2.3598654587163956,95.37030327464294,49.69926447980938
1,2026-07-25T04:26:35.999827Z,75.3561340648428,12.043342558100996,41.41803456377238,2.111309239990075,3.0,3.6418534946278425,2.3713366903975275,97.2149444606965,52.17501880005027
1,2026-07-25T04:26:36.999837Z,75.35616373261651,12.043337887644626,41.33290830347687,2.105743776205704,3.0,3.417198627530748,2.392409284372458,97.85475437098368,56.062083686808684
1,2026-07-25T04:26:37.999847Z,75.35619247607359,12.043332924263158,41.3898375434801,3.7612597283934415,3.0,3.232421647368194,2.4152338290082267,98.0238761455727,59.98964330079396
1,2026-07-25T04:26:38.999857Z,75.35621664018879,12.043329567597164,41.29932303261012,4.055006742583975,3.0,2.770630073681111,2.470980805386324,97.84181878300679,69.95358384287267
1,2026-07-25T04:26:39.999867Z,75.35623520454963,12.043327896915699,41.306846955791116,4.175263795635877,3.0,2.2268307295714904,2.543443600903663,97.03246418524486,88.72780144470603
1,2026-07-25T04:26:40.999877Z,75.35624606926,12.043327637137882,41.31985711120069,4.162297745731402,3.0,1.4491788132535128,2.5229150004233576,91.98943328857422,129.20784087203182
1,2026-07-25T04:26:41.999887Z,75.35624700568377,12.043328326348417,41.38221640419215,4.0785749379455,3.0,0.4262635741936786,3.7116566792758157,91.98943328857422,180.0
1,2026-07-25T04:26:42.999897Z,75.35624491679383,12.043328705202741,41.50166881456971,4.042886873780102,3.0,0.005468032583527454,3.74428214398013,91.98943328857422,180.0
1,2026-07-25T04:26:43.999907Z,75.35624330408054,12.043328410029654,41.55700790230185,4.083552517950729,3.0,0.005619918467802613,3.733975299259433,91.98943328857422,180.0
1,2026-07-25T04:26:44.999917Z,75.35624226606997,12.043328696410212,41.545723194256425,4.0544282539561545,3.0,0.0,3.7544783296168447,91.98943328857422,180.0
1,2026-07-25T04:26:45.999927Z,75.35624226606997,12.043328696410212,41.545723194256425,4.054428245501703,3.0,0.0,3.7426996214560204,91.98943328857422,180.0
1,2026-07-25T04:26:46.999938Z,75.35624226606997,12.043328696410212,41.545723194256425,4.054428244883084,3.0,0.0,3.7438053731873633,91.98943328857422,180.0
1,2026-07-25T04:26:47.999947Z,75.35624226606997,12.043328696410212,41.545723194256425,4.054428244883084,3.0,0.0,3.746554241997042,91.98943328857422,180.0
1,2026-07-25T04:26:48.999957Z,75.35624226606997,12.043328696410212,41.545723194256425,4.0544282477699705,3.0,0.0,3.741972640261049,91.98943328857422,180.0
1,2026-07-25T04:26:49.999968Z,75.35624226606997,12.043328696410212,41.545723194256425,4.054428244883084,3.0,0.0,3.7607510337298797,91.98943328857422,180.0
1,2026-07-25T04:26:50.999977Z,75.35624575588163,12.043327675156865,41.74077076930553,4.1591280271998,3.0,0.6123278056264865,3.7423918009167596,91.98943328857422,180.0
1,2026-07-25T04:26:51.999987Z,75.35626054995974,12.043327070750058,41.688888216391206,4.170572184817213,3.0,1.482850753468132,3.746157131716967,91.98943328857422,180.0
1,2026-07-25T04:26:52.999997Z,75.35628002793203,12.043325991981712,41.65064890217036,4.218491621125612,3.0,2.059692451337012,2.800492227323006,91.98943328857422,110.14943531317785
1,2026-07-25T04:26:54.000007Z,75.35629966460249,12.043325275839234,41.54188633430749,4.223686245582107,3.0,2.1210326516106814,2.5339453901251536,91.98943328857422,96.68513306645721
1,2026-07-25T04:26:55.000017Z,75.35631803104454,12.043323074852637,41.455932022072375,4.406288649474455,3.0,2.095498638358455,2.534125668291002,91.98943328857422,97.23011401736092
1,2026-07-25T04:26:56.000026Z,75.35634263057825,12.043320127959774,41.418488051742315,4.650739472827772,3.0,2.6692289247368373,2.5168224866782363,91.98943328857422,75.00320806467292
1,2026-07-25T04:26:57.000036Z,75.3563760995866,12.043316099733039,41.24709843657911,4.985512708228084,3.0,3.5113598888415436,2.4020549160210605,96.55435439450903,53.792454768473604
1,2026-07-25T04:26:58.000046Z,75.35641167641658,12.043312292387096,41.170390849001706,5.286279295323525,3.0,3.8264177287019057,2.3375592799125493,96.5164848772184,48.365169320651496
1,2026-07-25T04:26:59.000056Z,75.35644512786013,12.043308295502184,40.98637824971229,6.02680205444994,3.0,3.8064771084665976,2.360850447775574,96.20855152649963,49.081523500759516
1,2026-07-25T04:27:00.000066Z,75.35647945608146,12.043305686703496,40.884351150132716,6.620233836526912,3.0,3.7689117865119925,2.3447940626514785,94.93620201245506,48.966506462880595
1,2026-07-25T04:27:01.000077Z,75.35651738002281,12.043306726218683,40.608301245607436,6.821575360156555,3.0,4.079556091071663,2.3284598244998143,92.4195721579945,44.461823751829066
1,2026-07-25T04:27:02.000086Z,75.35655912660839,12.043305596649493,40.178094546310604,7.306601368427015,3.0,4.548731400424955,2.2717206022029086,91.1056846396799,37.031191695833755
1,2026-07-25T04:27:03.000096Z,75.3566072715696,12.043307818826566,39.874810746870935,7.457667633472818,3.0,5.132113524479692,2.1968840555564975,89.45953183660687,32.444890589640124
1,2026-07-25T04:27:04.000106Z,75.3566558214332,12.043311481993609,39.757752989418805,7.362177344356153,3.0,5.2707372868459625,2.1908252797711505,88.05457168113823,31.964875415782597
1,2026-07-25T04:27:05.000116Z,75.35670482492596,12.043314759296196,39.71035774983466,7.001184458507074,3.0,5.315946913166333,2.176673554188042,87.30252544440239,31.964079918903014
1,2026-07-25T04:27:06.000126Z,75.35675410675577,12.043318110061922,39.88252135179937,6.631770302877554,3.0,5.330731596821587,2.1811239447201864,86.70962596113303,32.56488041973209
1,2026-07-25T04:27:07.000136Z,75.35680396291548,12.043320016264,40.07810238003731,6.430377176609255,3.0,5.318095324216096,2.1806435826897763,87.16914279561881,32.26901540890507
1,2026-07-25T04:27:08.000145Z,75.35685218542514,12.043320789374734,40.01036427542567,6.359940185963683,3.0,5.246137418944808,2.1829279066229637,87.95888373394165,32.9863950486305
1,2026-07-25T04:27:09.000155Z,75.35689936656968,12.043319581639944,40.05050676967949,6.519166240957683,3.0,5.1614959551037245,2.196863582714593,88.75282380947525,33.971189136241755
1,2026-07-25T04:27:10.000165Z,75.35694586478449,12.043320854923389,39.99760087393224,6.389940337931123,3.0,5.088040929825928,2.208727602041503,88.87228094013307,34.37198226752501
1,2026-07-25T04:27:11.000175Z,75.35699212673879,12.043322741714222,39.99765625875443,6.189358816227551,3.0,5.013688772013203,2.2150860253348714,88.83196916314881,35.470694481101134
1,2026-07-25T04:27:11.999286Z,75.35703663633544,12.043323792685888,40.081746615469456,6.085156590512813,3.0,4.8455200519607775,2.232191664668859,89.0899060516013,37.28642930720126
1,2026-07-25T04:27:12.999286Z,75.35707855050755,12.043323706997949,40.037588611245155,5.193763439367781,3.0,4.559691330197881,2.256686132553333,89.86202767052842,40.03383122731727
1,2026-07-25T04:27:13.999297Z,75.35711325720892,12.04332131939348,39.361039048060775,4.542020140003572,3.0,4.002663850179277,2.3221025787670446,91.9526840275299,46.05108199555032
1,2026-07-25T04:27:14.999303Z,75.35714872779077,12.043314524568466,39.26723214238882,3.880378802445699,3.0,3.848310084957212,2.343785275820893,96.06151534751255,48.00207793482568
1,2026-07-25T04:27:15.999306Z,75.35718285548107,12.043304355838016,39.19098577555269,3.7403699555645544,3.0,3.8103066404548733,2.358788425848913,101.06629108938803,48.208464697474604
1,2026-07-25T04:27:16.999320Z,75.35721657395703,12.043291626802231,39.0993760433048,3.5532581555661307,3.0,3.8875446694230287,2.3428515274562063,105.81506849076118,46.99263818198796
1,2026-07-25T04:27:17.999326Z,75.35725184869598,12.043276799309123,39.001383430324495,3.4126644484449606,3.0,4.145444217951201,2.314981388587106,109.11603238079132,44.08008567653028
1,2026-07-25T04:27:18.999334Z,75.3572911872588,12.043256718710499,38.87860863748938,4.304292384025755,3.0,4.635260067259814,2.2536566560748312,112.16957177888368,38.04293118609378
1,2026-07-25T04:27:19.999350Z,75.35733485859377,12.04323799472341,38.77065072301775,4.898349766550724,3.0,5.073574418420187,2.212075454614564,112.49837257115865,34.82740894140307
1,2026-07-25T04:27:20.999343Z,75.35738130820475,12.043227501572611,38.8153790878132,4.485164688336543,3.0,5.1631306873202325,2.193209431158159,107.37662298571661,34.264908657697156
1,2026-07-25T04:27:21.999336Z,75.35742361527977,12.043217946899622,38.43109227530658,5.6420830461329965,3.0,5.02479346672092,2.2073799205325,103.87724310566092,35.24912326405545
1,2026-07-25T04:27:22.999337Z,75.35747398147629,12.043215725388606,38.43092619255185,5.985828702742001,3.0,5.191299137442852,2.1933401606839347,97.91787976442205,33.970758878389994
1,2026-07-25T04:27:23.999351Z,75.35752477628093,12.043217103450923,38.493852872401476,5.997458467618735,3.0,5.410473073500297,2.165709912145424,93.2850109416189,32.18884842432582
1,2026-07-25T04:27:24.999365Z,75.35757628134114,12.043220716819066,38.661290250718594,5.751962311057866,3.0,5.467599511441953,2.1665130336699874,89.76552339048213,31.86452424496194
1,2026-07-25T04:27:25.999386Z,75.35763052730894,12.043229361560675,38.79836310725659,4.931569623770999,3.0,5.619549712139003,2.14478719470509,86.2960329084909,30.717203588434085
1,2026-07-25T04:27:26.999406Z,75.3576838119443,12.043235313156533,38.87159177288413,4.420611108917871,3.0,5.688464896652725,2.133649132425295,85.11917130504715,30.26269601796432
1,2026-07-25T04:27:27.999425Z,75.35773789458624,12.043236386826365,39.04481031373143,4.478690767110656,3.0,5.760527853596986,2.124589718166317,85.71966196865884,29.766798758750465
1,2026-07-25T04:27:28.999444Z,75.35778901312881,12.043244586147875,38.92860000487417,3.6994457367264753,3.0,5.692081284241949,2.2293790941716667,84.12044022696588,31.546610984636516
1,2026-07-25T04:27:29.999463Z,75.35784141254217,12.043245360533149,38.87617751862854,2.2816854024599165,3.0,5.69579697162756,2.1316867451181847,85.11755899814608,30.137748188057582
1,2026-07-25T04:27:30.999480Z,75.35789462194937,12.043240143150447,38.543360186740756,3.984186840302857,3.0,5.727997941961229,2.138141856934184,88.32539327484001,29.68667743517183
1,2026-07-25T04:27:31.999498Z,75.35794573899996,12.043227226832412,38.4505935870111,5.364320003902237,3.0,5.701834891630394,2.162438283315845,93.59921876593106,30.27828400372351
1,2026-07-25T04:27:32.999515Z,75.35799662857734,12.043213802126296,39.21597570553422,4.357215541769581,3.0,5.697198477944267,2.1474543142212945,97.1254050419049,30.531253574893608
1,2026-07-25T04:27:33.999532Z,75.3580488403385,12.043201150662872,39.327477124519646,4.800774731260469,3.0,5.756031393034145,2.1409084607849964,99.32893249074151,30.123186431400534
1,2026-07-25T04:27:34.999548Z,75.35810029242424,12.043185561547899,39.436360460706055,5.595305068028773,3.0,5.808231775229624,2.135713612995413,101.01833536614897,29.79146586561292
1,2026-07-25T04:27:35.999564Z,75.35815156619196,12.043170663668084,39.50314520858228,6.314124167634071,3.0,5.829971488284452,2.1361158169113477,102.1121135555149,29.686404742488364
1,2026-07-25T04:27:36.999579Z,75.35820261718057,12.043155278526843,39.65894793346524,7.093020725089092,3.0,5.775448163053133,2.152851446017267,103.13145771374124,30.077484682637706
1,2026-07-25T04:27:37.999595Z,75.35825276238295,12.043140602138859,39.59101824834943,7.8082028081969845,3.0,5.6448115888607315,2.161190216093889,103.27736994186425,31.01650670578058
1,2026-07-25T04:27:38.999610Z,75.35830376748747,12.043132080871326,39.700860413722694,7.802097806880218,3.0,5.576283189018309,2.16811272928928,101.8648623127871,31.495730890243596
1,2026-07-25T04:27:39.999624Z,75.35835451390209,12.043125799841349,39.70141000114381,7.54447402375476,3.0,5.534077534662019,2.160740607238277,100.68535239553579,31.625464149599324
1,2026-07-25T04:27:40.999638Z,75.35840629704232,12.043119796432627,39.72604414168745,7.97799029859271,3.0,5.580475740235776,2.157331370844671,99.69519272139549,31.302992063199884
1,2026-07-25T04:27:41.999652Z,75.35845896542048,12.043112194989007,39.75694711133838,8.379038326014246,3.0,5.700494349158471,2.142648583381307,99.32168458734874,30.4506204880066
1,2026-07-25T04:27:42.999667Z,75.358513533663,12.043105730363504,39.753697734326124,8.631177217501095,3.0,5.814565896680534,2.133288671628067,98.25576352538334,29.72291953951339
1,2026-07-25T04:27:43.999680Z,75.35856662344626,12.043101176919198,39.7861169623211,8.617264680399192,3.0,5.754151279517033,2.141535438789981,96.63976354328405,30.15275604861838
1,2026-07-25T04:27:44.999694Z,75.35861736487858,12.043099419097562,39.76539395842701,8.417446168759453,3.0,5.516116443005215,2.1560147224636257,94.66249368202426,31.66945751608681
1,2026-07-25T04:27:45.999707Z,75.3586665238782,12.043096528694486,39.92705070134252,8.175035271124313,3.0,5.289536839494062,2.169367408171456,93.49693997541338,33.18649705059373
1,2026-07-25T04:27:46.999721Z,75.35871297627789,12.043092519621105,39.81029779277742,8.18323107731605,3.0,5.042772972695728,2.207979194783615,93.7426142009859,35.4719025639504
1,2026-07-25T04:27:47.999732Z,75.35876103817208,12.043087821835853,39.74783255532384,8.25533709234814,3.0,5.138264565142171,2.1960338673068747,94.22629363273454,34.62655673606253
1,2026-07-25T04:27:48.999746Z,75.35881156159316,12.043079655606187,39.832603104412556,8.547115519731525,3.0,5.345234792479368,2.1792813118419194,96.20548853690445,33.03435163199257
1,2026-07-25T04:27:49.999759Z,75.35886050113137,12.043071604501714,40.01331946440041,8.766822284329512,3.0,5.356063483574952,2.1829293469431708,97.99289831768203,33.021846823095046
1,2026-07-25T04:27:50.999771Z,75.35891035051854,12.043062619761548,40.06820854451507,9.080941275820784,3.0,5.427454187328998,2.158907693816243,99.27384131333024,32.1321297431732
1,2026-07-25T04:27:51.999784Z,75.35896118943114,12.043052504825143,40.05372055619955,9.510967642250174,3.0,5.638705759435668,2.1562770812325587,100.2539328134043,30.93511515892742
1,2026-07-25T04:27:52.999796Z,75.35901494675511,12.043041821164131,40.07261073868722,9.964305797231203,3.0,5.865263105293107,2.130325186314095,101.04660271076989,29.109600129943857
1,2026-07-25T04:27:53.999808Z,75.35906727535274,12.043034464897058,40.1329456474632,10.04273202438327,3.0,5.8066715038524075,4.426842016309086,99.21471856190809,61.702128683986764
1,2026-07-25T04:27:54.999820Z,75.35911771024826,12.04303097718235,40.27520014252514,9.700170675058192,3.0,5.5600785889199225,2.7067390856203817,96.53778409556321,39.352901327819254
1,2026-07-25T04:27:55.999832Z,75.35916859093125,12.043032799064237,40.28899332974106,8.739460291020663,3.0,5.506761141163862,2.705104361102054,92.16048795855112,39.75473270427301
1,2026-07-25T04:27:56.999845Z,75.35921829445923,12.043034839515169,40.468101689592004,7.770946301362258,3.0,5.383840456403397,2.7005484595170497,90.4102020481278,40.567569667867104
1,2026-07-25T04:27:57.999856Z,75.35925988832699,12.043033407057811,40.554607291705906,7.322125935607352,3.0,4.808246272128173,2.69463109545605,90.91779370121661,45.30676934768629
1,2026-07-25T04:27:58.999868Z,75.35930438528875,12.043032813333463,40.6957549341023,6.733856659268666,3.0,4.725826764512525,2.699640203643993,91.34352626945557,46.2875132977294
1,2026-07-25T04:27:59.999880Z,75.35934829363998,12.0430305422142,40.76151803508401,5.955516937956103,3.0,4.816412615945019,2.700626509029161,91.85088921099347,45.433713599541406
1,2026-07-25T04:28:00.999891Z,75.35939538579673,12.043026078681764,40.744000914506614,5.3505044902047825,3.0,5.193667867508836,2.7107507422777024,93.46078574188729,42.29065642901239
1,2026-07-25T04:28:01.999903Z,75.35944190380783,12.0430214562182,40.49883850943297,4.777115237772057,3.0,5.290521042371617,2.7119249741115947,95.44594923307844,41.51843544320211
1,2026-07-25T04:28:02.999914Z,75.35948686709571,12.043020918176415,40.125700015574694,2.4234891749784953,3.0,5.22945976666937,2.7229824491338945,94.76167861678205,42.13482785935083
1,2026-07-25T04:28:03.999926Z,75.35953595908738,12.043013087636963,40.05188690125942,2.465718599846128,3.0,5.417014122112542,2.719501366658244,95.61149851734339,40.651776550872526
1,2026-07-25T04:28:04.999938Z,75.35959192533682,12.042998817039699,39.76508776843548,3.034346955689838,3.0,6.007954157576586,2.711605413571512,97.65310431433046,36.4867537081025
1,2026-07-25T04:28:05.999949Z,75.35964717628059,12.042997101385103,39.97729258611798,2.982629597755201,3.0,6.470260061546592,2.7211255299876576,94.547264197971,34.06991942182233
1,2026-07-25T04:28:06.999960Z,75.35970135536755,12.043003777759022,40.018819930031896,3.0097306624194,3.0,6.608471501326488,2.7220410941563875,88.58074665790004,33.37155673165382
1,2026-07-25T04:28:07.999971Z,75.35976113968134,12.04300340257986,40.159134845249355,3.3306867435405416,3.0,6.631091295734853,2.7308156622290536,86.18993766851968,33.36860058960486
1,2026-07-25T04:28:08.999983Z,75.3598137499089,12.04300212227539,40.40854707919061,3.22846315156539,3.0,6.368418428686336,2.7425963977059964,85.61127359012971,34.894318578591246
1,2026-07-25T04:28:09.999994Z,75.359866655019,12.042997805416572,40.506830893456936,3.435963671904639,3.0,6.11874574265319,2.726959042269104,86.50619673493352,36.110970780754094
1,2026-07-25T04:28:11.000005Z,75.35992250280944,12.042987574444258,40.54593588691205,3.572904641427609,3.0,5.90685507517127,2.740772885870636,89.15766513708533,37.58340619542492
1,2026-07-25T04:28:12.000016Z,75.35996918012006,12.042997227398539,40.58182505518198,3.552617048832374,3.0,5.5821189885130735,2.740975869747266,91.44415097377733,39.78722907929437
1,2026-07-25T04:28:13.000027Z,75.36002371405127,12.042998715462916,40.79524257965386,3.529128376650005,3.0,5.653113361560019,2.747664386504902,90.77515063405191,39.38102288364732
1,2026-07-25T04:28:14.000038Z,75.36008369643211,12.042995475534052,40.901951528154314,3.8771022512482327,3.0,5.9245085422595976,2.7599369191818153,93.11116507266543,37.7469150285664
1,2026-07-25T04:28:15.000049Z,75.36015954891215,12.042992363843895,41.12798117566854,4.045146451602727,3.0,6.230984987928315,2.7623479979117618,94.59300833988789,35.921452360234035
1,2026-07-25T04:28:16.000061Z,75.36021350540332,12.042987638538477,41.25935102533549,3.828540028924074,3.0,5.977991888496823,2.7516490406682586,96.59397041111005,37.27921389305277
1,2026-07-25T04:28:17.000071Z,75.36026251329346,12.042978859838223,41.35931733716279,4.213146765578093,3.0,5.714109321123185,2.7564360333429225,98.61293670804763,39.06261076816452
1,2026-07-25T04:28:18.000082Z,75.3603233265391,12.042981211372375,41.43419657088816,3.9316230990528163,3.0,5.851252946730401,2.7600055391391165,98.47673002209555,38.19239907605709
1,2026-07-25T04:28:19.000095Z,75.36038521040967,12.042979329480378,41.69166567828506,4.0502598108420775,3.0,6.1705344957252555,2.7623442235802513,99.1929679893783,36.233600544966194
1,2026-07-25T04:28:20.000104Z,75.36044872297603,12.042966503231716,41.82765644136816,4.67015304248685,3.0,6.364442597662375,2.756319330262554,99.9523171292629,35.05788823829303
1,2026-07-25T04:28:21.000115Z,75.36049304446945,12.042949432255224,41.92327776737511,5.201137132229957,3.0,6.171165657067587,2.758258488174504,101.5534881576476,36.18099278022886
1,2026-07-25T04:28:22.000128Z,75.36056166485062,12.042928812257395,42.15102761331946,7.937167493310323,3.0,6.354105230916224,2.759288649943992,102.30751611342396,35.132204964507075
1,2026-07-25T04:28:23.000136Z,75.360614418203,12.042923568294954,42.1680739140138,7.409525450335179,3.0,6.138801576574599,2.7854502906465965,101.51054940911148,36.72125898726154
1,2026-07-25T04:28:24.000150Z,75.3606767955825,12.042925892604476,42.227511674165726,6.778234273091201,3.0,6.101529506590777,2.782124177180529,99.40221179321391,36.9125093490825
1,2026-07-25T04:28:25.000157Z,75.36072862348333,12.042915733446069,42.39331165980548,6.5644304336521735,3.0,6.045607171345618,2.777564001983544,99.63310706700365,37.164018359277904
1,2026-07-25T04:28:26.000171Z,75.36075930206745,12.042900322441387,42.34496164415032,7.05766142498755,3.0,5.835446828987854,2.7841798472844714,101.66068948431982,38.61904627492872
1,2026-07-25T04:28:27.000179Z,75.36078721574118,12.042885427375483,42.41670474782586,6.858268460736272,3.0,5.47697746514859,2.791245054469332,103.4261865942037,41.22287562021177
1,2026-07-25T04:28:28.000190Z,75.36083856660267,12.042874172391077,42.44229144603014,6.576069011539633,3.0,5.441119342177642,2.78727637315427,103.35238148882142,41.43387501035948
1,2026-07-25T04:28:29.000201Z,75.36087389321345,12.04286886692699,42.52970153000206,6.118462106957237,3.0,5.058324291022335,2.7508741745986276,103.5055347686003,43.85592028134457
1,2026-07-25T04:28:30.000212Z,75.36092101133809,12.042858970289872,42.47009886149317,5.9665150295429985,3.0,4.856782983276231,2.3003570296937053,105.44182117054028,38.086057095628966
1,2026-07-25T04:28:31.000223Z,75.36097301348825,12.042844921361091,42.447991157881916,5.788359381624265,3.0,5.042403095914087,2.2691511355036202,106.04073696268092,36.29203004205404
1,2026-07-25T04:28:32.000236Z,75.36103870342707,12.042827211194851,42.344968295656145,5.701626015515662,3.0,5.715304459599545,2.1642287125058,107.90464129865647,30.599362390054697
1,2026-07-25T04:28:33.000245Z,75.36110486396228,12.042833486060697,42.422940087504685,5.164168728940241,3.0,5.912952263177104,2.1623406729791723,107.58616761371142,29.383393328115318
1,2026-07-25T04:28:34.000255Z,75.36116390271297,12.042825516339622,42.4187120879069,4.807619749476705,3.0,6.0664452535386975,2.1497653585283683,108.31975140632119,28.63717024374755
1,2026-07-25T04:28:35.000266Z,75.36122102932971,12.042816382765029,42.64595841988921,4.3555744638855005,3.0,6.02145051010787,2.1487181355338523,109.27656135517066,28.792322805386423
1,2026-07-25T04:28:36.000277Z,75.36127534272124,12.04280516585632,42.58961856458336,4.493156020202256,3.0,6.0752301843115255,2.1519443835595506,110.68452498645846,28.605971432775867
1,2026-07-25T04:28:37.000287Z,75.36132226820452,12.042779662447696,42.83594629261643,4.367586774824056,3.0,6.091800179621773,2.162828032598315,112.69678443021294,28.661181057207124
1,2026-07-25T04:28:38.000298Z,75.36137910025042,12.042750603818781,42.80453469604254,4.01860130417749,3.0,6.467745624789175,2.124700838447275,113.91602112689327,26.423289796180203
1,2026-07-25T04:28:39.000308Z,75.36144978156588,12.042715645355818,42.74279410671443,3.9969330497976436,3.0,7.03489604254535,2.078845282993721,114.35066011377725,23.894989039413776
1,2026-07-25T04:28:40.000319Z,75.36151093556981,12.042674508385659,42.91162262670696,3.5276953220333955,3.0,7.423641828237297,2.0426912359177583,115.2975344704919,22.225491493325165
1,2026-07-25T04:28:41.000330Z,75.36155854450877,12.042647628630979,43.00609610136598,3.2202969418353327,3.0,7.372690025827597,2.038330397187297,115.09699151022066,22.33174511470012
1,2026-07-25T04:28:42.000340Z,75.36161517181496,12.042625247346392,43.05867207236588,3.1402610088308474,3.0,7.2562207577671245,2.0423514181411493,113.62162968841974,22.76663520858536
1,2026-07-25T04:28:43.000351Z,75.3616534602205,12.042588736961994,43.32683442533016,3.1344542632899772,3.0,7.069827441926342,2.0576273277275,114.90298879306926,23.442996763022954
1,2026-07-25T04:28:44.000361Z,75.36169149511599,12.042556120636847,43.4690504623577,3.057796993248644,3.0,6.864260172280223,2.0783372055819544,117.85024177728012,24.339902958614548
1,2026-07-25T04:28:45.000372Z,75.36173988805939,12.042526487071756,43.69302898645401,3.0941260477520527,3.0,6.847383664123251,2.0826210799312648,118.44589135066111,24.41571874700986
1,2026-07-25T04:28:46.000383Z,75.36179068482431,12.042492805059073,43.90209685545415,3.1784461377520654,3.0,6.893685761140887,2.081115941682274,119.26900204154438,24.250543523764016
1,2026-07-25T04:28:47.000394Z,75.36183753678806,12.04245595912069,44.01874809619039,2.9928944114420917,3.0,6.859126840884419,2.086661263361782,120.54827938340632,24.390373519635123
1,2026-07-25T04:28:48.000404Z,75.36188296888226,12.042424261696041,44.01025908999145,3.0293830699531217,3.0,6.756910005117406,2.1008781063279844,120.97372999274528,25.006421509627657
1,2026-07-25T04:28:49.000414Z,75.36192739310023,12.042401983475644,43.9784630369395,3.2525122651980958,3.0,6.5292830333953,2.113454987807708,120.7217167929369,25.95404655455242
1,2026-07-25T04:28:50.000425Z,75.36197848674863,12.042382484741191,43.939860759302974,3.4953952730151205,3.0,6.505564616740436,2.1123596010111427,119.49308886158275,26.10664434233869
1,2026-07-25T04:28:51.000436Z,75.36202738264977,12.042358463351103,43.866768597625196,3.430427352558194,3.0,6.480854858566197,2.108766166357146,118.34551175884883,26.251977339434134
1,2026-07-25T04:28:52.000447Z,75.36207806479214,12.042338148416139,43.91946541238576,3.293446345182397,3.0,6.328980645411265,2.116984518995971,116.47702327654571,26.996236691813106
1,2026-07-25T04:28:53.000458Z,75.36213334689334,12.0423156765419,43.948098751716316,3.1264599487335376,3.0,6.1784885257505495,2.124680376797741,114.38881417082352,27.791799954034442
1,2026-07-25T04:28:54.000468Z,75.3621660954299,12.042303985154398,44.18447318300605,3.001297747825988,3.0,5.501782021356385,2.1659931072710195,112.89085247385091,31.676245134160567
1,2026-07-25T04:28:55.000479Z,75.36220464963034,12.042283150519687,44.37707500811666,3.160505405089414,3.0,5.116527040553913,2.2025764083729857,113.64614293856329,34.658992615415016
1,2026-07-25T04:28:56.000489Z,75.36224367001651,12.042265355654811,44.74484675284475,3.3449118506200164,3.0,4.865717834135123,2.2290116744220474,114.09504640033043,36.56959604308571
1,2026-07-25T04:28:57.000500Z,75.36228100904012,12.042244904942937,44.75951165519655,3.2687976029539514,3.0,4.712598084439757,2.2488126432731983,116.37882357319927,38.52816742987724
1,2026-07-25T04:28:58.000511Z,75.3623218224672,12.042228163111677,44.93234169203788,3.279538337729677,3.0,4.583495973598189,2.2650540199969513,116.9123062747619,39.48484522273593
1,2026-07-25T04:28:59.000521Z,75.36235842305662,12.042208246034157,44.89115842245519,3.3427921176552955,3.0,4.473661012442628,2.2843830232934534,117.84215729156799,41.090432156535385
1,2026-07-25T04:29:00.000532Z,75.36240212244148,12.042190516322528,44.95817157346755,3.523105955971276,3.0,4.604268095382711,2.2816143934549746,117.7250108648126,40.0199729469475
1,2026-07-25T04:29:01.000542Z,75.36244743032681,12.042176394800357,45.14024145528674,3.6415857710646002,3.0,4.8396569156731335,2.259797698299391,117.29721146481923,37.688468834468665
1,2026-07-25T04:29:02.000554Z,75.36249299175829,12.042162219854983,45.67248860001564,3.6765426673799966,3.0,5.063549302557709,2.2393969408996957,116.57210843570309,34.766069593433585
1,2026-07-25T04:29:03.000563Z,75.36254508346956,12.042143872466127,46.04908458516002,8.7273486637165,3.0,5.365497311411897,2.205247833008183,116.1250389944107,32.6377572317827
1,2026-07-25T04:29:04.000573Z,75.36258984520663,12.042127319180878,46.208699367940426,9.200362734011518,3.0,5.003477991418155,2.2311661043695525,115.43135752777162,35.98533892823834
1,2026-07-25T04:29:05.000585Z,75.36264093111085,12.042117497345181,46.5687915943563,8.72561848642899,3.0,4.454269765054082,2.2731761965291315,110.07503179202638,40.751050484728474
1,2026-07-25T04:29:06.000599Z,75.36267232937337,12.042104302807658,47.58160403743386,9.234509835625047,3.0,3.69935774436768,2.8802724617747266,108.39332583566613,60.479854839716204
1,2026-07-25T04:29:07.000606Z,75.36270542946056,12.042096702517755,47.391036566346884,9.065215529418756,3.0,3.2554993414304625,1.320978115804454,102.01204169674862,32.72949803472277
1,2026-07-25T04:29:08.000617Z,75.36271310765305,12.04210408109664,47.126163598150015,8.003366580965173,3.0,1.7028179602564832,0.9064975920192692,105.62789154052734,43.124785837714455
1,2026-07-25T04:29:09.000627Z,75.36271877333546,12.042110633970596,46.76903425343335,7.095864761131077,3.0,0.5631405637918568,0.8892555153136693,105.62789154052734,122.56744502076819
1,2026-07-25T04:29:10.000638Z,75.36272206250305,12.042109095692561,46.72753903083503,7.166631963184903,3.0,0.42641467282960377,1.3162893134354003,105.62789154052734,180.0
1,2026-07-25T04:29:11.000648Z,75.36274069116253,12.042105974570042,46.96077661588788,6.942009079131354,3.0,1.469391325835474,0.9550674398634542,105.62789154052734,52.58640075708477
1,2026-07-25T04:29:12.000659Z,75.36276752627671,12.042101102720602,46.83970986120403,6.660468695626842,3.0,2.258360965851829,0.8969168137790464,105.62789154052734,32.1475476323608
1,2026-07-25T04:29:13.000669Z,75.36279739935395,12.042098518496486,46.58439968153834,6.5536823253250125,3.0940154865590124,2.790642764971604,0.9080900795266057,105.62789154052734,26.29582210905113
1,2026-07-25T04:29:14.000680Z,75.3628230603874,12.042094265248766,47.52962571103126,6.433304579181149,3.068056965768834,2.573694456428967,2.66786600282584,101.87727355957031,65.79514703081294
1,2026-07-25T04:29:15.000691Z,75.36285833889261,12.04209175362269,47.57104741316289,5.96667005338832,3.0,3.1957946627096994,1.103000941966462,97.13121314755288,27.591538696609163
1,2026-07-25T04:29:16.000702Z,75.36288964682961,12.042083187002909,47.23404709901661,6.407774937162262,3.0,3.3159715132257586,0.9018225476084692,103.45115684177615,22.037165732620533
1,2026-07-25T04:29:17.000711Z,75.36294028196221,12.04207845916635,47.04864413943142,6.073273606668967,3.0,4.401667710729525,0.9296714020936393,100.18786018612451,17.113794766038765
1,2026-07-25T04:29:18.000254Z,75.36299025573254,12.04207424694702,47.42873718962073,5.691031844758358,3.0,5.013625749695333,0.9353480399020688,97.43217000913593,15.108947572603698
1,2026-07-25T04:29:19.000257Z,75.36305059577464,12.04206773317119,47.630874888040125,5.3934288149693685,3.0,5.960803937811136,2.727550976443181,96.10327500652612,37.04505221710944
1,2026-07-25T04:29:20.000269Z,75.36309969726267,12.0420722381793,47.1965294117108,2.8939128235515583,3.0,5.567072632039729,2.738972380721513,90.85031192372688,39.84517424238213
1,2026-07-25T04:29:21.000263Z,75.3631573645791,12.042077437762877,47.1049712523818,2.969050400293917,3.0,5.899659346186749,2.747108087730261,87.99977622421757,37.69792482566566
1,2026-07-25T04:29:22.000255Z,75.36321059391315,12.042074430139468,47.15100326668471,2.953226219955838,3.0,5.88917467292232,2.7241693649217793,91.60367673491416,37.481505723487935
1,2026-07-25T04:29:23.000233Z,75.36327628878985,12.042083190864634,46.74493712373078,2.908269517080963,3.0,6.359514116621357,2.716518960808943,89.25066979100478,34.59115936206919
1,2026-07-25T04:29:24.000225Z,75.36334417101078,12.042080249756319,46.93854890856892,2.8459509919581896,3.0,6.883691527715797,2.7215200779080715,90.71926052980318,32.03204246127937
1,2026-07-25T04:29:25.000216Z,75.36340970237988,12.04208609445595,46.763099222444,2.725477583826954,3.0,7.10134031260991,2.7339792671788756,88.58203318071158,31.17814494189247
1,2026-07-25T04:29:26.000215Z,75.36347993975406,12.042085300979336,46.71124028414488,2.750896069450537,3.0,7.418958416680419,2.717748233576418,90.05008496838813,29.656074144240588
1,2026-07-25T04:29:27.000207Z,75.36355700274501,12.042090781311023,47.34410170279443,2.5551088120856686,3.0,7.853877932068224,2.7251063180825077,88.4592007653713,28.114480050552704
1,2026-07-25T04:29:28.000199Z,75.36362351276556,12.042092246734896,47.614404438994825,2.389800194828213,3.0,7.554056244062264,2.7236499242398233,88.75632581360043,29.214047946997198
1,2026-07-25T04:29:29.000201Z,75.36367172305931,12.042083198052222,47.98548236768693,2.649706997355779,3.0,6.632849310729942,2.720737877106226,91.82538043276065,33.23675141746362
1,2026-07-25T04:29:30.000189Z,75.363708077928,12.042064306288006,48.001909353770316,2.990406145061057,3.0,5.562483447591551,2.697919467995094,99.39844949185559,39.28891982792136
1,2026-07-25T04:29:31.000178Z,75.36375184302182,12.042055635402317,48.10714633949101,3.117909772148036,3.0,5.07408212699181,2.703095234645264,100.82593609537429,43.07138516934658
1,2026-07-25T04:29:32.000177Z,75.36379393903073,12.042046446877357,48.38563810568303,3.124246670641206,3.0,4.697546546098728,2.706563148338235,102.26096394540419,46.59784697037904
1,2026-07-25T04:29:33.000175Z,75.36383037417343,12.042033087514247,48.81994905602187,3.1372927885065462,3.0,4.298650844859781,2.7151009944648212,106.8900198782174,51.14845021948023
1,2026-07-25T04:29:34.000175Z,75.36386774150557,12.042020007760904,49.315374285914004,3.0814919968619647,3.0,4.113409795646194,2.716712692979128,109.193622514114,53.50666054051837
1,2026-07-25T04:29:35.000175Z,75.36390927247356,12.042012039421952,49.94098876602948,2.9733428059915243,3.0,4.177136482106522,2.7146905628136415,106.84592016550236,52.54353677833221
1,2026-07-25T04:29:36.000176Z,75.36395602469302,12.042009410292593,50.13306403812021,2.924891605950973,3.0,4.366384186500196,2.708337885031154,102.61864663244425,50.126384234901806
1,2026-07-25T04:29:37.000177Z,75.36399712934349,12.042003195954733,50.67927758209407,2.941693686357693,3.0,4.177658600243474,2.706093639126105,101.04946482640317,52.09357074323765
1,2026-07-25T04:29:38.000179Z,75.36403533071945,12.042003032862505,50.7522325553,3.055821455826064,3.0,4.089805751360149,2.7133729044686845,97.1690921694685,53.433197610081685
1,2026-07-25T04:29:39.000181Z,75.3640660935972,12.04199222967222,50.824821246787906,3.102129510083152,3.0,4.051348836971797,2.7175927929578507,97.8915874882516,54.0895421660279
1,2026-07-25T04:29:40.000183Z,75.36411773368047,12.041984525395405,50.946029040031135,3.028654242599297,3.0,4.524783559068569,2.7106412969892975,98.16945746685185,48.47021422942727
1,2026-07-25T04:29:41.000187Z,75.36416245716079,12.041974067690814,51.09290941525251,2.964363342471924,3.0,4.776144015680507,2.7050393832030384,99.44332398702929,45.88515118300338
1,2026-07-25T04:29:42.000191Z,75.36420199999145,12.041960669316884,51.371262826025486,2.9496827964177825,3.0,4.952620181467318,2.708042692359738,99.82257551852555,44.28176107995327
1,2026-07-25T04:29:43.000194Z,75.36424052199497,12.041948237402298,51.72412826027721,2.9258609566849594,3.0,5.0317664700994795,2.709840399567987,99.39085064728594,43.601552367010214
1,2026-07-25T04:29:44.000199Z,75.36429238480585,12.041926539470593,52.035106346942484,3.087189922975735,3.0,5.44844044292966,2.707642790330236,100.75414037531793,40.22671358367724
1,2026-07-25T04:29:45.000203Z,75.3643394486031,12.041910015797955,52.31034266855568,3.08195083639262,3.0,5.4130807623378026,2.1770404811137296,100.80430213748633,32.42080950159829
1,2026-07-25T04:29:46.000208Z,75.3644024542532,12.041901207174977,52.358924966305494,3.090665820295775,3.0,5.867930903094416,2.141975505351042,99.07278884322525,29.51283429393575
1,2026-07-25T04:29:47.000213Z,75.36447099110387,12.041886956046667,52.272735031321645,3.0514513605298363,3.0,6.32242383834587,2.095472070080359,99.76979168139026,26.812669459694185
1,2026-07-25T04:29:48.000219Z,75.36453114487433,12.041879154536332,52.17714599799365,3.0289825641935586,3.0,6.350814969297466,2.0762969057105427,99.92165990289406,26.483944421604246
1,2026-07-25T04:29:49.000224Z,75.3645840017053,12.041865500506049,52.58683697413653,2.919063516408129,3.0,6.272903708102805,2.1105340462111,100.39714065640666,27.168349428375993
1,2026-07-25T04:29:50.000230Z,75.36464294536638,12.041854113187204,52.72664336115122,2.783927238539589,3.0,6.426735832790699,2.090798859666104,100.69539316035393,26.33419807123382
1,2026-07-25T04:29:51.000237Z,75.3647025916744,12.041846294852155,52.79222260322422,2.7938743290134247,3.0,6.5713175749797506,2.0807646243970255,99.17214004042859,25.60442292232867
1,2026-07-25T04:29:52.000243Z,75.36476423089621,12.041837722176737,52.97934843879193,2.661218036403648,3.0,6.563383767362447,2.056048276531198,98.38521592427558,25.30709415572767
1,2026-07-25T04:29:53.000249Z,75.36482425598484,12.041830696784922,53.103984323330224,2.545423857378875,3.0,6.525211905500374,2.0728780316837865,97.71102871919274,25.599999098851747
1,2026-07-25T04:29:54.000256Z,75.36488634911686,12.04182670907635,53.19994090590626,2.502211601307518,3.0,6.557899174196216,2.0689739266617106,97.05043785553744,25.47285614431641
1,2026-07-25T04:29:55.000263Z,75.36494545306833,12.041818714441021,53.289786383509636,2.5804707446758384,3.0,6.421549179717048,2.0800182510782905,97.20144375495694,26.20765544527728
1,2026-07-25T04:29:56.000270Z,75.3650023579863,12.041812148224604,53.158430149778724,2.6322228152497926,3.0,6.1938582794380554,2.112633834881502,97.01770455726518,27.59879855633535
1,2026-07-25T04:29:57.000277Z,75.36505543494216,12.041807334987572,53.06048068217933,2.598343850330753,3.0,5.90198173357738,2.1250190624787546,96.32426032330326,29.103887722086938
1,2026-07-25T04:29:58.000285Z,75.36510633685799,12.041801512166531,53.29084761068225,2.6213013839305312,3.0,5.577525827770542,2.1482388976002706,96.13847865404365,30.985095807120583
1,2026-07-25T04:29:59.000293Z,75.36514947020136,12.041799440976659,53.19128901138902,2.7658035275501356,3.0,4.857422186140587,2.2214586021115963,95.56460779880815,36.98019634727652
1,2026-07-25T04:30:00.000301Z,75.36518559661232,12.04179559536931,53.16153719089925,2.8232328521082484,3.0,4.107714189730648,2.3045677345838027,95.66349115548812,45.24005182163332
1,2026-07-25T04:30:01.000308Z,75.36521499855014,12.041791307869515,53.13158948533237,2.7483934995015846,3.0,3.2271968812266887,2.395683198247707,96.37403458723064,60.06378756468398
1,2026-07-25T04:30:02.000315Z,75.3652367868233,12.04178622722444,53.16380007378757,2.711199239779207,3.0,2.2949758589525966,2.521902903218996,98.07939477364448,87.8303308088864
1,2026-07-25T04:30:03.000323Z,75.36525015765227,12.041782638114562,53.24045390635729,2.656491612830743,3.0,1.4377776858321483,2.533142652166793,98.78995513916016,130.02871895176298
1,2026-07-25T04:30:04.000332Z,75.3652527185127,12.041782578367892,53.08340657595545,2.6095993523912724,3.0,0.5194711119151684,3.741212669680805,98.78995513916016,180.0
1,2026-07-25T04:30:05.000340Z,75.36525336222603,12.041782666273564,52.956313360482454,2.584314529715225,3.0,0.03620464802518736,3.761651170797386,96.80787658691406,180.0
1,2026-07-25T04:30:06.000349Z,75.36525569116158,12.041782059072132,52.96924093645066,2.725533684572078,3.0,0.2171681255988342,3.742700851737881,96.80787658691406,180.0
1,2026-07-25T04:30:07.000356Z,75.36526738393516,12.041780383706312,52.943357445299625,2.750122014936086,3.0,1.0729329142184822,3.7210349651749346,96.80787658691406,180.0
1,2026-07-25T04:30:08.000365Z,75.36528617629916,12.041775794804746,53.021626798436046,2.7284631638236783,3.0,1.9961375403505726,3.7460861791190223,96.80787658691406,151.98253944439298
1,2026-07-25T04:30:09.000374Z,75.36530856080891,12.041772965407242,53.04378772620112,2.7508955996254656,3.0,2.275344259988616,2.5448742933396225,96.80787658691406,90.62581146760293
1,2026-07-25T04:30:10.000382Z,75.3653313247813,12.04177007569241,52.98915944900364,2.732232862385138,3.0,2.5979691343013793,2.5095778283532084,96.80787658691406,78.26665431738708
1,2026-07-25T04:30:11.000391Z,75.36536679926714,12.041764315095367,52.909424563869834,2.737447963293252,3.0,3.5653864667619675,2.405962638699311,100.50053550746162,54.66352146481681
1,2026-07-25T04:30:12.000400Z,75.36540314484643,12.041758464998148,52.8252260312438,2.735592727759048,3.0,3.8668330945147384,2.3368658825028827,99.93742979898738,48.832295265350275
1,2026-07-25T04:30:13.000408Z,75.36544050225973,12.041753331754766,52.51882060710341,2.698813081346287,3.0,3.9920501273873485,2.3343046990084684,99.49039354221667,46.10855764682789
1,2026-07-25T04:30:14.000417Z,75.36548413073695,12.041743137922522,52.51042536273599,2.6638724366943705,3.0,4.744380315294333,2.2502560542414347,100.66888908446268,38.40860524212707
1,2026-07-25T04:30:15.000426Z,75.36552967395993,12.041738639525198,52.19278715830296,2.657427059637764,3.0,4.94087285049714,2.223474945630762,100.09092726093634,36.33312371789317
1,2026-07-25T04:30:16.000435Z,75.36557444854495,12.041732505102745,52.07224967889488,2.6245556805327204,3.0,4.926962864571518,2.2108428707665113,100.45840778805182,36.30339024319033
1,2026-07-25T04:30:17.000444Z,75.36561945587809,12.041724856312028,52.00927690602839,2.5933278871095222,3.0,5.011987570628701,2.219247428009407,98.51500145370782,35.69969347515763
1,2026-07-25T04:30:18.000453Z,75.36566496438445,12.041716768148095,52.01110334787518,2.5636615073945017,3.0,5.087170709367582,2.2108915792305033,98.7904191832896,35.16947990461836
1,2026-07-25T04:30:19.000462Z,75.36571062960788,12.041708900850672,52.06857610773295,2.5354784396620516,3.0,5.16668771134877,2.194619311695589,98.50126291356348,34.20382503920944
1,2026-07-25T04:30:20.000471Z,75.36575796568728,12.041700757723802,52.13205067161471,2.522859889200565,3.0,5.305600584831548,2.1936831676187434,98.41093683360036,33.2726747533763
1,2026-07-25T04:30:21.000480Z,75.36580413391538,12.041693008113253,52.07413083873689,2.4967168933243267,3.0,5.378854142560737,2.180122685198777,98.12983395877175,32.651109801614616
1,2026-07-25T04:30:22.000489Z,75.36585363121563,12.041687633386058,52.051270285621285,2.4929963268791657,3.0,5.46992761697682,2.1729159183342306,96.84400969169468,32.00840493231783
1,2026-07-25T04:30:23.000499Z,75.36590310011891,12.041681570856538,52.02575296070427,4.082493133792108,3.0,5.544074811382464,2.160040090446533,95.69562837524744,30.914955151771817
1,2026-07-25T04:30:24.000507Z,75.3659541172497,12.041676509614133,51.982768047600985,4.156776210298896,3.0,5.703214707191499,2.1488961579545114,95.17861416819677,30.001924606096555
1,2026-07-25T04:30:25.000516Z,75.36600792294924,12.04167006504344,51.99215657263994,4.268577863718089,3.0,5.837088313448159,2.139320890821793,95.12072543139696,29.280954607412248
1,2026-07-25T04:30:26.000526Z,75.36606282169657,12.04166515016704,52.104157615453005,2.6340813779295056,3.0,5.950362000595696,2.116966847551562,94.85159368844768,28.579059928678163
1,2026-07-25T04:30:27.000535Z,75.36611938275203,12.041658257511065,52.13612736295909,4.178598560247391,3.0,6.105781135261078,2.098243175090385,95.13836314699098,27.54643831261508
1,2026-07-25T04:30:28.000545Z,75.3661757106073,12.041653469566407,51.93060404341668,2.5463943143632224,3.0,6.1839121221334175,2.110534963011452,95.1675785076093,27.480046304356346
1,2026-07-25T04:30:29.000553Z,75.36623379538845,12.041647745455943,51.76867468468845,2.559469030877331,3.0,6.330202422127047,2.07751525589206,94.9822935420173,26.24820719435557
1,2026-07-25T04:30:30.000563Z,75.36629399343256,12.041642395951106,51.62833654973656,4.796065049494486,3.0,6.4901998211656995,2.0852459037899647,94.30779123871709,25.973485000759414
1,2026-07-25T04:30:31.000572Z,75.36635342387251,12.041640123619851,51.648196519352496,4.984834232393362,3.0,6.518315159350344,2.0724378474942973,93.24536438524726,25.67779845136912
1,2026-07-25T04:30:32.000581Z,75.36641565510197,12.041636406293502,51.755119824782014,5.35590783714006,3.0,6.68799402975932,2.051230663454203,93.02079591796316,24.786345930982378
1,2026-07-25T04:30:33.000590Z,75.36647721295071,12.041632936515033,51.73783018719405,5.714368359835367,3.0,6.786386124886171,2.042713304551451,92.80280702717536,24.30817388914264
1,2026-07-25T04:30:34.000600Z,75.36653920095905,12.041630792509284,51.488708671182394,5.918527204710426,3.0,6.816256626588077,2.0313629428499156,92.43948631582194,24.03364435618022
1,2026-07-25T04:30:35.000610Z,75.36660195667983,12.041627617750521,51.49205602053553,6.241853679181128,3.0,6.8792438449925495,2.0535979492628647,92.54929730163872,24.070786637236992
1,2026-07-25T04:30:36.000619Z,75.3666665392953,12.041623378668206,51.35325364768505,6.687480472815336,3.0,6.982250172096058,2.039457265692038,92.59991124431147,23.61863695794084
1,2026-07-25T04:30:37.000628Z,75.36673061839808,12.04162151520904,51.03086682688445,6.857539799745255,3.0,7.064616591028386,2.029708345690925,92.26755140883783,23.153579002446403
1,2026-07-25T04:30:38.000638Z,75.36679593384676,12.041619352766208,50.859451717697084,7.061431517822123,3.0,7.111305135525422,2.0454691147278514,92.13812028634555,23.19910686493672
1,2026-07-25T04:30:39.000647Z,75.36686234250062,12.041620092384559,50.97839347086847,7.376508719000538,3.0,7.1796129836686715,2.03317596238603,91.13053197158939,22.882712762929284
1,2026-07-25T04:30:40.000657Z,75.36692615073937,12.041621290921253,51.10441397409886,7.657905693719769,3.0,7.044864261227703,2.035272502461659,90.34126023811221,23.388207214400097
1,2026-07-25T04:30:41.000666Z,75.36698840487469,12.04162271448763,51.07739054970443,7.902969393959071,3.0,6.88971620902303,2.046405563051472,89.60543616298608,24.063523541747898
1,2026-07-25T04:30:42.000675Z,75.36704884598424,12.041622906499288,51.171122044324875,8.278900508012972,3.0,6.729481584102023,2.0563786837410407,89.20679553552482,24.757334378208164
1,2026-07-25T04:30:43.000685Z,75.3671133731118,12.041626768409758,50.97319402825087,8.256186962138303,3.0,6.702642030933741,2.0591776201108463,88.23670991918011,24.89291094748514
1,2026-07-25T04:30:44.000695Z,75.36717589960135,12.04163147905256,50.99186834786087,8.121873165213358,3.0,6.618569248907761,2.0639472769053304,87.34370275710263,25.26642910138963
1,2026-07-25T04:30:45.000704Z,75.36723250271965,12.041637913302116,50.753904704004526,7.748664493781532,3.0,6.377250147321853,2.1009993388182404,86.56351846273614,26.620907000544715
1,2026-07-25T04:30:46.000713Z,75.36728817973955,12.041643706028374,50.68665816728026,7.4437459845913585,3.0,6.1728885432607825,2.0998385358947935,86.12077771722267,27.417756608791937
1,2026-07-25T04:30:47.000722Z,75.36734300592937,12.041648277967116,50.72508635185659,7.330310613905512,3.0,5.987299111372889,2.1227584821817107,85.83117327778695,28.583793708730195
1,2026-07-25T04:30:48.000732Z,75.36739637615767,12.041652473181982,50.88624403625727,7.506849018952975,3.0,5.804421819691698,2.1492367818456755,85.46537329152987,29.989993227763932
1,2026-07-25T04:30:49.000742Z,75.36744878519886,12.041656326393788,51.06584452278912,7.710974822503217,3.0,5.6257091790946525,2.1525837010887363,85.20860678067176,31.000554860217413
1,2026-07-25T04:30:50.000751Z,75.36749782482386,12.041663399441768,51.10728290025145,7.501576902423522,3.0,5.4303510611171735,2.1709443728506526,84.22404094935108,32.39016132528676
1,2026-07-25T04:30:51.000761Z,75.3675462014018,12.041670011366998,51.18742447718978,7.330199562915729,3.0,5.248132796165692,2.189437396903217,83.54617620049633,33.781288743604634
1,2026-07-25T04:30:52.000770Z,75.3675923673102,12.041678288207601,51.184197838418186,6.925532400956607,3.0,4.995510415140641,2.2147678070877714,82.00690035522116,35.9232183225201
1,2026-07-25T04:30:53.000780Z,75.3676342084929,12.041687573218374,51.163981856778264,6.352744028878059,3.0,4.740161750873853,2.247132015078569,80.36791192612593,38.269039851530394
1,2026-07-25T04:30:54.000789Z,75.36767321224198,12.041694479390012,51.059612170793116,6.020861049523521,3.0,4.253852164071594,2.295543744506822,80.22742036365452,43.70138326543929
1,2026-07-25T04:30:55.000799Z,75.36770796214817,12.04169986292614,50.903685663826764,5.814057303836081,3.0,3.8959820180691116,2.322042020379497,80.61797136172932,47.73938114865465
1,2026-07-25T04:30:56.000808Z,75.36773886146952,12.041703475769461,50.89610843267292,5.765804791253617,3.0,3.4315310564113486,2.3918633576759505,81.45131929337688,56.101487124522684
1,2026-07-25T04:30:57.000818Z,75.36776266762183,12.04170471563184,51.00432962924242,5.906945614888447,3.0,2.71952222618429,2.484072529154741,82.47880547257645,74.00651394107987
1,2026-07-25T04:30:58.000828Z,75.36777924084272,12.041704645458836,50.98804599046707,6.113020973656178,3.0,1.8925877437668925,2.5373270802773096,83.9333497188819,108.57779687310563
1,2026-07-25T04:30:59.000837Z,75.3677864763757,12.041702793772329,50.92770464066416,6.413353507817108,3.0,0.9857436347440723,3.7091689548010423,84.00286102294922,180.0
1,2026-07-25T04:31:00.000846Z,75.36778820215628,12.041699752294528,50.82876984030008,6.785313768849705,3.0,0.19844551841530983,3.742956632181448,84.00286102294922,180.0
1,2026-07-25T04:31:01.000856Z,75.36778742752786,12.041698227812143,50.712036706507206,6.952166002745741,3.0,0.03768683670738135,3.732081600429971,84.00286102294922,180.0
1,2026-07-25T04:31:02.000866Z,75.3677891394587,12.041695559275034,50.70777327101678,7.280879416999805,3.0,0.06537777244969935,3.7275438588246623,84.00286102294922,180.0
1,2026-07-25T04:31:03.000875Z,75.36778968014252,12.041693578917917,50.702360996976495,7.5161049389090895,3.0,0.04651388952775787,3.7245497554055382,84.00286102294922,180.0
1,2026-07-25T04:31:04.000885Z,75.36778967775163,12.041691631289343,50.65055125951767,7.741062644243602,3.0,0.0,3.7423148341895462,84.00286102294922,180.0
1,2026-07-25T04:31:05.000894Z,75.36778967775163,12.041691631289343,50.65055125951767,7.741062644448801,3.0,0.0,3.7340368694550987,84.00286102294922,180.0
1,2026-07-25T04:31:06.000903Z,75.36778967775163,12.041691631289343,50.65055125951767,7.741062644859205,3.0,0.0,3.746572374734212,84.00286102294922,180.0
1,2026-07-25T04:31:07.000914Z,75.36778967775163,12.041691631289343,50.65055125951767,7.741062644038401,3.0,0.0,3.7442478323007005,84.00286102294922,180.0
1,2026-07-25T04:31:08.000923Z,75.36778967775163,12.041691631289343,50.65055125951767,7.74106264386865,3.0,0.0,3.7151028285081202,84.00286102294922,180.0
1,2026-07-25T04:31:09.000932Z,75.36778967775163,12.041691631289343,50.65055125951767,7.741062643253045,3.0,0.0,3.7473576155237094,84.00286102294922,180.0
1,2026-07-25T04:31:10.000942Z,75.36778967775163,12.041691631289343,50.65055125951767,7.741062643047844,3.0,0.0,3.736094179014137,84.00286102294922,180.0
1,2026-07-25T04:31:11.000951Z,75.36778967775163,12.041691631289343,50.65055125951767,7.741062644448801,3.0,0.0,3.7443070210175216,84.00286102294922,180.0
1,2026-07-25T04:31:12.000960Z,75.36778967775163,12.041691631289343,50.65055125951767,7.741062643458248,3.0,0.0,3.7630794228478064,84.00286102294922,180.0
1,2026-07-25T04:31:13.000971Z,75.36778967775163,12.041691631289343,50.65055125951767,7.741062643047844,3.0,0.0,3.7423637996929755,84.00286102294922,180.0
1,2026-07-25T04:31:14.000980Z,75.36778967775163,12.041691631289343,50.65055125951767,7.741062643047844,3.0,0.0,3.7510912080227685,84.00286102294922,180.0
1,2026-07-25T04:31:15.000990Z,75.36778967775163,12.041691631289343,50.65055125951767,7.741062644654003,3.0,0.0,3.7440957835193256,84.00286102294922,180.0
1,2026-07-25T04:31:16.000999Z,75.36779262955862,12.041680114309683,50.37473094277084,9.10674141235553,3.0,0.0,3.7429776170774227,84.00286102294922,180.0
1,2026-07-25T04:31:17.001009Z,75.36779262955862,12.041680114309683,50.37473094277084,9.10674141235553,3.0,0.0,3.742860084525035,84.00286102294922,180.0
1,2026-07-25T04:31:18.001018Z,75.36779262955862,12.041680114309683,50.37473094277084,9.10674141215033,3.0,0.0,3.7232651966263917,84.00286102294922,180.0
1,2026-07-25T04:31:19.001028Z,75.36779262955862,12.041680114309683,50.37473094277084,9.106741412560732,3.0,0.0,3.7264153049612965,84.00286102294922,180.0
1,2026-07-25T04:31:20.001037Z,75.36779206621648,12.041677536841302,50.29065445065498,9.397756361953371,3.0,0.018193607374679944,3.733430115325681,84.00286102294922,180.0
1,2026-07-25T04:31:21.001047Z,75.3677920577964,12.041677587011263,50.25994858238846,9.391860257271073,3.0,0.03292135245712433,3.754017815133405,84.00286102294922,180.0
1,2026-07-25T04:31:22.001057Z,75.36779242809213,12.041676707984827,50.287453901953995,9.497826892073302,3.0,0.047296450357184376,3.7314678882880226,84.00286102294922,180.0
1,2026-07-25T04:31:23.001066Z,75.36779163861925,12.041675107715072,50.32884413655847,9.673256568131485,3.0,0.02513157634748834,3.7586629516530476,84.00286102294922,180.0
1,2026-07-25T04:31:24.000576Z,75.36779181288328,12.041675564993074,50.32299835700542,9.622514313143835,3.0,0.04021534267187109,3.7504769183295625,84.00286102294922,180.0
1,2026-07-25T04:31:25.000580Z,75.36779127139742,12.041674783566574,50.351083430461586,9.70631505377843,3.0,0.03313965465425673,3.7435610984581924,84.00286102294922,180.0
1,2026-07-25T04:31:26.000589Z,75.36779139136043,12.041674947456844,50.235555270686746,9.688815778271858,3.0,0.046285233814826424,3.732120954071859,84.00286102294922,180.0
1,2026-07-25T04:31:27.000583Z,75.36779044389846,12.041675458908552,50.305448421277106,9.618416306997853,3.0,0.030843188065057967,3.749920849928616,84.00286102294922,180.0
1,2026-07-25T04:31:28.000576Z,75.36779013466176,12.041675238748015,50.427794044837356,9.640154915679803,3.0,0.0,3.7451294838752873,84.00286102294922,180.0
1,2026-07-25T04:31:29.000570Z,75.36779013466176,12.041675238748015,50.427794044837356,9.6401549154746,3.0,0.0,3.7428645579888355,84.00286102294922,180.0
1,2026-07-25T04:31:30.000555Z,75.3677894404552,12.041676090919161,50.514747998677194,9.533421362274662,3.0,0.016462124604737893,3.729513662771189,84.00286102294922,180.0
1,2026-07-25T04:31:31.000540Z,75.36778933308076,12.041676121144405,50.516186356544495,9.528647199400966,3.0,0.0,3.7444629862893906,84.00286102294922,180.0
1,2026-07-25T04:31:32.000531Z,75.36778996429126,12.041676019320906,50.547619914636016,9.547949527185008,3.0,0.01583652446720476,3.741433468656522,84.00286102294922,180.0
1,2026-07-25T04:31:33.000511Z,75.36779175946539,12.041676443663174,50.4568523298949,9.520373934392284,3.0,0.20893659905445508,3.715923310028244,84.00286102294922,180.0
1,2026-07-25T04:31:34.000493Z,75.36780176596082,12.04167743972131,50.36388507112861,9.524840057371929,3.0,0.990930634408434,3.7349714787346837,84.00286102294922,180.0
1,2026-07-25T04:31:35.000475Z,75.3678209359065,12.041679883054108,50.50646186713129,9.471578273750035,3.0,1.9517887669102902,3.739751953675146,84.00286102294922,155.20605889483875
1,2026-07-25T04:31:36.000457Z,75.36784327381989,12.041683552900398,50.54246918670833,9.314473835599639,3.0,2.2653878092378865,2.5299114313886357,84.00286102294922,90.48293225665904
1,2026-07-25T04:31:37.000438Z,75.36786339863744,12.041686258822219,50.5843419469893,9.242284371407523,3.0,2.337385415956959,2.534646503921912,84.00286102294922,87.68543269173885
1,2026-07-25T04:31:38.000427Z,75.36789224455289,12.041692742113101,50.5855419151485,8.83791518113166,3.0,3.0211807053266306,2.4669008576525755,83.16673947051278,65.80132432526034
1,2026-07-25T04:31:39.000415Z,75.36792653515018,12.04169641293081,50.729110810905695,8.823474731444753,3.0,3.7110830142042746,2.381102532437424,83.59979268736126,51.66550824674804
1,2026-07-25T04:31:40.000404Z,75.3679659494776,12.041701735036545,50.93711016885936,8.679484262117647,3.0,4.318781362277391,2.3039470500621944,83.54224106662947,42.96443408467877
1,2026-07-25T04:31:41.000395Z,75.36800492777819,12.041708636962408,51.100911147892475,8.34778767883271,3.0,4.466871235857484,2.278404787047363,82.45384542573701,41.23539250163189
1,2026-07-25T04:31:42.000386Z,75.36804777994618,12.041716868468356,50.83872954081744,7.908774540704456,3.0,4.6656442112989325,2.2551096641696486,82.0002168977569,39.09319858053221
1,2026-07-25T04:31:43.000378Z,75.36809253714557,12.041723076207196,50.924413211643696,7.726298747988332,3.0,4.7928890349437685,2.239234046712553,82.2912853720289,37.85345639416105
1,2026-07-25T04:31:44.000373Z,75.36813958612555,12.041729769408356,50.41740920767188,7.515119069826829,3.0,4.910221230159253,2.230848123378326,82.96530619406559,36.741918019694054
1,2026-07-25T04:31:45.000368Z,75.36818476094373,12.04173418777104,50.415435335598886,7.5473553496138255,3.0,4.968316602248242,2.231050778021007,84.25369314005357,36.23298539957208
1,2026-07-25T04:31:46.000363Z,75.36822862055726,12.041738700898184,50.44651500415057,7.556598428652336,3.0,4.764898774330558,2.2353706678875196,85.2320763205284,37.97514519447582
1,2026-07-25T04:31:47.000358Z,75.36826668161943,12.041745085316354,50.2615358941257,7.2795657623514805,3.0,4.343576899717476,2.2637236238806726,84.85411965822497,42.2292200465071
1,2026-07-25T04:31:48.000357Z,75.36829804759783,12.041754094478012,50.352551453746855,6.6183877956240185,3.0,3.5811078102913463,2.3584607566156857,81.30092867993123,53.28080267934155
1,2026-07-25T04:31:49.000353Z,75.36832143545053,12.041765590167039,50.46913637407124,5.573509354730664,3.0,2.939714086058807,2.4484684063411057,74.0399894715692,67.2144845247298
1,2026-07-25T04:31:50.000352Z,75.36833878809766,12.041780261442193,50.4638148387894,2.6247614640069425,3.0,2.464141770815853,2.5056467176095647,63.52079950965604,82.05002319179943
1,2026-07-25T04:31:51.000351Z,75.36835434628185,12.041796390929541,50.360928756184876,2.608355416996345,3.0,2.2288305933529,2.524982209922798,54.40898160267658,91.13139474863006
1,2026-07-25T04:31:52.000350Z,75.36836700835448,12.041818811212888,50.07779373880476,2.6276284508995387,3.0,2.392282598727707,2.5288342567827122,42.494360603494265,82.44327527212215
1,2026-07-25T04:31:53.000351Z,75.36837689495225,12.041849824182778,49.894486711360514,2.5962470359110053,3.0,3.123029405561016,2.4512460541936654,29.950659962699138,61.61567556375681
1,2026-07-25T04:31:54.000351Z,75.36838332938046,12.041885571027517,50.02060516923666,5.824459892178702,3.0,3.7214741282975066,2.371219250813513,20.273810832585706,50.473952219983545
1,2026-07-25T04:31:55.000351Z,75.36838833245137,12.041921032072779,50.24554570950568,5.778834859035498,3.0,3.7667600384552937,2.350106887835897,14.889998846690816,50.3008334654303
1,2026-07-25T04:31:56.000353Z,75.36839433312628,12.041956188496309,50.438949866220355,5.542596983810189,3.0,3.7893826805397834,2.3496826612444996,12.42987467391522,50.22559757191278
1,2026-07-25T04:31:57.000355Z,75.368398749899,12.041991971388827,50.48683691583574,5.089106238078927,3.0,3.9127235373581724,2.3413326421694074,10.523069357556718,48.40593217897578
1,2026-07-25T04:31:58.000357Z,75.36840435778913,12.042028688100437,50.453679515980184,4.738482758802084,3.0,4.03142894481785,2.325254306209173,9.788057727835346,46.734626796182994
1,2026-07-25T04:31:59.000360Z,75.36841060969853,12.04206177946688,50.54807479400188,4.555791587942697,3.0,3.7524906257838984,2.3474810444047587,9.895642111772117,50.570480587130135
1,2026-07-25T04:32:00.000363Z,75.36841592867388,12.04209343422808,50.54171703197062,4.307402076077894,3.0,3.5025990938817664,2.3782768194934096,9.957617588617197,54.99104232898858
1,2026-07-25T04:32:01.000366Z,75.36842097861091,12.042122722161995,50.610745115205646,4.0919052099484245,3.0,3.237117276044447,2.4335923983572827,10.098499585100614,60.914834319068675
1,2026-07-25T04:32:02.000372Z,75.36842620950897,12.042154930444923,50.67267849482596,3.8190167242916915,3.0,3.451493534225573,2.3933321569506254,10.180828668646393,56.01256057182524
1,2026-07-25T04:32:03.000373Z,75.36843367928782,12.042186588613669,50.84409295208752,2.420214073536621,3.0,3.5459841830090824,2.388261206124596,11.045597634503165,54.075978919397215
1,2026-07-25T04:32:04.000378Z,75.3684420117329,12.042217856304886,50.879908413626254,3.9072275422985907,3.0,3.5594395102070644,2.3863852114863477,12.400189145451217,53.50440571880318
1,2026-07-25T04:32:05.000381Z,75.36845271167284,12.042247669883333,50.97080242726952,4.306642669328407,3.0,3.5338100407288064,2.3854796501529134,14.357180528514693,54.525331054416064
1,2026-07-25T04:32:06.000387Z,75.3684628759798,12.04227589372724,51.065792651847005,4.688646101011112,3.0,3.3340572610991197,2.405572803652746,15.953988580531378,57.748522151112624
1,2026-07-25T04:32:07.000392Z,75.36847254410458,12.042302070790077,51.10344603098929,5.069763171708024,3.0,3.107217247323834,2.4276149728786196,16.94586875379874,62.72966757380209
1,2026-07-25T04:32:08.000396Z,75.36847922624177,12.042327533192136,51.053505134768784,5.137501865458809,3.0,2.9077003046190013,2.461564560735266,15.789576338405793,68.16810578778295
1,2026-07-25T04:32:09.000401Z,75.36848021716904,12.042350245141234,50.69739160872996,4.644809283219366,3.0,2.5810985939017357,2.4887243312392577,10.806748597640455,77.96307547438015
1,2026-07-25T04:32:10.000406Z,75.3684797177475,12.042372193077513,50.62155109550804,4.0065189930338985,3.0,2.3342645060365075,2.538685257357741,6.048548985595055,87.73273469446137
1,2026-07-25T04:32:11.000412Z,75.36847907254295,12.042389398744346,50.71121672447771,2.288606244481315,3.0,1.8663152886683243,2.533661932113058,3.6560684911043246,109.98522745845308
1,2026-07-25T04:32:12.000418Z,75.36847869311049,12.042401210032963,50.87553322315216,2.2741759351812396,3.0,1.2801837778969676,2.545826145164454,13.212920188903809,161.03765961279427
1,2026-07-25T04:32:13.000424Z,75.36848106008419,12.042409419831632,51.11252223607153,2.260467143373828,3.0,0.8216001083596065,3.7447369588738004,13.212920188903809,180.0
1,2026-07-25T04:32:14.000430Z,75.36848079054772,12.04241054197249,51.142985347658396,2.2474437884980767,3.0,0.27115943400011133,3.76060651540832,13.212920188903809,180.0
1,2026-07-25T04:32:15.000436Z,75.36848095564218,12.042413323083194,51.36831339355558,2.2792044069435886,3.0,0.06563567852447824,3.7283529503727055,13.212920188903809,180.0
1,2026-07-25T04:32:16.000442Z,75.36848257016024,12.042413680812265,51.54929808340967,2.3041817053343636,3.0,0.07684374192322733,3.746327337841937,13.212920188903809,180.0
1,2026-07-25T04:32:17.000449Z,75.3684821958674,12.04241376683874,51.70950674358755,2.344515752905195,3.0,0.06447373881990827,3.744324128930309,13.212920188903809,180.0
1,2026-07-25T04:32:18.000455Z,75.36848218247859,12.042413490116827,51.71717156562954,2.361130964755275,3.0,0.0,3.7356256404461963,13.212920188903809,180.0
1,2026-07-25T04:32:19.000461Z,75.36848218247859,12.042413490116827,51.71717156562954,2.3772444897470315,3.0,0.0,3.7261195812442103,13.212920188903809,180.0
1,2026-07-25T04:32:20.000468Z,75.36848409621545,12.042414204569344,52.0504882838577,2.3583822650163566,3.0,0.07231440383813972,3.7451871888897674,13.212920188903809,180.0
1,2026-07-25T04:32:21.000475Z,75.36848530458771,12.042415253803396,52.10088577494025,2.390017825873327,3.0,0.07966678666421913,3.7649428835686503,13.212920188903809,180.0
1,2026-07-25T04:32:22.000481Z,75.36848605085919,12.04241745249388,52.262825353071094,2.3728962478743854,3.0,0.18218319061249252,3.759950570954892,13.212920188903809,180.0
1,2026-07-25T04:32:23.000488Z,75.36848682906638,12.042420735488164,52.24905774835497,2.39083769835917,3.0,0.3822611646377536,3.743529551722044,13.212920188903809,180.0
1,2026-07-25T04:32:24.000495Z,75.3684892242003,12.042431892746423,52.25681275501847,2.371295812940534,3.0,1.0716609592861606,3.759370563235064,13.212920188903809,180.0
1,2026-07-25T04:32:25.000502Z,75.36849139560074,12.042449321897143,52.256071778945625,2.35273102087039,3.0,1.7958926008473892,3.7518311385952043,13.212920188903809,169.27748995633735
1,2026-07-25T04:32:26.000509Z,75.36849735947348,12.042468333604926,52.34677285049111,2.375293030404626,3.0,2.085048073151785,2.526283247895753,13.212920188903809,97.7106327541445
1,2026-07-25T04:32:27.000517Z,75.36850026942264,12.042486886508398,52.340974741615355,2.3565283826368972,3.0,2.0594176291449475,2.5347742718778536,13.212920188903809,97.6215906131174
1,2026-07-25T04:32:28.000524Z,75.36850255607497,12.042506989649835,52.239029698073864,2.3712787695736366,3.0,2.1351508699559214,2.527217539767541,13.212920188903809,92.63654939235975
1,2026-07-25T04:32:29.000531Z,75.36850591211214,12.042525851788662,52.1713479636237,2.352714833180649,3.0,2.051126335772491,2.531853993525853,13.212920188903809,95.0073522287542
1,2026-07-25T04:32:30.000539Z,75.36850897476886,12.042542750261534,52.113551205955446,2.335079093246041,3.0,1.9191509086042047,2.536324744455619,13.212920188903809,101.57206151649494
1,2026-07-25T04:32:31.000545Z,75.368514486823,12.04256670547732,52.10260429698974,2.31832514147351,3.0,2.5651930886602563,2.50706438884345,13.212920188903809,75.95503474841432
1,2026-07-25T04:32:32.000553Z,75.36852310433743,12.04259675992611,51.93117977678776,2.3024088662264406,3.0,3.2905338403612316,2.4298799077565745,14.475515499410802,59.64657956130545
1,2026-07-25T04:32:33.000560Z,75.36853112677939,12.04262602982775,51.92921176087111,2.287288423221202,3.0,3.3627497854161135,2.4050359343202556,15.58627371194942,57.79803104810566
1,2026-07-25T04:32:34.000568Z,75.36854288242918,12.04266042669755,51.78194194287062,2.307523389522237,3.0,3.8933710469667506,2.343472125054273,17.714501629697768,48.754103051578085
1,2026-07-25T04:32:35.000575Z,75.36856142019262,12.042695753934401,51.790518204681575,4.510001359254794,3.0,4.314874279134266,2.2914860721807577,21.712047203556004,42.95302094612394
1,2026-07-25T04:32:36.000583Z,75.3685823212734,12.042731096149769,51.905022826977074,5.898062015857341,3.0,4.476005575143013,2.2747930340342335,24.697517198092484,41.13973008666463
1,2026-07-25T04:32:37.000591Z,75.36860237682431,12.042769631677368,51.96917121484876,7.107231567282741,3.0,4.657476512733839,2.25707413654331,25.434280373182606,39.23660947806053
1,2026-07-25T04:32:38.000599Z,75.36861994247766,12.042811795733833,51.93383555021137,7.942930948739145,3.0,4.9890539771611495,2.216972614844526,23.75932831132636,36.00569827504699
1,2026-07-25T04:32:39.000607Z,75.36863363877319,12.042854624569355,51.9428242277354,8.330306420916685,3.0,4.84730895835675,2.2369458220713123,20.978080050715548,37.391999081199145
1,2026-07-25T04:32:40.000613Z,75.36864592960123,12.042898569968088,51.97258134931326,8.531603873427429,3.0,5.037621669266754,2.231740432638631,18.608809417399012,35.881670340192066
1,2026-07-25T04:32:41.000622Z,75.36865937694992,12.042946547556866,52.09032919071615,8.754574728957977,3.0,5.391405119504371,2.185438560098119,16.936710543416616,32.829515821252755
1,2026-07-25T04:32:42.000629Z,75.36867276627244,12.042997975683448,52.11885838024318,8.324340049450605,3.0,5.761332469708996,2.155810490040063,15.913538893246745,30.3115405453798
1,2026-07-25T04:32:43.000639Z,75.3686870010854,12.043052126937688,52.36416495963931,8.319755463019849,3.0,6.134863383167436,2.1247142465980833,15.50033574272703,27.946723452842594
1,2026-07-25T04:32:44.000645Z,75.36870287741117,12.043109235670494,52.538446242921054,8.410543720623728,3.0,6.512563698523948,2.0800096538283226,15.57470597416133,25.685270023736088
1,2026-07-25T04:32:45.000654Z,75.36871824961501,12.0431707060007,52.59489628393203,8.31829240862126,3.0,6.8860583350845825,2.053772323650511,15.434686643628416,24.134187720295238
1,2026-07-25T04:32:46.000660Z,75.36873504461589,12.043234002701436,52.733227585442364,8.330210540853479,3.0,7.091389191576321,2.011997068676119,15.306329133303013,22.886420704282028
1,2026-07-25T04:32:47.000668Z,75.36875039927311,12.043299071329065,52.728261028416455,8.143772583190065,3.0,7.278139073891519,2.017053332746267,14.786734253145244,22.381671337813106
1,2026-07-25T04:32:48.000676Z,75.36876197160461,12.043369340496652,53.192034024745226,7.379796487761771,3.0,7.495143622642462,2.00463178769992,13.717342189208425,21.428413980340455
1,2026-07-25T04:32:49.000684Z,75.36877547321018,12.04343706522281,53.430756291374564,6.903404837372642,3.0,7.524524656059233,2.006336749272609,12.962792710140372,21.477687538718033
1,2026-07-25T04:32:50.000691Z,75.36878884857398,12.043503130312567,53.62690576352179,6.461336562581402,3.0,7.395663511545945,2.010585201349181,12.881868994819957,21.8090961881249
1,2026-07-25T04:32:51.000699Z,75.36880747382307,12.043568286366169,53.77304037846625,5.96361381596739,3.0,7.326433634051628,2.013030948841729,14.253746030595677,21.969800015977587
1,2026-07-25T04:32:52.000708Z,75.36882668869596,12.04363201678161,54.20532105024904,5.827358411815631,3.0,7.325114666728946,2.011393470572293,15.68637239318716,21.819332260765748
1,2026-07-25T04:32:53.000715Z,75.36884652869446,12.043693028589663,54.462604735046625,5.902246673671743,3.0,7.263339906447088,2.0173401104853808,16.573828673464615,22.327341637255614
1,2026-07-25T04:32:54.000723Z,75.36886575774095,12.04375610173056,54.90354093816131,5.918833452822224,3.0,7.288478525361878,2.0191904390750848,16.877858690841194,22.089764142615646
1,2026-07-25T04:32:55.000730Z,75.36888625298633,12.0438187165667,54.98473685327917,6.08935725121822,3.0,7.353966986591531,2.009729435806943,17.207280079533074,22.034979978496548
1,2026-07-25T04:32:56.000738Z,75.36891035865187,12.04388163455379,55.10360759589821,6.374623919806317,3.0,7.507878987519756,1.9991825315102132,17.94155805414144,21.551973504932143
1,2026-07-25T04:32:57.000747Z,75.36893225866376,12.043945923266012,55.1698165377602,6.537193362493214,3.0,7.591726974487606,1.9913654552776114,17.98742709847925,21.243388607216442
1,2026-07-25T04:32:58.000754Z,75.36895210407351,12.044015424263817,55.26024552062154,6.294970501749012,3.0,7.724163731107366,1.9838477427630021,17.36060914362759,20.766987508783227
1,2026-07-25T04:32:59.000762Z,75.36897049673196,12.044084890434698,55.50729993265122,5.895420674467316,3.0,7.762730638335285,1.9822472773913657,16.724460367568593,20.673842152641246
1,2026-07-25T04:33:00.000770Z,75.36898779943121,12.044154967883216,55.48443951550871,5.355749752097597,3.0,7.767068032159049,1.97937360013832,15.761339348921828,20.618133790877714
1,2026-07-25T04:33:01.000779Z,75.36901025992782,12.044220197084824,55.35346933733672,6.0768483500613355,3.0,7.727959568791549,1.9706762214628333,15.918920279626743,20.64979930893897
1,2026-07-25T04:33:02.000786Z,75.36903031765794,12.044290405817973,55.09063809271902,6.439485416612501,3.0,7.868382865170937,1.9734395283047854,15.84790520205898,20.305407170058256
1,2026-07-25T04:33:03.000794Z,75.36905117449766,12.044358196967318,55.0952905099839,6.95542683432422,3.0,7.811167279434704,1.9719044645824844,15.94390857562368,20.45341449442588
1,2026-07-25T04:33:04.000802Z,75.36907000320781,12.044424999223887,55.06483412347734,7.27199833503472,3.0,7.6503186315753045,1.9887335582228274,15.40669043800108,21.05377579495295
1,2026-07-25T04:33:05.000810Z,75.36908766233806,12.04449279695476,55.10948764719069,7.431905279089019,3.0,7.830509627239436,1.9804845075865551,14.783796209865638,20.49303964778276
1,2026-07-25T04:33:06.000818Z,75.36910483780068,12.044562995455985,55.040712426416576,7.48290942617428,3.0,7.934177888527887,1.9684751311105206,14.316153530140744,20.0956031267483
1,2026-07-25T04:33:07.000826Z,75.36912204414465,12.044631980609356,55.09215545654297,7.566726998414664,3.0,7.8567768893573735,1.972691917482287,13.808795258584393,20.344003334368818
1,2026-07-25T04:33:08.000834Z,75.36913801895449,12.044701242766834,55.00525067932904,7.506115732574613,3.0,7.78160837545423,1.9565135474619573,12.972236832985619,20.369026363832578
1,2026-07-25T04:33:09.000842Z,75.36915129895068,12.04476932287579,55.0542552145198,7.176938887696071,3.0,7.653412727178106,2.0033316657668467,11.860883543422167,21.207174935975786
1,2026-07-25T04:33:10.000851Z,75.3691613617986,12.044836745983867,55.200868954882026,6.916897242372235,3.0,7.522099389855156,1.9940300686371204,9.181655629411326,21.46719122530611
1,2026-07-25T04:33:11.000858Z,75.36917095073008,12.044902311683796,55.37037748936564,6.971562855575289,3.0,7.535483557017761,2.785555652251195,8.154253598606676,29.943308221818565
1,2026-07-25T04:33:12.000865Z,75.36918283977052,12.044970863457348,55.63407924864441,7.239798187662155,3.0,7.619810730614609,2.7115299529011185,7.985589135633495,28.823530117888335
1,2026-07-25T04:33:13.000874Z,75.36919832013592,12.045038896282199,55.06066621746868,7.901916416294083,3.0,7.670974652707584,2.712867542587238,9.115033261603873,28.644358501902442
1,2026-07-25T04:33:14.000882Z,75.36921079424712,12.045096693888784,54.96098274923861,8.390873763546908,3.0,7.017709915799115,2.70889022833349,9.462411507411092,31.27621822331076
1,2026-07-25T04:33:15.000890Z,75.36922196142399,12.04516243791083,55.205090107396245,8.02391129538181,3.0,7.144609761192151,2.7036075268127195,9.809105442718662,30.662128217997235
1,2026-07-25T04:33:16.000898Z,75.36923439305059,12.045229190336673,55.32352088484913,7.912127825513147,3.0,7.289814240656916,2.705104211396949,9.588361562203701,30.066692662634598
1,2026-07-25T04:33:17.000906Z,75.36924282006325,12.045293411015106,55.641047541983426,7.408334289734771,3.0,7.3162142577912235,2.702978679516133,8.24853377519442,29.923804092518335
1,2026-07-25T04:33:18.000914Z,75.36925129044678,12.045356400510835,55.86411704868078,6.937182578414678,3.0,7.191234295080753,2.701307709348634,7.98265789600429,30.41582905654058
1,2026-07-25T04:33:19.000922Z,75.36925936786339,12.045415762954232,55.89963897597045,6.503789949403782,3.0,6.85372417100154,2.6974296372023225,7.25804009577728,31.87280186569138
1,2026-07-25T04:33:20.000930Z,75.36927434446689,12.045471527486965,55.24664233997464,8.450339072674895,3.0,6.499766690194525,2.6953269538353375,10.295182667550533,33.60009693907424
1,2026-07-25T04:33:21.000938Z,75.3692762806862,12.045526760114742,55.48949446156621,7.960847795774646,3.0,6.159634649436918,2.6997879156916453,7.292935460939875,35.51469329973447
1,2026-07-25T04:33:22.000946Z,75.3692745351083,12.045580589590136,55.48401577025652,7.096579155976512,3.0,5.911307980111812,2.699387181647892,3.5853452690934913,36.99983820119734
1,2026-07-25T04:33:23.000954Z,75.36927516281288,12.045631996334576,55.46244740113616,6.545789744704226,3.0,5.754079895654907,2.7007459449391003,1.5584665041788484,38.03101779031947
1,2026-07-25T04:33:24.000962Z,75.36927469684679,12.045682116987019,55.39539516158402,5.88620912736071,3.0,5.541934795739593,2.704672870962026,0.25490018764348427,39.54191990300838
1,2026-07-25T04:33:25.000970Z,75.36927573044309,12.04572958625019,55.5283628962934,5.429227000932571,3.0,5.2198640032591745,2.698151830716684,359.4689234261452,41.880357970183795
1,2026-07-25T04:33:26.000978Z,75.36927508205278,12.045769512332756,55.49513052217662,6.15915230016095,3.0,4.496748044785773,2.70180887523033,359.23710484296623,48.645386769697446
1,2026-07-25T04:33:27.000986Z,75.36927088371812,12.04579820714734,55.26425557304174,5.679163133296939,3.0,3.3363805564294267,2.7027636394067565,356.42829263351507,65.300713088566
1,2026-07-25T04:33:28.000995Z,75.36926946682945,12.045812895223715,55.344144836999476,5.517172376131648,3.0,1.9682829217454265,2.704311336025608,356.9474331048023,109.9449421660741
1,2026-07-25T04:33:29.001003Z,75.36926881683064,12.045815622741191,55.39061564113945,5.442858984674835,3.0,0.6249310487627269,4.056750935108609,0.0,180.0
1,2026-07-25T04:33:30.000626Z,75.36926842888998,12.045815079971607,55.3492499794811,5.398506330305933,3.0,0.07003419448292818,4.061412718207036,0.0,180.0
1,2026-07-25T04:33:31.000631Z,75.36926743733392,12.04582132985942,55.36278156936169,5.285143224037509,3.0,0.6629575518838041,4.056164901818841,0.0,180.0
1,2026-07-25T04:33:32.000636Z,75.36926709487531,12.04584236264405,55.509890793822706,5.985148683980944,3.0,1.9197447540923938,4.061603880734273,0.0,171.39217354188966
1,2026-07-25T04:33:33.000628Z,75.3692657050133,12.045872436680726,55.56803677137941,6.182096757833127,3.0,2.9778710397511876,2.6940265321066597,354.1667785644531,73.30394389620311
1,2026-07-25T04:33:34.000622Z,75.36926296859447,12.04590518979435,55.58026851993054,6.257518904809526,3.0,3.388889005051955,2.7048316794998635,355.4085886084578,64.65345055949132
1,2026-07-25T04:33:35.000616Z,75.3692590748849,12.045939202698474,55.54917512089014,6.216186788458659,3.0,3.730964967450305,2.707365592987008,354.4671654647157,58.7855345664918
1,2026-07-25T04:33:36.000603Z,75.36925307351535,12.045982307820045,55.620576187968254,6.042471078754659,3.0,4.543199927311345,2.7063662043844636,352.9471725873171,48.24711423662883
1,2026-07-25T04:33:37.000589Z,75.36924635368042,12.046033483311806,55.661285327747464,5.882310931102947,3.0,5.373279755457041,2.697433687255004,352.4811610815221,40.67091259021337
1,2026-07-25T04:33:38.000581Z,75.36923997490614,12.046092131109202,55.7768921116367,5.849152901956561,3.0,6.181059952545285,2.700520766694372,353.1534370896563,35.393807259004554
1,2026-07-25T04:33:39.000565Z,75.36923083413832,12.046147286542155,55.8557221358642,5.460627819316301,3.0,6.110231286639594,2.6953041406111025,351.79818642574963,35.733827923507306
1,2026-07-25T04:33:40.000547Z,75.36922160314529,12.046205154992851,55.93899093475193,5.093868217514703,3.0,6.372478817736962,2.7067872002026454,351.2670525217853,34.41265412294647
1,2026-07-25T04:33:41.000534Z,75.36921290205183,12.0462672382426,56.02536020614207,4.83713352454315,3.0,6.742218706689597,2.702363891184776,351.8555494067764,32.46867671505865
1,2026-07-25T04:33:42.000519Z,75.36920373297734,12.046332300923172,56.10785377305001,4.630828317735457,3.0,7.090488387394779,2.6997366354462735,351.91026335598735,30.84188879975796
1,2026-07-25T04:33:43.000504Z,75.36919139670215,12.046400617836774,56.23387489002198,4.253697783912413,3.0,7.458807476043902,2.700349053572729,350.9584728467153,29.327354446056155
1,2026-07-25T04:33:44.000492Z,75.3691787133855,12.046473027429688,56.24202865920961,3.8984174302010195,3.0,7.908409398939873,1.9746561439014465,350.68271090677837,20.218524620449113
1,2026-07-25T04:33:45.000477Z,75.36916668213833,12.046546196032812,56.194872490130365,2.3135446178016648,3.0,8.11124465958134,1.957914804769626,350.9565512869113,19.52932810865258
1,2026-07-25T04:33:46.000464Z,75.36915531407023,12.046621596946554,56.13284976873547,2.2101679248781987,3.0,8.315445277271587,1.945202049181228,351.43262530743925,18.93074223231011
1,2026-07-25T04:33:47.000451Z,75.36914652545317,12.04669687337682,56.23969648126513,2.2185184870185197,3.0,8.428003151100429,1.9363086944937147,352.49922053868045,18.61450239544806
1,2026-07-25T04:33:48.000439Z,75.36914173887942,12.046773101451693,56.29467900469899,2.1454399192134255,3.0,8.528086809228547,1.932152999961948,354.4745244233333,18.354649310551082
1,2026-07-25T04:33:49.000429Z,75.36913828327164,12.046850509315732,56.248664057813585,2.0961858092972787,3.0,8.617881016091884,1.9266667977460288,355.9296790689738,18.115184098295725
1,2026-07-25T04:33:50.000420Z,75.36913773753226,12.04692916999014,56.33022177033126,3.424152776999384,3.0,8.750031616399616,1.9122852858993828,357.69243468704724,17.707978041547463
1,2026-07-25T04:33:51.000412Z,75.36914096400221,12.047009033980352,56.51433575246483,3.747235567782725,3.0,8.85282738472245,1.9348700031418409,0.023256992143933997,17.69666598852641
1,2026-07-25T04:33:52.000404Z,75.36914571248958,12.047089374976922,56.624313672073185,3.745177053245264,3.0,8.901322052633988,1.9301531445549294,1.7420558044341894,17.543304302324543
1,2026-07-25T04:33:53.000397Z,75.36915318202848,12.047170654777345,56.723056816495955,4.047326149535948,3.0,8.984526031142329,1.9049729579982069,3.3922541523354917,17.118428326596668
1,2026-07-25T04:33:54.000392Z,75.36916288958973,12.047254179466183,56.719661911949515,4.5897087383377535,3.0,9.212675738879028,1.915536844946461,5.204933274811824,16.81961027355698
1,2026-07-25T04:33:55.000388Z,75.36917580113047,12.047338651369962,57.001574302092195,5.491360379172701,3.0,9.312239114307019,1.8922574905379916,7.5905708273580235,16.425668594404616
1,2026-07-25T04:33:56.000383Z,75.3691924819289,12.047418210775737,56.84182564448565,6.856477928671843,3.0,8.997010353929083,1.904592602681927,10.403365007795507,17.152824138790418
1,2026-07-25T04:33:57.000379Z,75.3692181876975,12.047493405323046,56.87461058795452,4.912271680884264,3.0,8.71984296636536,1.8949727142972288,15.067847857457135,17.556049937934755
1,2026-07-25T04:33:58.000376Z,75.36924640868371,12.047568150001768,56.9905712576583,4.94289077741549,3.0,8.729941421295857,1.9177495496391785,18.290303062269537,17.669354072119013
1,2026-07-25T04:33:59.000373Z,75.36927945896409,12.047641567735278,57.23575866781175,5.057268835795105,3.0,8.798841815941039,1.9043483116055668,21.282126978530624,17.420796567771387
1,2026-07-25T04:34:00.000372Z,75.36931602498038,12.047714077072651,57.18273846525699,5.582663662603515,3.0,8.90019818132152,1.9182178357352904,23.768370437267585,17.427592208729045
1,2026-07-25T04:34:01.000371Z,75.36935281725727,12.04778680262748,57.22384619805962,6.033860213958498,3.0,8.990277559586724,1.8833554174466554,25.21816799077425,16.948913402369747
1,2026-07-25T04:34:02.000370Z,75.36938866551894,12.047860215349822,57.54635595995933,6.338155770086793,3.0,8.987647455296905,1.8928399656904784,25.26287554527271,16.96471769589703
1,2026-07-25T04:34:03.000370Z,75.36942281938191,12.047936234091017,57.67232734058052,6.248798546739373,3.0,9.06454387333008,1.8898439300746732,24.572163279571424,16.822641665880646
1,2026-07-25T04:34:04.000370Z,75.36945439071103,12.048014949142882,57.8130610184744,5.771405309627291,3.0,9.211667920046377,1.8807345041398138,23.345774223999193,16.516023030320834
1,2026-07-25T04:34:05.000370Z,75.36948660791306,12.04809373223732,58.12491244915873,5.358041720944606,3.0,9.348824810450516,1.8921508410380499,22.921542188067715,16.31463411810143
1,2026-07-25T04:34:06.000372Z,75.36952273801366,12.048171535353193,58.40275644045323,4.916717058454829,3.0,9.472744703805084,1.8757940176740793,24.390933126922473,16.00861740487466
1,2026-07-25T04:34:07.000373Z,75.3695654864609,12.048250195952786,58.489962661638856,4.768198865288652,3.0,9.739435820739613,1.8672954170430336,26.954499799912835,15.519716128504474
1,2026-07-25T04:34:08.000375Z,75.36961470509648,12.048328318769421,58.508524844422936,5.297134416741917,3.0,9.987856264767142,1.85515689188895,29.999062091187703,15.008271226016033
1,2026-07-25T04:34:09.000376Z,75.36967098979898,12.048401031294162,58.86925649549812,4.740099146370414,3.0,10.03855053301133,1.8481216999549133,33.817914668877826,14.786935614138782
1,2026-07-25T04:34:10.000378Z,75.36972982932978,12.048469008176024,59.55635547544807,4.910064113403689,3.0,9.896890149700717,1.8659507613623372,37.0945540886987,14.876377996703285
1,2026-07-25T04:34:11.000380Z,75.36978732684761,12.048534986921752,60.147827507928014,5.063917730874579,3.0,9.677791678123873,1.852438794606105,38.97030457097751,15.130460116683308
1,2026-07-25T04:34:12.000382Z,75.36984202955992,12.048600589905806,60.70184707548469,5.003399688222702,3.0,9.489101706354065,1.8820854008512617,39.024570405216906,16.041735004400255
1,2026-07-25T04:34:13.000386Z,75.36989389391535,12.048662384711461,61.26117482967675,5.0139465224244715,3.0,8.965890242112621,2.7062347513916483,39.29270393148541,24.407315445212078
1,2026-07-25T04:34:14.000388Z,75.36993986233777,12.048716609948698,61.85508206859231,5.063537665497231,3.0,8.110619069674819,2.696890566752403,39.170843115645944,26.867512704771414
1,2026-07-25T04:34:15.000392Z,75.36998274567401,12.048766942409891,62.1512401541695,5.128531993133868,3.0,7.435629485243349,2.6970663831436408,39.39984413666663,29.319725782454285
1,2026-07-25T04:34:16.000396Z,75.37001756399087,12.048809288935539,62.466903931461275,5.071963953615072,3.0,6.351864493245472,2.6975784105205953,39.10516139438718,34.31830853153662
1,2026-07-25T04:34:17.000400Z,75.37003837449792,12.048843181039402,62.67790299654007,4.404145343504186,3.0,4.946314020782161,2.6985104176264234,35.580575097654794,44.0447339479482
1,2026-07-25T04:34:18.000403Z,75.37005728211383,12.048865068964169,62.78532718773931,4.455265523438836,3.0,3.580187497643938,2.700432412788504,36.151209626863356,60.73773660397037
1,2026-07-25T04:34:19.000408Z,75.37006824828647,12.048873805908128,62.96434776112437,4.777298482436115,3.0,2.059596549434982,2.6951497715378565,38.61729261021176,105.50818387467206
1,2026-07-25T04:34:20.000412Z,75.37007074750518,12.048875259774299,62.93644961155951,4.890384454644645,3.0,0.6710527252305021,4.05510920535364,39.49552536010742,180.0
1,2026-07-25T04:34:21.000415Z,75.37007179298372,12.048874780783667,63.022215590812266,5.018007040575698,3.0,0.16900978568731265,4.061341401217975,39.49552536010742,180.0
1,2026-07-25T04:34:22.000420Z,75.37007283248218,12.04887448365918,63.0373614942655,5.1316664509625936,3.0,0.1703754578232211,4.059504972852815,39.49552536010742,180.0
1,2026-07-25T04:34:23.000424Z,75.37007889416316,12.048879053382956,63.10551891382784,5.328861300119378,3.0,0.772284008382137,4.056969519526438,39.49552536010742,180.0
1,2026-07-25T04:34:24.000430Z,75.37008980082304,12.048890092373,63.28158737998456,5.475577959342144,3.0,1.6476252333071872,4.0589558836775845,39.49552536010742,180.0
1,2026-07-25T04:34:25.000435Z,75.37010609122943,12.048906325819308,63.598841121420264,5.7135262872325425,3.0,2.423647250012423,2.8972503929424698,39.49552536010742,96.78216316995982
1,2026-07-25T04:34:26.000438Z,75.37012627020559,12.04892839556575,63.7362947743386,5.86337905319671,3.0,3.178088548073351,2.7006109936585863,40.24113701319525,68.1442662738295
1,2026-07-25T04:34:27.000445Z,75.37014902534729,12.048952642108897,63.89773057773709,6.079699362555278,3.0,3.4764027559463933,2.701555434249153,40.54256728702748,62.5711880863174
1,2026-07-25T04:34:28.000450Z,75.3701673780965,12.048974566049292,64.2177266413346,6.079205928980327,3.0,3.324069084855952,2.6997672544617,39.26609581267088,65.4510683537454
1,2026-07-25T04:34:29.000455Z,75.37019073624977,12.049003933774987,64.46258192695677,5.970394043356465,3.0,3.954930463111502,2.6980209240025683,38.44438985800333,55.20449390870799
1,2026-07-25T04:34:30.000459Z,75.37021758943662,12.049037311950192,64.63533605262637,5.873653483826423,3.0,4.5833287781017535,2.700268119813111,38.30278378910525,47.68182197954803
1,2026-07-25T04:34:31.000465Z,75.37024966374757,12.049074029582016,65.0265046004206,6.015983103742535,3.0,5.250654842075962,2.701106279976514,40.12886875079839,41.60807200289361
1,2026-07-25T04:34:32.000470Z,75.37027995456138,12.049109971182167,65.1119921002537,6.067070119298447,3.0,5.2925000197512935,2.6985685622712223,39.75794772226388,41.31345057933308
1,2026-07-25T04:34:33.000476Z,75.3703141204332,12.049151748754152,65.31212077941746,6.0339289687684,3.0,5.793596609300309,2.701155735499949,38.904148059558814,37.77761705772045
1,2026-07-25T04:34:34.000481Z,75.37035056536628,12.049194191857438,65.68011963088065,6.151737992657029,3.0,6.034668664178908,2.701197120261408,39.43777772246475,36.26444079876502
1,2026-07-25T04:34:35.000487Z,75.37038410390349,12.04923243901666,65.83613550104201,6.294960243791494,3.0,5.806929793737085,2.703922841318715,39.805524772147464,37.728794657979876
1,2026-07-25T04:34:36.000492Z,75.37042051901038,12.049273192126723,65.98433415871114,6.507565129150292,3.0,6.048576015787008,2.701486575053743,40.45761628530583,36.18656727165574
1,2026-07-25T04:34:37.000498Z,75.37045884116009,12.049320744103097,66.19860416743904,6.387404442040745,3.0,6.405315287170236,2.7015261841323257,40.161763103466754,34.17464877320886
1,2026-07-25T04:34:38.000504Z,75.37049837470393,12.049364557838565,66.69006016850471,7.653219388719559,3.0,6.591211941140493,1.2973548341105332,39.30009949640393,15.946727256311002
1,2026-07-25T04:34:39.000510Z,75.37053654113869,12.049413345983085,67.05109714530408,8.061118717851063,3.0,6.766628955922043,0.8966929993240453,37.54224164553149,10.734369607454735
1,2026-07-25T04:34:40.000516Z,75.37057470431685,12.049466922924283,67.2301443098113,8.155042664477358,3.0,7.088033186502533,0.8952726451762847,36.08769391429655,10.230607655834152
1,2026-07-25T04:34:41.000521Z,75.37061325360852,12.04952318267669,67.51416221819818,8.191452218780665,3.057694330698048,7.386072912627281,0.8953253792978011,34.760394335975754,9.81947450408952
1,2026-07-25T04:34:42.000527Z,75.37065099212802,12.04958248892877,67.69765994139016,8.123441659515118,3.016982509802765,7.642507183284297,0.8965680102357042,33.60307337751621,9.504131413482499
1,2026-07-25T04:34:43.000533Z,75.37069072369935,12.049642709397151,68.04568320605904,8.190405642252202,3.8890197869362053,7.854791782194331,0.9008240246284617,32.99868498072729,9.286295680020583
1,2026-07-25T04:34:44.000539Z,75.37073299593376,12.04970621707084,67.62390460819006,8.296866475709605,3.8479225061282643,8.17262702042735,0.8978441140502952,32.689261585519226,8.901774451762448
1,2026-07-25T04:34:45.000545Z,75.37076372051497,12.049767772571538,67.85076808463782,4.902350730287785,4.462567996560588,7.828525358344008,0.9029193300207258,29.768195430718617,9.344718319122556
1,2026-07-25T04:34:46.000551Z,75.37080589304017,12.049831199525057,68.14413217268884,5.3807540984332505,4.937044360936933,8.05446040059033,0.9019880048554371,30.53560083407483,9.074262559894619
1,2026-07-25T04:34:47.000557Z,75.37084813866373,12.04989794768804,68.77225610986352,5.805403620710149,5.242506140764695,8.355092438215744,0.9004600039091689,31.357359394533717,8.72992475835726
1,2026-07-25T04:34:48.000563Z,75.3708903320141,12.049965607659557,69.01573753729463,5.423835575758957,4.908978828015229,8.583237557839572,0.8954019805706375,31.288012302543404,8.451492244717931
1,2026-07-25T04:34:49.000569Z,75.37093519387227,12.050035170453317,69.34225297160447,5.1414340718482965,4.6034576812336745,8.87948477178944,0.8957400693040232,31.633024804933218,8.172399120891267
1,2026-07-25T04:34:50.000575Z,75.37098183194782,12.050105544381118,69.61002144124359,5.341157674867112,4.7822168723395695,9.105572704222862,0.8961439516908566,32.572910822269264,7.972890227871468
1,2026-07-25T04:34:51.000582Z,75.37103186543405,12.050176775081074,70.10979631450027,5.891063003545849,5.354405973219227,9.311059774937991,0.8964900618854852,33.43127593706049,7.7990229956790555
1,2026-07-25T04:34:52.000588Z,75.37107730715046,12.050243294673917,70.52512008138001,5.6764698946280605,5.141645277142859,9.076412709356765,0.8961913049587936,33.40879081663898,7.997802502346874
1,2026-07-25T04:34:53.000593Z,75.37112360144077,12.05031035395919,70.76249327976257,5.737089576258624,5.2123592083688095,9.013844901266149,0.8971069596992315,33.56886951236609,8.062215335059214
1,2026-07-25T04:34:54.000600Z,75.37117031311942,12.05038055023181,71.0863845879212,5.678789552542492,5.2466159951825295,9.102578761760025,0.8954013339697916,33.690225607238844,7.9676492721180265
1,2026-07-25T04:34:55.000610Z,75.37121897834928,12.0504506498788,71.55340939294547,5.364722091918405,4.930526678502758,9.216194896579937,0.8936329092599608,34.35021076979914,7.852561132572012
1,2026-07-25T04:34:56.000612Z,75.371269799465,12.050519216395891,71.8906309325248,7.813287881714202,4.499069847941796,9.251601935248594,0.8940257525301952,35.65403281620843,7.826195436806423
1,2026-07-25T04:34:57.000618Z,75.3713222160662,12.050588587108907,72.27969254739583,5.807423607405653,5.238502130300414,9.345994295318857,0.8946947293034849,36.28179339275873,7.752874599183718
1,2026-07-25T04:34:58.000624Z,75.3713766785752,12.050656267082891,72.71916117053479,8.197538561268377,4.4500920575773035,9.410400656244962,0.8946875044167888,37.554538061425575,7.698727287345964
1,2026-07-25T04:34:59.000631Z,75.37143160307569,12.050723180790538,73.15053046867251,8.46327711616572,4.239654827574606,9.446113741740932,0.8944605897616612,38.333370060365965,7.667277716126893
1,2026-07-25T04:35:00.000637Z,75.37148784292398,12.050790381451394,73.5271341856569,8.918105729931877,4.213902952828695,9.530389134253966,0.8926533164831759,38.96556364455203,7.585052526032323
1,2026-07-25T04:35:01.000643Z,75.37154044789371,12.050858549973686,73.86490546539426,8.97311951868064,3.9846383458548384,9.495855286415312,0.8958174409511884,37.84764695800557,7.6399600421911105
1,2026-07-25T04:35:02.000650Z,75.37159314688871,12.05092665983101,74.3660243973136,9.040820913841456,4.298018446233535,9.48361977521077,0.8985742240633905,37.10843080799382,7.672241405023681
1,2026-07-25T04:35:03.000656Z,75.37164304599244,12.050996965927592,74.69656464830041,8.653860479825873,4.476592123074225,9.449345253540317,0.8964287446257772,36.06558317565904,7.682152615475226
1,2026-07-25T04:35:04.000666Z,75.37169512512162,12.05106438833328,75.16553767956793,8.577132414262612,4.5403378103600165,9.396487324571648,0.8924908176748114,36.908222226233455,7.689744488763664
1,2026-07-25T04:35:05.000669Z,75.37174751184192,12.051129683976376,75.47546086087823,7.433196241408948,6.824799792003363,9.29708016400627,0.8935235378581403,37.781698258238364,7.780711809086469
1,2026-07-25T04:35:06.000678Z,75.37180172657891,12.051192683753262,75.98618716932833,8.947800761763315,4.615827980802192,9.14248045482361,2.6888257194506844,39.35265970257571,23.798101722865646
1,2026-07-25T04:35:07.000681Z,75.37185574784048,12.051254840846097,76.3654431188479,9.318051220500632,3.5450534458426186,9.056561749819705,2.7023832400016885,39.773078592742294,24.155595291283955
1,2026-07-25T04:35:08.000687Z,75.37190919430718,12.051313138652938,76.76496528834105,9.91463842706122,3.0,8.761522983937967,2.7033068558468973,41.54849205493585,24.97451423323623
1,2026-07-25T04:35:09.000694Z,75.37195793805142,12.05136962498589,77.17018008511513,8.58940206829247,3.0,8.343723927019704,2.694389973289084,41.974403690730206,26.13659604337596
1,2026-07-25T04:35:10.000700Z,75.37201058374097,12.051422007341852,77.44869143329561,7.944880329211684,3.0,8.145154989994607,2.698500582721694,43.597850728894365,26.815122362764235
1,2026-07-25T04:35:11.000707Z,75.37205957112518,12.051471511319782,78.01023405697197,7.278370315321175,3.0,7.840179171801217,2.705871010878545,45.22117883512788,27.911445903940848
1,2026-07-25T04:35:12.000712Z,75.37211090968911,12.051514397208386,78.48670518957078,7.368412017801132,3.0,7.4615005745114145,2.6918536058975344,47.54458763834187,29.145594072510836
1,2026-07-25T04:35:13.000720Z,75.37215843395461,12.051558624498298,78.78016728442162,7.054805531181965,3.0,7.1374092490622045,2.7021292441942193,48.067480885642006,30.586492609144244
1,2026-07-25T04:35:14.000726Z,75.37220094247735,12.051601179019052,79.28568866476417,6.513635869753114,3.0,6.6413776385470165,2.694414845032083,47.53650014915255,32.74790305610075
1,2026-07-25T04:35:15.000732Z,75.37224232101187,12.051632752717287,79.38991743233055,6.8511713595273225,3.0,5.83766878008535,2.134106718103348,49.64569696019483,29.435888892325323
1,2026-07-25T04:35:16.000738Z,75.3722772024941,12.051668713770109,79.7535746442154,6.316724338532326,3.0,5.473249474061083,2.1448207543180504,47.73911921173068,30.973043738047643
1,2026-07-25T04:35:17.000744Z,75.37231503239711,12.051699677655733,79.92000272497535,6.441454421654684,3.0,5.383764851247689,2.184825971949752,48.129768893787045,32.22605108135592
1,2026-07-25T04:35:18.000751Z,75.37235218843304,12.051727705627869,80.26040754187852,6.772926552617844,3.0,5.297595055748592,2.205715138955468,49.09083749524411,33.03687272099714
1,2026-07-25T04:35:19.000757Z,75.37238807323591,12.051757919045468,80.51861783489585,6.618371272059965,3.0,5.23688915871128,2.1971906114200928,49.63645835419881,32.51061628538004
1,2026-07-25T04:35:20.000764Z,75.37242465837825,12.051787019649572,80.85398612637073,6.752252321560547,3.0,5.1732718782788645,2.1923572399511593,50.39434477297048,34.002197121716186
1,2026-07-25T04:35:21.000770Z,75.37245992116591,12.051816220257088,81.20661683008075,6.779362076965022,3.0,5.076704948489735,2.2041661532339996,50.461976611355304,34.11395621297701
1,2026-07-25T04:35:22.000776Z,75.37249610712026,12.051845954494958,81.36287105921656,6.827611251897052,3.0,5.051166638000389,2.2072452092350914,50.169641333559895,33.44887771778619
1,2026-07-25T04:35:23.000782Z,75.37253244733242,12.051873168830378,81.60174398962408,7.110287332630483,3.0,4.979420194100291,2.210086958699218,50.6537878664743,33.13709803942003
1,2026-07-25T04:35:24.000790Z,75.37256834719686,12.051901552445605,81.64370439853519,7.25687890191092,3.0,4.980327642706282,2.216656413631656,50.75866901489053,35.724820851002654
1,2026-07-25T04:35:25.000795Z,75.37260334150754,12.05193218377979,81.69314331561327,8.136726515286668,3.0,5.068824693288301,2.207903460644685,50.26027744510209,34.8543357927727
1,2026-07-25T04:35:26.000803Z,75.3726400801455,12.051962261956747,81.88162962533534,8.509752665834842,3.0,5.216422557059982,2.2076750158302985,50.12286350909215,33.87045072056869
1,2026-07-25T04:35:27.000808Z,75.37267801276666,12.051995633438926,82.07193548232317,8.690579377578032,3.0,5.492267132537049,2.1688938088508944,49.61999241720682,31.55667269095751
1,2026-07-25T04:35:28.000814Z,75.37271633021109,12.052031105019097,82.30117857083678,8.696967469430998,3.0,5.750255007037098,2.141888405494668,48.1369844752729,29.971690819512943
1,2026-07-25T04:35:29.000821Z,75.37275686567358,12.05206917093361,82.51903941575438,8.657992640140742,3.0,6.080785448722543,2.1181093452825888,47.14342128322923,27.942477644664898
1,2026-07-25T04:35:30.000828Z,75.3727992572106,12.052109905912538,82.7527276808396,8.538956363544527,3.0,6.4449271534896075,2.0815329825475155,46.23511835375165,25.815763871599568
1,2026-07-25T04:35:31.000834Z,75.37284430082647,12.052154672517025,82.69111986272037,8.409476269241349,3.0,6.918328612571025,2.0461734301097794,45.10892571431948,23.920451414674815
1,2026-07-25T04:35:32.000841Z,75.37289078680308,12.052204705855397,82.68237683363259,8.378276882734552,3.0,7.533554531223757,1.9859823620456492,43.61112834845974,21.34781233522361
1,2026-07-25T04:35:33.000863Z,75.37294216217617,12.052260749247413,82.5088314358145,8.75705995992404,3.0,8.244779649217524,1.9324613819734218,42.463192072252895,18.936596814733402
1,2026-07-25T04:35:34.000853Z,75.37299567446337,12.0523184190839,82.08928022161126,9.211775945342055,3.0,8.51105544230155,1.910377256268681,41.85079405244004,17.9639434774253
1,2026-07-25T04:35:35.000859Z,75.37304832191018,12.052379602433112,81.75369096267968,9.374874938481419,3.0,8.786811778397045,1.8949883323567316,40.904581337138154,17.101383046931108
1,2026-07-25T04:35:36.000802Z,75.37310375558356,12.052445456523685,81.53963662311435,9.441288664116945,3.0,9.357142605744212,1.9042587115167255,40.31143859128821,16.301394362207173
1,2026-07-25T04:35:37.000809Z,75.37316148404237,12.052516234979214,81.0114596253261,9.348875926790136,3.0,9.935120133160721,1.8758130552249777,39.87927410077984,15.034097952425446
1,2026-07-25T04:35:38.000811Z,75.37322038021797,12.052593282141343,80.62872226256877,9.555063027816965,3.0,10.37905552320735,1.8357126068835836,39.15438854918092,14.2057400502656
1,2026-07-25T04:35:39.000803Z,75.37328259135236,12.052668842619015,80.24711403623223,9.955498928030904,3.0,10.69576847115707,1.8245104793348468,38.98149663516485,13.667116487584288
1,2026-07-25T04:35:40.000795Z,75.37334278016152,12.052748320153773,79.96052634622902,9.861435957216678,3.0,10.836280935625396,1.8177659771990518,38.060007292474545,13.514272150386759
1,2026-07-25T04:35:41.000787Z,75.37340450142916,12.052827878633137,79.90136818494648,9.247880961776715,3.0,11.002359018408532,1.8082382403259603,37.967871823776065,13.313408804511674
1,2026-07-25T04:35:42.000772Z,75.37347056222998,12.052906446594132,79.67114017531276,9.09991701097727,3.0,11.165054624329311,1.8061086842334957,39.47854627243468,13.103644038568229
1,2026-07-25T04:35:43.000758Z,75.37353862595927,12.05298499910645,79.54034414049238,9.127699488794319,3.0,11.307028876262876,1.8008348138089296,40.18606168511812,12.903642656891734
1,2026-07-25T04:35:44.000742Z,75.37360618982979,12.053061858816209,79.5034133149311,10.286410734556272,3.0,11.318507742052724,1.817011764859636,39.76975200516792,13.007254572036409
1,2026-07-25T04:35:45.000722Z,75.37366931770488,12.053141091183464,79.34004015102983,10.390985228790509,3.0,11.284071158370857,1.8066423849613962,37.25389265720028,12.971413604553787
1,2026-07-25T04:35:46.000701Z,75.37372327730968,12.053228595868676,79.50108330696821,10.696512397481321,3.0,11.251513308427986,1.7833919664080427,32.22962471347711,12.84314860340125
1,2026-07-25T04:35:47.000683Z,75.373769589829,12.053318495226815,79.36935403756797,10.522941010503244,3.0,11.123262842507941,1.8081844353941388,27.718246708990446,13.170811863706255
1,2026-07-25T04:35:48.000659Z,75.37381342947853,12.053409106484262,79.50316365808249,10.507500476763996,3.0,11.174582273598325,1.8097826428179438,25.399155591362813,13.122902062801428
1,2026-07-25T04:35:49.000639Z,75.37384922983904,12.053505872041223,79.72128114011139,10.048250833930215,3.0,11.302208694538997,1.7806061293730824,20.614124494493105,12.764028444258281
1,2026-07-25T04:35:50.000621Z,75.37388143742217,12.053605381378429,79.7905387878418,9.347592289916792,3.0,11.486826351850729,1.8095380690999976,16.55799655586144,12.76441724808291
1,2026-07-25T04:35:51.000602Z,75.37390665437209,12.053705690057603,79.95904472097754,10.715793479817627,3.0,11.445172486113226,2.66820472990067,12.536055867439273,18.890102142116177
1,2026-07-25T04:35:52.000584Z,75.37391750976126,12.053811497696522,80.37039979826659,9.859258178523879,3.0,11.58811718674294,2.7017006061636297,7.4310672938561675,18.889782627862797
1,2026-07-25T04:35:53.000568Z,75.37392633213368,12.053912549746332,80.74719190318137,9.729558340559077,3.0,11.27390349654047,2.704210571753028,5.46516182825882,19.433492497752344
1,2026-07-25T04:35:54.000553Z,75.37393844182701,12.054010593372707,81.29634710866958,10.07004739171001,3.0,10.928964063550772,2.706416850706718,5.727467448976215,20.058784770069057
1,2026-07-25T04:35:55.000540Z,75.37395071082393,12.054105845973956,81.65800903458148,10.439658117680983,3.0,10.596186644082698,2.702945020753141,6.952811921667424,20.65698179461596
1,2026-07-25T04:35:56.000528Z,75.37396702488631,12.054200253649638,81.89136464521289,11.258641010127208,3.0,10.37763563780372,2.7098564186658516,9.323997726344805,21.151441346255123
1,2026-07-25T04:35:57.000517Z,75.37397707939074,12.05429034977252,81.5468644713983,11.255631727929677,3.0,10.045132525782448,2.7088656277918397,8.314371278268812,21.850332983083305
1,2026-07-25T04:35:58.000506Z,75.3739933353842,12.054378976909783,81.43829975277185,10.751658584749308,3.0,9.887317555584387,2.7020780321298123,9.700874165596002,22.143268182676163
1,2026-07-25T04:35:59.000496Z,75.37401046953016,12.054467711298432,81.22636803518981,10.342709064393071,3.0,9.803327639134455,2.7069943183929115,10.273935136283226,22.37298840272378
1,2026-07-25T04:36:00.000487Z,75.37402379758264,12.054552654693104,81.36584940645844,9.433966078058948,3.0,9.596918474212433,2.6999356512465496,10.138159332296512,22.795514822488514
1,2026-07-25T04:36:01.000480Z,75.37404404998641,12.054635538317358,81.13339687511325,9.320271477301064,3.0,9.438539962708523,2.700165932102146,11.252704685245762,23.179241755749274
1,2026-07-25T04:36:02.000472Z,75.37406001792344,12.054717385008155,81.09601187333465,8.761181982110777,3.0,9.30674037781399,2.7007658489760735,11.18377198169716,23.511696643855483
1,2026-07-25T04:36:03.000466Z,75.3740758434573,12.054800671202766,80.45624589826912,8.145346126625025,3.0,9.2645233091266,2.699500084552286,11.163944457389375,23.597291366937736
1,2026-07-25T04:36:04.000461Z,75.3740937758924,12.05488215472105,80.21435196977109,7.857196550482198,3.0,9.121991179629719,2.699616559589087,11.937977953802344,23.97070625862515
1,2026-07-25T04:36:05.000456Z,75.3741111906924,12.054957544340688,79.89700325485319,7.730707304777969,3.0,8.594734703235348,2.695876947648273,12.664438932333383,25.40264519956038
1,2026-07-25T04:36:06.000451Z,75.37412504912089,12.055025225016383,79.64611463714391,7.5949366379252625,3.0,7.773381883039931,2.7031565904285695,12.461367016248632,28.15158564733986
1,2026-07-25T04:36:07.000447Z,75.37413885187812,12.055081540201728,79.55914713069797,7.413444894459493,3.0,6.735023644996387,2.694830893607881,13.320917394962185,32.374809966298955
1,2026-07-25T04:36:08.000444Z,75.37414881245961,12.055124738186482,79.51590728014708,7.76643290426589,3.0,5.321890990804581,2.6891743977796585,13.264793472852313,40.80483730500183
1,2026-07-25T04:36:09.000441Z,75.37415562590888,12.055152512356479,79.65810840576887,7.8345451030582725,3.0,3.7391437405038794,2.696509699487028,13.521502896054768,57.66780089099955
1,2026-07-25T04:36:10.000438Z,75.3741585336199,12.055167538837594,79.64666434004903,7.784466574473518,3.0,2.1988578490796478,2.691845138197505,13.415096771446986,92.46202959024777
1,2026-07-25T04:36:11.000436Z,75.37415817057848,12.055170739850917,79.8206478105858,7.664099405994937,3.0,0.6979151498360348,3.9449022473844377,12.398603439331055,180.0
1,2026-07-25T04:36:12.000435Z,75.37415629823928,12.05516855324773,79.81576428283006,7.509569578072145,3.0,0.03364245699271323,3.9638723624088015,12.398603439331055,180.0
1,2026-07-25T04:36:13.000434Z,75.37415503071632,12.055169747676677,79.74634990375489,7.338252687625887,3.0,0.0732010676871501,3.9747490118292417,12.398603439331055,180.0
1,2026-07-25T04:36:14.000432Z,75.37415474801378,12.05516932150945,79.71349952276796,7.317314041580995,3.0,0.0,3.9537451521782887,12.398603439331055,180.0
1,2026-07-25T04:36:15.000432Z,75.37415474801378,12.05516932150945,79.71349952276796,7.3173148350128265,3.0,0.0,3.9505462338724606,12.398603439331055,180.0
1,2026-07-25T04:36:16.000433Z,75.37415474801378,12.05516932150945,79.71349952276796,7.3173148350128265,3.0,0.0,3.8619577637197042,12.398603439331055,180.0
1,2026-07-25T04:36:17.000435Z,75.37415474801378,12.05516932150945,79.71349952276796,7.317314607127661,3.0,0.0,3.9585686014154904,12.398603439331055,180.0
1,2026-07-25T04:36:18.000437Z,75.37416098607328,12.055208719124582,79.78674378059804,7.0312988062052355,3.0,2.3873882125322923,2.731215344306032,12.398603439331055,92.50197867721651
1,2026-07-25T04:36:19.000438Z,75.37416830401804,12.055241114789224,79.47245189826936,7.0404868771748035,3.0,3.585867944585573,2.752828529894502,15.016235295654432,61.879781596418525
1,2026-07-25T04:36:20.000441Z,75.3741748613196,12.055265396653736,79.55936898477376,7.167092185898917,3.0,3.126601698037784,2.6995751594007755,15.01742842877651,68.84094987504773
1,2026-07-25T04:36:21.000443Z,75.37418563262221,12.055302802394431,79.7302787611261,7.436927858055269,3.0,4.0812430652376825,2.7047303817698802,14.968341496001987,53.30280333338168
1,2026-07-25T04:36:22.000445Z,75.3741975118424,12.055349863986367,79.70399755612016,7.5896608894047475,3.0,5.033556862541588,2.2394534305186866,14.17985046122512,35.99499371587421
1,2026-07-25T04:36:23.000447Z,75.37420871869922,12.055394754489576,79.77399860136211,7.721465531438667,3.0,5.150839917973099,2.2142240976088337,13.892977987576828,34.667420385572775
1,2026-07-25T04:36:24.000450Z,75.37422180820676,12.055444801701691,79.83057885244489,7.93487843862018,3.0,5.756115052479019,2.1650759036073515,13.883124050151656,30.308343815596263
1,2026-07-25T04:36:25.000453Z,75.37423631438364,12.055500577941569,79.84581489674747,8.163595055959409,3.0,6.410038710443248,2.0933937171612502,13.826777312700509,26.333275524397266
1,2026-07-25T04:36:26.000455Z,75.37425007056058,12.055563473095672,79.43888869788498,8.131005183923575,3.0,7.077411359757947,2.036593359147168,13.402344681937906,23.046148740458968
1,2026-07-25T04:36:27.000458Z,75.37426827589223,12.05563038471643,79.38256890513003,7.857279345365762,3.0,7.711621947313552,1.986878502912317,13.895275137156869,20.640572493071822
1,2026-07-25T04:36:28.000461Z,75.37428772150291,12.055701157336001,79.26865271665156,7.968277058127977,3.0,8.067116328237084,1.9577555341396529,14.582487860501619,19.549671347961464
1,2026-07-25T04:36:29.000464Z,75.37431006610487,12.055771839942311,79.08149962779135,8.402906698720205,3.0,8.21597389672363,1.972393029824597,16.14031281629545,19.328314836144784
1,2026-07-25T04:36:30.000467Z,75.37433358137321,12.055846100810665,78.97746237553656,8.847920092389732,3.0,8.66072428236404,1.9367006155994666,16.845864120299492,18.10051866625008
1,2026-07-25T04:36:31.000470Z,75.37435718054505,12.055925773856353,78.72781009227037,9.114695942450526,3.0,9.170233935434046,1.8988392169766373,17.169065559058478,16.714312440061235
1,2026-07-25T04:36:32.000473Z,75.37438333216873,12.05600904550866,78.59996884316206,9.557931216005388,3.0,9.657104622988003,1.877802232038641,17.375152321639032,15.65053083130169
1,2026-07-25T04:36:33.000477Z,75.3744090111122,12.056093162887434,78.61251858249307,9.924014837456948,3.0,9.804112902056202,1.8739633714734045,17.273709894904737,15.395352652996047
1,2026-07-25T04:36:34.000481Z,75.37443663638508,12.056177700567737,78.3743264079094,10.4929988947589,3.0,9.870874047179152,1.8672980982642633,17.450131556339002,15.215216131659197
1,2026-07-25T04:36:35.000484Z,75.37446540868812,12.056262686235629,78.47074124775827,11.175667153163293,3.0,9.960431513440541,1.8692808310039897,17.744155100030262,15.084797491077778
1,2026-07-25T04:36:36.000488Z,75.37449630101018,12.056354571653754,78.13567626290023,11.889884586399075,3.0,10.265747040435981,1.8266340040832225,18.262584419552788,14.305133136507843
1,2026-07-25T04:36:37.000491Z,75.37452612426829,12.05645082633384,77.93669328745455,10.340216342797733,3.0,10.616746637048461,1.8472132368531786,17.51371679949769,13.999029228100694
1,2026-07-25T04:36:38.000495Z,75.37455357484059,12.05654469794359,77.6560239251703,9.457569123335235,3.0,10.697480304382847,1.8251380870198037,16.71157344832286,13.665039469305537
1,2026-07-25T04:36:39.000499Z,75.37458426141652,12.056637925862502,77.41203180048615,8.938723262716278,3.0,10.638855566575259,0.30785179299454624,17.587974935499727,7.24036071707644
1,2026-07-25T04:36:40.000502Z,75.37461485876747,12.056729483725723,77.3624597620219,8.395953431866507,3.0,10.519411199973275,0.3078261196456035,18.754936409952723,7.25076586743008
1,2026-07-25T04:36:41.000506Z,75.3746458380921,12.056820930763557,77.09879681374878,7.926541494043683,3.0,10.480615275278955,0.30780971093810533,18.91975693274804,7.2531274001970365
1,2026-07-25T04:36:42.000511Z,75.3746785621374,12.056910951410094,76.6498738443479,7.702490586857383,3.0,10.453169903453883,0.3077314462824988,18.940627145208094,7.252712085131779
1,2026-07-25T04:36:43.000514Z,75.37471377062349,12.057000067424593,76.11685872636735,7.781282229294715,3.0,10.488652561253629,0.307788400711346,20.814981051665477,7.2546537869318195
1,2026-07-25T04:36:44.000518Z,75.37475402269868,12.057089409142206,75.74693273287266,6.034229133431073,3.0,10.566263179976577,0.30792218347545924,23.89704229354073,7.257414550311359
1,2026-07-25T04:36:45.000523Z,75.37479983456888,12.057174316271599,75.18892369046807,6.069735609054979,3.0,10.6805539816107,0.30797587609543114,27.42693624623875,7.258303982228228
1,2026-07-25T04:36:46.000526Z,75.37484926079416,12.057259700532907,74.66836091224104,6.4574698123943035,3.0,10.830379644978075,0.3078333442558984,29.966821742495593,7.2558381423700125
1,2026-07-25T04:36:47.000530Z,75.37489970205577,12.057346089145984,74.33209269680083,5.248320695161228,3.0,10.853212880003532,0.30799217317228406,29.903517663101553,7.258618428450855
1,2026-07-25T04:36:48.000534Z,75.3749531020528,12.05743562745387,74.23245768807828,4.776667608100932,3.0,11.224754963626966,0.3079315903262046,31.783301614869533,7.257601674243736
1,2026-07-25T04:36:49.000538Z,75.37500941899704,12.057517848040812,74.26465560216457,5.024061967647892,3.0,11.246798300644011,0.3080151720905566,33.351789248746066,7.258965413841196
1,2026-07-25T04:36:50.000542Z,75.37506737445392,12.057595124384386,73.12611295375973,5.724448833326702,3.0,10.702332021925601,2.9625953827691753,38.485824373351825,22.39106237739247
1,2026-07-25T04:36:51.000546Z,75.37511872363335,12.057684275986464,72.98857992421836,5.0423398715540895,3.0,11.248358868329552,2.717911610829307,31.482543296080767,19.577791851964598
1,2026-07-25T04:36:52.000551Z,75.37519590382533,12.057758171302872,72.28039669804275,6.569561226937339,3.0,11.472355854825812,2.7068530162073046,39.67916180062199,19.115800612678118
1,2026-07-25T04:36:53.000555Z,75.37527140817751,12.057837689076552,72.11737000569701,7.6762723552466525,3.0,11.751744802778532,2.7153426429547802,42.24071726548531,18.722005083001022
1,2026-07-25T04:36:54.000558Z,75.37534144817256,12.057925430683438,72.69620647840202,6.442170264457109,3.0,12.003179050374404,2.699246506584701,41.04969298481205,18.217406228583986
1,2026-07-25T04:36:55.000563Z,75.37541641340367,12.058008993821153,72.6065351581201,5.950522287329868,3.0,12.164409008312528,2.7016498727075104,41.69909057668814,17.990073203632548
1,2026-07-25T04:36:56.000567Z,75.37549545504831,12.058090279510141,72.5397785473615,5.9305605045838945,3.0,12.248923923021609,2.706925615920628,42.94204819183887,17.90213211197186
1,2026-07-25T04:36:57.000571Z,75.3755693945843,12.05817497574728,72.84885161183774,5.710184377769485,3.0,12.218268028816794,2.70598089405484,42.25217199465844,17.937843823453164
1,2026-07-25T04:36:58.000576Z,75.37564321789337,12.058255707847083,73.63492771983147,6.159941282533885,3.0,12.022103689999712,2.699282257162578,42.708440142788284,18.177415587929847
1,2026-07-25T04:36:59.000580Z,75.37571572948522,12.058336294885306,74.51543309167027,6.497559045813851,3.0,11.918895012106882,2.7000756252281177,41.97683482291357,18.34116181272717
1,2026-07-25T04:37:00.000584Z,75.37578487887669,12.058416654049593,75.4093888727948,6.546578855912718,3.0,11.709927629469338,2.702568512776064,40.885317012232356,18.678345854618335
1,2026-07-25T04:37:01.000588Z,75.37585226967943,12.058494713381407,76.25991787388921,6.613490153964089,3.0,11.398269990256601,2.6982002585396367,39.90081426181389,19.151762454849347
1,2026-07-25T04:37:02.000593Z,75.37591782827262,12.058571419878108,76.63547602202743,6.477166310384588,3.0,11.09753200372791,2.703006181647858,38.92854817083534,19.709965558167916
1,2026-07-25T04:37:03.000597Z,75.37598090877718,12.05864645462309,77.22494021151215,7.879895573784852,3.0,10.802966621668089,2.693921609488753,38.512551635749446,20.17754954209759
1,2026-07-25T04:37:04.000601Z,75.37603665183373,12.058718332118154,77.86953911185265,8.519732544582586,3.0,10.205849868179962,2.7018172071438222,36.63403074049076,21.424210342815297
1,2026-07-25T04:37:05.000606Z,75.3760878821993,12.058785279887118,78.46611182205379,9.050227548399144,3.0,9.512084359399738,2.6961912081424932,35.39822514565125,22.950743815851876
1,2026-07-25T04:37:06.000610Z,75.37613329975417,12.058853525384308,79.0012591695413,8.944906968254026,3.0,9.107461187467996,2.6982712255600663,33.356070126204756,23.9844293371373
1,2026-07-25T04:37:07.000615Z,75.3761778364147,12.058920121287139,79.71525058988482,8.786837223362719,3.0,8.885321556133425,2.700373645133895,32.66197463607236,24.5946429118393
1,2026-07-25T04:37:08.000618Z,75.37622106540972,12.05898624294663,80.40138336736709,8.53618063333541,3.0,8.73624754274077,2.6996669403140845,31.9992186169306,24.997438917285308
1,2026-07-25T04:37:09.000623Z,75.37626308754696,12.05905252469202,81.2642388092354,8.161106725822519,3.0,8.622529746882824,2.69466547420632,31.62770439075215,25.25949743343205
1,2026-07-25T04:37:10.000627Z,75.3763052346119,12.059118414302029,81.94285621773452,8.790494579309959,3.0,8.584824370189832,2.6880258258370335,31.4375793579427,25.33232768103609
1,2026-07-25T04:37:11.000632Z,75.37634482181603,12.059184354810476,82.83809617441148,8.993359039248398,3.0,8.513396626409877,2.6959102180859236,30.207223221113335,25.599127944738758
1,2026-07-25T04:37:12.000636Z,75.37638215266733,12.05925127799342,83.72451962623745,8.915397801739612,3.0,8.411540342445006,2.698904056063035,28.768452859062574,25.9213001759837
1,2026-07-25T04:37:13.000640Z,75.37641580915088,12.059316895288323,84.67929713241756,9.333393195497743,3.0,8.224420979130445,2.6913620645504626,26.873308411217458,26.4067382815232
1,2026-07-25T04:37:14.000645Z,75.37644354659552,12.059385449932497,85.42193173710257,8.938729585497354,3.0,8.080283140691918,2.6899854310897813,23.99214870804893,26.875948214508032
1,2026-07-25T04:37:15.000649Z,75.3764717552949,12.059454999084416,85.92887152452022,8.54153610806933,3.0,8.000745827332942,2.6908204877273807,22.05104142077119,27.1563560911077
1,2026-07-25T04:37:16.000653Z,75.37649765177405,12.059518769155009,86.64323617145419,9.293623521811968,3.0,7.713322247185825,2.6897335919559455,20.830105429080874,28.128373711728972
1,2026-07-25T04:37:17.000659Z,75.37651740757057,12.059582658755055,87.28293527942151,9.244538030686357,3.0,7.384980715206937,2.693819758734567,19.494509719833626,29.391266728133584
1,2026-07-25T04:37:18.000662Z,75.37653803639569,12.05964507220402,87.95267259515822,9.341823556033736,3.0,7.115260222168551,2.693666005141779,18.896704639649347,30.443086476275077
1,2026-07-25T04:37:19.000667Z,75.37655058021333,12.059710725677713,88.40694446396083,8.444726563288938,3.0,6.923775190906788,2.6936230328876065,16.598193917054616,31.295518718654975
1,2026-07-25T04:37:20.000671Z,75.37656741301181,12.059770665927294,88.85034074541181,8.234348362272932,3.0,6.682132663662057,2.684942051567786,16.144271683804625,32.295153250191944
1,2026-07-25T04:37:21.000675Z,75.37658384513685,12.059826312975721,89.21999638155103,8.15106430817712,3.0,6.406770626351856,2.6859886357609377,16.057509228147566,33.69206559852643
1,2026-07-25T04:37:22.000680Z,75.37659930022915,12.059881057195174,89.5038303937763,7.982546202127839,3.0,6.209049074643274,2.688899907178715,15.615521012554407,34.81303934129019
1,2026-07-25T04:37:23.000684Z,75.37661397371902,12.059933667893564,89.65600880980492,7.766537462835715,3.0,6.008733969684904,2.6952351293948476,15.530510241227478,36.053935014586806
1,2026-07-25T04:37:24.000689Z,75.37662534436538,12.059984954629975,89.85073244944215,7.2357584193833775,3.0,5.778499089144687,2.691470520214834,15.116470616984095,37.350806907850526
1,2026-07-25T04:37:25.000694Z,75.37663765032904,12.0600344056393,89.9037123741582,6.8704748268033775,3.0,5.632385774032765,2.6963965646020545,14.96702854497821,38.46159900028093
1,2026-07-25T04:37:26.000698Z,75.37664945738516,12.060083455148531,89.93540633097291,6.464608153961983,3.0,5.573975492697331,2.6967094883797214,14.3401288294316,39.00850519025833
1,2026-07-25T04:37:27.000703Z,75.37665833295215,12.060131022760595,90.08485891669989,6.878261289625613,3.0,5.458870506817048,2.6963079657215565,12.49062106480591,39.72101902568102
1,2026-07-25T04:37:28.000707Z,75.37666700195795,12.060177882926148,90.08994369022548,6.511293625082516,3.0,5.321758486426882,2.6954634678462637,11.121299754329243,40.69232647892138
1,2026-07-25T04:37:29.000711Z,75.37667313063194,12.060223478642975,90.07857362926006,6.17320140027299,3.0,5.149155936105838,2.70078683455516,9.236499205564318,42.11266598714354
1,2026-07-25T04:37:30.000716Z,75.37667769027543,12.060264960604123,90.10381956305355,6.049086030164557,3.0,4.638130935036301,2.6975363575226394,7.59177368734855,46.693970130807244
1,2026-07-25T04:37:31.000720Z,75.3766808148158,12.06030095270896,90.06169735454023,5.847162943791974,3.0,4.101735295847736,2.6979070798927864,6.698108523574989,52.844839951560104
1,2026-07-25T04:37:32.000724Z,75.37668418308164,12.06033971372276,90.2000625776127,5.63033932858636,3.0,4.218968954103944,2.690625129215498,5.924241055894169,51.12095206974335
1,2026-07-25T04:37:33.000729Z,75.3766877888881,12.060379461713692,90.22588534839451,5.4255512129532,3.0,4.329778729984149,2.6900012738409487,5.581336438723967,49.866929261299724
1,2026-07-25T04:37:34.000733Z,75.37669086490723,12.060418511398472,90.44245769176632,5.1715084201477355,3.0,4.341570243906534,2.695310270878928,5.114792365960086,49.77828733253763
1,2026-07-25T04:37:35.000738Z,75.37669283454312,12.06045909578015,90.66069378890097,4.801493663423368,3.0,4.433536694348495,2.6899987910769236,3.6292359381874175,48.61078316014393
1,2026-07-25T04:37:36.000742Z,75.37669421061042,12.060499206236178,90.98258857149631,4.576647296537205,3.0,4.500794881487132,2.6947655600146834,2.6522731915686406,47.79150161435181
1,2026-07-25T04:37:37.000747Z,75.37669446167493,12.060543021832443,91.0705201709643,4.188366988664617,3.0,4.843194030025881,2.698944947254579,2.3611186996197087,44.97880344376395
1,2026-07-25T04:37:38.000752Z,75.37669591718956,12.060591415127039,91.11069471854717,3.8937652602220925,3.0,5.2505938120439515,2.7000824631213485,3.0217570637320974,41.63388936539755
1,2026-07-25T04:37:39.000756Z,75.37669963178416,12.060641151291245,91.1445353385061,3.843782146344964,3.0,5.516494811373745,2.7004273843394735,4.3607609128980656,39.661002608026564
1,2026-07-25T04:37:40.000760Z,75.37670475778057,12.0606898267244,91.32260879408568,3.8431741234673162,3.0,5.477096657993232,2.693628969978243,5.785481408979764,39.84600634910143
1,2026-07-25T04:37:41.000764Z,75.37671120351986,12.060737498771266,91.3478418327868,3.9869307945769163,3.0,5.447465370241412,2.7002887902053208,6.654873766237614,40.16326128128336
1,2026-07-25T04:37:42.000811Z,75.3767178283995,12.060790741807825,91.31178139988333,4.082225646357936,3.0,5.830026731722924,2.69952895758217,6.915077429121139,37.51676609357924
1,2026-07-25T04:37:43.000817Z,75.37672376310925,12.060844314352506,91.43910848163068,4.068562247770672,3.0,5.909955379735225,2.7039559967199605,6.528347818110383,37.0725016870509
1,2026-07-25T04:37:44.000822Z,75.37672866135689,12.060897617424665,91.48113807011396,3.929077112834148,3.0,5.817530330030087,2.701677189137052,6.214468788418531,37.629829100046
1,2026-07-25T04:37:45.000808Z,75.37673530427243,12.060948232010864,91.53083266876638,3.989323760713738,3.0,5.616522687704234,2.702665644355041,7.416283945095521,38.99024521477231
1,2026-07-25T04:37:46.000796Z,75.37674051952864,12.060993552419376,91.4023921424523,3.9584416356740024,3.0,5.076470290821076,2.700477043386769,7.94985359182072,43.10383211476789
1,2026-07-25T04:37:47.000780Z,75.37674534035689,12.061025730692359,91.39513454586267,4.063418694405023,3.0,3.882254986890307,2.7042039598097594,8.798349706563235,56.43813407464564
1,2026-07-25T04:37:48.000763Z,75.37674634065267,12.06104193522462,91.20123830903322,3.9542455925393316,3.0,2.230605380320714,2.5188209201152576,9.366639734052121,91.33064413256254
1,2026-07-25T04:37:49.000748Z,75.37674572035053,12.061043323879463,91.0677001196891,2.2430696604885347,3.0,0.5376049697262102,3.7368555779569137,6.795820236206055,180.0
1,2026-07-25T04:37:50.000730Z,75.37674575539509,12.061042153319356,90.91858635190874,2.2309161752091144,3.0,0.023400006372218632,3.7579130562304477,9.172526359558105,180.0
1,2026-07-25T04:37:51.000709Z,75.37674565108587,12.061042337182117,90.78482231870294,2.2193703664328286,3.0,0.020635212847554124,3.739070419495932,9.172526359558105,180.0
1,2026-07-25T04:37:52.000691Z,75.37674590182367,12.06104496731657,90.59416216239333,2.2084018492950155,3.0,0.31315522164217413,3.733039866637715,9.172526359558105,180.0
1,2026-07-25T04:37:53.000671Z,75.37674810133196,12.06105835401741,90.56129159592092,2.2236246474395625,3.0,1.333161792607041,3.7473057847728,9.172526359558105,180.0
1,2026-07-25T04:37:54.000649Z,75.3767529557357,12.061081351134007,90.44654765538871,3.4978779809359763,3.0,2.3654638888380783,2.572931088074398,9.172526359558105,87.88287193270831
1,2026-07-25T04:37:55.000625Z,75.3767593231591,12.061113573698561,90.44180168118328,3.602027810648783,3.0,3.3313779854060823,2.425010145906182,10.6430027613276,58.81690987458466
1,2026-07-25T04:37:56.000603Z,75.37676449023304,12.061145257129017,90.46418940089643,3.5730893789060993,3.0,3.4429816077015216,2.410697676889158,10.125285457041707,56.665432584866004
1,2026-07-25T04:37:57.000574Z,75.37677068714143,12.061175521612919,90.65108198672533,3.6876307299205586,3.0,3.446852804656094,2.40452464814674,10.280343472110182,56.18878049366976
1,2026-07-25T04:37:58.000546Z,75.37677890706648,12.06122013533341,90.5904344143346,3.753312447038306,3.0,4.735376015303429,4.64603467574414,10.134611617253977,79.49308885924036
1,2026-07-25T04:37:59.000521Z,75.37678639627694,12.061267778282623,90.60747172217816,3.678175179389761,3.0,5.236017204918787,2.714102603238459,8.95972696900693,41.9988558569291
1,2026-07-25T04:38:00.000499Z,75.37679723089006,12.061320501378196,90.89342863671482,3.8821310077809437,3.0,5.808342784914786,2.722251186592804,9.769809128709321,37.975383531909095
1,2026-07-25T04:38:01.000476Z,75.37680928090893,12.061376418703755,90.85624767746776,4.300286652435395,3.0,5.985491184776767,2.7032216464725125,11.231483047432414,36.59399861895016
1,2026-07-25T04:38:02.000456Z,75.37682318653965,12.06143835077237,90.67104858905077,4.75219122561675,3.0,6.627486810489022,2.6939265698867008,12.57044850435825,32.92834703369395
1,2026-07-25T04:38:03.000437Z,75.37683482468796,12.061499026569216,90.99740721378475,4.970711705396138,3.0,6.918633726797651,2.7007524720665574,11.12639656416404,31.62951902743272
1,2026-07-25T04:38:04.000419Z,75.3768467685162,12.061565920252749,91.21702624391764,5.111459263743753,3.0,7.390310156168642,2.7178980959036565,9.847270270960195,29.79569320906358
1,2026-07-25T04:38:05.000403Z,75.37685842176481,12.061636248559148,91.43920672405511,4.948379083185036,3.0,7.784640460236948,2.7134075350169256,9.213917453958699,28.239598323206902
1,2026-07-25T04:38:06.000388Z,75.3768714992867,12.061709444887905,91.44948877952993,4.441686319203974,3.0,8.09673239977399,2.7196325774312866,9.95126471430961,27.216635009670995
1,2026-07-25T04:38:07.000374Z,75.37688559845111,12.061784434545855,91.70919798128307,4.000584453879493,3.0,8.323867170160334,2.7005413805319107,10.391866885168172,26.284426376096622
1,2026-07-25T04:38:08.000361Z,75.3769030731385,12.06185926764833,91.94510438386351,3.93917292757971,3.0,8.436697717743854,2.7045036848458768,12.440191014381028,25.969594642340443
1,2026-07-25T04:38:09.000349Z,75.37692084714257,12.061933748596715,92.19126539025456,3.6720405906630544,3.0,8.422102885704822,2.7227081511584452,13.225323665019268,26.193038269398134
1,2026-07-25T04:38:10.000337Z,75.37693972956475,12.062006926188849,92.40867151040584,3.650811876992239,3.0,8.356110747778057,2.700392354652229,14.654391160164755,26.18353375185423
1,2026-07-25T04:38:11.000328Z,75.37696044769554,12.062080545899775,92.6292690737173,3.820102001228369,3.0,8.400898680164163,2.6984983516762453,15.467094263231525,26.02445369604135
1,2026-07-25T04:38:12.000318Z,75.37698107618276,12.062153289150316,92.876564479433,4.004763257748088,3.0,8.402375789956759,2.6997946812632057,15.94368255038831,26.031286690134202
1,2026-07-25T04:38:13.000310Z,75.37700207385952,12.062225469293583,93.05175164155662,3.7118857296567387,3.0,8.341717064167424,2.7260748861172814,16.02691658990121,26.477736602227413
1,2026-07-25T04:38:14.000302Z,75.37702547888718,12.062296778517931,93.35155300144106,3.618122987320819,3.0,8.373755119640927,1.6701292260131786,17.16687537620665,16.158291954379003
1,2026-07-25T04:38:15.000294Z,75.37704915895934,12.062367659150114,93.75811923481524,2.7478622135621866,3.0,8.357799406119184,0.9062890458501948,17.69820807216747,8.78212982402545
1,2026-07-25T04:38:16.000288Z,75.3770739613884,12.062435533778824,94.00647260155529,3.061249446349661,3.0,8.175803844763035,0.8912696061151215,18.679185509523414,8.830055221051545
1,2026-07-25T04:38:17.000282Z,75.37709833611333,12.062500392121878,94.21895341575146,3.4234518493284036,3.0,7.869040128726489,0.892013066030854,19.421234701860634,9.182878805722583
1,2026-07-25T04:38:18.000276Z,75.3771226174453,12.062562727602403,94.22427050676197,4.108075745436845,3.5299366441137714,7.5841959189694474,0.8933350560288573,20.271782485856416,9.543992587811456
1,2026-07-25T04:38:19.000271Z,75.37714748513447,12.062623561437247,94.15791909676045,4.336072704644526,3.737998304683667,7.384550916324262,0.89217395268913,21.090025059917323,9.789483524517323
1,2026-07-25T04:38:20.000266Z,75.37717148087805,12.06267830700949,93.88396605663002,4.639650690819919,3.996472146570097,6.924951817540174,0.8935809102808889,22.30178612269907,10.45403416904048
1,2026-07-25T04:38:21.000262Z,75.37719142487605,12.062725580214137,94.09677580092102,4.815822032390485,4.163293091812952,6.2261319872590635,0.8937708213792419,22.491405749487036,11.631709325575784
1,2026-07-25T04:38:22.000259Z,75.37720843149388,12.062762980621086,94.05011738743633,4.792594016167426,4.157595775794113,5.240824941525935,0.8928162981761291,23.262678618215986,13.803209886690377
1,2026-07-25T04:38:23.000255Z,75.37721789229587,12.06278638576598,94.07637451309711,4.928445037774735,4.268618948487237,3.844186125678105,0.8928131586258501,22.353232958152002,18.81615528330569
1,2026-07-25T04:38:24.000252Z,75.37722235224369,12.062794772216591,94.13492745999247,4.871218900601382,4.219404725622306,2.265946344752787,0.8935045441022297,23.232109558560367,31.947954098146578
1,2026-07-25T04:38:25.000249Z,75.37722086204565,12.062792286437134,94.31340040452778,5.105587931269448,4.5876798756186306,0.8334737218615081,0.8931429133321481,20.439287785632327,86.8291480427181
1,2026-07-25T04:38:26.000247Z,75.37721899071892,12.062785697772922,94.49369605164975,5.048520105966803,4.509360971592614,0.01165612007028477,1.272847120672345,15.10755684729938,180.0
1,2026-07-25T04:38:27.000245Z,75.37722068575619,12.062789214915636,94.54887853004038,5.186328580421231,4.459673988267966,0.45015687481575434,1.3139496583413897,15.107557207187956,180.0
1,2026-07-25T04:38:28.000244Z,75.37722940866598,12.062810585911674,94.69990114774555,5.33457472971261,4.745577680808723,1.7393067377617324,0.9151977778026383,21.857627853090346,42.63573567537996
1,2026-07-25T04:38:29.000242Z,75.3772415951426,12.062841109028398,94.73854347784072,5.432676319679015,4.973483926837392,2.813644037590873,0.8922010370428024,21.47881863645108,25.69184731093621
1,2026-07-25T04:38:30.000241Z,75.37725459595966,12.062871288514806,94.77184304688126,5.39035613008419,4.778858383139786,3.2882481030846678,0.8924018927650549,22.101847603447016,21.987276300938042
1,2026-07-25T04:38:31.000240Z,75.37727060258754,12.062908224626286,94.90429254900664,5.5740789378555675,4.911982807011603,3.9678358168144747,0.892572449595381,21.84311596767488,18.227491054617843
1,2026-07-25T04:38:32.000239Z,75.37728836344509,12.062946864330838,94.81152838468552,5.674452208884265,5.011677876580987,4.408461161020017,0.8917064815018085,22.520929501290826,16.388942272107926
1,2026-07-25T04:38:33.000239Z,75.37730867066236,12.062989252802822,94.97429360169917,5.812346117596183,5.181384550461916,4.872283481396699,0.8914670184733827,23.805979855400366,14.824672992334833
1,2026-07-25T04:38:34.000238Z,75.37732948208641,12.06303830726767,95.06771437358111,5.821030885832981,5.192137272781049,5.450636366792765,0.8933788105274918,23.089007824407933,13.280341811977038
1,2026-07-25T04:38:35.000239Z,75.37735002156562,12.063094794820024,95.02988791372627,5.84141954757892,5.241779227991179,6.112966805361322,0.8940760243267549,20.793149603854708,11.850804902159322
1,2026-07-25T04:38:36.000238Z,75.3773773361889,12.063154295988063,94.99133674427867,5.725958001218606,5.125453991344507,6.724658494295519,0.8934783499760801,22.448648086188733,10.765349491964654
1,2026-07-25T04:38:37.000239Z,75.37740948300147,12.063217628970385,94.91731837019324,5.552984316416455,4.961625022867594,7.343336477739204,0.8941937655904683,24.551649666457724,9.865810499892834
1,2026-07-25T04:38:38.000239Z,75.37744719092065,12.063286366479952,94.7370232399553,5.369788285572184,4.793148444924666,8.06931316398132,0.8932711444467895,26.9179232105559,8.967862075565778
1,2026-07-25T04:38:39.000239Z,75.37748801750115,12.063355631842011,94.36472361441702,5.007109481134469,4.467570303454446,8.481479636824615,0.894159518338173,28.96076083230924,8.535253433990539
1,2026-07-25T04:38:40.000240Z,75.37753363977983,12.06342286673385,94.49398769810796,4.747506411095651,4.33670619178852,8.719750908896856,0.8959896895591186,31.809181757102984,8.324345194382726
1,2026-07-25T04:38:41.000240Z,75.37758732841483,12.063489722419172,94.42223671171814,4.7068566654809345,4.308714702937667,9.10898442491663,0.8940672028028412,35.55518258780988,7.95147910628865
1,2026-07-25T04:38:42.000242Z,75.37764221900186,12.063562878468586,94.1425310773775,4.723984642050867,4.327955169452341,9.645727869918124,0.8937316749469759,36.34702251502208,7.504470612294133
1,2026-07-25T04:38:43.000242Z,75.3777016789533,12.063637776753547,94.06041185930371,4.6047163853074045,4.208552344102954,10.141126429562329,0.894596219093418,37.28485956938912,7.256551865874743
1,2026-07-25T04:38:44.000244Z,75.3777652311146,12.063717509098948,93.41985705308616,4.54598344954349,4.1720370917296075,10.76531374772349,0.8933477512761065,37.62595835269689,7.25222782837271
1,2026-07-25T04:38:45.000244Z,75.37782945425496,12.063800253476906,93.3927550939843,4.729187254870486,4.3201274308985935,11.156121216511098,0.8937319454171455,37.42135010462938,7.256851275808357
1,2026-07-25T04:38:46.000246Z,75.37789472756336,12.06388609906004,93.00584491342306,4.863221262546912,4.405778148406503,11.534016699469166,0.8941123893383167,37.21477191439463,7.255626707046122
1,2026-07-25T04:38:47.000247Z,75.3779602855839,12.063971500982406,92.62120557576418,4.736530367058514,4.348807934637446,11.722241172663292,0.8960172078678287,37.074648732070216,7.254429994234583
1,2026-07-25T04:38:48.000248Z,75.37803014579461,12.064058094585357,92.46396768651903,4.45803552702836,4.142455460266016,12.001046478886108,0.8938517785564333,37.81095681741243,7.256127383772201
1,2026-07-25T04:38:49.000251Z,75.37810549719023,12.064145397241688,91.78545942809433,5.2016296979855134,4.839398515813108,12.352965431624101,0.8937755432620793,39.39018780952784,7.2543594695583
1,2026-07-25T04:38:50.000252Z,75.37818312936287,12.064233821194659,90.88015067949891,7.243656763374116,3.7281197133787547,12.787793435369316,1.7697486905780226,40.14698446408986,11.199578819795846
1,2026-07-25T04:38:51.000253Z,75.37826020303403,12.064323403768915,90.48640243336558,6.853664633202259,3.0,12.975234558096512,1.7700231228483934,40.072333554322306,11.046001771974007
1,2026-07-25T04:38:52.000254Z,75.37833905717946,12.064413011743827,90.02125559654087,6.58376158467699,3.0,13.16961398168642,1.7708712290890483,40.514240247084736,10.89101322391595
1,2026-07-25T04:38:53.000257Z,75.37841881298948,12.064504754871248,89.51244511734694,6.307528131946469,3.0,13.363735464272818,1.7585548991294178,40.63252743574244,10.656913112231413
1,2026-07-25T04:38:54.000258Z,75.37850031605684,12.064597299549044,89.1927431030199,6.122048322278343,3.0,13.592589497863804,1.7292759433309508,40.78890121451265,10.30553618984251
1,2026-07-25T04:38:55.000260Z,75.37858032279799,12.064691399850956,88.62180868443102,5.688619558252803,3.0,13.66418579361553,1.7267026263988716,40.65455539139823,10.233003443003923
1,2026-07-25T04:38:56.000262Z,75.37866150909954,12.064786664822815,87.97267601732165,5.266036363096653,3.0,13.80436116928394,1.7241301683534616,40.45052846267882,10.112632747905753
1,2026-07-25T04:38:57.000265Z,75.37874568896841,12.064880973984705,87.37847449071705,5.172914235065018,3.0,13.961225900332034,1.7453387805047353,40.90112196035238,10.120058141222438
1,2026-07-25T04:38:58.000266Z,75.37883354633139,12.06497640396005,86.74920155014843,5.2832733090208555,3.0,14.212720943511066,1.7139897990994122,41.62954661607931,9.761196633422387
1,2026-07-25T04:38:59.000268Z,75.37892170670538,12.065075426916518,86.06409952696413,5.137446262569444,3.0,14.524996541601519,1.683940338041298,41.44060680977909,9.384017939949906
1,2026-07-25T04:39:00.000270Z,75.37901160737017,12.065175029807275,85.32378212548792,4.863964318905949,3.0,14.769419719364238,1.6982824833467012,41.641949430964246,9.308121167477726
1,2026-07-25T04:39:01.000272Z,75.37910293572985,12.065276980180009,84.80801617633551,4.428084030123322,3.0,15.016412092904321,1.7005237998016927,41.32306922543106,9.169989832485921
1,2026-07-25T04:39:02.000274Z,75.37919559569322,12.065378211564084,84.21904526650906,4.170484937302228,3.0,15.063849617351627,1.6812572797072347,41.81941076599789,9.039090042758998
1,2026-07-25T04:39:03.000276Z,75.37928901230549,12.065481935056004,83.88187127467245,3.782458739329218,3.0,15.214771154636786,1.690498688025621,42.04662405950752,9.001087949195476
1,2026-07-25T04:39:04.000278Z,75.37938185816031,12.065583307228707,83.7533160848543,3.461577691465467,3.0,15.151148002674239,1.6826821373904224,42.38945985230648,8.998417175919679
1,2026-07-25T04:39:05.000280Z,75.37947383957064,12.065684310696945,83.615160160698,2.520701329130796,3.0,15.039978881139081,1.6798502853876913,42.10880989981192,9.050192799336621
1,2026-07-25T04:39:06.000283Z,75.379565823961,12.065783537656415,83.43338750116527,2.5630717245608063,3.0,14.855566920405312,1.6795250473873065,42.635470038354015,9.160543911285997
1,2026-07-25T04:39:07.000285Z,75.37965591799272,12.065883737845661,83.38953080680221,2.5551683152571067,3.0,14.754179008392938,1.7011677207661149,41.97463931136017,9.342538477906187
1,2026-07-25T04:39:08.000287Z,75.37974657832574,12.065981380136408,83.38407783862203,2.254458981720325,3.0,14.63284976092852,1.710152755297207,42.43101998588463,9.469858574253516
1,2026-07-25T04:39:09.000289Z,75.37983624927654,12.06607733805789,83.38376511260867,2.2688591519287833,3.0,14.458349294612466,1.7084828897628812,42.758052615063974,9.574795659810404
1,2026-07-25T04:39:10.000292Z,75.3799277580208,12.06617330668189,83.45284647215158,2.336369371867441,3.0,14.41256792301903,1.7098034901337302,42.96261913315238,9.612600016884626
1,2026-07-25T04:39:11.000294Z,75.38001707327027,12.066265976630614,83.47749709617347,2.1575460868181393,3.0,14.209101468443441,1.7326867042828051,43.34940176328224,9.880701942738144
1,2026-07-25T04:39:12.000296Z,75.38010765558947,12.06635906145186,83.80920978449285,2.4506731798379064,3.0,14.130763192014873,1.7053770357034965,43.733154489356544,9.778438730730189
1,2026-07-25T04:39:13.000299Z,75.38019735414444,12.06644932300215,83.90935790725052,2.440178826104594,3.0,13.951789962117,1.6959737561995574,44.028654997367845,9.849754092884389
1,2026-07-25T04:39:14.000301Z,75.38028401591687,12.066537725088255,84.38474858552217,2.2104634236689917,3.0,13.635311533233017,1.7417109000541127,44.19027664253941,10.347846357884693
1,2026-07-25T04:39:15.000304Z,75.38036824486775,12.066624202843773,85.16935955639929,2.1017221105555173,3.0,13.17244939816282,1.7408406819950988,43.62684466004241,10.695580452189766
1,2026-07-25T04:39:16.000306Z,75.38044935063328,12.066707605198454,85.86423665750772,2.190837364707819,3.0,12.620427713414879,1.7582065695618536,44.08810126413203,11.271005839957919
1,2026-07-25T04:39:17.000308Z,75.38052624421037,12.066783901969998,86.61480708234012,2.0969850766923592,3.0,11.86493856528105,1.7764028433827521,43.8534030367558,12.108379632078934
1,2026-07-25T04:39:18.000311Z,75.38059867645286,12.0668565749922,87.16384997218847,2.0510830677062737,3.0,11.27712360761,1.797933745251561,44.30146563552472,12.905331571830555
1,2026-07-25T04:39:19.000313Z,75.38066632191389,12.066926026968751,87.18374447990209,2.165750095442873,3.0,10.711600003108948,1.8366781950525028,44.130859704822896,13.836988918122017
1,2026-07-25T04:39:20.000316Z,75.38073521118751,12.066992565452777,87.29872084129602,2.251769083479226,3.0,10.483651421902733,1.8330366976359083,44.78146999199228,14.166837888558174
1,2026-07-25T04:39:21.000318Z,75.38079745585523,12.06705736847049,87.08042399771512,2.1424684295715464,3.0,10.098718687129281,1.8275242207797853,44.21107942085381,14.661115033682746
1,2026-07-25T04:39:22.000320Z,75.38086348646799,12.067123840870881,87.13446502387524,2.076970755334168,3.0,10.107392668516397,1.851594206122092,44.07686548986498,14.843773005858262
1,2026-07-25T04:39:23.000322Z,75.3809307732943,12.067192266677,87.09671728312969,2.0453340131534214,3.0,10.37284960861026,1.8627623690133277,44.09615911067802,14.55057125627134
1,2026-07-25T04:39:24.000325Z,75.3809960957464,12.067260843614047,87.26216731593013,2.025581168995314,3.0,10.461335900125954,1.8359970554812866,43.73022723301703,14.219971445692568
1,2026-07-25T04:39:25.000327Z,75.38106319338722,12.067330239411802,87.3116600420326,2.0137212466625,3.0,10.62650406954514,1.8272811205334116,43.58227392194953,13.933162972647843
1,2026-07-25T04:39:26.000329Z,75.38113218227805,12.067398702556392,87.55494592804462,2.0360757725156455,3.0,10.778774564886621,1.8150807996998541,44.01696140795864,13.637886477669104
1,2026-07-25T04:39:27.000332Z,75.3812009853292,12.067469129142317,87.6416299175471,2.0199904588493927,3.0,10.844720763828558,1.8229974407964866,44.22193058740739,13.615819724343092
1,2026-07-25T04:39:28.000335Z,75.38127028392192,12.06753781833791,87.73978200275451,2.010529188268643,3.0,10.778358446782223,1.8248456402340623,44.473732594858184,13.7054250811088
1,2026-07-25T04:39:29.000337Z,75.38133878859824,12.067606212580422,87.99070779699832,2.1474227713747003,3.0,10.691011874339456,1.813311705657015,44.261282623852594,13.71499341625102
1,2026-07-25T04:39:30.000340Z,75.38140602313392,12.06767565616111,88.15516511071473,2.081699661597012,3.0,10.569770389767694,1.8260320517584483,43.73577766034444,13.956518748792183
1,2026-07-25T04:39:31.000343Z,75.38147338064016,12.06774502013611,88.18862255383283,2.0453553934906,3.0,10.503430401425478,1.8184667628510673,43.87990647121747,13.991186161723222
1,2026-07-25T04:39:32.000345Z,75.38153876140304,12.06781257383165,88.45578450616449,2.0252981374450636,3.0,10.239024479411507,1.8493115111603187,43.82816769212109,14.568895663535296
1,2026-07-25T04:39:33.000347Z,75.38160416244499,12.067879209239518,88.73097592964768,2.0136680621907805,3.0,10.164893034036547,1.8255975359984744,43.84861382715043,14.380450439818063
1,2026-07-25T04:39:34.000350Z,75.38166769255406,12.067943741688818,88.97763620875776,2.1527101957783557,3.0,9.976345141507311,1.843485585371544,43.90311632170346,14.789101044620377
1,2026-07-25T04:39:35.000353Z,75.38172686000286,12.068008256666841,89.26913157757372,2.0873367046762916,3.0,9.596855470671196,1.862611250869949,42.83173759318924,15.561480257586952
1,2026-07-25T04:39:36.000355Z,75.38178173856987,12.06806812635105,89.8892166391015,2.050844940399486,3.0,8.976033421451195,1.8951669373399076,42.430702079080504,16.811403636564215
1,2026-07-25T04:39:37.000358Z,75.38183565896419,12.068123350435936,90.22279784828424,2.0302271507470104,3.0,8.420062104097799,1.9504211118694506,43.260536265704324,18.56986304834059
1,2026-07-25T04:39:38.000360Z,75.38188830373363,12.068170807186206,90.4816929474473,2.0184443246578962,3.0,7.783387584286279,1.9476124352522335,45.91040224601477,20.146682699979845
1,2026-07-25T04:39:39.000363Z,75.38193487559965,12.068208624383244,90.53048500325531,2.012717916895629,3.0,6.640683785937493,2.049852258466584,48.706730013621744,24.991705430051045
1,2026-07-25T04:39:40.000365Z,75.3819755470376,12.068235322213168,90.54198254551739,2.0691780925900187,3.0,5.428571163673333,2.1671847587050874,52.75002537783322,32.347159693374856
1,2026-07-25T04:39:41.000367Z,75.38200599488637,12.068255840818846,90.5427688760683,2.051883577022546,3.0,4.1964257471266535,2.2964223992798143,54.477023858908424,44.119910975827764
1,2026-07-25T04:39:42.000370Z,75.38202620529174,12.068265034784066,90.52820465061814,2.0672465074882997,3.0,2.8531435787276034,2.4494816103652695,57.90373195117516,67.6459134233465
1,2026-07-25T04:39:43.000373Z,75.38203275456328,12.068267954218053,90.55254211463034,2.0560387461461587,3.0,1.352989850217809,2.5295212416259902,45.97905731201172,117.40673893464724
1,2026-07-25T04:39:44.000374Z,75.38202755856321,12.06826562836624,90.63217039871961,2.0785144842141774,3.0,0.048304199530843486,4.031938144207103,45.97905731201172,180.0
1,2026-07-25T04:39:45.000378Z,75.38203094429073,12.06826737477691,90.64326111692935,2.0687001750531757,3.0,0.2800286982582061,4.056092347625743,60.0807991027832,180.0
1,2026-07-25T04:39:46.000380Z,75.38202979077495,12.06826643058259,90.68525288719684,2.0892197679745235,3.0,0.0,4.034068692980543,60.0807991027832,180.0
1,2026-07-25T04:39:47.000383Z,75.38202979077495,12.06826643058259,90.68525288719684,2.1083030834150684,3.0,0.0,4.04036591303013,60.0807991027832,180.0
1,2026-07-25T04:39:48.000399Z,75.38202979077495,12.06826643058259,90.68525288719684,2.1121526093011873,3.0,0.0,4.024913360283659,45.97905731201172,180.0
1,2026-07-25T04:39:49.000403Z,75.38202979077495,12.06826643058259,90.68525288719684,2.1909528831219043,3.0,0.0,4.041125584730782,45.97905731201172,180.0
1,2026-07-25T04:39:50.000407Z,75.38202979077495,12.06826643058259,90.68525288719684,2.213504677719885,3.0,0.0,4.042964270992985,45.97905731201172,180.0
1,2026-07-25T04:39:51.000407Z,75.38202979077495,12.06826643058259,90.68525288719684,2.279207588432993,3.0,0.0,4.034139389129371,45.97905731201172,180.0
1,2026-07-25T04:39:52.000406Z,75.38202979077495,12.06826643058259,90.68525288719684,2.319708011512336,3.0,0.0,4.043161492791153,45.97905731201172,180.0
1,2026-07-25T04:39:53.000402Z,75.38202979077495,12.06826643058259,90.68525288719684,2.3098640921779077,3.0,0.0,4.039268823077147,45.97905731201172,180.0
1,2026-07-25T04:39:54.000394Z,75.38202960701156,12.06826157729239,90.84406173229218,2.3517575903926975,3.0,0.16047670647492976,4.044801167039075,45.97905731201172,180.0
1,2026-07-25T04:39:55.000382Z,75.38202969364251,12.068261738239668,90.77800990082324,2.3322155018454285,3.0,0.09337521439628044,4.042000499372807,60.0807991027832,180.0
1,2026-07-25T04:39:56.000371Z,75.38203021812747,12.068262096731681,90.83104191999882,2.3147304755507676,3.0,0.1660963089535929,4.0453805590722505,60.0807991027832,180.0
1,2026-07-25T04:39:57.000363Z,75.38203448188669,12.06826492911328,90.94305917341262,2.298993952822771,3.0,0.6364988419332439,4.03507669049458,60.0807991027832,180.0
1,2026-07-25T04:39:58.000351Z,75.38205016610414,12.06827428153432,90.71184885967523,2.284044259150672,3.0,1.8781015948231803,4.045075763655574,60.0807991027832,173.56888529115187
1,2026-07-25T04:39:59.000338Z,75.38207265291902,12.068284427095593,90.73950938042253,2.2840587090413025,3.0,2.6290107583743803,2.6937541958596283,60.0807991027832,81.08962521212915
1,2026-07-25T04:40:00.000330Z,75.38209681928086,12.068294506676494,90.61323103588074,2.273831605711511,3.0,2.9616223239893498,2.691851972624154,60.0807991027832,67.34113068228179
1,2026-07-25T04:40:01.000323Z,75.38212968316255,12.068313056086552,90.66865659318864,2.305867556556539,3.0,3.899345338028496,2.694232239624291,63.501301619937905,53.56809074980942
1,2026-07-25T04:40:02.000311Z,75.38216994191397,12.068331348801115,90.81904825102538,2.3111540288438377,3.0,4.600693885059128,2.6917606494641335,64.97193198319978,46.86691630860137
1,2026-07-25T04:40:03.000297Z,75.38221262323324,12.068347165045243,91.15519335493445,2.2955963383166265,3.0,4.858128793014526,2.6951724661634735,67.48311737190431,44.65770726898122
1,2026-07-25T04:40:04.000284Z,75.38226863373286,12.068368060481161,91.07705538254231,2.2808165387907606,3.0,5.988288557262128,2.687114839651274,68.48682516596527,35.71905676823597
1,2026-07-25T04:40:05.000272Z,75.38232715528952,12.068391160506943,91.31224823277444,2.302778364705019,3.0,6.75670153804667,2.6979522142823367,69.19055682032483,32.27815755369426
1,2026-07-25T04:40:06.000260Z,75.38239299450017,12.068415631121114,91.56642864178866,2.2659553386229856,3.0,7.412661369079887,2.690255342816683,71.70148405719482,29.362633420186537
1,2026-07-25T04:40:07.000249Z,75.38246085999602,12.068442080258308,90.86129671242088,2.2428051135813303,3.0,7.857916907476485,2.70465974392173,73.85927327957073,27.82808635991788
1,2026-07-25T04:40:08.000238Z,75.38254110166298,12.068476106921876,90.24839578662068,2.1715849945718597,3.0,8.678743656054145,2.701380330861,72.78043950000693,25.173670837620325
1,2026-07-25T04:40:09.000230Z,75.38262610016181,12.068511102374828,89.45506326761097,2.1777756406809834,3.0,9.567375276778632,2.696672007350193,69.95824706425263,22.776629400701484
1,2026-07-25T04:40:10.000221Z,75.38271657004644,12.068548705018614,88.60252239461988,2.195662706677357,3.0,10.39640068815892,2.699705420242395,69.78241127120513,20.981373215071873
1,2026-07-25T04:40:11.000212Z,75.38281455900353,12.068589302005588,88.16087490227073,2.113733993418049,3.0,11.257120199070433,2.7031112719514354,69.79633134721799,19.423297011151607
1,2026-07-25T04:40:12.000205Z,75.38291711939185,12.068634179157996,87.687789731659,2.0576021477263464,3.0,11.950262007015807,2.7035320448190876,66.2120777426209,18.30593645099897
1,2026-07-25T04:40:13.000198Z,75.38302362378525,12.068667546390023,86.91215776093304,2.148397035180447,3.0,12.210359414813292,2.6979561186808545,68.32780504705981,17.883555632615156
1,2026-07-25T04:40:14.000191Z,75.3831350595149,12.06871699719883,85.86189568135887,2.343804413208208,3.0,12.842077826513941,2.695166078856455,67.88119154067684,16.98328320224251
1,2026-07-25T04:40:15.000185Z,75.3832503392385,12.068769936204367,85.77930388599634,2.262306544054283,3.0,13.327951707973359,2.700111235249133,67.45552857651393,16.405962707493373
1,2026-07-25T04:40:16.000179Z,75.38336608763146,12.068818432343159,85.40220084786415,2.3850051969089714,3.0,13.54307933130482,2.6997875420692763,68.26424135093586,16.143527760546444
1,2026-07-25T04:40:17.000175Z,75.38348498965263,12.068860799221552,84.99194907862693,2.3076328235753722,3.0,13.7184696507357,2.694482039821642,70.2037142225901,15.909009758435053
1,2026-07-25T04:40:18.000170Z,75.38360321994541,12.068902972790346,84.6790154343471,2.30076273289778,3.0,13.825329093342658,2.6931776278449706,71.15778475766724,15.776815559911029
1,2026-07-25T04:40:19.000165Z,75.3837246723026,12.068942957103408,84.48824750166386,2.572884311431242,3.0,13.940815561818669,2.7014942055446,72.2117061867015,15.695602561120062
1,2026-07-25T04:40:20.000162Z,75.3838482541391,12.068978691757327,84.41842951904982,2.685532524633734,3.0,13.999964538226779,2.7038072666527095,72.43846159390854,15.643712224882266
1,2026-07-25T04:40:21.000157Z,75.383973309424,12.069020046022102,84.28518944885582,2.3221298436542424,3.0,14.10131207891891,2.7008875869229834,72.02477048745654,15.5145099466861
1,2026-07-25T04:40:22.000154Z,75.38409986293787,12.069055723013884,84.53492238093168,2.2366558202342413,3.0,14.16698331482733,2.7032438845671534,73.48550654158952,15.459870674548675
1,2026-07-25T04:40:23.000151Z,75.38422520259664,12.069094909963429,84.33193863835186,2.1187282940950456,3.0,14.190692919915433,2.700564613897926,73.04772084265817,15.419546351472313
1,2026-07-25T04:40:24.000148Z,75.38435045306122,12.069133102096984,84.07145295199007,2.3647676051043023,3.0,14.183778324309873,2.7022524707197544,73.13368700000564,15.43611662666215
1,2026-07-25T04:40:25.000145Z,75.38447459552842,12.069173318471783,84.23419062793255,2.1590685176453754,3.0,14.181318527144485,2.7029270556545186,72.76872518974211,15.443835277617818
1,2026-07-25T04:40:26.000143Z,75.38460077490215,12.069211242275202,83.83208451792598,2.0853778549175352,3.0,14.215223888124497,2.697938620965846,72.535387214616,15.37784669501248
1,2026-07-25T04:40:27.000141Z,75.38472499402407,12.069250715666005,83.53045380394906,2.578356921718244,3.0,14.214221786472205,2.708825296487123,71.79546985101295,15.441090489389996
1,2026-07-25T04:40:28.000139Z,75.38485005218611,12.069296484736695,83.15519401151687,2.2686603584644227,3.0,14.260691446037878,2.699870026708732,70.38363456344591,15.34002486728671
1,2026-07-25T04:40:29.000137Z,75.38497138420749,12.069345437800537,82.85768853966147,2.125650721022632,3.0,14.172209711548721,2.7058149258250084,68.30882906749714,15.470081177104388
1,2026-07-25T04:40:30.000136Z,75.38508992997484,12.06939735431522,82.3982158685103,2.059197258118365,3.0,14.08134528776138,2.7015970769881914,66.52486338840937,15.543369076991608
1,2026-07-25T04:40:31.000134Z,75.38521003661482,12.069449486495147,82.04208003543317,2.097354219758118,3.0,14.16660909078212,2.7010594632459792,66.18535172033847,15.44385698836526
1,2026-07-25T04:40:32.000133Z,75.38532776464099,12.06950087250978,81.54519360046834,2.1558313548385803,3.0,13.948786396666218,2.7011898874033307,66.04064676306527,15.685748682580542
1,2026-07-25T04:40:33.000131Z,75.38544129979807,12.069551837514911,81.20365027431399,2.074442584502133,3.0,13.569431638910277,2.70006470214731,67.43139483941395,16.120383542901816
1,2026-07-25T04:40:34.000131Z,75.38555046298139,12.069601784874038,80.72234009765089,2.056580844114682,3.0,13.171846889742609,2.7058477521808135,65.66838800495705,16.639935716455454
1,2026-07-25T04:40:35.000130Z,75.38565574454827,12.069650103168781,80.3237996948883,2.028174261028216,3.0,12.716957376984807,2.7012428421700108,65.37874059809246,17.205166105066322
1,2026-07-25T04:40:36.000129Z,75.3857560238032,12.069698071567036,79.96870391536504,2.1422508229579726,3.0,12.230554609324209,2.700488328119748,64.27081786470868,17.885957692047203
1,2026-07-25T04:40:37.000128Z,75.38585205600766,12.069746360916481,79.66677873115987,2.0738041065693227,3.0,11.756961317455456,2.699866489318254,62.98177301562758,18.602197860492115
1,2026-07-25T04:40:38.000128Z,75.38593886567516,12.069797354633286,78.73123749252409,2.037442381896649,3.0,11.109632261267013,1.8030265512418922,59.48322913526338,13.134337320661336
1,2026-07-25T04:40:39.000127Z,75.38601863299573,12.069849481768017,77.47800432890654,2.021389979434367,3.0,10.389577953218396,1.8255052291438616,56.846389232747384,13.600499221951715
1,2026-07-25T04:40:40.000127Z,75.38609262457408,12.069898102107375,76.89404857624322,2.0120200529479195,3.0,9.652386069746235,1.8784735480704748,54.906942452524454,14.909827951896196
1,2026-07-25T04:40:41.000127Z,75.3861597693088,12.069947709641315,76.48310049902648,2.006640789489678,3.0,8.898777689498191,1.88317030260073,52.91570890333626,16.456028775871804
1,2026-07-25T04:40:42.000127Z,75.38621324706956,12.069998838230806,76.13994946423918,2.0737512227794124,3.0,7.800940104475554,1.9486994524992292,49.478964242446416,19.409675074182708
1,2026-07-25T04:40:43.000126Z,75.386255693899,12.070040405356158,76.03287299070507,2.050514679717939,3.0,6.527401177082841,2.0677118241359986,47.404656823820254,24.888630604212274
1,2026-07-25T04:40:44.000127Z,75.38628693210926,12.070073885934034,75.82950550317764,2.090373004488907,3.0,5.099349563653216,2.191669614445921,45.54322410059646,32.89832596686798
1,2026-07-25T04:40:45.000127Z,75.38630489172459,12.07009308406258,75.67995915841311,2.083207726277774,3.0,3.4266607605317425,2.364521452748092,44.91061840381054,49.031684538813856
1,2026-07-25T04:40:46.000127Z,75.38631309138216,12.070103785278018,75.60869439318776,2.0693397646970304,3.0,1.770930703947622,2.5109355629721306,43.96354675292969,82.89309622858963
1,2026-07-25T04:40:47.000127Z,75.38631237734054,12.07010484538828,75.6307219946757,2.059434075301417,3.0,0.3721742822875641,3.7432386657275782,43.96354675292969,180.0
1,2026-07-25T04:40:48.000128Z,75.38631261069428,12.070104769710415,75.65916740242392,2.0595525455707993,3.0,0.0871786170710157,3.7279548890166976,43.96354675292969,180.0
1,2026-07-25T04:40:49.000128Z,75.3863126338888,12.070105383421062,75.67850546166301,2.052935595981754,3.0,0.0765155458453267,3.7055558584431267,43.96354675292969,180.0
1,2026-07-25T04:40:50.000128Z,75.38631360964641,12.07010775513614,75.72045199759305,2.047642036737744,3.0,0.30714160144187647,3.738668899592353,43.96354675292969,180.0
1,2026-07-25T04:40:51.000128Z,75.38632576182995,12.070119153343686,75.70105068478733,2.0433109442306647,3.0,1.7281661596874012,3.730424564082351,43.96354675292969,174.24422999672842
1,2026-07-25T04:40:52.000129Z,75.38634031294421,12.070133342544962,75.99355646409094,2.039701703283098,3.0,2.206345301829218,2.5287599506238196,43.96354675292969,92.34836174683468
1,2026-07-25T04:40:53.000130Z,75.38636431141755,12.070157159731268,75.78637983091176,2.0366477303123864,3.0,3.449520988590859,2.4173647027093788,44.643168989454544,54.185480100834475
1,2026-07-25T04:40:54.000130Z,75.38639685926694,12.070188892137505,75.59879357460886,2.034030047551247,3.0,4.751413987083589,2.2568939600748332,44.67400192597846,35.78185377498814
1,2026-07-25T04:40:55.000131Z,75.3864375996579,12.070228722538763,75.36226064059883,2.031761393793987,3.0,5.956763211289032,2.127792652091067,44.857575047865765,28.28453812167488
1,2026-07-25T04:40:56.000131Z,75.38648030863482,12.070270396372234,75.06463116779923,2.0297271197643187,3.0,6.503669992171301,2.068662778385,44.999320583140246,25.296686990738642
1,2026-07-25T04:40:57.000132Z,75.3865296097698,12.07031874367142,74.79302892182022,2.026656220395372,3.0,7.406025378292231,2.0123136602680813,45.07380044310998,21.751409225682785
1,2026-07-25T04:40:58.000134Z,75.38658390552058,12.070372224617923,74.48332102689892,2.021927700698103,3.0,8.294673305986986,1.9495034506388267,44.92443119141735,18.83171790186166
1,2026-07-25T04:40:59.000134Z,75.38664177179271,12.070429622231993,74.28869488928467,2.01624116652861,3.0,8.919032091546129,1.919115711973717,44.59534426833717,17.317466458257343
1,2026-07-25T04:41:00.000134Z,75.38669835032306,12.070486609480811,73.98389157280326,2.0110348680774153,3.0,8.910607946186262,1.9103094435832786,44.29644870979813,17.317650999334493
1,2026-07-25T04:41:01.000135Z,75.38675782704583,12.070544405426935,73.37822287902236,2.00708663734848,3.0,8.987423384172352,1.9092724785264914,44.674275197676394,17.06515976952632
1,2026-07-25T04:41:02.000136Z,75.38681372708477,12.070600319518318,72.99305275734514,2.004567621686486,3.0,8.666819198850744,1.9185119004882425,44.80498136396495,17.832677338397502
1,2026-07-25T04:41:03.000136Z,75.38686046068257,12.070648418563868,72.79712564498186,2.0030358200655916,3.0,7.58018537307626,1.9822970647175429,44.39157619123217,21.102315838118706
1,2026-07-25T04:41:04.000137Z,75.38689986749166,12.07068816944694,72.55060188286006,2.0021276197961306,3.0,6.366609262499431,2.0695595504484534,44.005532864659806,26.29105185193244
1,2026-07-25T04:41:05.000138Z,75.38692923903182,12.070717832293502,72.41200497280806,2.0015848626053407,3.0,4.800807986078536,2.192202153587334,43.91438562300122,36.87639150516513
1,2026-07-25T04:41:06.000138Z,75.38694460038914,12.070733119323485,72.10731679201126,2.0012678806804685,3.0,2.8279771915922756,2.4408878484089627,43.729851271099406,69.17798495398056
1,2026-07-25T04:41:07.000140Z,75.38694619493629,12.070736637880094,72.03802919387817,2.001056551190763,3.0,0.8874443513155044,3.584975820679844,43.570770263671875,180.0
1,2026-07-25T04:41:08.000141Z,75.38694726669856,12.070739425258044,71.84227178711444,2.014253976647478,3.0,0.5108532831947077,3.7412090480839324,43.570770263671875,180.0
1,2026-07-25T04:41:09.000142Z,75.38695716202223,12.070750199140003,71.53896038606763,2.0267543360140867,3.0,1.6273137324207876,3.7412746972645805,43.570770263671875,180.0
1,2026-07-25T04:41:10.000142Z,75.38697240319672,12.070771922047545,71.26465431507677,2.048406750824879,3.0,2.7312026902387916,2.502277802345315,43.570770263671875,73.82859140204201
1,2026-07-25T04:41:11.000144Z,75.38699349149447,12.07079225794387,70.9559092251584,2.0435660834986202,3.0,3.1374883121171804,2.439731257610887,41.3635765051977,60.072754958708174
1,2026-07-25T04:41:12.000145Z,75.38702034910858,12.070819899285503,70.81609718315303,2.0396055476451576,3.0,4.076178450570021,2.3318067840238763,42.26107408141923,43.798594274105945
1,2026-07-25T04:41:13.000145Z,75.38705203008804,12.0708535607439,70.71248178649694,2.036305106106168,3.0,5.0106231847314575,2.2321480638107647,42.59097749542331,35.642822426941066
1,2026-07-25T04:41:14.000146Z,75.38709083568745,12.070892347688016,70.98033929709345,2.0884145782809584,3.0,5.926303446968641,2.135715366837892,43.511209104651925,29.157408711761725
1,2026-07-25T04:41:15.000147Z,75.38713979546618,12.070936307260936,71.01139136590064,2.081481902521768,3.0,7.0457374513560005,2.0405131575528257,46.4801050311062,23.46529346718965
1,2026-07-25T04:41:16.000149Z,75.38718782153327,12.070977864961318,71.06196702644229,3.429558424811198,3.0,7.031140906275317,2.0224134377167937,47.60754913075762,23.303561867318106
1,2026-07-25T04:41:17.000149Z,75.38723827464243,12.07102109764425,71.03122644685209,2.059376419856289,3.0,7.353026668982294,2.780166589276108,49.11409423128576,30.627982777718277
1,2026-07-25T04:41:18.000150Z,75.38730236565527,12.071065732060426,72.11439444962889,3.679239559405855,3.0,8.165823785933538,2.700577870482343,52.93579647344865,26.665743376918808
1,2026-07-25T04:41:19.000152Z,75.38734807671878,12.071111547632468,72.98812543507665,2.033772984529676,3.0,7.748221998209726,2.6943669618912174,48.83174890833743,27.966815615361494
1,2026-07-25T04:41:20.000152Z,75.38740938463938,12.071158916287855,73.60438724793494,3.188959229295962,3.0,8.123329901605285,2.6881329427113414,50.053778366395484,26.650182963948886
1,2026-07-25T04:41:21.000153Z,75.38747355931477,12.071204891072531,74.06116040516645,3.2165375576912396,3.0,8.491668511066166,2.6989729294151723,51.3208858058149,25.66136498999049
1,2026-07-25T04:41:22.000154Z,75.38754191365258,12.07125155239019,74.31101160869002,3.5041054545634256,3.0,8.868556472219849,2.69071907706896,52.88347933936738,24.50446472870047
1,2026-07-25T04:41:23.000156Z,75.38761225563387,12.071298725469592,74.45586433820426,3.8809491471118323,3.0,9.080773230858238,2.6967624683188047,54.10317299912896,24.00305401190928
1,2026-07-25T04:41:24.000157Z,75.38768280136702,12.071344455039887,75.24846165440977,4.301234826605262,3.0,9.146203952450755,2.682995525411364,55.78764552987942,23.670837834618233
1,2026-07-25T04:41:25.000157Z,75.38775022771544,12.071391925219343,75.7393594654277,4.632819419642395,3.0,9.06810818686931,2.6893842912091177,54.56159950946894,23.959190650291436
1,2026-07-25T04:41:26.000159Z,75.38781564529901,12.071442305388189,75.920375761576,4.585332799440865,3.0,9.003923308309522,2.696588509582051,52.672499927256744,24.21913346391873
1,2026-07-25T04:41:27.000160Z,75.387878250428,12.071495178150188,76.28660445753485,4.112077764803985,3.0,8.888772919001292,2.6986488529702584,50.400021542615534,24.561650061228498
1,2026-07-25T04:41:28.000160Z,75.38793626828166,12.071550280596933,76.97183055430651,3.5378839917476474,3.0,8.69849559694533,2.692535627129084,48.27631922573905,25.015710628058837
1,2026-07-25T04:41:29.000161Z,75.38799345229191,12.071601661677548,77.91436938941479,3.4068893376829554,3.0,8.404145975684003,2.6939115547538535,48.22541316516724,25.86746124468229
1,2026-07-25T04:41:30.000163Z,75.38804845127963,12.071650891036029,78.65946391038597,3.3027731790822905,3.0,8.150765479829728,2.6917979225541133,47.94256195760044,26.663172767064605
1,2026-07-25T04:41:31.000164Z,75.38810488825526,12.071700681730574,79.01682891510427,2.1158529449758174,3.0,8.081359198542726,2.6966613700213897,48.87374168083652,26.98751693847015
1,2026-07-25T04:41:32.000165Z,75.38816151898837,12.071750318012912,79.45015707798302,2.095666437875203,3.0,8.096542768308302,2.6882459607654825,48.68433653151288,26.85456110006899
1,2026-07-25T04:41:33.000166Z,75.38821837579654,12.071799585645499,79.76027553528547,3.2807401071542497,3.0,8.17369084906784,2.697551210439901,49.10540851807998,26.715998953289894
1,2026-07-25T04:41:34.000167Z,75.38827572036054,12.071850847706408,80.10316650290042,2.04478746976123,3.0,8.279807733345582,2.6955067166784783,48.20310352198173,26.35275058561795
1,2026-07-25T04:41:35.000168Z,75.38833334881049,12.071903480986093,80.51557623688132,2.085274209089905,3.0,8.407058905283337,2.6984248250215197,47.916942989101535,25.983017121733404
1,2026-07-25T04:41:36.000169Z,75.38839220498208,12.071957019484946,80.80261538084596,2.058108399750191,3.0,8.56364993680256,2.701191087129,47.85642116840598,25.54135637086895
1,2026-07-25T04:41:37.000170Z,75.38845208874318,12.072010194059782,81.2311771158129,2.038141648108629,3.0,8.73187272594349,2.7047846070767,48.227197276668484,25.084552200562634
1,2026-07-25T04:41:38.000172Z,75.38851308135001,12.072065173024354,81.58470588363707,2.0248009053937976,3.0,8.946884574170797,2.704249694715741,48.11988776933447,24.480540950288155
1,2026-07-25T04:41:39.000172Z,75.38857598287892,12.072120322228754,81.92446316592395,2.01601402353451,3.0,9.161620458710082,2.702482951907673,48.05849888066875,23.89823294522314
1,2026-07-25T04:41:40.000174Z,75.38864066618264,12.072175346445706,82.050252716057,2.010154647054292,3.0,9.249612700630532,2.7011619893255965,48.64622272835618,23.662192775460834
1,2026-07-25T04:41:41.000175Z,75.38870360061395,12.07223114215082,82.71603827830404,2.0064387743736605,3.0,9.239045125998718,2.703262410407484,48.0347368293132,23.7015231495576
1,2026-07-25T04:41:42.000176Z,75.38876614648588,12.072287994542803,83.22859804332256,3.388094469352533,3.0,9.22278907254236,2.6916106830521183,47.21247049913703,23.63864364784461
1,2026-07-25T04:41:43.000177Z,75.38882720274266,12.072348674060256,83.95410516764969,2.090884379742961,3.0,9.252205863990172,2.698302658451189,45.93321151285452,23.606977138555308
1,2026-07-25T04:41:44.000178Z,75.3888891391774,12.07240761752895,84.36515972856432,2.0822162713365753,3.0,9.25310282575416,2.69867224020511,45.32828995779507,23.60450814335044
1,2026-07-25T04:41:45.000179Z,75.38895063035719,12.072466512650434,84.74489433690906,2.220071560245157,3.0,9.240436433388824,2.6976440601528777,45.09851918453074,23.623716162509655
1,2026-07-25T04:41:46.000180Z,75.389010821696,12.072525422601254,85.14176816958934,2.139401408166095,3.0,9.200302836531417,2.6948311410780925,44.933130781718795,23.7030168776137
1,2026-07-25T04:41:47.000181Z,75.38907150937462,12.072584842563355,85.5908853309229,2.0882527378081006,3.0,9.240738121040554,2.697415593918887,45.29425864957461,23.625210776927034
1,2026-07-25T04:41:48.000182Z,75.38913548272171,12.072642482988648,85.8057169308886,2.055417634438862,3.0,9.275130272509887,2.6953299244397364,47.03801808934612,23.53073981401031
1,2026-07-25T04:41:49.000184Z,75.38920114201713,12.072696070664303,86.40172814019024,3.774202723222255,3.0,9.243356094387117,2.698779139343974,49.02855548851273,23.63362822396442
1,2026-07-25T04:41:50.000184Z,75.38927042337131,12.072748821746476,86.62658586725593,2.021963916735327,3.0,9.357852189676354,2.6987285660080436,51.85511177658536,23.349263281742445
1,2026-07-25T04:41:51.000185Z,75.38934353733839,12.072795632555831,86.84554307535291,2.0137866964774243,3.0,9.416603530559073,2.7017933356381745,55.69526070052822,23.230699734741513
1,2026-07-25T04:41:52.000186Z,75.3894204064732,12.072837778133445,86.99014787003398,2.0729227511983725,3.0,9.488747710657504,2.7051444592022267,59.90771900664902,23.088514331854984
1,2026-07-25T04:41:53.000188Z,75.38949994755733,12.072871621742273,87.17653374467045,2.0457578553981204,3.0,9.47550631503222,2.7007342885516756,65.21391196635628,23.08770808421706
1,2026-07-25T04:41:54.000355Z,75.389583641974,12.072899734604295,87.62933960463852,2.028594903101112,3.0,9.556932027418682,2.69997789033576,69.2753189778289,22.87486240295615
1,2026-07-25T04:41:55.000358Z,75.38966768262827,12.072926666524916,88.16170000843704,2.0177508028364066,3.0,9.576993695893846,2.7002918778985254,71.24243363191854,22.826184553339395
1,2026-07-25T04:41:56.000359Z,75.38975123345567,12.072952911423446,88.87569607142359,2.0104502348404747,3.0,9.526847979759639,1.8916325733066404,72.13246444584382,15.722206510871905
1,2026-07-25T04:41:57.000356Z,75.38983306940244,12.07298001282542,89.45572523772717,2.0063292421045738,3.0,9.448800769485803,1.8753935108117192,71.90726955531154,15.522974222113959
1,2026-07-25T04:41:58.000353Z,75.38991479141437,12.073006019929261,90.1650587329641,2.0039721544302282,3.0,9.350217476753107,1.8812493401702763,72.03063980239573,15.815133833130098
1,2026-07-25T04:41:59.000347Z,75.38999543631742,12.073032519822572,90.96082281135023,2.002494861625411,3.0,9.203283482955023,1.903198634510067,71.9210189603099,15.891337486007025
1,2026-07-25T04:42:00.000337Z,75.39007299684796,12.07305643609231,91.95582862198353,3.566647106837688,3.0,8.867464019660844,1.8985687802950004,72.15396476908353,15.91872464995525
1,2026-07-25T04:42:01.000329Z,75.39014823750264,12.07307773438809,92.96269833482802,2.00102609767368,3.0,8.475164192580138,1.9295320445661506,73.75593800522903,17.925478853805703
1,2026-07-25T04:42:02.000318Z,75.39022197263007,12.073096794818497,93.57410238217562,2.0006773824560704,3.0,8.237537695373181,1.9344963798121566,75.36232627838005,17.521209355780503
1,2026-07-25T04:42:03.000300Z,75.39029438900768,12.073111119531038,94.11944141890854,2.01087919252996,3.0,8.134331926690491,1.947866428234255,76.98663435798949,18.07676597127662
1,2026-07-25T04:42:04.000283Z,75.39036749598523,12.073122376690018,94.46587896440178,3.2123671084859664,3.0,8.177667154120874,1.9632428177464614,78.73192339266316,19.07882820241948
1,2026-07-25T04:42:05.000267Z,75.39044200051488,12.073133744218767,94.87493913713843,3.2254382373935218,3.0,8.320054103331909,1.944319469189839,79.53650206460244,18.71739498929461
1,2026-07-25T04:42:06.000255Z,75.39051887039909,12.073145602430776,95.25915233418345,3.2013133157998697,3.0,8.58488845411846,1.928819147684658,80.01223078358784,18.041739568115133
1,2026-07-25T04:42:07.000235Z,75.39059831226537,12.073158721682375,95.62083914037794,2.002214698672322,3.0,8.885170465476735,1.9124569889333218,80.04814365691556,17.342628351995277
1,2026-07-25T04:42:08.000218Z,75.39067904555888,12.073176684128152,95.90068181697279,4.192033015344576,3.0,9.081613508317021,1.9131803716895615,77.82707506512645,17.00543867083266
1,2026-07-25T04:42:09.000201Z,75.39075801026867,12.073205068823572,96.20311283506453,4.056323852893386,3.0,9.234289175715439,1.912482966983123,71.33326076808584,16.761528545196644
1,2026-07-25T04:42:10.000186Z,75.39083374048735,12.07324922386792,96.60720135830343,6.235216055466881,3.0,9.566139478159005,1.8738537589380793,60.89724220402744,15.861848343404608
1,2026-07-25T04:42:11.000173Z,75.39090179958932,12.073301100362094,96.87139083258808,5.7438396990042415,3.0,9.579606612855754,2.836220238017167,53.37764299715335,23.986434993135735
1,2026-07-25T04:42:12.000159Z,75.39096661480504,12.073364752261883,97.18929420039058,3.918476096044618,3.0,9.82955438929382,2.700682296871718,47.29686204409365,22.25418805717797
1,2026-07-25T04:42:13.000146Z,75.39103229913893,12.073432217431382,97.23446035012603,2.0001396078444924,3.0,10.163177587873045,2.7023852989148045,44.88269975643062,21.540697229241243
1,2026-07-25T04:42:14.000134Z,75.39110346051176,12.073502761979563,97.17881340254098,3.333310655080487,3.0,10.70518391945226,2.70112051343021,44.91045012139381,20.443282893087986
1,2026-07-25T04:42:15.000123Z,75.39117110562113,12.07357051100692,97.38902108371258,3.5982881451700286,3.0,10.532564681326823,2.710528520136046,44.36982939018344,20.849825513169595
1,2026-07-25T04:42:16.000113Z,75.39123418271551,12.073639134718844,97.56650521047413,3.373165659223645,3.0,10.279938000330969,2.698227074884259,42.911672679207825,21.265831250171573
1,2026-07-25T04:42:17.000102Z,75.3912986921824,12.073710130955373,97.8624866148457,2.000014425604133,3.0,10.3945693588141,2.696895457308043,42.31788502830916,21.019269615955878
1,2026-07-25T04:42:18.000094Z,75.39136378553292,12.073780475186341,98.07400491647422,2.0029877628945125,3.0,10.456689598676668,2.6933705732345206,42.43554476151458,20.867752972899943
1,2026-07-25T04:42:19.000085Z,75.39143119865105,12.073850838439993,98.51466311234981,2.001663585539862,3.0,10.54572002833205,2.7041453203013073,43.07901107619472,20.77142633161414
1,2026-07-25T04:42:20.000077Z,75.3914997162821,12.073919069903157,98.99538531154394,3.4779337413888247,3.0,10.566482319312568,2.692847850393231,44.16202814152744,20.639832415053903
1,2026-07-25T04:42:21.000069Z,75.39156823855275,12.073990506010016,99.26314001809806,3.674775946972509,3.0,10.689736891012133,2.6997212419003436,43.97839742381721,20.457014279080834
1,2026-07-25T04:42:22.000062Z,75.3916356321805,12.074062247262535,99.57522861100733,3.753207095488158,3.0,10.746627564844403,2.701927663190889,43.110895479974126,20.364960250599765
1,2026-07-25T04:42:23.000058Z,75.39170141463623,12.074135408945834,99.90959088038653,4.443460559802894,3.0,10.785408054065288,2.7019857483706056,41.72940285547509,20.293969173317542
1,2026-07-25T04:42:24.000049Z,75.39176297388704,12.074214436960158,100.28567110281438,4.273249932102393,3.0,10.887683311594143,2.7018637425491945,38.401501617649,20.103392847507507
1,2026-07-25T04:42:25.000043Z,75.391814283307,12.074298522680964,100.69113823585212,2.046724769905866,3.0,10.864045271454007,2.7133394180807127,32.82518329615152,20.231462583106946
1,2026-07-25T04:42:26.000038Z,75.39185972168507,12.07438795504698,100.69521518982947,3.605107702934874,3.0,10.96138617801298,2.7055435054746684,27.93178769331266,19.99918492192052
1,2026-07-25T04:42:27.000033Z,75.39189558537966,12.074483360160823,100.69643077999353,3.6524231971141443,3.0,11.157847139127908,2.6983294540081415,21.873957260250755,19.59474309827845
1,2026-07-25T04:42:28.000028Z,75.39192439028855,12.074583041990312,100.8701995993033,3.621039128134064,3.0,11.379452924159235,2.718369460189013,16.90924354323715,19.35572782722577
1,2026-07-25T04:42:29.000024Z,75.39194317770537,12.074684265855765,100.96600661799312,2.0040797978695926,3.0,11.311560713200253,2.720167755876491,12.270165330894754,19.483493180792742
1,2026-07-25T04:42:30.000019Z,75.39196258470596,12.074782827369402,101.24862514901906,2.002208816499774,3.0,11.159458286339344,2.7190469359460963,10.930008821847792,19.741316859622493
1,2026-07-25T04:42:31.000015Z,75.39197905982387,12.0748821167056,101.49800893757492,2.0011988850106315,3.0,11.089204359124162,2.7028391463583237,10.003036345757875,19.74955149002136
1,2026-07-25T04:42:32.000011Z,75.39199523879611,12.074978174306466,101.6918298760429,2.0006258346006747,3.0,10.833973545926076,2.715961785635749,9.914126950215413,20.3127560717391
1,2026-07-25T04:42:33.000008Z,75.39201107620015,12.07506466251022,101.85462390538305,2.0003633963527334,3.0,9.898301134583923,2.6977736736151443,10.169524117136612,22.08423504635161
1,2026-07-25T04:42:34.000005Z,75.3920250606352,12.075130091342027,102.03283239714801,2.0002135135499226,3.0,8.029715021441923,2.7008772672673484,11.101488176606717,27.25403023668899
1,2026-07-25T04:42:35.000002Z,75.3920342173172,12.075175178806967,102.37829051259905,2.000135189982337,3.0,5.719100036123939,2.7021525178556516,11.701698616809692,38.2584027430326
1,2026-07-25T04:42:35.999999Z,75.39204007329145,12.075202873819281,102.26986455637962,2.000101397567058,3.0,3.7537611345542237,2.7024132338134867,11.98925070363797,58.331708863679545
1,2026-07-25T04:42:36.999996Z,75.39204192315015,12.075209651710534,102.17481955885887,2.0427770193747468,3.0,1.504174126417451,2.700680781612932,11.019437789916992,138.2786730084087
1,2026-07-25T04:42:37.999993Z,75.39204070680199,12.075204023589354,102.35445849131793,2.0356475082561505,3.0,0.04053738001048607,4.052340237258476,11.019437789916992,180.0
1,2026-07-25T04:42:38.999991Z,75.39204157155795,12.075205140226027,102.49205903802067,2.030555007241464,3.0,0.09857421367461086,4.068863607720246,11.019437789916992,180.0
1,2026-07-25T04:42:39.999988Z,75.39204147330827,12.075204708549958,102.49526243843138,2.0267356310755082,3.0,0.0,4.042110474874729,11.019437789916992,180.0
1,2026-07-25T04:42:40.999986Z,75.39204147330827,12.075204708549958,102.49526243843138,2.0237650054004517,3.0,0.0,4.0412517355178865,11.019437789916992,180.0
1,2026-07-25T04:42:41.999984Z,75.39204493312323,12.075218657706243,102.67021874710917,2.084145335912706,3.0,1.2717305517368152,3.718795520709408,11.019437789916992,180.0
1,2026-07-25T04:42:42.999983Z,75.39204959366863,12.075237824321093,102.79514736961573,2.0924336030893826,3.0,2.045697950627557,3.11262965395444,11.019437789916992,123.2476887748804
1,2026-07-25T04:42:43.999981Z,75.39205600848531,12.07526525784754,102.93085570633411,3.365381219026143,3.0,2.8926926430951383,2.4940453140698957,11.019437789916992,69.3485891227718
1,2026-07-25T04:42:44.999979Z,75.39206539127868,12.07529852477334,102.99478019867092,3.679620937016546,3.0,3.4943501740217178,2.408115166359154,14.789761299154785,55.11794859180747
1,2026-07-25T04:42:45.999977Z,75.39207443253625,12.075328742753221,103.06402001343668,2.072626411102008,3.0,3.5647967803605733,2.403813950344621,15.51076373473644,53.980706415859345
1,2026-07-25T04:42:46.999976Z,75.39208673667251,12.075366452764124,103.16920148860663,2.0677846582554973,3.0,4.285816857493885,2.3116560294154516,16.256363195785195,43.51370068088969
1,2026-07-25T04:42:47.999974Z,75.39210233660555,12.07541094587346,103.26397648174316,2.063548129347861,3.0,5.139955514813706,2.2214480800323475,17.376830797810864,35.018389078941645
1,2026-07-25T04:42:48.999973Z,75.39212121071968,12.075457327257503,103.24092933349311,3.4327596858774814,3.0,5.477379283507077,2.168957363700852,19.105882539460186,32.057470043065315
1,2026-07-25T04:42:49.999972Z,75.39213964926819,12.07550354750978,103.35471704602242,3.7963249289142764,3.0,5.504012499935073,2.1670739362146754,20.013454549104267,31.83383032621673
1,2026-07-25T04:42:50.999971Z,75.39215778068242,12.075548636416443,103.37172032520175,4.166667108478223,3.0,5.425283431918648,2.178757760237122,20.564255709157866,32.389655383999646
1,2026-07-25T04:42:51.999969Z,75.39217765893686,12.075592266760067,103.25919292122126,3.3580605148645657,3.0,5.297839515148666,2.163566064756985,21.79370978635926,32.811550098017356
1,2026-07-25T04:42:52.999969Z,75.39219306906196,12.075629298644252,103.09353238996118,2.048296582210258,3.0,4.466593015302632,2.2514762311989047,22.122880079872747,39.39723127828709
1,2026-07-25T04:42:53.999968Z,75.39220419239872,12.075654588711801,102.95336719602346,2.045881746119222,3.0,3.2234310346644466,2.404064663725546,22.828554718911125,55.75044315326141
1,2026-07-25T04:42:54.999967Z,75.39220649226117,12.075660955214522,102.93559231050313,2.0435876464895326,3.0,1.3501895052679063,2.538309692672716,25.03104591369629,116.34048797168326
1,2026-07-25T04:42:55.999966Z,75.3922048621348,12.075657818623728,102.95344963856041,2.041408259039764,3.0,0.046317209629016566,3.735918775052827,25.03104591369629,180.0
1,2026-07-25T04:42:56.999965Z,75.39220518372838,12.075660136741993,102.8980080652982,2.0455837561071673,3.0,0.245323064221924,3.7632266698315426,25.03104591369629,180.0
1,2026-07-25T04:42:57.999964Z,75.39220796370853,12.075667114918424,102.87649093661457,2.043304569911851,3.0,0.813076255691773,3.7497015301323904,23.158275604248047,180.0
1,2026-07-25T04:42:58.999963Z,75.39221566247467,12.075684804350399,102.82101546879858,2.0411393446384594,3.0,1.9653345012043566,3.7402169535016716,23.158275604248047,153.91529940663
1,2026-07-25T04:42:59.999962Z,75.39222723840061,12.075710017905852,102.7995083546266,2.039082382007507,3.0,2.8106764331078793,2.483063279810134,23.158275604248047,70.74802854868206
1,2026-07-25T04:43:00.999961Z,75.3922392575233,12.075736575715679,102.71571645792574,2.037128264864338,3.0,3.266386630945242,2.4455507202585824,24.570540709970327,57.77077273783545
1,2026-07-25T04:43:01.999961Z,75.39225643443163,12.075772957963439,102.64478914719075,2.049577149619596,3.0,4.300370302920153,2.316977986726634,24.814570116437533,41.4529351090015
1,2026-07-25T04:43:02.999961Z,75.39227859006492,12.075819153649668,102.46740991063416,3.4411739892211957,3.0,5.445853258191648,2.1870828419480492,24.960140986976082,31.389438647528152
1,2026-07-25T04:43:03.999960Z,75.39230494590555,12.075874132045683,102.34248584602028,3.699904464044776,3.0,6.566289934062764,2.079155939384879,24.991670361025275,25.285277250243077
1,2026-07-25T04:43:04.999959Z,75.39233101067708,12.075929799342092,102.1473039817065,3.896548405680718,3.0,6.845877121443125,2.027057411920896,24.699950954602286,23.629814192245554
1,2026-07-25T04:43:05.999958Z,75.3923603182589,12.07599273740427,102.04502735752612,4.4835562180561945,3.0,7.624842583237689,1.9852689921148363,24.58911631354493,20.925256909523902
1,2026-07-25T04:43:06.999959Z,75.39239255014881,12.076063878434464,101.97361511364579,4.809430821499459,3.0,8.46862406622865,1.9427569352500529,24.31962814772754,18.504767335022873
1,2026-07-25T04:43:07.999958Z,75.39242555656692,12.076142547306665,101.58307142369449,4.8786198554136355,3.0,9.315552635520017,1.9051529922966748,23.15318544313533,16.462179057400636
1,2026-07-25T04:43:08.999957Z,75.39245793582097,12.076227972343135,101.22062520682812,4.548430073256572,3.0,9.99107265183866,1.8634684513320379,21.568554479834372,14.970241699790316
1,2026-07-25T04:43:09.999957Z,75.3924905610354,12.076316203574038,100.48048630449921,4.120721159811715,3.0,10.500082260022696,1.8221787948138255,20.491474059607906,13.693467409902086
1,2026-07-25T04:43:10.999956Z,75.39252621220875,12.076412669546993,99.57228439766914,3.6751909697138205,3.0,11.404477436470751,1.7957107071660905,20.252359174058075,12.7134072686194
1,2026-07-25T04:43:11.999956Z,75.39256777277014,12.076516753717486,98.79220506735146,3.5879313209148793,3.0,12.280340560417923,1.7670506921910882,21.15764761175451,11.626303322302698
1,2026-07-25T04:43:12.999955Z,75.3926144339554,12.076628851605218,97.98658339772373,3.6529142595985316,3.0,13.170923028192487,1.7407657130336358,21.708627939112883,10.687779218534917
1,2026-07-25T04:43:13.999955Z,75.39266201259984,12.076746860087539,97.32115495204926,3.5530748074492275,3.0,13.97106097422283,1.7220895849336348,21.703802201370294,9.978577338944355
1,2026-07-25T04:43:14.999955Z,75.39271241105826,12.076871068467321,96.83131409902126,3.6304779726060064,3.0,14.658512397621273,1.7295938103132351,22.15672531858609,9.554577895612045
1,2026-07-25T04:43:15.999955Z,75.39276308716634,12.076999861754503,96.38052819110453,3.6637056540696595,3.0,15.213278142475286,1.7097537144389832,21.87537239701628,9.101496001583005
1,2026-07-25T04:43:16.999954Z,75.39281769909445,12.077132254524741,95.91365110129118,3.9311610044154914,3.0,15.728849878237849,1.6823666566468238,22.322114706214716,8.663973051060978
1,2026-07-25T04:43:17.999954Z,75.39287790698049,12.07726586811601,95.84786060079932,4.5610880688915065,3.0,16.113921807541647,1.674052284080252,24.180959924904457,8.417857806497283
1,2026-07-25T04:43:18.999954Z,75.39294089124958,12.077401098667686,95.55172415357083,5.353521816708537,3.0,16.38052978695794,1.6694861918755604,24.830314440557554,8.258306653037879
1,2026-07-25T04:43:19.999953Z,75.39299917983377,12.07754000249607,95.57754712551832,5.489647593820722,3.0,16.60529893576896,1.665603355724372,22.73860727934013,8.127223971687396
1,2026-07-25T04:43:20.999953Z,75.39305702613186,12.077680254367504,95.41200574953109,5.547074412895644,3.0,16.711607411963985,1.66703445398177,22.067592443900708,8.082334318297702
1,2026-07-25T04:43:21.999953Z,75.39310592356578,12.0778227119191,95.90443080570549,5.1448688739469,3.0,16.686473124615084,1.6688138458394106,18.933850948701814,8.101612910865281
1,2026-07-25T04:43:22.999952Z,75.39315065306987,12.077966193978128,96.62121494114399,4.162260296646166,3.0,16.50656649808958,1.6645140864930885,17.623327376675704,8.165880425038221
1,2026-07-25T04:43:23.999953Z,75.39319716306773,12.078104922450242,97.0947606889531,3.4925919789206055,3.0,16.077335065663863,1.6723612951214613,18.21139488047273,8.423410187335806
1,2026-07-25T04:43:24.999952Z,75.39324556827385,12.07823786864993,97.50405821949244,2.0000232901617463,3.0,15.691459485377598,1.7058929834025656,20.14184181462193,8.806823691857968
1,2026-07-25T04:43:25.999952Z,75.39328891752308,12.078369662670875,97.94900509156287,2.045478739659507,3.0,15.32682195766994,1.6879579299378615,18.746660026822433,8.921102088078154
1,2026-07-25T04:43:26.999952Z,75.39333336086592,12.078498937503078,98.21622790116817,2.0201803104482283,3.0,15.065002646749381,1.699107874507864,18.82082128977319,9.137954981626127
1,2026-07-25T04:43:27.999952Z,75.39337855409455,12.078626155969268,97.87938744854182,2.0090811999029303,3.0,14.861171410761713,1.686751218986511,19.34716537208622,9.194339065127966
1,2026-07-25T04:43:28.999952Z,75.39342134728753,12.078749922753309,97.71658034063876,3.239258942337707,3.0,14.40777424271496,1.7078652806765557,19.01838322145506,9.60404356540968
1,2026-07-25T04:43:29.999951Z,75.3934595244768,12.078870226676143,97.575220676139,3.965894506496515,3.0,13.964261686880297,1.7185956466174792,17.426931562991836,9.971127608641432
1,2026-07-25T04:43:30.999951Z,75.3934947808346,12.078991979808094,97.67810728866607,4.302647133530023,3.0,13.909059118507393,1.7212230338640067,14.80769959294363,10.027000057419656
1,2026-07-25T04:43:31.999951Z,75.39351834197988,12.079116653386649,97.78160365484655,3.1828285958705678,3.0,13.881284192052744,1.7216809171947507,10.59247527799429,10.049866372019743
1,2026-07-25T04:43:32.999950Z,75.39353136806089,12.079240729114716,97.7761342311278,3.2378742260252107,3.0,13.750587363017356,1.700885203980816,6.119829628118208,10.022773609381975
1,2026-07-25T04:43:33.999950Z,75.39353799767399,12.079364480529588,97.51669301185757,2.000100118768915,3.0,13.695029928507354,1.7516112153855157,3.5852317280532446,10.3626207137317
1,2026-07-25T04:43:34.999950Z,75.39354279536428,12.079484263102675,97.3373721735552,2.000048632431808,3.0,13.291251751795405,1.7645675904194353,2.6573903742347347,10.756283056806215
1,2026-07-25T04:43:35.999949Z,75.39355365182534,12.079601438581696,96.93646225705743,3.606261221726158,3.0,12.951566905242714,1.7249843109799516,5.086170609472802,10.790250177214554
1,2026-07-25T04:43:36.999950Z,75.39357186898864,12.079717502273544,96.64059481024742,2.000011948403884,3.0,12.864099928209919,1.760752741761259,8.693886052912477,11.088176358850333
1,2026-07-25T04:43:37.999949Z,75.3935960530582,12.079831309786803,96.44361822679639,3.793639578128365,3.0,12.844238256952764,1.7418840058363732,12.034867892473534,10.987129805156592
1,2026-07-25T04:43:38.999950Z,75.39362844296143,12.079944086046735,95.75371333491057,3.9026628067649773,3.0,12.91276226677639,1.7521202850354967,15.515423195142823,10.987621955746125
1,2026-07-25T04:43:39.999949Z,75.39366644141992,12.080054032534607,94.96447528712451,4.209407703575357,3.0,12.753872905362819,1.738599731748684,18.51809159456239,11.031061663321038
1,2026-07-25T04:43:40.999949Z,75.39370388975473,12.080160710091711,94.24141073320061,3.9342678802810207,3.0,12.433610674436837,1.7713990869542497,19.73466403026628,11.531445245208708
1,2026-07-25T04:43:41.999949Z,75.39374219724381,12.080265359564542,93.60447435546666,3.8516596872775604,3.0,12.197793315398965,1.793764478339391,19.959208868976116,11.902049270452247
1,2026-07-25T04:43:42.999949Z,75.39378112329916,12.08036948526701,92.93379178084433,3.8085703144758942,3.0,12.224707958062234,1.7887286970703382,19.729923084875193,11.838805920006179
1,2026-07-25T04:43:43.999948Z,75.39381756261189,12.080477608476494,92.41429681610316,3.3413215824752664,3.0,12.413578439080682,1.761573671372307,18.064658122290002,11.485847101388394
1,2026-07-25T04:43:44.999949Z,75.39385286325259,12.080585841128372,91.63500005286187,2.000000193685781,3.0,12.6487301770196,1.753153439541115,17.109297906735346,11.211492590000375
1,2026-07-25T04:43:45.999948Z,75.39388625868361,12.080699660354094,90.87321797199547,2.0000001761081703,3.0,13.066066574597764,1.7522263227625237,15.792014408458733,10.84354541246453
1,2026-07-25T04:43:46.999948Z,75.39391022707161,12.08082000197291,90.29549131076783,2.000000156930452,3.0,13.475096026489734,1.7330830878079784,11.724081459544125,10.39899250372649
1,2026-07-25T04:43:47.999948Z,75.39392573180245,12.080945755678592,89.68741074483842,2.000000162581343,3.0,13.917935499909728,1.697211136221379,6.485576349474606,9.865151137951647
1,2026-07-25T04:43:48.999948Z,75.39393422992555,12.081074443639105,88.85426666680723,3.3435877500026936,3.0,14.257121220948324,1.7344726255503844,2.9973088983958975,9.842542777531147
1,2026-07-25T04:43:49.999948Z,75.39393195869589,12.081205277627388,88.02406649384648,3.590526082720244,3.0,14.56034887706184,1.7033035267051724,359.19879290749896,9.462114402009236
1,2026-07-25T04:43:50.999948Z,75.39392512814959,12.081338621666063,87.47536750510335,3.2306207121224277,3.0,14.720378177165882,0.3068727132196036,356.4931202475742,7.230805045883318
1,2026-07-25T04:43:51.999947Z,75.39391683032156,12.081471067708005,86.75342268589884,2.0000000133781994,3.0,14.671672639694734,0.30625487215514335,356.14592742398844,7.2108194318517365
1,2026-07-25T04:43:52.999947Z,75.39391550933104,12.08160103219483,85.06110554374754,1.9999999984886592,3.0,14.449711866253281,3.6134300666351873,357.73687861144003,20.031567858480166
1,2026-07-25T04:43:53.999946Z,75.39392325363612,12.081730072233656,84.89653025846928,3.6686758796122243,3.0,14.2497898969573,2.6998198119479637,1.875385608077994,15.311068807361536
1,2026-07-25T04:43:54.999947Z,75.39394367734208,12.081852623639298,84.01881296839565,3.675884819863229,3.0,13.877558456807703,2.701165896818125,7.147679012567996,15.718898352392783
1,2026-07-25T04:43:55.999947Z,75.39397733941216,12.08196995035743,83.28429929167032,3.3027580679875994,3.0,13.503290686154998,2.6926898892843836,13.51961499097709,16.111512644439784
1,2026-07-25T04:43:56.999946Z,75.39401402402278,12.082080560180202,82.99895157665014,2.0169756720617573,3.0,12.990704196932038,2.7065981741546694,17.537285011216785,16.861512030631392
1,2026-07-25T04:43:57.999950Z,75.39405852847922,12.082191390085226,82.80835288390517,2.008995598266365,3.0,13.095078766455122,2.701528945904081,19.774278762995806,16.70614771935296
1,2026-07-25T04:43:59.000226Z,75.3940956029666,12.082300605537103,82.76061053667217,2.0042120277117297,3.0,12.797004475698554,2.709658808136087,19.32794540660541,17.153252603168106
1,2026-07-25T04:44:00.000231Z,75.39414687025234,12.082411596911987,82.65519101638347,3.253555378594348,3.0,13.024779287891159,2.704733956471568,24.375115935941114,16.82394088347355
1,2026-07-25T04:44:01.000231Z,75.39419916816163,12.082523450275202,82.65763123799115,2.92280730888013,3.0,13.386648372558183,2.7051794184824747,25.672805358535,16.37334044474848
1,2026-07-25T04:44:02.000229Z,75.39424935187772,12.08263647148445,82.50550667569041,4.541829872930106,3.0,13.70702769568785,2.704445022248521,24.680694035314993,15.986222107016555
1,2026-07-25T04:44:03.000229Z,75.39428643563771,12.08275303389664,82.22339015081525,2.2361595628875475,3.0,13.722907968423211,2.7046231525282223,19.43828560556417,15.968671852840648
1,2026-07-25T04:44:04.000216Z,75.39432400299083,12.082867667640706,82.48808646760881,2.11446253816527,3.0,13.476182549590428,2.7029396261694694,17.859450651653678,16.252000838587882
1,2026-07-25T04:44:05.000209Z,75.39438158401352,12.082978764061448,82.37067402713001,2.055828313065308,3.0,13.654189558503184,2.7022738947927434,24.80693231796951,16.035341024510004
1,2026-07-25T04:44:06.000201Z,75.39445114721866,12.083084106268364,82.58701761905104,2.027047458290517,3.0,13.861231164834855,2.7022940857029942,30.697056218388195,15.796619014340008
1,2026-07-25T04:44:07.000189Z,75.39452928880662,12.083189825726283,82.72712740022689,2.0128136106600203,3.0,14.199019000201227,2.705576135227254,34.73088784621096,15.439565062655642
1,2026-07-25T04:44:08.000157Z,75.3946078437262,12.083293110178847,82.64650009945035,2.006066676256274,3.0,14.351396750447886,2.705012962153318,36.318911446098994,15.272573754608782
1,2026-07-25T04:44:09.000125Z,75.39469189756078,12.083399446198051,83.14072131086141,2.0027992022160945,3.0,14.628360561828337,2.6957709037077153,36.78290463333334,14.932045022026621
1,2026-07-25T04:44:10.000091Z,75.39477330343702,12.083506562152207,83.03054798673838,2.001291096021894,3.0,14.804902200237116,2.70132128422016,36.35442690028607,14.784508905185936
1,2026-07-25T04:44:11.000080Z,75.394854858164,12.08361504132052,83.72293104417622,2.0005881517519186,3.0,14.857223648168628,2.6919200687970304,35.99596709322081,14.675422951310157
1,2026-07-25T04:44:12.000070Z,75.39493171591761,12.083724081528205,84.55938441492617,2.0002688625059686,3.0,14.717207417288588,2.699817915770364,34.63413036452518,14.849171788144698
1,2026-07-25T04:44:13.000060Z,75.39500406848265,12.083833015815543,84.8770582024008,2.22197815479007,3.0,14.563428829561872,2.699284348789582,32.88636990692808,15.01031569660625
1,2026-07-25T04:44:14.000047Z,75.3950738440719,12.083942170942619,85.19731013383716,2.166942034166141,3.0,14.408148931473537,2.697454713698934,32.22059211967717,15.164009346371683
1,2026-07-25T04:44:15.000034Z,75.39514743618705,12.084052941100321,85.6456728503108,2.0770042253277343,3.0,14.453712788615071,2.6994429338538817,32.475894451136774,15.12703962286385
1,2026-07-25T04:44:16.000024Z,75.39521986023823,12.08416173789033,86.2915539033711,2.3058538378255173,3.0,14.385524182667158,2.6991025410519094,32.81751651675187,15.193735322072747
1,2026-07-25T04:44:17.000011Z,75.39528957720893,12.084271110207483,86.77243626210839,2.49800190901595,3.0,14.2948853650009,2.7016903126857987,32.158607484240825,15.304303194256033
1,2026-07-25T04:44:18.000000Z,75.39535739598512,12.0843805511454,87.14367517922074,2.355284689695906,3.0,14.21446758602817,2.699942179138342,31.316737125009098,15.383911924038397
1,2026-07-25T04:44:18.999990Z,75.39542320604104,12.084484146228945,87.65098163299263,3.8621509464327115,3.0,13.73655211435644,2.6993302135314283,31.195538529234163,15.91354539478906
1,2026-07-25T04:44:19.999981Z,75.39548478535208,12.084586103455027,88.02745539788157,4.013569005328507,3.0,13.263480262123203,2.701879772547322,30.516431134097473,16.49681084013925
1,2026-07-25T04:44:20.999972Z,75.3955443070513,12.08468376598496,88.38296520523727,4.211646114893168,3.0,12.78242393731755,2.6951409841867404,30.561701080999462,17.07628461687032
1,2026-07-25T04:44:21.999964Z,75.39560037576086,12.084779397152834,88.61497448757291,4.186544436103259,3.0,12.338582855341455,2.700916737870148,29.957016272194625,17.729877390532724
1,2026-07-25T04:44:22.999956Z,75.39565303303047,12.08487092314341,88.88921139761806,4.068203265062647,3.0,11.85131617904913,2.6921607687568057,29.337493865087655,18.400584048332885
1,2026-07-25T04:44:23.999948Z,75.39570027151701,12.084956763743492,89.16354928072542,3.7805787998173086,3.0,11.003213406434325,2.7053608729804464,28.683266267950298,19.914437673644784
1,2026-07-25T04:44:24.999942Z,75.39574299379518,12.085032605554808,89.38548829033971,4.191620755759123,3.0,9.91838003280872,2.7004285269247683,28.94437806674426,22.056126627300415
1,2026-07-25T04:44:25.999935Z,75.3957812162398,12.085102284239737,89.51174818072468,4.2607783350404205,3.0,8.960194276874663,2.705127706229474,28.412061445649584,24.45710300556682
1,2026-07-25T04:44:26.999928Z,75.39581635706516,12.085166005723343,89.97245443426073,4.290193589080333,3.0,8.2560248214266,2.7001593086743494,28.166065064033702,26.48936138727174
1,2026-07-25T04:44:27.999924Z,75.39584416364362,12.085226957220597,90.3044495685026,3.736431230238632,3.0,7.577780560320267,2.703681310050194,25.13629156995413,28.89067024859415
1,2026-07-25T04:44:28.999916Z,75.39586712077994,12.085279951010056,90.75354762747884,2.000923166310472,3.0,6.590326238562301,2.7059976333117604,23.44688757396325,33.22323613387417
1,2026-07-25T04:44:29.999911Z,75.39588077724567,12.085312755779043,90.93006307072937,2.0006923740098057,3.0,4.581075217538053,2.6995497394495223,22.709862816566208,47.59773906075884
1,2026-07-25T04:44:30.999906Z,75.39589005138465,12.085330484452962,91.19506413768977,2.000553894172998,3.0,2.6858918856791827,2.7060543730283855,24.25824798721577,80.40291483809938
1,2026-07-25T04:44:31.999902Z,75.39589174374333,12.085334502982006,91.41710077039897,2.0214517119671793,3.0,0.8970381115924781,3.766340942216605,28.270875930786133,180.0
1,2026-07-25T04:44:32.999896Z,75.395891648625,12.085335811875659,91.55968474969268,2.0537890170596924,3.0,0.24900116920454063,4.029826993894182,28.270875930786133,180.0
1,2026-07-25T04:44:33.999894Z,75.39589187754764,12.08534474229556,91.62204810138792,2.1724548495551157,3.0,0.47548522123432446,4.033801116764958,28.270875930786133,180.0
1,2026-07-25T04:44:34.999887Z,75.39589019133194,12.085344382631044,91.60581980552524,2.1532931987004216,3.0,0.35870027542445115,4.046648115803472,28.270875930786133,180.0
1,2026-07-25T04:44:35.999884Z,75.39588874617276,12.085348225002901,91.66372196841985,2.137963877703024,3.0,0.3851292996231002,3.7474568665763863,28.270875930786133,180.0
1,2026-07-25T04:44:36.999879Z,75.39588639913988,12.085342591524284,91.44031222257763,2.1800427577753996,3.0,0.11952330305856511,3.711745705269854,28.270875930786133,180.0
1,2026-07-25T04:44:37.999875Z,75.39588434584694,12.085342671943915,91.29630875959992,2.2304783715215066,3.0,0.04204838963953436,3.727111331526297,28.270875930786133,180.0
1,2026-07-25T04:44:38.999871Z,75.39588348918232,12.085341744911593,91.25162837002426,2.247518933364775,3.0,0.02474613448971094,3.721062660763528,28.270875930786133,180.0
1,2026-07-25T04:44:39.999868Z,75.39588230216967,12.085342667940358,91.20008928142488,2.234510985372042,3.0,0.022547441626828906,3.7205582505501478,28.270875930786133,180.0
1,2026-07-25T04:44:40.999865Z,75.39588164472211,12.085342830338822,91.09586347267032,2.2188769196823914,3.0,0.026430665177450557,3.718698424171292,28.270875930786133,180.0
1,2026-07-25T04:44:41.999862Z,75.39588098383767,12.08534278420201,91.13449742179364,2.233650527365536,3.0,0.0,3.719517929973605,28.270875930786133,180.0
1,2026-07-25T04:44:42.999858Z,75.39588082948443,12.085341938952775,90.9844258474186,2.2732041905768576,3.0,0.01573604873933949,3.718150163490114,28.270875930786133,180.0
1,2026-07-25T04:44:43.999855Z,75.39587988490842,12.085341517208205,90.91265497542918,2.322614657391718,3.0,0.031409694637272736,3.739051667657831,28.270875930786133,180.0
1,2026-07-25T04:44:44.999852Z,75.39587847169814,12.08534129536006,90.81856066267937,2.3111930055991743,3.0,0.0342732098757719,3.7050212156939453,28.270875930786133,180.0
1,2026-07-25T04:44:45.999850Z,75.39587802980091,12.085342920341775,90.6852738596499,2.2960040720375545,3.0,0.06341216498182653,3.7138882153031685,28.270875930786133,180.0
1,2026-07-25T04:44:46.999848Z,75.39587850502686,12.08534276488687,90.67366423271596,2.2862964928387246,3.0,0.042615434774055445,3.7131447043294084,28.270875930786133,180.0
1,2026-07-25T04:44:47.999845Z,75.39587820926029,12.085341696769753,90.63499293383211,2.271981668161486,3.0,0.04488669509983649,3.709847355950374,28.270875930786133,180.0
1,2026-07-25T04:44:48.999844Z,75.39587800649527,12.085339236832734,90.7987560024485,2.258382584728615,3.0,0.026723243550692694,3.719083007658325,28.270875930786133,180.0
1,2026-07-25T04:44:49.999840Z,75.39587723395863,12.085337593003421,90.75580925028771,2.2454634554806625,3.0,0.02474290925210832,3.721002777406863,28.270875930786133,180.0
1,2026-07-25T04:44:50.999837Z,75.39587667366276,12.085336721166735,90.7588010057807,2.2693422023238172,3.0,0.026738147346501092,3.7033546689966377,28.270875930786133,180.0
1,2026-07-25T04:44:51.999836Z,75.39587732928214,12.085339631863706,90.79159136023372,2.255875092181488,3.0,0.30767121360552285,3.716332050035894,28.270875930786133,180.0
1,2026-07-25T04:44:52.999835Z,75.39588034342758,12.085346102933102,90.8460063347593,2.2430813375835337,3.0,0.7895148279211662,3.71533230390499,28.270875930786133,180.0
1,2026-07-25T04:44:53.999831Z,75.3958872399024,12.085357091301914,90.91394112631679,2.2309272717552666,3.0,1.4788676335184756,3.716499200855602,28.270875930786133,180.0
1,2026-07-25T04:44:54.999828Z,75.39589811631183,12.085376139632361,90.77424213569611,2.2193809088841294,3.0,2.2937462363395804,2.581158732852338,28.270875930786133,91.06352916289278
1,2026-07-25T04:44:55.999831Z,75.39591454867548,12.085399692228659,90.84076027665287,2.2084118650803375,3.0,3.141105590899802,2.4475137147910684,31.534611054086476,63.12250665411667
1,2026-07-25T04:44:56.999825Z,75.39593210681278,12.08542899262388,90.9260965725407,2.1979912734875007,3.0,3.627202030430962,2.372277113261884,30.90056094652413,52.88677338101573
1,2026-07-25T04:44:57.999824Z,75.39594900374816,12.085455199242771,91.0380818201229,2.1890892043827823,3.0,3.5385490888318127,2.406813315491878,30.710323401815486,55.105954774306014
1,2026-07-25T04:44:58.999824Z,75.39596781644276,12.085487628265849,91.49197269324213,3.752665652502115,3.0,4.092441063160238,2.3372342464615232,29.868105862969273,45.693885368024105
1,2026-07-25T04:44:59.999819Z,75.39598945821783,12.08552653000349,91.86654243059456,4.271461618414137,3.0,4.73906510823231,2.2572747254781955,28.90537547365444,37.681480452311746
1,2026-07-25T04:45:00.999820Z,75.39601202852903,12.085565415075584,92.25097369402647,4.888064847302682,3.0,5.232225303822084,2.2115051346153565,28.02897153954596,33.02308004893227
1,2026-07-25T04:45:01.999816Z,75.39603634764154,12.085604971046521,92.69245441351086,5.654005756391959,3.0,5.587471971588984,2.1697435636273803,27.67104471333064,30.703069866493564
1,2026-07-25T04:45:02.999814Z,75.39606177135819,12.08565340627554,93.12016169819981,6.13360754276144,3.0,6.042621050773298,2.1133233721728115,27.411812943247444,27.59180464333959
1,2026-07-25T04:45:03.999817Z,75.39608125049666,12.085711660312297,93.20420633628964,5.5423846365663145,3.0,6.189790546404344,2.101335082267549,25.271965440974974,26.878284469466077
1,2026-07-25T04:45:04.999811Z,75.39610371721315,12.085757399904475,93.54623275622725,5.791784699552806,3.0,5.986780436115987,2.1292489901377363,25.981400859552146,27.84284832785745
1,2026-07-25T04:45:05.999811Z,75.39613386731085,12.085811647719982,93.73076448775828,6.40140345972471,3.0,6.265254148168088,2.1017617912642113,27.314696612679988,26.332461759563238
1,2026-07-25T04:45:06.999808Z,75.3961652304173,12.085885662323713,94.29769446328282,5.682144278845777,3.0,7.040110162390594,2.0308735772177586,26.00987816387076,22.65251930418775
1,2026-07-25T04:45:07.999806Z,75.39619277439978,12.085944974864118,94.82065618317574,5.351150576527972,3.0,7.269909161039693,2.0149216587323786,25.769901653083384,21.492467794355864
1,2026-07-25T04:45:08.999804Z,75.39622219408987,12.08600541470454,94.93760642409325,5.1515139001995225,3.0,7.5085047005589916,1.9720224056291855,25.911762687662833,20.658195467204774
1,2026-07-25T04:45:09.999804Z,75.39625238691144,12.08606579328248,95.52085542306304,5.033814616997653,3.0,7.692747156505345,1.984807116173807,26.113985911185182,20.59545456090958
1,2026-07-25T04:45:10.999802Z,75.39628597300155,12.08613065003328,95.80885517410934,5.024845991428343,3.0,8.043230323751953,1.9646772768405922,26.282404874607494,19.518097022398006
1,2026-07-25T04:45:11.999802Z,75.39632139745976,12.086202744315925,95.60859454702586,4.820474008984842,3.0,8.541422266796651,1.9459325656062305,26.238187557402398,18.35720629103897
1,2026-07-25T04:45:12.999799Z,75.39635856033857,12.086278474905063,95.51794078201056,5.0523753380057554,3.0,8.953133637158258,1.910520284948315,26.330276635954256,17.150383783317512
1,2026-07-25T04:45:13.999797Z,75.39639626504479,12.086357369501663,95.51976992283016,4.9714725554914585,3.0,9.199476374200758,1.8935454044904374,26.119559853927733,16.57028871306404
1,2026-07-25T04:45:14.999796Z,75.3964335173292,12.086432862830897,95.83902902342379,5.000803851227827,3.0,9.250364576499846,1.8914467454114745,25.99104005259233,16.49107148979844
1,2026-07-25T04:45:15.999794Z,75.39647144204899,12.0865095067342,96.37048760429025,5.041361820782657,3.0,9.29767074684622,1.8856902158337128,25.558878952426603,16.296454169410676
1,2026-07-25T04:45:16.999793Z,75.39651068910383,12.086585704431617,96.74395733885467,5.240591933482863,3.0,9.327223200224088,1.895873036199754,25.11716286772297,16.302607247879315
1,2026-07-25T04:45:17.999791Z,75.39654885533142,12.086662937450166,97.14219013508409,5.276313329976022,3.0,9.375123989413272,1.8669417886036297,24.923141770368975,15.861847136013536
1,2026-07-25T04:45:18.999791Z,75.39658494604683,12.086740080888838,97.63613665103912,5.102819943442935,3.0,9.30882755051583,1.906161282428093,24.612599946761367,16.317285575436788
1,2026-07-25T04:45:19.999789Z,75.39662014588211,12.08681867729908,97.98896676395088,4.7643179145164805,3.0,9.342534807776618,1.883614144715739,24.28836254237869,15.94907908855918
1,2026-07-25T04:45:20.999788Z,75.39665620100736,12.086896549388339,98.36164929904044,4.550416149487897,3.0,9.476947981002926,1.8804977673993657,23.89737356740273,15.929602596137647
1,2026-07-25T04:45:21.999786Z,75.39669521633967,12.086975621531044,98.96496679913253,4.580837023185581,3.0,9.662511440601403,1.871281017053939,24.780114937803212,15.483065729612203
1,2026-07-25T04:45:22.999785Z,75.39673495134056,12.087054801952155,99.61196434963495,5.050079760281625,3.0,9.755239096325129,1.8692338289514387,25.35426205280046,15.156514082889425
1,2026-07-25T04:45:23.999783Z,75.39677252056072,12.087135662499145,100.0856970762834,5.520158447541719,3.0,9.749709966317669,1.8637513808581798,24.65581398052995,15.211594447292098
1,2026-07-25T04:45:24.999782Z,75.39680755695521,12.087215059844011,100.74371264129877,5.726498468749772,3.0,9.607821659378654,1.876900841060317,23.59586596279974,15.336388429285252
1,2026-07-25T04:45:25.999781Z,75.39684065978827,12.087295000730611,101.29674616176635,5.704382169459392,3.0,9.510786958153007,1.8785788220394126,22.840976040388522,15.415364026147321
1,2026-07-25T04:45:26.999780Z,75.39687099474284,12.087376402736568,101.78545510582626,5.888215822737984,3.0,9.512284832046804,1.877852538357048,21.383243292763655,15.660742212499532
1,2026-07-25T04:45:27.999779Z,75.39689835910066,12.087456202654614,102.37599388603121,5.971242111477012,3.0,9.243760239854751,1.904294274509883,19.913798481728698,16.130310175148413
1,2026-07-25T04:45:28.999778Z,75.39692263579599,12.087533064704232,102.92149053048342,5.825281877064099,3.0,8.985843454609467,1.903966382979994,18.591743765678608,16.719017268810966
1,2026-07-25T04:45:29.999776Z,75.39694347330425,12.08761113190534,103.5058209951967,5.4551574193520045,3.0,8.90243921614838,1.9061612208515186,16.79771205557517,16.84661160907352
1,2026-07-25T04:45:30.999774Z,75.39696446392045,12.087689568800405,103.94740500673652,5.01281611958312,3.0,8.846171169609375,1.9120790892884667,15.974850839771484,16.994953976117987
1,2026-07-25T04:45:31.999773Z,75.39698467736127,12.087767763845507,104.47621626965702,4.8831572821404725,3.0,8.82288060928159,1.90912748535432,15.233934952120995,17.10574096042035
1,2026-07-25T04:45:32.999773Z,75.39700401712057,12.087845994393458,104.850511145778,4.895706744949639,3.0,8.803404497639287,1.8936173345852698,14.246115300146439,16.929989273180418
1,2026-07-25T04:45:33.999770Z,75.39702209728472,12.087923458928161,105.37346819695085,4.81556202077359,3.0,8.677893658940366,1.9182165954017114,13.87144691114886,17.329994457043732
1,2026-07-25T04:45:34.999770Z,75.39703769601256,12.087995070772719,105.7546412749216,4.617454499253308,3.0,7.937754099032779,1.9718082072323961,13.61667981134526,19.240622206427812
1,2026-07-25T04:45:35.999769Z,75.39705437836442,12.088063694325749,106.03893204778433,4.620468712290148,3.0,7.646215994317629,1.9748404174538616,13.736201298169792,20.172376246362365
1,2026-07-25T04:45:36.999767Z,75.39707040263445,12.088129098437502,106.72411065548658,4.637190296579695,3.0,7.576088311025126,2.0016237414082125,13.840877685999729,20.469714456428605
1,2026-07-25T04:45:37.999766Z,75.39708446993988,12.088198756815018,107.15222325641662,4.3215270364162635,3.0,7.608002275534709,2.001334897134602,13.144107985579346,20.505070383947288
1,2026-07-25T04:45:38.999765Z,75.39709554982768,12.088265916523275,107.48017073888332,3.741136005291628,3.0,7.538601088370176,1.994828916315184,12.243252716628746,20.44264614894198
1,2026-07-25T04:45:39.999764Z,75.39710872517693,12.088329628974371,107.66175970155746,3.4911134437736444,3.0,7.36526470897767,2.003595267818866,12.148295285713232,21.093207115536323
1,2026-07-25T04:45:40.999762Z,75.39712688566871,12.088398819269248,108.08871003985405,3.6532810545587133,3.0,7.498189140444073,1.9980918566538017,12.9822133094556,20.92774684019402
1,2026-07-25T04:45:41.999760Z,75.39714489653234,12.088468052251791,108.5380874350667,3.797661333433172,3.0,7.6295386195690185,1.9847289803128276,13.803797500791312,20.510671349600248
1,2026-07-25T04:45:42.999759Z,75.39716340916888,12.088535677060227,109.04478176403791,3.922122221843769,3.0,7.6540435767681725,1.9729363278525944,14.731636741492348,20.13411108846686
1,2026-07-25T04:45:43.999758Z,75.39718326836866,12.088603336523096,109.40704802703112,4.154287400598831,3.0,7.687124585194647,1.9825045282005318,15.602525656813809,20.21168607773203
1,2026-07-25T04:45:44.999757Z,75.39720331572596,12.088671626892351,109.85852315556258,4.399315305480332,3.0,7.772867659902307,1.951637710448259,16.28454171179043,19.638563084054017
1,2026-07-25T04:45:45.999756Z,75.39722604552341,12.088739019371644,110.20601936802268,4.967226750471648,3.0,7.811436487619928,1.9706807283912031,17.502721367303888,19.785978724826347
1,2026-07-25T04:45:46.999754Z,75.39725027282009,12.088805690974768,110.47642089240253,4.547797580741228,3.0,7.858709270815112,1.9710058203933372,18.569286638139975,20.198122473314267
1,2026-07-25T04:45:47.999753Z,75.39727244880854,12.08887209739955,110.61604896560311,4.457249364342796,3.0,7.834003194444582,2.940082182255854,18.27959276551164,30.406474746939494
1,2026-07-25T04:45:48.999752Z,75.39729500248572,12.088939437567802,111.48947243578732,4.372554739908112,3.0,7.786801421542416,2.7020384885954343,18.959380639679228,28.056291573157313
1,2026-07-25T04:45:49.999751Z,75.3973190009495,12.089008206231803,112.10393304470927,4.174605531901863,3.0,7.929898799954813,2.7000087410252607,19.766166569934384,27.529144530397847
1,2026-07-25T04:45:50.999750Z,75.397342761439,12.08907497194364,112.52900033909827,3.539337320407872,3.0,7.89977790035305,2.6966129150943408,20.522908764558263,27.598733155895914
1,2026-07-25T04:45:51.999748Z,75.39736825314756,12.089137817007167,113.17837226204574,2.193328608729261,3.0,7.746256253179138,2.695091981933446,22.691658450330717,28.106194176333215
1,2026-07-25T04:45:52.999748Z,75.39739804371119,12.08920237493333,113.27613116148859,2.269818658384905,3.0,7.753334019535571,2.7007003180907128,25.175419980342248,28.16493927363079
1,2026-07-25T04:45:53.999746Z,75.39743015680192,12.089265118475991,113.83753073960543,2.277913128726665,3.0,7.760887547557787,2.701657314462609,27.975032505013115,28.14504223338654
1,2026-07-25T04:45:54.999745Z,75.39746662525124,12.08932682119893,114.52692349813879,2.3405340450697882,3.0,7.862923534678899,2.6982475985070047,30.85034742468114,27.741461208875954
1,2026-07-25T04:45:55.999744Z,75.39750521999427,12.089383868929628,115.36962958797812,2.363686910789582,3.0,7.8314485489872645,2.6885488992695152,34.27693441461296,27.735037842028994
1,2026-07-25T04:45:56.999742Z,75.39754999428976,12.089438062516793,116.19978664908558,2.5882036138842888,3.0,7.832547912619297,2.6920861354866275,38.1450864886652,27.720777507935182
1,2026-07-25T04:45:57.999741Z,75.39759611611454,12.0894874085373,116.779037903063,2.40816713041925,3.0,7.680643237639978,2.6940605258705665,41.55280880991311,28.300926754935407
1,2026-07-25T04:45:58.999740Z,75.39764370200623,12.089535541402721,117.2999202683568,2.284389905778402,3.0,7.606580110920775,2.6954692014148147,43.9437235833146,28.60797772595774
1,2026-07-25T04:45:59.999739Z,75.39769560388638,12.089585550241814,117.91446841973811,2.188018124001329,3.0,7.761703798396181,2.6938483599366316,45.46742046906419,28.01577200606384
1,2026-07-25T04:46:00.999738Z,75.3977512940629,12.089631326915434,118.34710361715406,2.2260745804719044,3.0,7.910577400905009,2.695089767804554,48.736669364284275,27.536308254887068
1,2026-07-25T04:46:01.999736Z,75.39780985631063,12.089678995564134,118.64593774918467,2.219893822061382,3.0,8.166056032119101,2.7005218621851674,52.04120024694687,26.74242103496184
1,2026-07-25T04:46:02.999735Z,75.39786949900511,12.089726797605218,119.25596869364381,2.1482091664728364,3.0,8.413429847255914,2.6970886935177565,50.90241092461816,25.933140011965246
1,2026-07-25T04:46:03.999735Z,75.39792896845886,12.08977507721222,119.63572585303336,2.0989116492009634,3.0,8.51430579135801,2.69550632665539,49.70550521336,25.62559929526342
1,2026-07-25T04:46:05.000125Z,75.39798714741808,12.089826905108772,119.94531015586108,2.065602610505631,3.0,8.621696165360442,2.693937710344224,48.13141871753213,25.302071841859696
1,2026-07-25T04:46:06.000128Z,75.39804445225752,12.089883689377775,120.15879653021693,2.0540302189923874,3.0,8.83883016267243,2.6953866729640934,45.768578670710276,24.696539288600864
1,2026-07-25T04:46:07.000127Z,75.39810175823523,12.089942742201364,120.36027294024825,2.2317715282106443,3.0,9.079642606195469,2.7020062244167518,44.29407133931265,24.10261915234374
1,2026-07-25T04:46:08.000127Z,75.3981614416964,12.090006496122024,120.4291294561699,2.139805662695867,3.0,9.463421986461295,2.7062061908789605,42.990269375766026,23.169129292886268
1,2026-07-25T04:46:09.000125Z,75.39822432976644,12.090071558225715,120.5409378260374,2.091746506430204,3.0,9.862570004386273,2.7017241790945206,43.04800024693701,22.193931518275807
1,2026-07-25T04:46:10.000117Z,75.3982897628147,12.090139862045685,120.78782661724836,2.0558212170602173,3.0,10.268246254373985,2.7073445621140326,42.823061383324486,21.362149174798088
1,2026-07-25T04:46:11.000110Z,75.39835530457103,12.090212859534496,120.98177592642605,2.0310478515539625,3.0,10.645318333053227,2.702181471848899,41.42277369816265,20.565362490534344
1,2026-07-25T04:46:12.000102Z,75.39841675035842,12.090287382267979,121.5528945652768,2.017952906143026,3.0,10.544964176853943,2.6993359639290744,39.28120702762286,20.72929928944355
1,2026-07-25T04:46:13.000091Z,75.39846860705968,12.090362735378328,121.80298687890172,2.0986237053262338,3.0,10.270541146539639,2.7002237567756113,35.19550588144596,21.28490150983081
1,2026-07-25T04:46:14.000081Z,75.39851456918994,12.090444859166013,122.09957831352949,2.280711052058652,3.0,10.212327430829756,2.6976091433230556,30.900094101286744,21.38586930373241
1,2026-07-25T04:46:15.000070Z,75.3985514119148,12.090526535540867,122.84229615982622,2.407053251212121,3.0,9.921559981150773,2.7011439140504017,26.458478347965045,22.023084737867777
1,2026-07-25T04:46:16.000057Z,75.39858443105338,12.090606410806041,123.65755758434534,2.243316321288462,3.0,9.561430660602925,2.692257969541245,23.70532082564,22.760976182577977
1,2026-07-25T04:46:17.000049Z,75.39861452687681,12.0906836109152,124.15866237040609,2.357863882221307,3.0,9.167591844873554,2.688980496657913,21.881235166611344,23.71368454487755
1,2026-07-25T04:46:18.000041Z,75.39864147348722,12.090757374277343,124.60956031829119,2.212253012290845,3.0,8.751111958103143,2.6904593020180094,20.4295135344355,24.86821981187445
1,2026-07-25T04:46:19.000029Z,75.39866489297515,12.090828498329813,125.44007081631571,2.1280752797848366,3.0,8.341686293601732,2.684920856424193,19.35335450943771,26.01037320210916
1,2026-07-25T04:46:20.000015Z,75.39868676547982,12.090896173592645,126.09256756585091,2.0859305381349897,3.0,7.967575665574996,1.9428607003932978,18.645296551445085,19.327696770276145
1,2026-07-25T04:46:21.000003Z,75.39871164054274,12.090961086843427,126.38817416317761,2.2163197450319236,3.0,7.656968812721387,1.9865240669080175,19.666841517686247,20.203122377853198
1,2026-07-25T04:46:21.999991Z,75.39873996483527,12.091025123226263,126.50756476074457,2.1870390630920387,3.0,7.563641952426893,1.997982462494129,21.337001557321205,20.948318209720536
1,2026-07-25T04:46:22.999980Z,75.39876969691177,12.091088414722664,126.40285515040159,2.132518549255785,3.0,7.6758334516284075,1.9739575701705756,23.15667008121459,20.83420621929438
1,2026-07-25T04:46:23.999969Z,75.3988021855805,12.091152593531113,126.45696705486625,2.180544975647027,3.0,7.867326431487915,1.9725993045373154,24.677946168063624,20.316510299499125
1,2026-07-25T04:46:24.999959Z,75.39883650735858,12.091218105055354,126.51323826238513,2.1226925835032624,3.0,8.058399016042454,1.9611986426584453,26.127855299645454,19.711467848769676
1,2026-07-25T04:46:25.999949Z,75.39887326824493,12.09128345209336,126.64740301761776,2.082925087503518,3.0,8.238229325438281,1.9313792660314706,27.823813531052803,18.995219929380422
1,2026-07-25T04:46:26.999940Z,75.39891375939578,12.091350797813082,126.57842208072543,2.052528961026282,3.0,8.472072008339932,1.9543439845358301,29.40826972387869,18.689351469643256
1,2026-07-25T04:46:27.999931Z,75.39895588828232,12.091418921513556,126.61869429331273,2.0360729693371606,3.0,8.680444967214548,1.9256749622195948,30.450688884576344,17.964265019940463
1,2026-07-25T04:46:28.999923Z,75.39899969833438,12.091489058331037,126.5426582461223,2.0233665112818735,3.0,8.926429883469712,1.909766187014567,31.254669159373147,17.32522849715282
1,2026-07-25T04:46:29.999915Z,75.39904438919751,12.091559744376113,126.49388612620533,2.0142747580804463,3.0,9.137843382746343,1.901142300134786,31.743367189745406,16.854951125206426
1,2026-07-25T04:46:30.999908Z,75.39908998402665,12.091632092879506,126.45469684712589,2.0090566798619784,3.0,9.340811979104185,1.870930660413823,31.84398794472155,16.219164902861603
1,2026-07-25T04:46:31.999900Z,75.39913634389266,12.091705609863054,126.38311310950667,2.0060031575320045,3.0,9.535421653415542,1.8766405272144728,31.92838038712298,15.937971320101102
1,2026-07-25T04:46:32.999893Z,75.39918385338144,12.091781019950728,126.57007245253772,2.0035232303252646,3.0,9.767176050656584,1.8385100362196218,32.1286624388789,15.213903139695748
1,2026-07-25T04:46:33.999887Z,75.39923155152903,12.091857186484544,126.8295299904421,2.002031761866207,3.0,9.890865214758891,1.8623391225276993,32.08536568204289,15.129891878412764
1,2026-07-25T04:46:34.999880Z,75.39927937100408,12.091934140116212,127.09942892659456,2.0188546216771015,3.0,9.950597641438419,1.8551556991155131,31.90797716669754,14.994528860341918
1,2026-07-25T04:46:35.999875Z,75.39932646520175,12.092011596195878,127.42077712900937,2.0107884939468503,3.0,9.963526440070114,1.8450079222137146,31.55149905580431,14.865487786280141
1,2026-07-25T04:46:36.999868Z,75.3993747644708,12.092087797458555,127.85588238481432,2.006171198805193,3.0,9.947568211723533,1.8627133453255527,31.846741414048164,14.989611946677732
1,2026-07-25T04:46:37.999862Z,75.3994240712338,12.0921620430455,128.2174976747483,2.003544460977267,3.0,9.873531088674403,1.8526736955731122,32.56343994737743,15.074753486543756
1,2026-07-25T04:46:38.999857Z,75.3994759327375,12.092235331452803,128.66312684305012,2.0019529359802535,3.0,9.865479152073803,1.8490710123093754,33.68230423358544,15.039364231797311
1,2026-07-25T04:46:39.999852Z,75.39953013288883,12.092305849571195,129.0404720818624,2.0011699616899086,3.0,9.829097097269452,1.8796072243961326,35.328525543380856,15.435912489335449
1,2026-07-25T04:46:40.999848Z,75.39958783606187,12.092378335930995,129.3693988090381,2.0006414282682337,3.0,9.979855698844721,1.840813905576565,36.79216438774717,14.865008202203281
1,2026-07-25T04:46:41.999843Z,75.39964712572761,12.092450760145777,129.55788419395685,2.000363471363102,3.0,10.136812784599286,1.8475139384592474,37.766034767794224,14.675952040041029
1,2026-07-25T04:46:42.999838Z,75.39970754168998,12.0925229652159,129.7586927022785,2.0002064569549285,3.0,10.285258596330994,1.8154953045634572,38.38506923455603,14.222419367236512
1,2026-07-25T04:46:43.999833Z,75.39976691832344,12.09259661920388,130.0195320630446,2.0001212653804705,3.0,10.383685306484542,1.8102649683968755,38.21284290708259,14.054411225675182
1,2026-07-25T04:46:44.999829Z,75.399826546425,12.092672546648,130.23383988346905,2.0000680573546155,3.0,10.53996478685724,1.807094914361244,37.72437810037365,13.807835003015867
1,2026-07-25T04:46:45.999824Z,75.39988391050211,12.092746545733963,130.3338068993762,2.0000380736762304,3.0,10.265869853002599,1.8646280974331968,37.333827956609376,14.631819948597343
1,2026-07-25T04:46:46.999820Z,75.39993790666549,12.092817289301856,130.59026419278234,2.0000215703271564,3.0,9.763176696086985,1.8808264283984661,36.89951069331171,15.505794915627934
1,2026-07-25T04:46:47.999817Z,75.39998474211387,12.092878431153727,130.81970167998224,2.0000125425266866,3.0,8.55260873956891,1.9356039574240436,36.721110862837904,18.1866733837444
1,2026-07-25T04:46:48.999813Z,75.40002318663988,12.092928866713336,130.98807293269783,2.045600738973588,3.0,7.019628371076011,2.0166402860672874,36.73162381423607,23.120244954626703
1,2026-07-25T04:46:49.999809Z,75.40005221222692,12.092968236344413,131.09960044082254,2.0317318245034284,3.0,5.511300403414166,3.5035181219151155,36.269608847624276,51.50858367727468
1,2026-07-25T04:46:50.999805Z,75.40007117900814,12.092991844474726,131.36277703288943,2.0237988685705037,3.0,3.806104536998417,2.713738552973392,37.4501356955892,57.73805507583538
1,2026-07-25T04:46:51.999801Z,75.40007832076014,12.09300072367363,131.4793810164556,2.019039092885882,3.0,1.9155003417594432,2.698166684913766,38.616580963134766,114.1292661392607
1,2026-07-25T04:46:52.999798Z,75.40007563701522,12.092997195482242,131.62077862489969,2.0158659001458394,3.0,0.1311282408301232,4.048165962025536,38.616580963134766,180.0
1,2026-07-25T04:46:53.999795Z,75.4000753597841,12.092997346912531,131.59562161844224,2.0135993430040564,3.0,0.11390236174826578,4.072457637707306,38.616580963134766,180.0
1,2026-07-25T04:46:54.999791Z,75.4000747126047,12.092996978325123,131.5536686424166,2.0118994249742888,3.0,0.06436692363670127,4.063285874838067,38.616580963134766,180.0
1,2026-07-25T04:46:55.999788Z,75.4000777043499,12.093000339038719,131.5234819808975,2.099648629263255,3.0,0.587954430577465,4.058882539438959,38.616580963134766,180.0
1,2026-07-25T04:46:56.999785Z,75.40008774686876,12.093014731247669,131.4279004810378,2.1220579100725367,3.0,1.6556928543870106,4.0600509550265205,38.616580963134766,180.0
1,2026-07-25T04:46:57.999782Z,75.40010259621418,12.093034029467523,131.556904935278,2.112001900894757,3.0,2.4876193886667033,2.7837696994738605,38.616580963134766,90.53944561910329
1,2026-07-25T04:46:58.999779Z,75.40012388231808,12.093062567094005,131.6033877581358,2.120161778974045,3.0,3.5686998735973234,2.70028123482653,37.99200102547023,61.21571703694299
1,2026-07-25T04:46:59.999775Z,75.40014530719215,12.093093594960735,131.95177711639553,2.11091857947565,3.0,4.009560826783861,2.7003060647532675,36.38934552027348,54.56761601388062
1,2026-07-25T04:47:00.999773Z,75.40016659653008,12.093119224335327,132.2857776461169,2.102995822166678,3.0,3.8821363427536686,2.701259547233777,37.572156671114655,56.3576925085693
1,2026-07-25T04:47:01.999770Z,75.40019511955994,12.093154155584749,132.253626675345,2.0961294361555787,3.0,4.743453269433961,2.7008920650251267,38.51192708826061,46.130151959137926
1,2026-07-25T04:47:02.999767Z,75.40022947309919,12.093195379155476,132.21173771936446,2.0901213451307195,3.0,5.710500275707716,2.705330124263691,39.210314112061354,38.368031861305184
1,2026-07-25T04:47:03.999764Z,75.40027042785913,12.093243537247005,132.1305409995839,2.0848200955950356,3.0,6.720851369248064,2.7005197948675477,39.516494678016784,32.53939618426889
1,2026-07-25T04:47:04.999762Z,75.40031770256176,12.093290920180849,132.11415250226855,2.084958994661267,3.0,7.1359415651998495,2.701869736822301,41.56113130919422,30.658591579576317
1,2026-07-25T04:47:05.999758Z,75.40036623894117,12.093344818507974,131.92834939341992,2.1037555907265224,3.0,7.777935700774566,2.693870341849402,41.77379293119745,28.04947460732592
1,2026-07-25T04:47:06.999756Z,75.40042062270071,12.093405172402456,131.896750157699,2.0776932575887717,3.0,8.576765414216498,2.706847835785964,42.14533427845397,25.567591926855503
1,2026-07-25T04:47:07.999754Z,75.40047790784048,12.093471600000466,131.68331960681826,2.119165322096996,3.0,9.347516478400692,2.690977582394974,41.032172877364374,23.32177307365672
1,2026-07-25T04:47:08.999751Z,75.40053309477335,12.093545961169207,131.50731445103884,2.0742001968233104,3.0,9.961374151335132,2.7021136518352855,37.92952162285309,21.977835514361963
1,2026-07-25T04:47:09.999748Z,75.4005952472645,12.093623308879728,131.3983746888116,2.0443796255571214,3.0,10.617825837046603,2.704478173784052,38.57525535526433,20.6357508777374
1,2026-07-25T04:47:10.999746Z,75.40066701675906,12.093701612413893,131.01498865894973,2.0243918278383615,3.0,11.360044643878922,2.6942164296031446,41.64609742367787,19.209667429984734
1,2026-07-25T04:47:11.999743Z,75.4007480003667,12.093780134925625,130.78098733723164,2.012938182465826,3.0,11.99057719942806,2.700354310462335,44.78326478321199,18.243686100094898
1,2026-07-25T04:47:12.999741Z,75.40082917843377,12.093854196950208,130.69100655522197,2.0566051629371587,3.0,12.009401087954764,2.7021978532308086,46.89147340909603,18.230557040358807
1,2026-07-25T04:47:13.999738Z,75.40091635451077,12.093924810154435,130.95396107900888,2.029525044566506,3.0,12.220566577226045,2.7010734553593534,50.024133405256364,17.90932377557774
1,2026-07-25T04:47:14.999735Z,75.40101027371539,12.09399176831725,131.29397294670343,2.01522684757459,3.0,12.486383742798305,2.7000593926201817,52.658128179569275,17.518863501718695
1,2026-07-25T04:47:15.999733Z,75.4010969941051,12.09406546739359,131.7997631272301,2.007344100711064,3.0,12.469424231461316,2.698181961078167,50.26961128413846,17.52343321616739
1,2026-07-25T04:47:16.999731Z,75.4011844457409,12.094138252553137,132.0976893901825,2.003981052637842,3.0,12.459928854035812,2.702963695618457,50.56293754546964,17.5678954410919
1,2026-07-25T04:47:17.999728Z,75.40127543165138,12.094208722025906,132.48834277503192,2.002033301678151,3.0,12.513649152729155,2.6997148297701026,51.75388581602673,17.471376641612345
1,2026-07-25T04:47:18.999726Z,75.4013658386657,12.094279940779467,132.8846017131582,2.001037586381287,3.0,12.553671470868487,2.698880753485861,51.65422075824189,17.409309490642293
1,2026-07-25T04:47:19.999724Z,75.40145598864858,12.094350133364411,133.4038910586387,2.000499980354855,3.0,12.54884434086425,2.69645765087923,51.811015552327554,17.39709720770696
1,2026-07-25T04:47:20.999721Z,75.40154799956626,12.094418554665964,133.80832366086543,2.000270389808143,3.0,12.573706429573015,2.697559892468801,52.893242073044846,17.371548337719336
1,2026-07-25T04:47:21.999719Z,75.40164033701373,12.094487607842268,134.0199825745076,2.0001380331839935,3.0,12.637680168683373,2.6955451733845734,52.87203802417457,17.27598097105065
1,2026-07-25T04:47:22.999717Z,75.40173058375615,12.094559646761466,134.2510454747826,2.164297692071854,3.0,12.715222031037088,2.7045896327047094,51.298848948396895,17.23008450801362
1,2026-07-25T04:47:23.999714Z,75.40181552874674,12.094641860952265,134.52116515114903,2.083093303427139,3.0,12.93222319336947,1.776207155046566,46.48492946892031,11.127683251318699
1,2026-07-25T04:47:24.999713Z,75.40189906209783,12.094729903611183,134.82608764991164,2.041428658481689,3.0,13.187626085371033,1.7667695233145502,43.49092304195991,10.853346079007796
1,2026-07-25T04:47:25.999710Z,75.40197924452188,12.094819497790732,135.16723674349487,2.0206128449356227,3.0,13.28131365510161,1.7549034877614138,41.60319873367936,10.703149707885972
1,2026-07-25T04:47:26.999708Z,75.4020577958728,12.09491175995274,135.76855315826833,2.010174479194174,3.0,13.3191625438725,1.7058536105807485,40.117921971569125,10.371116275401004
1,2026-07-25T04:47:27.999705Z,75.40213585695798,12.095004392516874,136.28906182013452,2.0047040165502623,3.0,13.304414262496817,1.737253139879123,39.96227893366745,10.575105117874863
1,2026-07-25T04:47:28.999703Z,75.40221269889481,12.095096720066229,136.81369488313794,2.0024639873436145,3.0,13.243882093250619,1.7431906070477834,39.37934791765418,10.657128264045435
1,2026-07-25T04:47:29.999700Z,75.40229035347205,12.095190356274067,137.31948869489133,2.001212181223656,3.0,13.28003718955048,1.7636298927498681,39.13383491634985,10.752067966111586
1,2026-07-25T04:47:30.999698Z,75.40236799952028,12.095284847146976,137.77398249600083,2.000594949055259,3.0,13.337985724293459,1.746449174243681,39.19907241113715,10.603688882665212
1,2026-07-25T04:47:31.999696Z,75.40244359843113,12.095379876975198,138.41436064057052,2.000292461395868,3.0,13.326841200531659,1.7336417533928064,38.45825744386213,10.529805928927335
1,2026-07-25T04:47:32.999694Z,75.4025191028815,12.095474426464719,138.9852633010596,2.0001438435939467,3.0,13.275066250481897,1.7181099067513064,38.2251299274716,10.473908902426045
1,2026-07-25T04:47:33.999692Z,75.40259200395384,12.095569730947629,139.750044753775,2.000071111601644,3.0,13.220146708054502,1.7371095751127976,37.48085615945397,10.633085636019265
1,2026-07-25T04:47:34.999690Z,75.40266376289574,12.09566272125217,140.44433339312673,2.000035427139591,3.0,13.017669360006172,1.7402946137969468,37.49488099393583,10.81581022527995
1,2026-07-25T04:47:35.999688Z,75.40273417160098,12.09575734861779,141.11302590928972,2.0000176969836776,3.0,12.935114726966527,1.7444039594437097,36.46687066607768,10.91196288909714
1,2026-07-25T04:47:36.999685Z,75.40280411841962,12.09585059299268,141.67577459290624,2.000008933583494,3.0,12.83534639107467,1.716061133676571,36.118046641829984,10.815148915520343
1,2026-07-25T04:47:37.999683Z,75.40287207949603,12.095943525124937,142.21869266591966,2.0000045717374166,3.0,12.719368758087471,1.7498670163564685,35.95757991264671,11.133056414848603
1,2026-07-25T04:47:38.999681Z,75.40293834711619,12.096036034141543,142.9981100782752,2.317323697948016,3.0,12.513508219741128,1.732914160956486,35.28124135247106,11.19520237967441
1,2026-07-25T04:47:39.999678Z,75.40300304950598,12.096129062583724,143.70541862025857,2.1613925811142822,3.0,12.355636852904995,1.7590154162038658,34.035860030127495,11.505525177724227
1,2026-07-25T04:47:40.999677Z,75.40306229348914,12.096220330999639,144.27319184038788,2.0836669492818816,3.0,12.088960567244413,1.7904415443166257,32.73795573333365,11.989384831272345
1,2026-07-25T04:47:41.999675Z,75.40312046037424,12.096313927462319,144.75168651156127,2.0435129411458233,3.0,12.103093743836952,1.7719327284816033,31.887117695619104,11.855208351645437
1,2026-07-25T04:47:42.999673Z,75.40317992912564,12.096407318101484,145.07744584511966,2.022714587186916,3.0,12.22236299068209,1.7688012329373108,31.929135975117667,11.725110086794487
1,2026-07-25T04:47:43.999670Z,75.4032405976263,12.096502063885563,145.3753636740148,2.0117891602095535,3.0,12.41522384505564,1.7842462978337075,31.94249435909139,11.642558805321146
1,2026-07-25T04:47:44.999668Z,75.40330220421778,12.096597560408405,145.9289309103042,2.0060770343800685,3.0,12.577485728263428,1.7827077760804262,32.20335230160056,11.481001337158895
1,2026-07-25T04:47:45.999666Z,75.40336773751046,12.096693031673913,146.0919680269435,2.0029276055494614,3.0,12.764145637716915,1.752625584638113,33.88835646055285,11.124638314480492
1,2026-07-25T04:47:46.999664Z,75.403437571245,12.096787473632046,146.30160192400217,2.001568236097115,3.0,12.959453499944978,1.7462435132560283,36.013342345462085,10.918133889899075
1,2026-07-25T04:47:47.999661Z,75.40351616352413,12.096879023692328,146.53900709655136,2.000737071776867,3.0,13.212642572548356,1.7222768806099238,40.04256558825107,10.561304577389054
1,2026-07-25T04:47:48.999659Z,75.40360130365673,12.096968561525696,146.76549580786377,2.000385638339426,3.0,13.487793317582012,4.873857005356212,42.72233657972051,29.27637327883614
1,2026-07-25T04:47:49.999657Z,75.40369132855228,12.09705608409371,146.55255864467472,2.0001884119337596,3.0,13.710155327382173,2.7371586212678913,44.886879080326835,16.176784587829886
1,2026-07-25T04:47:50.999654Z,75.40378435542277,12.097145886219655,146.48786654789,2.2185033643045355,3.0,14.055475119972364,2.7055891090751634,45.349033034597866,15.596630513616562
1,2026-07-25T04:47:51.999652Z,75.40387544986004,12.097237831767472,146.57011288497597,2.1035803536703566,3.0,14.164544230876018,2.703752039365303,44.691772318981684,15.46664972465723
1,2026-07-25T04:47:52.999650Z,75.40396671014607,12.097329582440342,146.74702045042068,2.048795457686961,3.0,14.165196190418712,2.695809799166474,44.40677342320252,15.420676489482492
1,2026-07-25T04:47:53.999648Z,75.4040568301958,12.097420912506477,146.72689755726606,2.023025263693173,3.0,14.075131777533556,2.7058728904459657,44.1415882303862,15.57697360183796
1,2026-07-25T04:47:54.999646Z,75.40414551386806,12.097514423242705,146.88456741999835,2.0108892250701587,3.0,14.058591644170136,1.6964772994318449,43.41869256088089,9.777861629211255
1,2026-07-25T04:47:55.999643Z,75.40423393271149,12.097606006426531,147.10430688224733,2.0051450966601134,3.0,13.953772115022081,0.9135310826981767,43.51121406626907,7.258904878742859
1,2026-07-25T04:47:56.999642Z,75.40431769213185,12.097691057454233,146.9797492455691,2.02156026982826,3.0,13.44218783087738,0.8962501015581396,43.84523634056695,7.258894066896597
1,2026-07-25T04:47:57.999640Z,75.4043945380997,12.097768321043386,147.08233616687357,2.1661013792391643,3.0,12.582443549586426,0.8957139818844352,44.11598838058433,7.258973366964311
1,2026-07-25T04:47:58.999637Z,75.40446940804665,12.097837314726542,146.94617218524218,2.087122299835167,3.0,11.733969965259242,2.162673368649192,45.1988761762574,14.934025138726923
1,2026-07-25T04:47:59.999635Z,75.40452921288447,12.097896831599815,147.13419865816832,2.0478408273085313,3.0,9.954079718484573,2.698573973766571,44.492174825744,21.966963462319345
1,2026-07-25T04:48:00.999633Z,75.40457543514701,12.097946636521439,147.0527395736426,2.0270791802026196,3.0,8.028253399401144,2.7073796714408713,42.97099738384864,27.32275353687623
1,2026-07-25T04:48:01.999630Z,75.40461252636679,12.097985568614394,147.17055336758494,2.331869618218534,3.0,6.307538034327086,2.702778814827312,42.68599971525393,34.71539030353619
1,2026-07-25T04:48:02.999628Z,75.40463965134623,12.09801496706213,147.0860572848469,2.2783354563101974,3.0,4.88522246508784,2.7019242241966452,42.24855095824719,44.72013838681527
1,2026-07-25T04:48:03.999626Z,75.40466945216254,12.09804658128916,147.1851094448939,2.2577181468899226,3.0,4.918845314510937,2.7017558822317618,42.341783488529394,44.45827855187929
1,2026-07-25T04:48:04.999624Z,75.40469068445174,12.098076409309488,147.0690458668396,2.2147651296773407,3.0,4.4442536468289475,2.695204027837933,38.48303133015893,48.83269768234295
1,2026-07-25T04:48:05.999622Z,75.40472208741235,12.098112162393399,147.059120349586,2.1840844184909187,3.0,4.7930666204810235,2.6985341502442397,40.76818007141181,45.33476643367402
1,2026-07-25T04:48:06.999620Z,75.40475042105355,12.098142675758698,147.14721744786948,2.161073860818088,3.0,4.742287973606099,2.6909735791609157,40.89490526018203,45.806266329208945
1,2026-07-25T04:48:07.999618Z,75.40477067160506,12.098168994207143,147.27492249757051,2.1431767597477474,3.0,3.839158459046503,2.693854612188477,40.056052786794176,56.09779391225319
1,2026-07-25T04:48:08.999616Z,75.4047764876336,12.098176148257012,147.05436429288238,2.128859067039743,3.0,1.7217749189695315,2.6520165011087653,42.623538970947266,93.17742526173622
1,2026-07-25T04:48:09.999613Z,75.40477616536357,12.098172572396235,147.19126655347645,2.1171445955316366,3.0,0.3882130406839253,4.04335536685724,42.623538970947266,180.0
1,2026-07-25T04:48:10.999988Z,75.40477552165441,12.098172737952485,147.47441805992275,2.107382545152222,3.0,0.260937370059816,4.014582290095877,42.623538970947266,180.0
1,2026-07-25T04:48:11.999988Z,75.40477578027222,12.098172105824284,147.80511764995754,2.149628614478099,3.0,0.1622814982700767,4.009789752691615,42.623538970947266,180.0
1,2026-07-25T04:48:12.999986Z,75.40477711277124,12.098172891043992,147.84751153551042,2.212545350461807,3.0,0.28628096445407897,4.054148995120911,42.623538970947266,180.0
1,2026-07-25T04:48:13.999979Z,75.40477727863218,12.098171698378534,147.9270745990798,2.225524374777573,3.0,0.047474389202988417,3.5801814609897473,42.623538970947266,180.0
1,2026-07-25T04:48:14.999974Z,75.40477708782024,12.09817201432746,148.13652172498405,2.2413423333873723,3.0,0.11124219684298986,4.022310371607945,42.623538970947266,180.0
1,2026-07-25T04:48:15.999967Z,75.40477847432523,12.098174225799458,148.15034589264542,2.2310585332058896,3.0,0.28328904804104976,3.96587393900248,42.623538970947266,180.0
1,2026-07-25T04:48:16.999957Z,75.40478848691303,12.098188552619902,148.0388627871871,2.2704509732091447,3.0,1.6496874150943324,3.977856683024759,42.623538970947266,180.0
1,2026-07-25T04:48:17.999949Z,75.40479696266132,12.098198341918236,148.17142541427165,2.330280300652688,3.0,0.0,2.732646645525487,42.623538970947266,180.0
1,2026-07-25T04:48:18.999940Z,75.40482707726034,12.098230867746361,148.3187767174095,2.3646970925322806,3.0,3.137341512022576,2.7035582011294625,40.710378369973576,69.6274653518563
1,2026-07-25T04:48:19.999930Z,75.40485136129888,12.098255956401418,148.50531339086592,2.370311612382198,3.0,3.826500668086022,2.698802194986745,41.4875233219285,57.12987973783427
1,2026-07-25T04:48:20.999919Z,75.40488113978385,12.098285892599016,148.75589646026492,2.3678567333291682,3.0,4.59466172617474,2.703922679969286,42.172517989518795,47.678005232633424
1,2026-07-25T04:48:21.999909Z,75.40491530282864,12.098326489918595,148.95208991412073,2.373870456602299,3.0,5.54313106963695,2.70260391601673,41.23201437098689,39.50094034142547
1,2026-07-25T04:48:22.999900Z,75.40496286353576,12.098383602041983,148.9793808227405,2.335550527473356,3.0,6.93068629574466,2.702319274188757,40.90515546696377,31.59351245604307
1,2026-07-25T04:48:23.999887Z,75.40500671722039,12.098435240372472,148.7574079958722,2.2837909327302666,3.0,7.338187768053825,2.697547694962424,40.48014966004658,29.785158033895204
1,2026-07-25T04:48:24.999876Z,75.40505472008147,12.09849293946702,148.6488761762157,2.2212923357849075,3.0,8.046327754164267,2.7034609329785186,39.48149961134935,27.224011536788844
1,2026-07-25T04:48:25.999865Z,75.40510550888408,12.098556363402771,148.53791595157236,2.4046660331542045,3.0,8.734088306550989,2.703920399250206,38.521749997764566,25.08415010937493
1,2026-07-25T04:48:26.999853Z,75.40516100777694,12.098623385673056,148.59114780277014,2.4963587524101847,3.0,9.4120330399867,2.7015198813242023,39.12647974324544,23.25732787563816
1,2026-07-25T04:48:27.999842Z,75.4052200382601,12.098693450155592,148.7557358117774,2.8282339035337176,3.0,10.02977002593572,2.704216014906159,39.55485380687235,21.846809027376384
1,2026-07-25T04:48:28.999832Z,75.40528085441994,12.098770326456245,148.8719116160646,2.4889971266382953,3.0,10.634290965912488,2.706367719816891,38.77502240135923,20.62127422095788
1,2026-07-25T04:48:29.999823Z,75.4053471329695,12.098851252813208,149.01525097712874,2.2694610346045683,3.0,11.271411146346619,2.6931831624632285,39.07574982285865,19.359589894036723
1,2026-07-25T04:48:30.999813Z,75.40541741607957,12.098935175373615,149.10902777127922,2.165596419899919,3.0,11.838244185691218,2.7019311929189325,39.40647950328838,18.492924502722364
1,2026-07-25T04:48:31.999804Z,75.40548988676088,12.099022044799202,149.19114038348198,2.086271583210282,3.0,12.216533141924652,2.701696723206292,39.4315243783018,17.917971190359573
1,2026-07-25T04:48:32.999796Z,75.40555805054608,12.099107895967116,149.24142074212432,2.1933712062575443,3.0,12.075190867588487,2.6985398904368236,38.27582248891558,18.10637224307143
1,2026-07-25T04:48:33.999787Z,75.4056285967899,12.099196470897935,149.31078070867807,2.562933565467748,3.0,12.34864375960262,2.6969002426076654,37.746923808283924,17.6948393680459
1,2026-07-25T04:48:34.999779Z,75.40570346553736,12.099287741635589,149.2072479641065,2.2874664235507134,3.0,12.76704600289684,2.7065431842935066,38.78728953449727,17.17742340143101
1,2026-07-25T04:48:35.999772Z,75.40578156411775,12.099381176022787,148.97630333714187,2.1437739349324345,3.0,13.159951828614654,2.701103233576463,39.337268568166984,16.63123550519009
1,2026-07-25T04:48:36.999765Z,75.40586544018255,12.099475468701728,148.6121524553746,2.070691999792189,3.0,13.663989921917485,2.699997458098268,40.75887796122148,16.01009320064336
1,2026-07-25T04:48:37.999758Z,75.4059487148596,12.099574809717971,148.35791726596653,2.0338803376611505,3.0,14.04823802734785,2.696065674072805,39.366885793852354,15.549490726274607
1,2026-07-25T04:48:38.999751Z,75.40603150767161,12.09967981974258,148.0795378787443,2.0159195493927484,3.0,14.485333184229729,2.6976790634821044,38.51099056964789,15.08915369293253
1,2026-07-25T04:48:39.999745Z,75.40611798704903,12.099786048796364,147.69413953181356,2.0615601940864314,3.0,14.757062364258884,2.70602373860182,38.61092640489387,14.856306857180826
1,2026-07-25T04:48:40.999738Z,75.40620783849977,12.099893740502687,147.3262760033831,2.0278433312712902,3.0,15.191407134531001,2.7054177315166092,39.30347407009122,14.427241033533335
1,2026-07-25T04:48:41.999734Z,75.40630277293678,12.1000054058508,146.79323353711516,2.0952188922055326,3.0,15.766796927694891,2.6980089357837818,39.85284536585263,13.86164864558804
1,2026-07-25T04:48:42.999727Z,75.4063992462349,12.100117123348634,146.43996789958328,2.344026064428553,3.0,16.123267988512115,2.705826240237821,40.14400762741444,13.595270595357945
1,2026-07-25T04:48:43.999721Z,75.40650182866688,12.100231019813092,146.17525343969464,2.8548869609737135,3.0,16.58641691391386,2.69305214985206,41.159625511280645,13.153869338700389
1,2026-07-25T04:48:44.999716Z,75.40660575098713,12.100346096216228,145.93789030704647,2.803158061409896,3.0,16.91276629252178,2.706116510635971,41.598394668181264,12.964164072823332
1,2026-07-25T04:48:45.999710Z,75.40671090841619,12.100464233158952,145.8456945726648,2.8966449379022516,3.0,17.179703988403617,2.6952759958399324,41.31837160520265,12.712301360351226
1,2026-07-25T04:48:46.999705Z,75.40681900972456,12.100583063085743,145.67129762098193,2.3187162040008213,3.0,17.46157099567545,2.6951286842257667,41.71313885587418,12.506439046408357
1,2026-07-25T04:48:47.999700Z,75.40692972397572,12.10070218671515,145.53618634305894,3.6998151650719118,3.0,17.737045120392676,2.701159447664318,42.28210162334714,12.339748820990284
1,2026-07-25T04:48:48.999695Z,75.40704332766622,12.100822352284036,145.6055336492136,4.346349252813235,3.4605466287754982,17.993224825726784,2.7058730724489144,42.66906378476102,12.185110722751318
1,2026-07-25T04:48:49.999690Z,75.4071595499155,12.100942367021869,145.490237461403,4.596434955793569,3.6620841559278294,18.234118017839776,2.704754397901376,43.267999577465694,12.019227804369084
1,2026-07-25T04:48:50.999685Z,75.40727589121263,12.101063731840647,145.70046312361956,4.6917705155772405,3.746064986252602,18.394320826477202,2.700573311625503,43.0749934834486,11.89566926493273
1,2026-07-25T04:48:51.999681Z,75.40739237855969,12.10118898157652,145.75309464987367,4.7277804372666115,3.7712099630915996,18.58651963506761,2.69493587948003,42.66895721559891,11.748000820930056
1,2026-07-25T04:48:52.999676Z,75.40751172734586,12.101312424109876,146.32958604581654,4.74194363763809,3.765232499895676,18.769528231799704,2.7012677866708033,43.07312248909998,11.659067830804563
1,2026-07-25T04:48:53.999672Z,75.40762355085091,12.10143681717319,147.28728426620364,4.745297658915436,3.7635340878758146,18.562959440799524,2.6974657745616466,41.59129897231815,11.762986853682165
1,2026-07-25T04:48:54.999668Z,75.40773394056373,12.101563794642516,147.79622412100434,4.747417590772887,3.7615395065694335,18.506632164354716,2.6956753764931607,40.97591293282897,11.79601406009342
1,2026-07-25T04:48:55.999664Z,75.40784232483877,12.10169504852466,147.24762727227062,4.748198964196238,3.762243681233171,18.59038561819078,2.7034400104138596,39.88528939636299,11.779878718946652
1,2026-07-25T04:48:56.999659Z,75.40794987675855,12.101829086504729,147.30675701331347,4.748487447951893,3.800563538460347,18.734330638461422,2.700284486567918,39.23753013881942,11.677195700181178
1,2026-07-25T04:48:57.999655Z,75.40805808098693,12.101963232906696,147.6517593851313,4.74859238653767,3.797742219421887,18.839822807131572,2.7199242469006633,38.761142916153396,11.695563652900164
1,2026-07-25T04:48:58.999652Z,75.40816500417976,12.102097782092608,148.0272890171036,4.7486329121644815,3.8049295714542697,18.87235631835175,2.7194277247142815,38.19029914690356,11.673197412889369
1,2026-07-25T04:48:59.999648Z,75.40827254162575,12.102232977736032,148.56589614227414,4.748642308764719,3.818747090104897,18.95401892144674,2.711591523667654,38.14006518505614,11.586413005211558
1,2026-07-25T04:49:00.999643Z,75.4083804192703,12.102369320458266,148.68773745652288,4.748648924345539,4.258027105794648,19.07795558065401,1.641715026860433,37.971549725566696,7.257622760350368
1,2026-07-25T04:49:01.999640Z,75.40848781161053,12.102504289389186,149.09453569259495,4.7486504439075246,4.482678488628827,19.12480456364687,1.625792485632515,37.933066250229466,7.257125941556282
1,2026-07-25T04:49:02.999637Z,75.40859566763116,12.102640454090762,149.26564318779856,4.748651321405836,4.545791255958276,19.190882421464657,1.6152255481046023,38.03787237469265,7.258015218771558
1,2026-07-25T04:49:03.999632Z,75.40870390140513,12.102778515848216,149.7770184474066,4.74865169942536,4.571087840975937,19.241534813992683,1.625446112194137,37.722589558842095,7.256453550981328
1,2026-07-25T04:49:04.999629Z,75.4088089388857,12.102918789371397,150.1653422843665,4.748651581934211,3.7215620941929006,19.218329467381334,2.69301287749969,36.81900118000914,11.350807967494967
1,2026-07-25T04:49:05.999626Z,75.40891502255651,12.103058130657883,150.49689716286957,4.74865161690272,3.7667412166212824,19.25800333722685,2.71356249281149,36.870082838625315,11.413104821204124
1,2026-07-25T04:49:06.999623Z,75.40901837690564,12.103198863282117,150.86088546179235,4.748651646428457,3.7746786773399896,19.24248291115533,2.7027343288034253,36.214798708454886,11.377083557480802
1,2026-07-25T04:49:07.999620Z,75.40912548061318,12.103337151697772,151.06501060631126,4.748651713726477,3.7851586617461934,19.25182546012955,2.7021447403758017,37.048759962202425,11.370978021853972
1,2026-07-25T04:49:08.999616Z,75.40922678309036,12.103474530743828,151.51275535207242,4.7486517068703655,3.8119169829007835,18.96982817181142,2.7014337758499325,36.25459228076553,11.535423871014025
1,2026-07-25T04:49:09.999613Z,75.40932294340631,12.103607365448006,151.8794032773003,4.748651666061469,3.8054720823693837,18.277480518235976,2.700052600916075,35.66097379419135,11.966758492238586
1,2026-07-25T04:49:10.999609Z,75.40941257204766,12.103727950548224,152.50710791908205,4.748651644294667,3.802855385709294,16.902703990134103,2.698875766920894,36.14404190684192,12.930162159692163
1,2026-07-25T04:49:11.999606Z,75.40950038498772,12.103842656387283,152.89282417763025,4.748651655300315,3.803487574813166,16.178964511190433,2.699001045173888,36.86268619066712,13.510023485811592
1,2026-07-25T04:49:12.999603Z,75.40959119831935,12.103956540724125,153.38439582753927,4.748651665637998,3.8195672829415486,16.01095820386392,2.6987305030657134,37.96102143335946,13.64914487972415
1,2026-07-25T04:49:13.999599Z,75.40968301542031,12.104068730243615,154.06206001527607,4.748651668935626,3.831636114021112,15.891702636404194,2.717353275957047,38.56785072831074,13.844553553781537
1,2026-07-25T04:49:14.999596Z,75.40976895772762,12.104183747916286,154.88737268187106,4.748651669503067,3.828641572486256,15.72741908787421,2.700687356076822,36.639662933539654,13.898103824424709
1,2026-07-25T04:49:15.999593Z,75.40984816181404,12.104297845734136,155.9517872231081,4.7486516770331235,3.8369066112995185,15.390782167733926,2.716418536530271,34.852376732409894,14.275506679570505
1,2026-07-25T04:49:16.999589Z,75.40992655224343,12.104408411360902,157.13562169950455,4.748651681101214,3.84617726879917,15.035815158907464,2.7145051059602356,35.27377177433421,14.594687280733565
1,2026-07-25T04:49:17.999586Z,75.41001019118944,12.104514457270286,158.32811467628926,4.748651709360133,3.8643402731487604,14.813566828701886,2.712763497304978,37.395256810935585,14.796431604003795
1,2026-07-25T04:49:18.999584Z,75.41008775355265,12.104617167752961,159.633136915043,4.748651718594587,3.867752027416479,14.321495085449104,2.6930295184030717,36.46417856551478,15.179659670100342
1,2026-07-25T04:49:19.999579Z,75.41015189382271,12.10472099062873,161.02987905498594,4.748651725728936,3.8978842387096932,13.66642986999953,2.7013434717119416,32.395773550404854,15.936185558387274
1,2026-07-25T04:49:20.999577Z,75.4102037541063,12.104829298981901,161.79794730618596,4.748651731530075,3.9425709653946117,13.243768474515104,2.696486002621254,27.026096903233213,16.449881293278903
1,2026-07-25T04:49:21.999574Z,75.410239743481,12.104943544883453,162.25650583952665,4.748651762007164,3.9819652675517525,13.11965922768685,2.690841629563661,20.029798416982263,16.6010700166616
1,2026-07-25T04:49:22.999571Z,75.41026954103002,12.10505617431004,162.47818897943944,4.748651784980464,4.0106237103492655,12.964494556430477,2.700308478085041,15.877685337449892,16.865673635242562
1,2026-07-25T04:49:23.999567Z,75.41028966148446,12.105172334893192,162.69453498814255,4.748651767164192,4.033498823407912,12.922283846048385,2.697771751877125,10.885071754088388,16.90433993409778
1,2026-07-25T04:49:24.999564Z,75.41029261854924,12.105289849870191,163.28686079010367,4.748651748381684,4.030141344406551,12.854627670364584,2.698610233337058,3.838516079089819,16.99719645391244
1,2026-07-25T04:49:25.999562Z,75.41028042769618,12.10540506805331,163.6001348439604,4.74865174130768,4.045593573233777,12.71783385538683,2.699297489437716,356.26730935195184,17.183747823382433
1,2026-07-25T04:49:26.999558Z,75.41026174638155,12.10551657340047,164.00244635436684,4.74865178080541,4.045633370066673,12.609633828690614,2.7007488105881934,352.1136591172949,17.34755535944507
1,2026-07-25T04:49:27.999556Z,75.41023539798796,12.1056261268496,164.37684428319335,4.7486517510224955,4.0831094026241095,12.554676780866533,2.700554289395964,348.5810614855417,17.424585250338573
1,2026-07-25T04:49:28.999552Z,75.41021161656208,12.1057367841493,164.5404925979674,4.748651764023477,4.104381555301754,12.42729304966755,2.7054165682703055,347.41078764036047,17.635215055348027
1,2026-07-25T04:49:29.999549Z,75.41018422876547,12.105839656133922,164.8611546875909,4.7486517399366805,4.103981085815598,11.848387922420832,2.7007590229105736,346.0182431748073,18.459142075544445
1,2026-07-25T04:49:30.999547Z,75.41015989864182,12.105924373843889,165.35006312653422,4.7486516902535705,4.058799737549746,10.194048125238199,2.7125061466405658,344.83177804033573,21.54597515134607
1,2026-07-25T04:49:31.999544Z,75.41014231816163,12.105989262060607,165.824621187523,4.7486516326658625,4.005415533790243,8.130555064064273,2.721766581592041,344.94169966232084,27.08325218569477
1,2026-07-25T04:49:32.999540Z,75.41012953600413,12.106039860059536,165.87493672873825,4.748651602904577,4.081441630960538,6.25745934645999,2.6982222634531117,345.8393367693145,34.87631445111893
1,2026-07-25T04:49:33.999538Z,75.41012335056551,12.106068606886685,165.97445602808148,4.7486515823479305,4.2520112933612015,4.045898165094417,2.698459588980399,347.4367590839056,53.80283161854099
1,2026-07-25T04:49:34.999535Z,75.41012198737094,12.106082115622868,166.06049159169197,4.748651561860224,4.447663705540616,2.1314578425116535,2.7049155224284998,350.5616554829721,101.03800529071259
1,2026-07-25T04:49:35.999532Z,75.41012056699812,12.106096357868278,166.14985502138734,4.748651563913184,4.6183241231685885,1.9495645980241731,2.7005897249214654,352.3559058032779,107.97361405023808
1,2026-07-25T04:49:36.999529Z,75.41011808225178,12.106117820146208,166.3589339433238,4.748651574803789,4.716903355427248,2.355959131878534,2.6985873993619993,353.26111298112943,88.32319548782047
1,2026-07-25T04:49:37.999526Z,75.41011684459531,12.106139245470633,166.6050588041544,4.748651579074666,4.697064781236071,2.447384149021401,2.6992308301851105,354.5917333598789,85.38784971674929
1,2026-07-25T04:49:38.999523Z,75.41011580426654,12.106164582312845,166.78399366047233,4.748651588375199,4.631514767589974,2.839331825538313,2.7105396535712813,355.56098128714535,74.54427030688132
1,2026-07-25T04:49:39.999521Z,75.41011146412762,12.106194116392123,166.92247382365167,4.7486515941098135,4.559092761198053,3.212837817480683,2.7176430138336554,353.5064106004055,67.03064735250577
1,2026-07-25T04:49:40.999517Z,75.41010571914424,12.106215175544799,166.7383686164394,4.7486515865550984,4.554991076675214,2.675793176580644,2.7034002020254926,349.51139518436446,81.63798716148088
1,2026-07-25T04:49:41.999514Z,75.4100962088349,12.106246574206311,166.57195173203945,4.748651596516804,4.577365447339271,3.1624347787833136,2.714103800750272,346.0369851743515,69.5091563041653
1,2026-07-25T04:49:42.999511Z,75.41008466882519,12.106282961109983,166.5836557811126,4.74865162939856,4.707257732549187,3.768665958277997,2.3771754938008027,344.45233125576476,50.71801664020325
1,2026-07-25T04:49:43.999508Z,75.4100731208288,12.106320217173579,166.59543866291642,4.74865165675474,4.847608871313738,4.198506862141425,2.320264097159169,343.9993046530376,44.29112563859354
1,2026-07-25T04:49:44.999505Z,75.41006120222805,12.106363611791243,166.63601468782872,4.748651685767329,4.769028463115594,4.850709562924139,2.243662618834346,344.23652629322925,37.26094969101426
1,2026-07-25T04:49:45.999503Z,75.41004838051306,12.106409477775243,167.13808818068355,4.748651689767103,4.878405901413349,5.173405077940041,2.1951511010288165,344.4888342160962,33.83370980825522
1,2026-07-25T04:49:46.999500Z,75.41003819363755,12.106452712457997,167.48046809714288,4.748651666324202,4.79558107038937,4.951578143178221,2.222831624123168,345.30841229506694,35.795825191972696
1,2026-07-25T04:49:47.999496Z,75.41002750049778,12.106500320609928,167.62105635274202,4.74865168246134,4.816149975568343,5.280883843270172,2.19086922658109,346.14118857526756,33.33029667578271
1,2026-07-25T04:49:48.999494Z,75.41001513503402,12.10655002355387,167.75700584612787,4.748651692737484,4.764290495321865,5.633111815992223,2.1548919445207186,346.1279525869666,30.76399222334627
1,2026-07-25T04:49:49.999491Z,75.41000071681454,12.106602288211588,167.79093707352877,4.748651723246881,4.808755262901552,5.988319256912834,2.1193668755439448,345.3656722490822,28.64441802041501
1,2026-07-25T04:49:50.999488Z,75.4099847271223,12.106658800740796,167.92624874413013,4.748651751638004,4.809135372218562,6.437889355796061,2.0955671516548584,344.98545767508574,26.272229408356598
1,2026-07-25T04:49:51.999486Z,75.40996893187372,12.106719242645825,168.26992645859718,4.748651772318173,4.773872989954315,6.884753236183386,2.046504245006894,345.5314110631992,23.841601577515156
1,2026-07-25T04:49:52.999482Z,75.4099557270628,12.106782844387688,168.4541539028287,4.748651784631699,4.765604790436408,7.245294436153333,2.0262051922407407,346.8518224444142,22.535261375773533
1,2026-07-25T04:49:53.999479Z,75.40994218825902,12.106850571869897,168.59333193209022,4.748651795451162,4.797591732595316,7.611166622186395,1.9918022539495748,347.74560870558685,21.051263934863155
1,2026-07-25T04:49:54.999476Z,75.40992704941341,12.106921183274697,168.71020434610546,4.748651799185642,4.758357183762149,7.991336968352412,1.9415666102310183,347.8119361943914,19.627320615653737
1,2026-07-25T04:49:55.999473Z,75.40991060035876,12.106996727978908,169.03646170627326,4.7486518090725625,4.723159725599382,8.46832088465911,1.9376777152990572,347.92412583294845,18.40974020861622
1,2026-07-25T04:49:56.999470Z,75.40989390602445,12.107076175030842,169.2285631839186,4.748651828557965,4.778893259066347,8.958662457152368,1.8966988304412007,348.17103385853915,16.93030350542425
1,2026-07-25T04:49:57.999468Z,75.40987805150206,12.107155168650063,169.52081358339638,4.748651811031376,4.811025679861384,8.94189882792984,1.906518183952711,348.475048937035,17.19515170329803
1,2026-07-25T04:49:58.999465Z,75.40986261623928,12.107233028532375,169.51414180733263,4.748651800760494,4.811739085284273,8.792033252310308,1.915048152997486,348.6497784450087,17.641342662323606
1,2026-07-25T04:49:59.999462Z,75.40984710783576,12.107313540583036,169.57774502784014,4.7486518005743275,4.806723653991983,8.990635136848368,1.9072060742145884,348.8678310555925,17.135257821506404
1,2026-07-25T04:50:00.999459Z,75.40983142263933,12.107395503919367,169.66137497592717,4.7486518091590915,4.749488865325365,9.198176746562444,1.8943269664284235,348.9463290795762,16.63778607487641
1,2026-07-25T04:50:01.999456Z,75.40981539338715,12.107479596943058,169.73721998278052,4.748651809283286,4.707308187817069,9.427040347074525,1.8865568087822353,349.08508188242075,16.186638839574687
1,2026-07-25T04:50:02.999454Z,75.40980039373734,12.107566218192144,169.7983918292448,4.748651814697328,4.656278341922118,9.65143223236225,1.8846692034108912,349.7407988157262,15.804079451205208
1,2026-07-25T04:50:03.999450Z,75.40978631825774,12.107656769640242,169.86755939666182,4.74865184504714,4.705307097807208,9.971884431319825,1.8707793777975763,350.72597062584475,15.187608669203794
1,2026-07-25T04:50:04.999448Z,75.4097723770449,12.107748394222282,169.9801578214392,4.74865194336288,4.739066496867739,10.196935379653764,1.8488987959564993,351.1302121398522,14.678790478550896
1,2026-07-25T04:50:05.999445Z,75.4097604842284,12.107842460335396,170.11477143131196,4.748651865682789,4.6039903491169065,10.44215382609618,1.8281050660560925,352.0652463378876,14.170409416762737
1,2026-07-25T04:50:06.999442Z,75.40974646247636,12.107937322041401,170.1453744219616,4.7486518700681675,4.677746797140462,10.41297468714794,1.811963115695885,351.96253195540424,14.071049120331338
1,2026-07-25T04:50:07.999439Z,75.40973617787076,12.10803319449915,170.3672479428351,4.748651897914138,4.736220105917186,10.591933119907761,1.8334669704223767,352.9312186332296,14.019624529466824
1,2026-07-25T04:50:08.999436Z,75.40972523998244,12.108131710053696,170.13609303347766,4.748651908726099,4.716778902322143,10.889283988763593,1.844750607151863,353.6055521100508,13.716629099134659
1,2026-07-25T04:50:09.999434Z,75.40971696984259,12.108234538966407,169.7214739760384,4.748651904800493,4.545494132737884,11.312852443922202,1.791444676321844,355.5066617436101,12.82673752752412
1,2026-07-25T04:50:10.999430Z,75.40971308677018,12.10834059474482,169.43903461284935,4.748651895491729,4.552382154368017,11.744603843696133,1.7744516214007964,357.91363407870654,12.236801396090055
1,2026-07-25T04:50:11.999428Z,75.40971871506129,12.108451350449887,169.11723460443318,4.748651889077223,4.516683164413839,12.182216961880334,1.787910122947077,2.5616169457792983,11.888973721775553
1,2026-07-25T04:50:12.999424Z,75.40973569818225,12.108564532648446,169.0966474181041,4.748651911247311,4.542564265392248,12.644051409615436,1.7561752374677728,7.849421420614827,11.253929025785142
1,2026-07-25T04:50:13.999422Z,75.40976475869701,12.10868077355756,168.9416294330731,4.748651827775789,4.533712218639459,13.134352314842335,1.7622959865738888,13.851966983502805,10.871281878035225
1,2026-07-25T04:50:14.999419Z,75.40980355340942,12.108797733574193,168.60373407322913,4.748651898429743,4.559887714988854,13.64887589639261,1.7260935850348282,17.740930018191783,10.245312423862286
1,2026-07-25T04:50:15.999416Z,75.40984432199471,12.10891844065312,167.83576382417232,4.748651945740608,4.620659559124263,14.047515686871764,1.7258697868194839,17.96774703843397,9.94546569398592
1,2026-07-25T04:50:16.999601Z,75.40988381354562,12.109040512181837,167.03072499111295,4.748651946457073,4.694166133625149,14.255368140315417,1.704138083068519,17.715947029916514,9.675896481413979
1,2026-07-25T04:50:17.999602Z,75.40992471347997,12.109164547666715,166.13054630719125,4.748651928648215,4.6623231562554475,14.458231677738558,1.7226703862756794,17.35436358485021,9.645207181502933
1,2026-07-25T04:50:18.999600Z,75.4099658342522,12.109292528134743,165.319175042212,4.748651974569183,4.696036277029226,14.739002869564406,1.7244311624100221,17.426532138141642,9.472444893685827
1,2026-07-25T04:50:19.999600Z,75.41000775654759,12.109423275165902,164.68133770488203,4.748652065025035,4.74144022826374,15.078415515940264,1.7191360405753169,17.77072054359426,9.226905236142807
1,2026-07-25T04:50:20.999603Z,75.41005256118873,12.109555368850685,163.8509795991704,4.748652134546063,4.828094166213558,15.41787968169809,1.682578599950873,18.669728856753217,8.827552855706768
1,2026-07-25T04:50:21.999602Z,75.4100957545872,12.10969235973291,163.02385028637946,4.748652212202394,4.91473341988348,15.842073700334215,1.6677867883992743,17.77066904628512,8.517154272902236
1,2026-07-25T04:50:22.999602Z,75.41013828957433,12.109831154030621,162.26618201006204,4.748652233757148,4.99725897351725,16.019756399818736,1.6545182406001522,16.8491649036283,8.357865689482653
1,2026-07-25T04:50:23.999602Z,75.41018566997334,12.109968812565146,161.90697795618325,4.748651745887638,3.889519074694816,16.05987094297845,2.693531233883817,18.304768795995372,13.58526175143683
1,2026-07-25T04:50:24.999599Z,75.41023435332275,12.110107417948324,161.95070667658,4.748651745696226,3.9078320205468375,16.13105007867156,2.705817593863219,18.771472524762146,13.591407546499966
1,2026-07-25T04:50:25.999595Z,75.41028803664061,12.110243042845026,161.63264879304916,4.748651733946257,3.9372091078721048,16.06101485550554,2.694820992514571,21.100881480604514,13.594472916550524
1,2026-07-25T04:50:26.999592Z,75.41035102368875,12.110373555908183,161.49926180578768,4.748651717442274,3.967113390901872,15.955157800025685,2.71938403471246,24.47313596741138,13.810297100544682
1,2026-07-25T04:50:27.999584Z,75.41042215606726,12.110498585391682,161.34588357713073,4.748651735599615,3.986183433457583,15.85216718218744,2.7020921372111415,27.90133032752798,13.8116764768742
1,2026-07-25T04:50:28.999582Z,75.41049724008728,12.110620309948363,161.26523153018206,4.748651771253897,4.00016286633236,15.745884098802895,2.7006344559959783,30.505111363533135,13.897480305712827
1,2026-07-25T04:50:29.999583Z,75.41057322601321,12.110739730603596,161.2126085003838,4.748651799466572,4.015326878579163,15.662387745567306,2.7023408074441835,31.917700256163556,13.980400848724532
1,2026-07-25T04:50:30.999582Z,75.41064679874155,12.110859443779152,161.47642629407346,4.748651807891115,4.060863720563168,15.52705195762579,2.7008640568360383,31.805886605584263,14.09429564716629
1,2026-07-25T04:50:31.999579Z,75.41072286159809,12.110975776276591,161.6639815568924,4.748651798741327,4.098045966066136,15.347420697943374,2.704279313023431,32.672130645644195,14.276852842812133
1,2026-07-25T04:50:32.999577Z,75.410797249425,12.111090934374396,161.75139106623828,4.748651772544264,4.149615394233228,15.152037327299384,2.7041299757143697,32.48301647534864,14.46049318767841
1,2026-07-25T04:50:33.999574Z,75.41087364190282,12.111205193666649,161.87196193169802,4.748651761095852,4.225653241008738,15.056108861333795,2.6989664081936446,33.29156572113905,14.524822765463732
1,2026-07-25T04:50:34.999572Z,75.41094574981109,12.111318972039038,162.08810488786548,4.748651740843743,4.191768433944336,14.876245730290417,2.7003726786109343,32.812063482110794,14.707742354701734
1,2026-07-25T04:50:35.999570Z,75.41101865491322,12.111432135900673,162.11936324462295,4.748651718691313,4.176311532323501,14.746729471833433,2.7023640999148637,32.733688112690785,14.84811063409178
1,2026-07-25T04:50:36.999567Z,75.41109001069522,12.111543211540921,161.953019997105,4.7486517306900815,4.215129616911178,14.570646814181593,2.6957525916200273,32.41380587476123,14.991271545460076
1,2026-07-25T04:50:37.999565Z,75.41116076609354,12.111653911143039,162.0261403452605,4.748651703426773,4.242295790332142,14.403908781087768,2.7029581316823252,32.366888411409725,15.205264633326372
1,2026-07-25T04:50:38.999563Z,75.4112312800672,12.111764133066147,162.0138182444498,4.748651671160028,4.3156811728020275,14.290569517706727,2.7015101956587397,32.517763898410585,15.317740265766872
1,2026-07-25T04:50:39.999560Z,75.41129825680166,12.111874430560642,161.9221720341593,4.748651618554143,4.390568218540858,14.149993324551204,2.7009416970140014,31.48124575743654,15.466662361962175
1,2026-07-25T04:50:40.999557Z,75.41136615104507,12.111981825281314,161.9619052466005,4.7486516001163315,4.411327151855263,13.966334739026824,2.7038371453850765,32.33230137940043,15.686815112064822
1,2026-07-25T04:50:41.999556Z,75.41143869146423,12.112084217795065,162.14159455895424,4.74865159892084,4.408455920911509,13.797709865447843,2.6956156397768662,34.41814580216937,15.830134537531553
1,2026-07-25T04:50:42.999553Z,75.41151955466638,12.11217983114627,162.2088952763006,4.7486516693655725,4.385463747161048,13.692147474075966,2.705785996982054,38.82219760944509,16.01247320322974
1,2026-07-25T04:50:43.999550Z,75.4116051735699,12.112269601710533,162.38815658073872,4.74865170003685,4.418218049323988,13.566450983373592,2.7000536799841712,42.37456304050381,16.12618634448339
1,2026-07-25T04:50:44.999547Z,75.4116923266239,12.112357086132224,162.19678502902389,4.748651722119551,4.388916417653314,13.501169818429132,2.7016329121303246,43.74636292804106,16.21405623083255
1,2026-07-25T04:50:45.999545Z,75.41177784278099,12.112443687808726,162.1444626841694,4.748651725835392,4.379434897588325,13.433445367165506,2.707416332891746,44.00430208564588,16.33071664384922
1,2026-07-25T04:50:46.999543Z,75.41186213057199,12.112528340967435,162.39053095225245,4.7486517072789995,4.3939608330668145,13.269401488532358,2.7027059705901912,44.07034310212989,16.50372177970167
1,2026-07-25T04:50:47.999540Z,75.4119469761046,12.112612568919745,162.39117407426238,4.7486517115775255,4.385233099459119,13.166920120867884,2.69981729862229,44.26209944414721,16.613971565999467
1,2026-07-25T04:50:48.999537Z,75.41202881809267,12.11269724826738,162.4158719945699,4.748651719346281,4.405906676978905,13.050709421548342,2.7063443372634657,43.29485121885428,16.80290423694711
1,2026-07-25T04:50:49.999534Z,75.41210643985359,12.112784310953854,162.4442337891087,4.748651740394723,4.407861416358504,12.911633988462201,2.7042882740812573,41.742398066062684,16.971051535485916
1,2026-07-25T04:50:50.999532Z,75.41218220901516,12.112871670953048,162.1276528649032,4.748651724963644,4.447086478743241,12.837802034712446,2.693823430460663,40.581925828635555,17.001967077908674
1,2026-07-25T04:50:51.999528Z,75.41225436878872,12.112962488428076,161.87412434909493,4.748651750279535,4.467163628127896,12.830447834817885,2.69741961722827,38.54636831078578,17.033355229376284
1,2026-07-25T04:50:52.999526Z,75.41232488255194,12.113055250043471,161.5256043029949,4.748651702901515,4.4600080713077395,12.855102348184241,2.7012467686472967,37.12401350378361,17.022582306805955
1,2026-07-25T04:50:53.999524Z,75.41239358229417,12.113148371490423,160.9662050884217,4.748651696895197,4.461551129732095,12.839557054506223,2.70265229341052,35.973774157166886,17.053244780467725
1,2026-07-25T04:50:54.999520Z,75.41246180831422,12.113246259946925,160.7179873548448,4.748651602678257,4.475666981569589,12.899695155234193,2.7004384401848123,34.82075206364025,16.962229360324695
1,2026-07-25T04:50:55.999518Z,75.41252636896013,12.113342442442363,160.59296587947756,4.7486515689693505,4.446674556250735,12.795114255854806,2.70138750870797,33.76141688940329,17.107186060018197
1,2026-07-25T04:50:56.999515Z,75.4125876772823,12.11343697022816,161.192971566692,4.748651559915102,4.4003891942089455,12.594157042097148,2.6924252037717182,33.23046335083856,17.322113315318934
1,2026-07-25T04:50:57.999512Z,75.41264947414982,12.113526592565739,161.65322085190564,4.74865166645429,5.400843042950354,12.201689440570812,1.7676156561631868,34.53468232052051,11.736423808070041
1,2026-07-25T04:50:58.999510Z,75.41271754740062,12.113611699401348,161.90031163953245,4.748651775509067,5.420559506336598,11.919143041606244,1.7926056314628418,38.458781576760146,12.183807685835744
1,2026-07-25T04:50:59.999507Z,75.41279322310544,12.113686648020073,162.32579476758838,4.748651819912307,5.3749422254043555,11.701646796595917,1.7712072742185951,44.571536190954255,12.262244952357479
1,2026-07-25T04:51:00.999504Z,75.41287462232471,12.113753900248335,161.87592283356935,4.748651864464388,5.319578022282484,11.608412314155306,1.7967466330690867,49.82806153648282,12.540681565976517
1,2026-07-25T04:51:01.999501Z,75.41296197238081,12.113815420784668,161.79021869786084,4.7486518503303685,5.326338020367965,11.685593282354318,1.7844672245340636,54.07581128147858,12.372951846347888
1,2026-07-25T04:51:02.999498Z,75.41305588250032,12.11387156676725,161.53083014953882,4.7486518715213295,5.321493852010764,11.879687746592163,1.7816273188249316,57.82247983131391,12.150009467120944
1,2026-07-25T04:51:03.999496Z,75.41315344093148,12.113924317368575,161.15093047264963,4.748651913318295,5.3119580285952965,12.063016132462206,1.774677900395482,60.734021577679435,11.918396313930268
1,2026-07-25T04:51:04.999492Z,75.41325410331402,12.113972032990132,161.0471462532878,4.748651932357969,5.311460846664518,12.253461460240038,1.768335982371729,63.97710437476108,11.690688189882358
1,2026-07-25T04:51:05.999490Z,75.41335476084772,12.114019223232125,160.91465104650706,4.748651957001982,5.298480954641654,12.31543148407297,1.7662332441904895,65.22821102211806,11.617979621430717
1,2026-07-25T04:51:06.999487Z,75.41345973381836,12.114057739402115,160.7092308383435,4.748651917199631,5.272763816759652,12.322323111173166,1.765281810455767,68.49903667286348,11.606023721221936
1,2026-07-25T04:51:07.999484Z,75.41356648243107,12.114092218267354,160.67117018532008,4.7486519682069614,5.250944529762785,12.28705797799612,1.7676817756994836,71.06876139275386,11.657172887332298
1,2026-07-25T04:51:08.999481Z,75.41367271261286,12.114126291182117,160.82226840220392,4.748651944484412,5.256506002711443,12.183243884963547,1.7945018815869123,71.4634024061612,11.934128605356863
1,2026-07-25T04:51:09.999479Z,75.41377554911685,12.114160427541043,160.94297298509628,4.748651996580462,5.2583771124244985,11.903236837388585,1.7779993548709032,71.14929036228965,12.100040058382598
1,2026-07-25T04:51:10.999475Z,75.41387644911335,12.114195299672069,161.00901124067605,4.748651715839544,4.239797753739136,11.687697537201176,2.660127441875886,70.68609536789481,18.439898507851513
1,2026-07-25T04:51:11.999473Z,75.41397731636872,12.114229053332311,161.09748985618353,4.748651695119413,4.200304008872009,11.515137834379262,2.7000136527091154,71.00713736985308,18.99587669719278
1,2026-07-25T04:51:12.999469Z,75.41407320910682,12.114263336667412,161.2112915283069,4.748651662174631,4.171784680127118,11.229541996538092,2.7001524341431047,70.02070850550716,19.480218535528113
1,2026-07-25T04:51:13.999466Z,75.41416440085233,12.114301205721686,161.44326549768448,4.748651640412503,4.153837646675187,10.893626261752228,2.6987580997091984,67.71447277062533,20.06812781547189
1,2026-07-25T04:51:14.999464Z,75.41424648020191,12.114345789229256,161.6502546519041,4.7486516319043295,4.1511115058803885,10.303199085824629,2.697531641413126,62.627093844941946,21.210296930304494
1,2026-07-25T04:51:15.999461Z,75.41431404966313,12.1143978471689,161.46305243112147,4.748651613124843,4.151759033406005,9.583038260674202,2.7023619315729914,55.077606656985175,22.84935554500233
1,2026-07-25T04:51:16.999459Z,75.41436869225583,12.114456057119297,161.15308899898082,4.74865158515531,4.140663167515376,8.997044955820327,2.7077346034336625,45.30822450158293,24.382295981303347
1,2026-07-25T04:51:17.999456Z,75.41440892318845,12.114521888442553,161.05919641442597,4.748651560889777,4.128277458609436,8.599770396962183,2.702016690647941,34.15886828238401,25.457126541994338
1,2026-07-25T04:51:18.999452Z,75.41444089144271,12.114591181231555,161.1042622802779,4.748651537860641,4.116036718204011,8.374706538282808,2.7039891070577706,25.330723307759655,26.161422174699872
1,2026-07-25T04:51:19.999449Z,75.41447017295204,12.114652452937808,161.4518873775378,4.748651535383153,4.1439366693066235,7.641824071854677,2.7032496492846794,22.827004410934798,28.660663488469556
1,2026-07-25T04:51:20.999446Z,75.41449264513648,12.11470318707829,161.4900161055848,4.748651520103493,4.396017914217964,6.332428487689635,2.7035933030505457,24.090812560153925,34.58595054197027
1,2026-07-25T04:51:21.999443Z,75.41451061276874,12.114738427818088,161.5562308812514,4.748651522631231,4.552550381789781,4.878293947913197,2.7013457450469693,25.739831687080333,44.86223099665174
1,2026-07-25T04:51:22.999440Z,75.41452206735552,12.114758950246305,161.73347626626492,4.748651525923351,4.739324813661096,3.285852731878037,2.700270228618886,27.367409264104744,66.44058567763882
1,2026-07-25T04:51:23.999438Z,75.41452288668819,12.114764215177436,161.81787030864507,4.748651524841587,4.904145906007218,1.3400099595569936,2.701159450416753,25.733013153076172,162.2648744430137
1,2026-07-25T04:51:24.999435Z,75.41452099199154,12.11476077507273,161.97038833331317,4.7486515301002274,4.14586702100976,0.02570775517109238,4.06093437263017,25.733013153076172,180.0
1,2026-07-25T04:51:25.999432Z,75.41452127749203,12.114760628970028,162.08165144640952,4.748651530078606,4.1158301009048746,0.04606982529287965,4.0758068855246155,25.733013153076172,180.0
1,2026-07-25T04:51:26.999429Z,75.41452126169385,12.114760004098304,162.0683647962287,4.748651530126929,4.068538715099528,0.09227718894168213,4.047702199247409,25.733013153076172,180.0
1,2026-07-25T04:51:27.999426Z,75.41452746912526,12.114772347499777,162.2136588972062,4.748651529929237,4.054559807456835,1.410192710781678,4.0515451885050044,25.733013153076172,180.0
1,2026-07-25T04:51:28.999424Z,75.41453918892545,12.114793630066465,162.26790149509907,4.748651532500876,4.1117528182578535,2.3956072846038294,3.113054689237349,25.733013153076172,105.26764542140467
1,2026-07-25T04:51:29.999421Z,75.41455182965176,12.114817655711482,162.16253181453794,4.748651536356496,4.6238721417345054,2.815639160518497,2.701699042869081,34.13948440551758,77.71651801542846
1,2026-07-25T04:51:30.999418Z,75.41456470693484,12.114843262741962,162.17268336564302,4.74865153570416,4.801252842913812,3.194982445583835,2.700469098381689,27.233915034851258,68.48700229423432
1,2026-07-25T04:51:31.999415Z,75.41458367278081,12.114876604385064,162.1793759446591,4.748651537434597,4.736465543208009,4.079619030905307,2.700978995619119,28.266463498063676,53.642787874475
1,2026-07-25T04:51:32.999411Z,75.41460909401808,12.114916487011715,162.23777007125318,4.748651551162993,4.564091859572593,4.995174866022718,2.7012769970718984,30.604269042880865,43.81833874243676
1,2026-07-25T04:51:33.999409Z,75.41463521634174,12.114959127417029,162.2879248354584,4.74865155255467,4.475949695946153,5.267776554192915,2.701027447189455,31.56780344563339,41.54610262451122
1,2026-07-25T04:51:34.999407Z,75.41466275898495,12.115002611972251,161.89785396307707,4.748651547936749,4.464448990764762,5.573023098980591,2.700736619974187,31.891841017582134,39.254367943267475
1,2026-07-25T04:51:35.999403Z,75.41469399184018,12.11505264218318,161.73655565455556,4.748651549154702,4.419092022549044,6.2146658276579485,2.700616844361701,31.883832980784568,35.20489166309
1,2026-07-25T04:51:36.999400Z,75.4147260209952,12.115104421875838,161.70225422643125,4.748651557554755,4.3872489369468575,6.61440699671944,2.696236026821607,31.624062164858675,33.02695935566708
1,2026-07-25T04:51:37.999398Z,75.41476182669399,12.115163203079296,161.80099909193814,4.748651570613725,4.322145166636655,7.263564925771442,2.6981671086049586,31.43330774585454,30.098951854399182
1,2026-07-25T04:51:38.999394Z,75.4148014444246,12.115224590818428,161.90770735498518,4.748651574745672,4.2518393760836055,7.869537430641762,2.701042931096983,32.54974020452674,27.810924586512776
1,2026-07-25T04:51:39.999391Z,75.41484841612339,12.115290084509418,161.79228875413537,4.748651577911656,4.203760017906824,8.562301737499281,2.7010735629995235,34.11064301704446,25.56129120489276
1,2026-07-25T04:51:40.999389Z,75.41489960052034,12.11536189234042,161.98994451668113,4.748651612852674,4.198226705854972,9.275963775308584,2.7008484513645676,35.01926603700347,23.592639573420914
1,2026-07-25T04:51:41.999385Z,75.414954414208,12.115430763054333,161.96103066951036,4.748651738718963,4.8888998557833,9.460982203455544,1.8819704327814168,36.99824204153446,16.113051116342408
1,2026-07-25T04:51:42.999383Z,75.41500913139363,12.115496720217285,162.23289559036493,4.7486518507601305,5.118091117165519,9.514285773357466,1.8794863817055498,38.69555020946093,15.976563671090352
1,2026-07-25T04:51:43.999380Z,75.41506728062363,12.115564207116966,162.62433604430407,4.748651942109305,5.136103284696574,9.762626336145946,1.8701525662528102,40.52253809545782,15.486653450870957
1,2026-07-25T04:51:44.999377Z,75.41513126425859,12.11563161220913,162.92495711613446,4.7486518955134756,5.214772733390055,10.046154929015035,1.8385425710550791,42.16340392808289,14.749563594050512
1,2026-07-25T04:51:45.999374Z,75.41519202183788,12.11569717024092,163.79804465081543,4.748651874331925,5.178194554375125,9.992239031302592,1.8528613074558689,42.88883501262937,14.640499190072873
1,2026-07-25T04:51:46.999371Z,75.41525624502816,12.115760682088165,164.56557930260897,4.748651871382668,5.0512718952645645,9.885377564069906,1.863598346554064,44.098588831910135,14.322413089997509
1,2026-07-25T04:51:47.999369Z,75.41532217754362,12.11582633184921,165.41387832630426,4.748651964513774,5.176839871939547,9.910212834987394,1.8271860422977062,44.49649073719204,14.210342437523664
1,2026-07-25T04:51:48.999365Z,75.41538938585198,12.11588852269581,166.23900254350156,4.748651992082524,5.2203018636550285,9.851204896188193,1.8622136385078807,44.8929142092508,14.591005200334397
1,2026-07-25T04:51:49.999362Z,75.41545140695564,12.115952909112414,166.9119274923578,4.748651986818715,5.313191030442834,9.70435208363149,1.8434771520661244,43.88806522464656,14.52207991953036
1,2026-07-25T04:51:50.999360Z,75.41550978410493,12.11601624282785,167.4596890732646,4.7486519958356554,5.341743838225419,9.516883908560883,1.8875426751583784,42.73211828643393,15.363560020354088
1,2026-07-25T04:51:51.999356Z,75.4155653291404,12.116080234884917,168.02310941461474,4.748651994837587,5.33451409908222,9.362105863476105,1.8787207879421675,41.175225767078764,15.56373506303979
1,2026-07-25T04:51:52.999354Z,75.41562130233696,12.11614515431574,168.20491552352905,4.7486519327779915,5.284432824071675,9.508311848656039,1.8811484411362425,40.10948368720495,15.79129889848006
1,2026-07-25T04:51:53.999350Z,75.41567208090403,12.11622011244137,167.5866122143343,4.748651937390474,5.302176429475541,9.955009400631058,1.8321308624914618,36.19453062859755,14.88094750504392
1,2026-07-25T04:51:54.999347Z,75.41572416539701,12.11630138268045,166.65325144585222,4.7486519345927665,5.245472848947456,10.544750026023939,1.853289188812966,32.92702637777711,14.016438843195584
1,2026-07-25T04:51:55.999345Z,75.41577903912764,12.116386127665367,165.78503782954067,4.748652004194126,5.241309860866145,10.987415203808855,1.8121130502557137,32.32047850469139,13.131714512524681
1,2026-07-25T04:51:56.999342Z,75.41584099189699,12.116477395540699,164.95375508256257,4.7486519741239634,5.218483095229893,11.76818041162912,1.7803520256953798,34.23021727675241,12.241201010187526
1,2026-07-25T04:51:57.999339Z,75.41591051859987,12.11656973727105,164.13379956316203,4.748651957582912,5.318028505496718,12.534117142052954,1.78064049606756,36.435737066877564,11.499862257010415
1,2026-07-25T04:51:58.999336Z,75.41599138502627,12.11665968205937,163.3336144797504,4.748651946293994,5.384664284297463,13.132988057168825,1.7421736939651369,40.129754325525155,10.73979374337796
1,2026-07-25T04:51:59.999334Z,75.41607695316483,12.116749712188177,162.88968029245734,4.748652022191571,5.413715573516341,13.472851409124457,1.7247193901950217,42.656172583689965,10.367136087148214
1,2026-07-25T04:52:00.999330Z,75.41616576446813,12.116838887554914,162.54378561209887,4.748651919955271,5.3512345898162135,13.669242423660442,1.7266717252414712,44.08876389527705,10.229841207803817
1,2026-07-25T04:52:01.999327Z,75.41625515514443,12.116929998269123,161.99847131688148,4.748651877967331,5.363052166754326,13.865309110797746,1.7232626129474722,43.51175639150185,10.063982952683203
1,2026-07-25T04:52:02.999324Z,75.41634953156493,12.117017956812592,161.1267391582951,4.748651798878781,5.4729588319472064,14.029698851377308,1.7157501923224414,44.84630421541243,9.896977695954833
1,2026-07-25T04:52:03.999322Z,75.41644327530359,12.11711072897249,160.2807631632313,4.748651817357168,5.406756220880754,14.256494479642415,1.7112760384643526,44.30751825094711,9.717561748180454
1,2026-07-25T04:52:04.999318Z,75.41653329945012,12.117207399262593,159.48636655323207,4.748651648678697,4.298296292688101,14.302227014919138,2.662326028254134,42.69801104257406,15.066763272106733
1,2026-07-25T04:52:05.999316Z,75.41662346954334,12.1173127581359,158.33935680426657,4.748651658658004,4.254525479149031,14.816242981307793,2.6943891295904234,40.584334834696556,14.698417844023343
1,2026-07-25T04:52:06.999313Z,75.41671094415487,12.117423455267506,157.40391047578305,4.748651659285052,4.194667187962116,15.20221792852945,2.698042471944646,38.723753850987315,14.357614643898382
1,2026-07-25T04:52:07.999310Z,75.41679884353306,12.117538159735211,156.19962110556662,4.748651652522769,4.15957735816872,15.596600750726633,2.698808132011665,37.40760702603927,13.99666488122121
1,2026-07-25T04:52:08.999306Z,75.4168851756626,12.11765653241526,155.5212982017547,4.7486516490791395,4.140888739405765,15.888462277702967,2.7204224418469387,36.10138952761713,13.862873960330669
1,2026-07-25T04:52:09.999304Z,75.4169699920368,12.117776542676891,155.22751484066248,4.748651645036539,4.154004489230909,16.035747214824703,2.7004615528331404,34.90675905730595,13.64065110096912
1,2026-07-25T04:52:10.999301Z,75.41705174953046,12.117898639248486,154.89153378270566,4.748651634610278,4.112141889579019,16.124697118059153,2.6912100537953,33.7789437239129,13.52062230863556
1,2026-07-25T04:52:11.999298Z,75.41713146670888,12.118020942555296,154.77661337517202,4.748651628938642,4.087917123877284,16.06200070582277,2.700351942760425,33.278009178615946,13.621708868313203
1,2026-07-25T04:52:12.999296Z,75.41721209845979,12.118141553246254,154.70086906757206,4.748651626414561,4.068860680654597,15.947990006772445,2.700178250994817,33.31208761183524,13.718560817905919
1,2026-07-25T04:52:13.999292Z,75.41729171386126,12.118261119539692,154.83123723603785,4.7486516190972585,4.052269387137495,15.806246790034619,2.7192646152605318,33.43692202010785,13.939890597083313
1,2026-07-25T04:52:14.999290Z,75.41737213029525,12.118379379909388,154.84197540022433,4.7486516117250455,4.044252676984119,15.673285519650758,2.7007737290045566,34.167246537119894,13.962426713434887
1,2026-07-25T04:52:15.999287Z,75.41745289875342,12.118494146659406,154.85917821805924,4.748651614548092,4.035695082182146,15.499784111256975,2.7194981228512694,34.73244164869571,14.216453493439506
1,2026-07-25T04:52:16.999284Z,75.41753573745703,12.118604760873694,154.94401763286442,4.7486516375853665,4.034146674475389,15.25029858055904,2.719205203527415,36.056018031234814,14.447038745009058
1,2026-07-25T04:52:17.999281Z,75.417619888236,12.118712015364279,155.20693200919777,4.748651644676941,4.0115410201832535,15.059347271938309,2.7191532458013175,37.05046101827677,14.628749779115413
1,2026-07-25T04:52:18.999278Z,75.41770330254393,12.118817060594376,155.31120554171503,4.748651650127647,4.000714933046149,14.847672355711147,2.6999490646501383,37.621211662025914,14.73338073243532
1,2026-07-25T04:52:19.999277Z,75.417787206722,12.118919952247692,155.46802038978785,4.748651658433661,4.009775094456379,14.653436229963111,2.7004390704689185,38.43753701927737,14.930910554245836
1,2026-07-25T04:52:20.999272Z,75.41787024247436,12.119019275002751,155.6776020238176,4.748651657578052,3.9987463535660503,14.379937985363263,2.700503316353649,39.3442863312035,15.215281655685882
1,2026-07-25T04:52:21.999269Z,75.4179540446324,12.119117077448005,155.8260271847248,4.748651657079511,3.995132717059841,14.18474191944964,2.700552112817027,39.92477887944534,15.42361977146678
1,2026-07-25T04:52:22.999239Z,75.41803712667382,12.119211476991076,155.97358701843768,4.748651654969665,4.003343699677438,13.88672959116062,2.7193158197285703,40.81659766670754,15.86482408922023
1,2026-07-25T04:52:23.999241Z,75.4181169737369,12.119300515866755,156.00970913562924,4.748651641013259,4.00470984502245,13.346651543847713,2.7256487829509246,41.4688134846977,16.54520722335782
1,2026-07-25T04:52:24.999236Z,75.41820205439926,12.1193836248144,156.10577358026057,4.74865164028376,4.008812436079109,13.128707674485987,2.718532529273849,44.51068744990698,16.776066334314873
1,2026-07-25T04:52:25.999240Z,75.41828973733311,12.119461765905553,156.2079431656748,4.74865164177608,4.013525512017951,12.929552306146432,2.7168890655176345,46.924187892882365,17.02319464754066
1,2026-07-25T04:52:26.999243Z,75.41837846829722,12.119534852909146,156.19766332488507,4.748651649618448,4.017923135549959,12.695849918161137,2.700283520590119,49.25990242862307,17.233175595688692
1,2026-07-25T04:52:27.999242Z,75.41846414815967,12.119602330277065,156.37144534941763,4.748651651649965,4.029349055976193,12.156650650836212,2.720574146737431,51.00564378754752,18.131190275696117
1,2026-07-25T04:52:28.999248Z,75.41855109541028,12.119661695632757,156.38589518517256,4.748651657408974,4.039128840587706,11.718940233787967,2.7004517952005016,54.00807006075576,18.670972978062025
1,2026-07-25T04:52:29.999255Z,75.41863639514894,12.119719353532739,156.36578893382102,4.748651650217612,4.036917202071841,11.395780965328555,2.7002669980187255,55.695181176300764,19.199813469989756
1,2026-07-25T04:52:30.999257Z,75.41872200167946,12.119770857191028,155.8203995283693,4.748651661102656,4.042445990760894,11.037200812062384,2.700499834241513,57.460284257588434,19.810905448869075
1,2026-07-25T04:52:31.999266Z,75.41880357685207,12.11982501921756,155.34484530240297,4.748651671102235,4.0508139966356245,10.830839009774305,2.6983522780226443,56.32623811348553,20.168848156713523
1,2026-07-25T04:52:32.999274Z,75.41888436126128,12.11988107873862,154.83535435330123,4.748651684629783,4.06408233791185,10.780291874255404,2.699132009335,55.39976670147143,20.272636477423312
1,2026-07-25T04:52:33.999274Z,75.41896290544109,12.11993804772532,153.89361388329417,4.748651695039273,4.094680629024428,10.652631017531531,2.714639406828024,54.610315831249814,20.61564568457046
1,2026-07-25T04:52:34.999282Z,75.41903718609804,12.119993804183132,152.83444783464074,4.748651694821766,4.08807024186056,10.25864692503881,2.7108830418211967,53.82868760741341,21.348327316083044
1,2026-07-25T04:52:35.999290Z,75.41911235482489,12.120042656577825,151.88656399026513,4.748651659601927,4.053306077909972,9.888981710118392,2.6838622669653995,56.337396232300215,21.914042970402754
1,2026-07-25T04:52:36.999292Z,75.41919426019949,12.120077187670448,150.5898556895554,4.748651632359214,4.08340438767785,9.675165027059483,2.681719634223159,64.88668065771256,22.30449906378817
1,2026-07-25T04:52:37.999295Z,75.41928321728317,12.120097732199907,149.4916440397501,4.748651612276007,4.087449738700678,9.742123213506806,2.7064791861274737,74.02768772445096,22.402638987094292
1,2026-07-25T04:52:38.999297Z,75.41936869868856,12.120103729085683,148.26662803441286,4.748651602312386,4.076857045655283,9.386984806817992,2.684210542248184,81.95964398495055,23.02774951086536
1,2026-07-25T04:52:39.999299Z,75.41944508277308,12.120105160748926,147.02624756935984,4.748651585011344,4.082471630818594,8.72240272862907,2.6780867257276446,85.79891982017598,24.671602619711425
1,2026-07-25T04:52:40.999301Z,75.41951446737772,12.12011358821613,145.87651700060815,4.748651572127627,4.139798247220422,8.037331363355094,2.6734923499670398,83.83708845610973,26.6551767820863
1,2026-07-25T04:52:41.999303Z,75.4195733516249,12.120133818299452,145.0027213972062,4.748651555837766,4.22715342236871,7.222318589889656,2.669050033609542,74.87674390610451,29.418073927866107
1,2026-07-25T04:52:42.999303Z,75.41963242221924,12.120165577219645,143.3755988329649,4.748651539537375,4.272943260180385,7.2219018279497735,2.640516335442408,64.94699250853412,28.626904395314735
1,2026-07-25T04:52:43.999304Z,75.41969318381312,12.120212908614024,141.75710493698716,4.74865153865297,4.190131480881155,7.846510341759648,2.641286284108436,53.16912870375421,26.531468385427523
1,2026-07-25T04:52:44.999305Z,75.41973745615068,12.120279713170616,140.33836157340556,4.748651549239506,4.142682504570097,8.484616341755581,2.6822886859270936,37.90354914545914,25.349986368942467
1,2026-07-25T04:52:45.999305Z,75.41976495712719,12.120364595563267,139.24622860644013,4.7486515243039165,4.207100288100997,9.217569156986839,2.6863423357369824,21.85850519308676,23.469491539562995
1,2026-07-25T04:52:46.999306Z,75.41977840485944,12.120459117022275,138.2612630976364,4.748651501597868,4.250046324456734,9.954169807913994,2.6793327814315173,10.00838862540828,21.690545102221602
1,2026-07-25T04:52:47.999306Z,75.41978937020339,12.120557258872633,137.63959231041372,4.748651564085497,4.294079643488232,10.331050696498933,2.6904609429171846,6.5610120216766665,21.012646047262095
1,2026-07-25T04:52:48.999306Z,75.4198050468976,12.120649770359563,136.9087616233155,4.748651573052561,4.308237345728348,10.153407806466571,2.6878990804928566,8.52707636359056,21.346612040301373
1,2026-07-25T04:52:49.999306Z,75.41983140572239,12.120736764270598,136.45650745090097,4.748651582829851,4.306131983738302,9.972658860554166,2.692112143442797,14.536742852690354,21.796650852061614
1,2026-07-25T04:52:50.999306Z,75.41987311576653,12.12082002182845,135.853502554819,4.748651619892514,4.316152596700503,10.076487972126808,2.6953419564469274,23.850723797889707,21.61113550321156
1,2026-07-25T04:52:51.999306Z,75.4199361786132,12.120900848208173,134.3825701288879,4.748651635158385,4.3139433479251625,10.74261923716608,2.6878697991193343,34.50880348116059,20.150251704451
1,2026-07-25T04:52:52.999307Z,75.4200196409075,12.12097324502006,133.00490613561124,4.74865163363172,4.293024651714318,11.613221237807142,2.6842448513222497,44.72264484506867,18.61909767190531
1,2026-07-25T04:52:53.999304Z,75.42011711386525,12.12103525322526,131.47358954604715,4.748651672470629,4.314837573173849,12.349605291113694,2.6828885218877847,53.61290324884381,17.518328716948133
1,2026-07-25T04:52:54.999304Z,75.42021614053701,12.121092480572436,130.02417182549834,4.748651685140928,4.378157854438888,12.554553516569129,2.688465740970863,57.311133248727884,17.26438202602126
1,2026-07-25T04:52:55.999303Z,75.42032299505142,12.12115282735074,128.74006339535117,4.748651742402404,4.4203280116557435,13.023855137752774,2.6881216356583866,59.650034787517605,16.642000700840512
1,2026-07-25T04:52:56.999302Z,75.42043524899908,12.121206835467296,127.48165415599942,4.74865171540274,4.446234738264363,13.414349521127134,2.6841376079833297,62.58473919058814,16.142562946066644
1,2026-07-25T04:52:57.999300Z,75.42054988506375,12.121259862744855,126.44475518818945,4.748651735998935,4.474150560481067,13.690690558835119,2.692382987401849,63.915593785632986,15.878498530377954
1,2026-07-25T04:52:58.999299Z,75.42066559025106,12.121316026904188,125.41948012821376,4.748651730769194,4.406219569774213,13.922889755172694,2.693805681366369,63.306050015487884,15.63170000712775
1,2026-07-25T04:52:59.999298Z,75.4207751640473,12.121380586410341,124.42095264233649,4.748651691442583,4.2938823886142,13.87075024530122,2.693301448752557,59.83015340864012,15.694451592106747
1,2026-07-25T04:53:00.999297Z,75.42088415765464,12.121452647735241,123.41586620081216,4.748651704772078,4.325150744608532,13.815868188908654,2.6912916874736044,56.6525776573305,15.744781766306108
1,2026-07-25T04:53:01.999296Z,75.42097957909719,12.121522951475898,122.49089683778584,4.748651729939711,4.342424386559402,13.289636460641013,2.6962410937057726,54.44647595813075,16.40439657651035
1,2026-07-25T04:53:02.999293Z,75.42106867199041,12.121593451586909,121.49147530552,4.748651751890572,4.350075848394854,12.636267812870589,2.702086280846769,52.3567402007133,17.28152463004971
1,2026-07-25T04:53:03.999293Z,75.42114922891638,12.121662880705204,120.89696514327079,4.748651769351056,4.336815671192886,11.766260406820042,2.696294943429801,50.49117134211734,18.52759563557777
1,2026-07-25T04:53:04.999291Z,75.42122703119634,12.121728502459264,120.31697073299438,4.748651788419727,4.338458590687684,11.131239047582989,2.689968119684622,49.79414555707823,19.553359713322603
1,2026-07-25T04:53:05.999290Z,75.42130478354782,12.121789919881484,119.50186024326831,4.74865178071163,4.353896203092275,10.875391158802076,2.696535637296318,50.407099793461526,20.065661189929013
1,2026-07-25T04:53:06.999287Z,75.42137518043906,12.121849476932752,119.27342405728996,4.7486517657682645,4.358193839102581,10.555394058074384,2.697934243714462,49.84480028845628,20.686383742021086
1,2026-07-25T04:53:07.999287Z,75.42144626623406,12.121911231918109,118.79798436164856,4.748651803422987,4.3938426170287155,10.319676035135528,2.693143733510471,49.12996565057003,21.12618782971951
1,2026-07-25T04:53:08.999284Z,75.4215131482981,12.121965382425811,118.47664931602776,4.7486518056582625,4.418333153103661,9.543665018939109,2.6992087557136837,49.484956729654634,22.899126463009516
1,2026-07-25T04:53:09.999283Z,75.4215712328122,12.122014007537992,118.2077632136643,4.748651771033417,4.3920537935290405,8.496944129876459,2.7000319228925913,49.179686600096645,25.729575900821445
1,2026-07-25T04:53:10.999280Z,75.4216185242487,12.122057495400249,118.13124046474695,4.748651719253331,4.424310291624568,7.256684540414663,2.703587410086579,52.02259304622079,30.164882582531565
1,2026-07-25T04:53:11.999279Z,75.42165033664077,12.122092552084215,118.2815482262522,4.7486516550724565,4.522891767500926,5.4812797753484706,2.699135509830021,47.39836343484051,39.856597565865655
1,2026-07-25T04:53:12.999277Z,75.4216701261284,12.122107653027676,118.61038412712514,4.748651594731693,4.6389282476668345,3.375356916911658,2.7018967744649087,46.101190114535264,64.83075601633796
1,2026-07-25T04:53:13.999275Z,75.42167559050499,12.12210915205824,118.28666505217552,4.7486515687354265,4.921517995158219,1.304119592032401,2.700583647042548,49.40730285644531,165.26744909045706
1,2026-07-25T04:53:14.999274Z,75.42167844856853,12.122110805509031,118.2405547676608,4.748651544690276,4.2841181604198955,0.6586091925036589,4.063952328564655,49.40730285644531,180.0
1,2026-07-25T04:53:15.999271Z,75.42168501124732,12.122115421880235,118.20161618664861,4.748651547420214,4.306796002832929,0.79521353296861,4.060720009450003,49.40730285644531,180.0
1,2026-07-25T04:53:16.999269Z,75.42169157982467,12.122121728179296,118.40283078607172,4.748651549407235,4.305550007721147,1.0048987003269783,4.061000391581251,48.421756744384766,180.0
1,2026-07-25T04:53:17.999267Z,75.42170639859292,12.122134700686248,118.45979444216937,4.748651565668787,4.296907003158149,1.9834872783567807,4.056585764936365,48.421756744384766,165.62615772209278
1,2026-07-25T04:53:18.999265Z,75.42172733018656,12.122152499984518,118.1505400268361,4.7486515986906435,4.724193929671142,2.8139581011737786,2.703055248788702,48.421756744384766,77.80038982210874
1,2026-07-25T04:53:19.999263Z,75.42175287837787,12.12217665057379,118.25251051597297,4.748651630131288,4.972848205671029,3.743405966313011,2.7008351612127908,46.03003615458154,58.4337588565173
1,2026-07-25T04:53:20.999261Z,75.42178294062626,12.12220552930918,118.31038313172758,4.748651656168487,4.921894447396178,4.6756162283238405,2.701266386795132,45.69090694568233,46.80549770025758
1,2026-07-25T04:53:21.999259Z,75.42181675781833,12.122245377418695,117.81450029555708,4.748651669928147,4.859893045712921,5.452025196720248,2.7047341845082093,43.5792613590355,40.18065330997382
1,2026-07-25T04:53:22.999256Z,75.42185167024248,12.122281644151894,117.41064469423145,4.748651648405476,4.827842148187487,5.545051303878466,2.700277919265131,43.33930397988824,39.427929587778706
1,2026-07-25T04:53:23.999255Z,75.42188709799531,12.122324795421003,117.27268625050783,4.748651645894048,4.856387272504859,5.985931891849122,2.6948337783780185,41.93251988660809,36.45382717857921
1,2026-07-25T04:53:24.999252Z,75.42192911122964,12.12237053026755,117.19732692930847,4.748651660076227,4.7532356818215495,6.601570318028648,2.7003594813247105,40.979443673544154,33.13375393248444
1,2026-07-25T04:53:25.999250Z,75.42197035043978,12.122426301666103,116.94838049262762,4.748651754081842,5.2559847533556505,7.366676831212036,2.012834605035056,37.46473833671202,22.01795500075236
1,2026-07-25T04:53:26.999248Z,75.42201024824031,12.122481903906076,116.88946866989136,4.7486517330573035,5.345938326588689,7.80030408765954,1.9840953255703326,35.49497542809633,20.403883593406054
1,2026-07-25T04:53:27.999245Z,75.42204287939636,12.122543543021704,116.44661338813603,4.748651747396962,5.392691134779375,7.946600059010933,1.948177528975896,31.764184579493605,19.752067581375414
1,2026-07-25T04:53:28.999244Z,75.42207373689448,12.122610119816832,116.04343619663268,4.7486517961681,5.453608131389938,8.016047496651733,1.9644895867961447,28.980220285671304,19.65920436941077
1,2026-07-25T04:53:29.999241Z,75.42211575864329,12.122675350915452,116.14013651944697,4.7486518189869615,5.406115841118646,8.44539745278898,1.941386715581923,29.3069519127642,18.358577003025395
1,2026-07-25T04:53:30.999239Z,75.42215102625383,12.122746865153983,116.00251688901335,4.748651825478038,5.40424552705295,8.798214947265274,1.9270957911390179,27.279244021200657,17.568895378474924
1,2026-07-25T04:53:31.999237Z,75.42218584001301,12.122826883784771,115.83650350011885,4.748651782054884,5.319388486897554,9.169145203317179,1.921461309773135,24.956181978041528,16.892159885479693
1,2026-07-25T04:53:32.999234Z,75.42221921456319,12.122914161072883,115.58097970299423,4.748651766148049,5.4950275691480766,9.64746099985741,1.87645594878901,22.515901367080918,15.719430456951306
1,2026-07-25T04:53:33.999231Z,75.42224839751351,12.122996657759522,115.4882193915546,4.748651970292989,5.49538261540801,9.799737041527871,1.8398262240296461,20.59999537380865,15.18574168390207
1,2026-07-25T04:53:34.999230Z,75.42227716056523,12.123083223139455,114.97933367267251,4.748651897738114,5.460194221514495,9.94542694545469,1.8587848847324488,19.073056950466658,15.066711300491969
1,2026-07-25T04:53:35.999227Z,75.4223066152616,12.123169519085106,114.77399929892272,4.748651911924374,5.398320906778437,9.945583011012673,1.8605430221755614,18.313511047601256,15.128741202810088
1,2026-07-25T04:53:36.999225Z,75.42233361469371,12.123256440710637,114.65323030482978,4.748651894844391,5.394215641017575,9.89425468541434,1.860866974510762,17.491927143723558,15.22485015681289
1,2026-07-25T04:53:37.999223Z,75.42236012480028,12.123342588649912,114.23049303330481,4.748651889155888,5.3698341259780475,9.897664165025555,1.8633388832171733,16.769575334342598,15.147320633724782
1,2026-07-25T04:53:38.999220Z,75.4223849729609,12.123429910035924,114.12652750499547,4.74865191794524,5.373472278094597,9.768554341771678,1.8648593426611115,15.974140829706686,15.400108426238642
1,2026-07-25T04:53:39.999217Z,75.42240273637965,12.123511158078562,113.61849448923022,4.748651899527282,5.363695907882177,9.24185769662218,1.9134640483835228,14.633642163459884,16.506217662314704
1,2026-07-25T04:53:40.999215Z,75.42242263853265,12.123588306726594,112.96628837194294,4.748651896187743,5.3622162088452745,8.86765043037011,1.8902951904270677,15.054848844371675,16.92566026076721
1,2026-07-25T04:53:41.999214Z,75.42245329457764,12.123663304322154,112.30451601371169,4.748651860915571,5.270356086146431,8.828599894160881,1.9105081755065136,20.3327874285639,17.17761755999913
1,2026-07-25T04:53:42.999210Z,75.42249954954319,12.123735494686356,111.36444559972733,4.7486518390412,5.132886449036642,9.24944516270216,1.9032685700636256,30.795620942366053,16.605149104220253
1,2026-07-25T04:53:43.999209Z,75.42255980643883,12.123803584119885,110.06390247680247,4.748651857676654,5.157354826158539,9.835537872840787,1.8753611642291417,40.67028396132867,15.360703635744624
1,2026-07-25T04:53:44.999206Z,75.42263352599572,12.123867415664197,109.0792729742825,4.74865190747224,5.172012155403883,10.544451234983397,1.824943392856773,48.28737788275627,13.608223002174435
1,2026-07-25T04:53:45.999204Z,75.4227165240228,12.123927709042933,108.09680017642677,4.7486516199418976,3.8874842221872776,11.016289888782762,0.30650308309802343,53.13897309194475,6.95767691705185
1,2026-07-25T04:53:46.999201Z,75.42280376105101,12.123978068316491,107.60400792583823,4.748651606568742,3.84394852790194,11.1413831910724,0.30702346143563763,61.13521047893794,7.167317821715973
1,2026-07-25T04:53:47.999200Z,75.42288684847557,12.124039994100324,107.03218377847224,4.748651740639314,4.13688046136615,11.297490775332408,3.2405657828928214,57.02588018966923,23.196844154226405
1,2026-07-25T04:53:48.999198Z,75.42297044469656,12.124100069251773,106.50463894475251,4.748651793899156,4.072377520687445,11.281581026660348,2.70388563004986,55.750081786237494,19.37968668091021
1,2026-07-25T04:53:49.999194Z,75.42305839964123,12.124149529551394,105.36727863363922,4.74865180387163,4.124696891177548,11.017765356272253,2.7026308997659756,58.58980966009163,19.80173830816751
1,2026-07-25T04:53:50.999192Z,75.42314599683665,12.124194993373997,104.53525381162763,4.748651823981989,4.222425731034847,10.859053082762314,2.6993607888432956,63.50641872012989,20.062138022361903
1,2026-07-25T04:53:51.999189Z,75.42323907336456,12.124246411807276,103.69453378487378,4.748651864800288,4.346847753301315,11.260831149963414,2.6962469837715424,63.52198392835536,19.322218229450264
1,2026-07-25T04:53:52.999187Z,75.42332987435823,12.12429102191088,102.56095058191568,4.748651896732944,4.39739632039347,11.242534455817857,2.6973915742259194,63.44705327392467,19.362456007685303
1,2026-07-25T04:53:53.999185Z,75.42342355401162,12.12433442872215,101.15351584553719,4.748651984525635,4.50925742274873,11.330319954155579,2.6897055606445925,63.89310977159885,19.131143601191013
1,2026-07-25T04:53:54.999182Z,75.42351570364019,12.124379069051978,99.7907948307693,4.748651966519906,4.549797430605892,11.169900914663417,2.687222349186186,63.40771191791441,19.41202910981387
1,2026-07-25T04:53:55.999180Z,75.4236065013498,12.12442615006649,98.92098226677626,4.7486517363327145,4.599588166535368,10.941020527033162,2.684613775934316,62.44137778715364,19.802402498506485
1,2026-07-25T04:53:56.999178Z,75.42369316528315,12.124467098920473,98.4147535264492,4.7486516429580945,4.6039087606021605,10.573854523565908,2.6943945579144573,62.628579519602745,20.58846784454894
1,2026-07-25T04:53:57.999176Z,75.42378418533217,12.124516209293894,97.74569275323302,4.748651553753447,4.61979290916529,10.958097217652059,2.6953178657614,61.282212674916515,19.878952500631403
1,2026-07-25T04:53:58.999173Z,75.42385695870675,12.12455365656191,96.95021694898605,4.748651499295651,4.628604751558277,9.26796588675148,2.695177889771337,61.19388896407503,23.509326596525828
1,2026-07-25T04:53:59.999171Z,75.4239087158776,12.124583673492822,96.22797012142837,4.748651489575635,4.66490208752049,7.1007052187305,2.6959665787812543,60.2941917029231,30.675354875303675
1,2026-07-25T04:54:00.999168Z,75.42394467303292,12.124602974667782,95.79728024546057,4.74865153724057,4.765880681627128,5.039935167134562,2.6976538879782486,60.87912111355919,43.13428326763811
1,2026-07-25T04:54:01.999166Z,75.4239582533043,12.124613152685281,95.81991629954427,4.748651538770605,4.93135678713725,2.6557714525330645,2.6877393951813353,59.4411447209431,80.54255098836202
1,2026-07-25T04:54:02.999163Z,75.42395742865384,12.124612279493533,95.65946783777326,4.748651532583672,4.417841830333075,0.5108045270205266,4.022723769565645,56.25580978393555,180.0
1,2026-07-25T04:54:03.999161Z,75.42395809045291,12.124611574947098,95.33412640728056,4.748651530556143,4.338182716171617,0.1096432737497293,4.068007629588471,56.25580978393555,180.0
1,2026-07-25T04:54:04.999159Z,75.42395988795057,12.124612460688779,95.26353460364044,4.748651531263063,4.331153532877818,0.25077739521466524,4.0578403674151975,56.25580978393555,180.0
1,2026-07-25T04:54:05.999156Z,75.42396873507188,12.124617782684638,95.08127596322447,4.7486515355642736,4.3143839623225455,1.1249885512546403,4.016546795785465,56.25580978393555,180.0
1,2026-07-25T04:54:06.999154Z,75.423989156365,12.124631631063032,95.0354656521231,4.74865154029936,4.313948064334968,2.3222884081501634,3.48267856753225,56.25580978393555,121.19036626329947
1,2026-07-25T04:54:07.999152Z,75.42401770421336,12.124652641976201,95.10990750417113,4.748651545807612,4.839010007138676,3.509983399681087,2.700673925544954,53.46035502752599,61.75644939328783
1,2026-07-25T04:54:08.999148Z,75.42404751318179,12.12467363446601,94.82090830989182,4.748651550318632,4.941808975984781,3.831012883283226,2.6944313270514453,53.03113089676901,56.669789497132534
1,2026-07-25T04:54:09.999149Z,75.4240813667621,12.124700690643927,94.63076997734606,4.748651556535501,4.834152953917057,4.618191244582145,2.7079543568665065,51.52535320338763,47.45664545551491
1,2026-07-25T04:54:10.999144Z,75.42411923252976,12.124731178852251,94.50060229934752,4.748651560302548,4.695709354884594,5.134311004576974,2.7033052865752314,50.817705968571076,42.66291067363447
1,2026-07-25T04:54:11.999141Z,75.42415922015867,12.124762606263584,94.80671357456595,4.748651558585729,4.622348410897427,5.36637973529099,2.7076372417162466,51.79894689418798,40.84695845324858
1,2026-07-25T04:54:12.999139Z,75.4241968382693,12.124790704631236,95.16932130698115,4.7486515611762625,4.555331219430798,5.201940704592761,2.7045636450168837,52.48930495614165,41.9801215721145
1,2026-07-25T04:54:13.999138Z,75.42422624394051,12.124816546540206,95.45934594143182,4.748651560877887,4.524489767434921,4.568891001292221,2.6999359999928854,51.42206383929433,47.61107390540476
1,2026-07-25T04:54:14.999134Z,75.42425444905302,12.124845395044744,95.96092616580427,4.748651551091368,4.582058861095186,4.141830136592807,2.696812408499573,49.069548230393686,52.08276474871169
1,2026-07-25T04:54:15.999134Z,75.42428232041762,12.124870579681877,96.4677706612274,4.748651552818385,4.639559786045539,4.140677732160476,2.697400831584859,48.934015584966915,51.567792043772535
1,2026-07-25T04:54:16.999129Z,75.42432131199993,12.124886828697507,97.70423800032586,4.748651548832434,4.888549918572206,4.586207937274276,2.6697327708618905,55.49639798780788,44.4594452643872
1,2026-07-25T04:54:17.999127Z,75.42435569357383,12.124901311259189,98.27409535832703,4.748651572390271,4.9439148361545024,4.404499322778096,2.689969133594073,58.5187357757353,47.62983851846174
1,2026-07-25T04:54:18.999125Z,75.4243948834274,12.124922031429191,99.42430419102311,4.748651583607282,5.003538870967642,4.6626960582814885,2.6877590785375087,60.53577565557603,45.042073814627436
1,2026-07-25T04:54:19.999123Z,75.4244329859683,12.124945028059425,100.19173077028245,4.748651633344665,5.174910854336845,4.7480890491564605,0.9824296841301698,60.86095869135654,16.585104941292975
1,2026-07-25T04:54:20.999120Z,75.42447319124712,12.12496904724084,100.83408538065851,4.748651669781341,5.3528620731279,4.956180907785467,0.8963569324484421,60.04524999298584,14.555783529240307
1,2026-07-25T04:54:21.999117Z,75.42450865504438,12.124994129187039,101.89162097591907,4.748651643513434,5.340021906860752,4.927371675192471,0.8927288757248447,57.37696300163359,14.474327800333837
1,2026-07-25T04:54:22.999115Z,75.4245569831479,12.125012881242162,102.32683917693794,4.7486517045674965,5.205914311911054,5.164663718118488,0.8980780379931922,61.84660794890675,13.988176109220365
1,2026-07-25T04:54:23.999113Z,75.42459522144593,12.125043970301798,103.70233890786767,4.748651704531533,5.23962296404419,5.251841713521638,0.8884680314384984,55.546834827465204,13.474188209798777
1,2026-07-25T04:54:24.999110Z,75.42464289269627,12.12505870843139,104.13746928144246,4.748651788182946,5.369399704550749,5.2256155424197885,0.8977944515548637,62.74985780781913,13.761778037708664
1,2026-07-25T04:54:25.999108Z,75.42468701807957,12.125081502981931,104.56837712042034,4.748651865193291,5.53199626523415,5.27025487236247,0.896919181222672,62.39852644482006,13.667183323728965
1,2026-07-25T04:54:26.999106Z,75.42472601174327,12.125101888721163,105.25263621006161,4.748651871284506,5.599656090113245,5.0142204106418715,0.8963275213934698,61.19039868966575,14.360969148631387
1,2026-07-25T04:54:27.999103Z,75.42477346639768,12.125123684855097,105.19713742099702,4.748651877026215,5.671045049259766,5.226752637119883,0.9060371741491292,63.57009377946238,13.99354801138226
1,2026-07-25T04:54:28.999157Z,75.42481914421104,12.125150840401558,105.40687482524663,4.748651881442751,5.7926477320213765,5.452238226838118,0.9001948415422167,60.452784257801,13.341790229361052
1,2026-07-25T04:54:29.999139Z,75.42486022020442,12.125184686459967,104.90727736148983,4.748651892849456,5.835082795946711,5.4512711450758555,0.902449434074668,53.50745620079419,13.405057585755323
1,2026-07-25T04:54:30.999137Z,75.4249032466843,12.12521335859992,104.78458615764976,4.748651941887012,5.853612735601933,5.395444998124764,0.8979792652765302,52.884541788713086,13.469345908761133
1,2026-07-25T04:54:31.999125Z,75.42494385035769,12.125248443262453,105.19578165374696,4.748651755968013,5.5170162719013955,5.625068920772997,2.6596094027339356,48.6683503662138,37.769039628173914
1,2026-07-25T04:54:32.999109Z,75.42498172744028,12.125272422852895,105.72178078908473,4.748651716073838,5.566023849308595,5.136507269831812,2.681531157528839,51.38488171998262,40.85912576874276
1,2026-07-25T04:54:33.999114Z,75.42501810146285,12.12530042895824,105.96520263329148,4.748651683042585,5.377515820103375,4.963864566661435,2.7033350839504964,49.99452941689401,42.86339180201018
1,2026-07-25T04:54:34.999102Z,75.42504572903184,12.125337587467593,105.97674215305597,4.748651750243344,5.32537169067468,4.880540972504018,2.710106353876729,42.26027025535308,44.3632050634888
1,2026-07-25T04:54:35.999088Z,75.4250839388,12.125374665995762,106.08642057608813,4.748651777931765,5.5560535890867255,5.2846101465877195,2.7019452271543343,42.690832864491036,41.138551919528304
1,2026-07-25T04:54:36.999095Z,75.42512360607684,12.125414157060915,106.26461940724403,4.74865178023483,5.471988701585244,5.655132876780264,2.6987948687729197,42.72364272834811,38.46295868004259
1,2026-07-25T04:54:37.999083Z,75.42516167023597,12.125452923188766,106.34401825722307,4.74865179175625,5.333128468037543,5.775206267858528,2.7071277890599865,42.14782530279578,37.94217029019419
1,2026-07-25T04:54:38.999070Z,75.42519928474134,12.12549268722996,106.67941730003804,4.7486517935768555,5.203903323257337,5.855832039865736,2.7041053242265836,41.76218428256975,37.37019364952358
1,2026-07-25T04:54:39.999077Z,75.42523624250639,12.125528988986206,107.12030011601746,4.7486517383906515,5.091389066262049,5.762463530722696,2.695816641843086,42.93571819361887,37.79883119749947
1,2026-07-25T04:54:40.999069Z,75.42527031667278,12.125566614135124,107.25671901833266,4.748651722350994,4.9791981650520984,5.641507049732223,2.7014865733777484,42.426735159471804,38.75684521758096
1,2026-07-25T04:54:41.999060Z,75.42530834968925,12.125605293669006,107.72412115894258,4.748651718899868,4.848269008371538,5.7825427316697775,2.699684123645954,42.38213492870785,37.76389309106371
1,2026-07-25T04:54:42.999069Z,75.42534469273092,12.125644811391638,108.03444284573197,4.748651722789858,4.765192544606681,5.781829551294886,2.7090466677356004,41.89587518706361,37.90488005032745
1,2026-07-25T04:54:43.999073Z,75.42538239715317,12.125683749034124,108.59018042962998,4.748651734744316,4.636874817444483,5.83727445146339,2.7051614623677085,41.41031975250824,37.46098037763611
1,2026-07-25T04:54:44.999075Z,75.42541500655493,12.125722193171168,108.98393767420202,4.748651756937198,4.624910712438518,5.7739536521048,2.699807299030012,39.522396321784335,37.78151026529375
1,2026-07-25T04:54:45.999079Z,75.42545161792056,12.125760705299024,109.6878921808675,4.748651770105637,4.629920072220867,5.815602911001558,2.7034772172435204,39.77234140656725,37.502930751381676
1,2026-07-25T04:54:46.999082Z,75.42548661051265,12.125792969425843,110.13172713574022,4.748651795850518,4.800528683039111,5.534095889055533,2.699915770136057,41.033554333954825,39.354125759766454
1,2026-07-25T04:54:47.999084Z,75.42552079498172,12.12582809338712,110.18435671087354,4.748651768701199,4.718330036352521,5.366972587533233,2.7019830970697183,42.82355083641233,40.5649068811017
1,2026-07-25T04:54:48.999085Z,75.42555411877245,12.125859671938855,110.75832045450807,4.74865174847436,4.626927411511865,5.156437652589799,2.703532415475017,43.55801186643177,42.20984591835998
1,2026-07-25T04:54:49.999088Z,75.4255895607976,12.125888593442282,111.36569047905505,4.7486517155678,4.4882420317272205,4.968076511226021,2.7103055350772083,45.23586343733755,43.873053062103544
1,2026-07-25T04:54:50.999090Z,75.42563243213102,12.12590658199614,112.46275943890214,4.748651678011876,4.44938584857938,4.792568755400862,2.7015232214977813,51.02505959468911,45.19866689142531
1,2026-07-25T04:54:51.999092Z,75.42567966828142,12.125919666667603,113.31555170565844,4.748651586149099,4.4144926651905845,4.793931322295402,2.7068309080320447,58.7338792459946,45.39185472965844
1,2026-07-25T04:54:52.999092Z,75.42572888260896,12.125939797621005,113.65580717939883,4.748651599479106,4.414047845986865,4.997716358277742,2.701107968739006,62.77806025931396,43.54087692441022
1,2026-07-25T04:54:53.999094Z,75.42577954586208,12.125940558246056,114.36851520836353,4.748651557946771,4.421775410144665,4.994621054810161,2.704332186852056,70.25415145720144,43.624314355796606
1,2026-07-25T04:54:54.999095Z,75.42583200909324,12.125946258326985,114.83328169118613,4.748651503730007,4.316187846575996,5.282938773120852,2.703949408881147,74.98969805019871,41.281297038618874
1,2026-07-25T04:54:55.999095Z,75.42589125488743,12.125939632095807,114.86346102226526,4.748651388607077,4.150306221124239,5.623572267903537,2.709900624207776,82.5354068442277,39.02510788526866
1,2026-07-25T04:54:56.999095Z,75.42595624525156,12.125932741117177,116.05587803386152,4.7486513882561745,4.0736885556657185,6.322077179537463,2.7048984581109177,87.0834030866974,34.65995673445671
1,2026-07-25T04:54:57.999096Z,75.42602379067199,12.125924937726579,116.75848180614412,4.748651372940908,4.012457774077681,6.688488562709358,2.707578275822009,89.2766550035277,32.79782395018835
1,2026-07-25T04:54:58.999097Z,75.42608957397303,12.125921272347073,117.31562246195972,4.748651388563329,3.9775549127868137,6.808947283320578,2.7074556141996173,89.61132719597119,32.21341918256382
1,2026-07-25T04:54:59.999097Z,75.4261582590019,12.125917387704407,117.92869997676462,4.748651406353948,3.9602732158665765,7.151426992015842,2.699956354464914,91.03398512436637,30.57559294987922
1,2026-07-25T04:55:00.999097Z,75.4262298321131,12.125912674010875,118.58856997080147,4.748651467032791,4.038024615378825,7.564357943549633,2.704662634075136,91.790634246092,28.956336831188846
1,2026-07-25T04:55:01.999096Z,75.42630107154532,12.12591691680221,118.72507596295327,4.748651502507024,4.338857022582459,7.855702125636229,2.7097677955530597,92.40555355150103,27.941183656756554
1,2026-07-25T04:55:02.999097Z,75.42637581300885,12.125910512425133,119.77737294044346,4.748651501186638,4.42121221656829,8.075377452009311,2.7061235276608597,91.18765386139245,27.12518582511632
1,2026-07-25T04:55:03.999096Z,75.42644978299961,12.125910810967312,120.69541696552187,4.74865148946285,4.492152396775247,8.158391959534699,2.704267187976916,90.60447279923783,26.806593335467582
1,2026-07-25T04:55:04.999096Z,75.426523637393,12.12591198402521,121.1578573929146,4.748651496593493,4.526440873883332,8.15391323726004,2.6985597340232217,90.6533495014667,26.755370003758024
1,2026-07-25T04:55:05.999095Z,75.42659813424697,12.125911528974143,122.00591963343322,4.748651512282846,4.5453358489303115,8.11778614496347,2.696456520053574,90.79120752806368,26.83296183812539
1,2026-07-25T04:55:07.000095Z,75.42667103394548,12.125909775620167,122.91714415885508,4.748651535482928,4.613833372732008,8.018024644587404,2.6940607342713645,90.30689042197527,27.11649059347019
1,2026-07-25T04:55:08.000094Z,75.42674318650536,12.125909645949797,123.73867658246309,4.74865157110702,4.5945598363216575,7.895495080829317,2.694235204467161,89.58366368240411,27.512158622879245
1,2026-07-25T04:55:09.000094Z,75.42681186443694,12.125908162001947,124.94212612695992,4.748651600524251,4.587615499661549,7.624223838383345,2.682626255408168,89.013134200322,28.366819986727734
1,2026-07-25T04:55:10.000093Z,75.42687651410833,12.125911258013815,125.90365257672966,4.748651648392083,4.77097667974466,7.330638687450661,2.689066038338638,88.73952545610581,29.45528621353793
1,2026-07-25T04:55:11.000092Z,75.42693444682868,12.125914470956399,127.281673415564,7.965181606669746,4.781524828819355,6.892425486834381,2.683305215878558,88.08082606905484,31.07580208221486
1,2026-07-25T04:55:12.000092Z,75.42699216638087,12.125922879434594,128.1690286397934,8.428917039544098,4.812196210707969,6.5659112259248165,2.683946128084592,83.89235945020481,32.611691144334706
1,2026-07-25T04:55:13.000091Z,75.4270547562482,12.125935001905495,128.77572301309556,8.590948489116716,5.156422445338513,6.526222613549757,2.0520819784718523,80.11116688730795,24.066726960170747
1,2026-07-25T04:55:14.000089Z,75.42712240331886,12.125951912734338,129.12563866376877,9.597313834035694,5.099901328111914,6.74759663511045,2.037297214428991,76.34679617780886,23.395682346299257
1,2026-07-25T04:55:15.000088Z,75.42718558006227,12.125976397791343,129.48240670375526,9.379515725012812,5.095302865935276,6.934497928612219,2.0414069979477487,71.31796743076292,23.08411962335888
1,2026-07-25T04:55:16.000088Z,75.42725135889748,12.125999377614335,129.65561792068183,10.06747135538661,5.0091637241645985,7.12992418114488,2.0262386397712353,69.34081112648286,22.166323562460995
1,2026-07-25T04:55:17.000087Z,75.42731931196742,12.126016946573651,130.35954266507179,11.615951646232743,4.907063079656575,7.282996451290911,2.0276014978691905,70.1089155836993,21.47941658296959
1,2026-07-25T04:55:18.000086Z,75.42738417308203,12.126042301266313,130.60851602628827,12.19894211710591,4.861925414439597,7.459777101188038,1.9588452846300934,69.46029496420911,20.31532907140141
1,2026-07-25T04:55:19.000084Z,75.42744307125571,12.12608195857204,131.3742745053023,10.903502091847141,4.770477804225631,7.548098446512071,1.9762169848447442,64.72974486419065,21.094392828207344
1,2026-07-25T04:55:20.000082Z,75.42750506858576,12.126124046814382,131.90875761769712,9.161795066338787,4.580043677401458,7.918511824945648,1.9709779931861886,61.884773648143536,20.076630646959522
1,2026-07-25T04:55:21.000081Z,75.4275642207292,12.126168177866317,132.20124651119113,10.106755821717238,4.447458249769012,7.868181783939416,1.971147355267277,58.97786623214382,19.420325733094842
1,2026-07-25T04:55:22.000080Z,75.42762416486956,12.126209499952624,132.40032351203263,10.026589930070225,4.286120524288208,7.898434274486549,1.954073152472548,57.88156148167651,18.99207492059923
1,2026-07-25T04:55:23.000078Z,75.42768094415509,12.126257796968458,132.71795722004026,9.64772904566839,4.054709848615391,7.941665533551933,1.9743518562526559,56.023394867126676,19.134269404430512
1,2026-07-25T04:55:24.000078Z,75.42774607739867,12.126297384363765,133.20740021206439,10.566069290741064,3.9938900728484326,8.04295012095202,1.95617530987655,55.94924987590646,18.822375937058723
1,2026-07-25T04:55:25.000077Z,75.42780876820031,12.126337163270941,133.75021405424923,11.295997034932396,3.87053213575496,7.991237886654593,1.9646458512619405,55.20042562422097,18.830968119467475
1,2026-07-25T04:55:26.000075Z,75.4278703481394,12.12638214422396,134.14137932751328,11.519967470280987,3.727214840577756,8.047364099434853,1.9123406493594717,53.871126671554556,18.279459191771917
1,2026-07-25T04:55:27.000074Z,75.42792489104995,12.126431248793017,134.46869141887873,11.030931955581647,3.666616756295541,7.944717682468081,1.9605247968600499,49.54790465416599,19.622465146130867
1,2026-07-25T04:55:28.000072Z,75.42797855394184,12.126481760197395,135.04297440778464,10.35166453534218,3.6970397929429546,7.993404489014747,1.9667128184893483,47.839043082675936,19.184113290749124
1,2026-07-25T04:55:29.000071Z,75.42802816731918,12.126533954620102,135.71441602054983,9.623643938926323,3.623094167646932,7.885300068514631,1.9772985317513643,44.981179461879755,19.30794835792285
1,2026-07-25T04:55:30.000069Z,75.42807719499221,12.12658449846005,136.1958276843652,9.34352536010848,3.749850388719479,7.8051372804021675,1.9540150094794089,41.9824085436339,19.664898115917143
1,2026-07-25T04:55:31.000068Z,75.42811640127462,12.12664501687226,136.2502092877403,8.204222585437735,3.86488660594422,7.822667329756219,1.9632745808674819,35.86485048783944,20.012433053114016
1,2026-07-25T04:55:32.000066Z,75.42814564761092,12.126711808906569,136.6105201197788,4.748651815370292,3.972490174306264,7.824116899308658,1.9711642377250165,28.761965179643664,20.141330265727426
1,2026-07-25T04:55:33.000065Z,75.42817276048962,12.12678008068105,136.42290320806205,4.748651814383425,4.089804045433855,7.961625230495974,1.952328766079766,22.402882152173255,19.85517189767083
1,2026-07-25T04:55:34.000063Z,75.42819964379379,12.126851151454487,135.8612840687856,4.748651883361616,4.478996861473171,8.26984961931565,1.9545659873379786,20.303710243814056,19.14642011633422
1,2026-07-25T04:55:35.000062Z,75.42822346035531,12.1269262269914,135.58901430293918,4.748651986764354,5.051988325758134,8.706931723714293,1.9197193679041986,19.236109921735753,17.859621363441562
1,2026-07-25T04:55:36.000060Z,75.42824846915663,12.127002755522755,135.12359155341983,4.748651805794291,4.67782912755923,8.63805277132841,2.691502015061602,21.867522450817464,25.229769877943703
1,2026-07-25T04:55:37.000059Z,75.42827725190934,12.12708519506249,134.93328718468547,4.7486518028204765,4.755230924226908,9.330341923355814,2.715960790402539,21.020322396601514,23.577781499698098
1,2026-07-25T04:55:38.000058Z,75.42831043676274,12.127174036340177,134.23939916770905,4.748651768046849,4.881260490341087,10.11511536793421,2.705686512939751,21.547670826068195,21.66035778577034
1,2026-07-25T04:55:39.000055Z,75.42834330149304,12.127261772475523,133.91569196339697,4.748651733913029,5.070950784726975,10.468176624436591,2.701423085247309,21.94884961793675,20.89716972072098
1,2026-07-25T04:55:40.000054Z,75.42838891675733,12.127356491069092,133.9307393776253,4.748651684423938,5.049168038258741,11.17626335434209,2.70212792437322,25.235265577909725,19.580473751133137
1,2026-07-25T04:55:41.000052Z,75.428441957528,12.127451002320528,133.86782963294536,4.748651660164621,5.021673049179745,11.739717570400128,2.6972158384548868,28.986037777293685,18.608095280648282
1,2026-07-25T04:55:42.000051Z,75.428502757269,12.127537505321765,134.20610345713794,4.748651536152094,4.928297913711472,11.622914697297047,2.7057691234353376,33.66723835934221,18.86179049205562
1,2026-07-25T04:55:43.000049Z,75.42857191611257,12.127620920015044,134.44273851718754,4.748651463112268,4.842486929182021,11.809599693520529,2.711334679136613,38.95875268162441,18.602821536260716
1,2026-07-25T04:55:44.000048Z,75.42865419076091,12.12768980933699,134.11094230320305,4.748651519784556,4.8638427407944285,11.835067985820311,2.70430329393892,45.62350885292412,18.51415234584028
1,2026-07-25T04:55:45.000047Z,75.42873963105777,12.127759534749543,134.59576338808984,4.74865155430879,4.8166528065217475,11.89851278752737,2.706697708457091,49.47386774287313,18.43237999834326
1,2026-07-25T04:55:46.000045Z,75.42883036682007,12.127829255711834,135.68870812654495,4.74865156161529,4.794849021593556,11.999775013275974,2.728462107629789,51.55985434142701,18.415118635422573
1,2026-07-25T04:55:47.000043Z,75.42891793709357,12.127891321566079,136.98057836852968,4.748651491657578,4.960235379279991,11.720637271064321,2.7003769398321227,53.42270772192387,18.636759763810478
1,2026-07-25T04:55:48.000041Z,75.42900370722619,12.127951127136981,138.1171253286302,4.748651481093322,4.972303706586459,11.476779667322782,2.695350998744408,55.175289619836335,18.993681503818383
1,2026-07-25T04:55:49.000039Z,75.42909093859254,12.128012984173434,138.74280774220824,4.7486515365716375,4.941018277436879,11.441167305972161,2.7003769093113856,58.30073423585428,19.091962668846083
1,2026-07-25T04:55:50.000038Z,75.42917754249463,12.128070281252667,139.47276360355318,4.748651551519812,4.845305590165616,11.37684162015064,2.7040970294091187,57.37211247858231,19.237656045849377
1,2026-07-25T04:55:51.000036Z,75.42926085241564,12.128123745115854,140.40418605413288,4.748651530279054,4.839261685876213,11.260331119327674,2.708097917178631,56.921520923312194,19.47651361104756
1,2026-07-25T04:55:52.000034Z,75.42934711419028,12.128183196884768,141.168321615085,4.748651451404249,4.850071776751323,11.419090797298502,2.71387414692645,55.610529415689605,19.24924032307577
1,2026-07-25T04:55:53.000033Z,75.42943395051601,12.128245002012843,141.1320086698979,4.748651471273919,5.034204945763851,11.570954875931978,2.702942751165799,54.32659891760202,18.919635293637732
1,2026-07-25T04:55:54.000031Z,75.42951678652628,12.128308662388752,141.53218594938517,4.7486514713262835,4.9647202969102535,11.676898051346463,2.702421066396743,53.164498018479634,18.74522466571807
1,2026-07-25T04:55:55.000029Z,75.42959902941966,12.12837992383041,142.53875625971705,4.748651548383615,4.861526478350047,11.894604810388566,2.7008668034075964,50.86683987742185,18.390352565025243
1,2026-07-25T04:55:56.000028Z,75.4296794912555,12.128455202273548,143.3739572810009,4.748651532590902,4.8122138630997044,12.232267772325676,2.6995210513143766,48.34297075612397,17.871365106647513
1,2026-07-25T04:55:57.000027Z,75.4297686456465,12.12852926986553,143.3453582059592,4.74865166127926,4.8717099202479055,12.639165836451262,2.700131392492842,48.13566937085589,17.301369977448736
1,2026-07-25T04:55:58.000024Z,75.42985574696746,12.128609209375117,143.58658810984343,4.74865161846131,4.711852448674168,12.94865492025284,2.707582406454468,46.88866311887473,16.93455341803094
1,2026-07-25T04:55:59.000023Z,75.42994352827421,12.128696001193727,143.85374222602695,4.748651705184765,4.687680340659397,13.246354176329024,2.7008744089353405,46.119330471896646,16.513134117102997
1,2026-07-25T04:56:00.000021Z,75.43003055819038,12.128781189989278,144.36854841466993,4.748651800354468,4.683007839620235,13.370933583034441,2.70157125706829,45.68556110573649,16.36376507556335
1,2026-07-25T04:56:01.000019Z,75.43012001881038,12.128868051024368,144.7990825343877,4.748651831450694,4.651145550664527,13.561451909829222,2.6955595622010606,45.55226820891222,16.094957481940476
1,2026-07-25T04:56:02.000018Z,75.43020871094883,12.128957035086536,145.49936811812222,4.748651879841188,4.68860248455925,13.741689214427158,2.700447746106486,45.23640644402822,15.91101853699209
1,2026-07-25T04:56:03.000016Z,75.43029645816307,12.129048575446937,146.18351389747113,4.7486519364748805,4.72223394824381,13.847146941134017,2.6967324554359338,45.388868411110046,15.765820916786703
1,2026-07-25T04:56:04.000014Z,75.43038299677264,12.129136027984904,146.8972215121612,4.7486519874313515,4.69579437603694,13.609808998854628,2.6979594707192662,44.67136223204922,16.0428594977745
1,2026-07-25T04:56:05.000013Z,75.43047041242144,12.129224561742744,147.46804364118725,4.748651981626989,4.697146302103953,13.636673638102476,2.6939455436998694,46.1411525423411,15.988704215999245
1,2026-07-25T04:56:06.000011Z,75.43056010182997,12.129315003359297,147.72877622954547,4.748651935175114,4.767777835921637,13.708902893626494,2.6991043591397976,44.6892149214266,15.936253135990096
1,2026-07-25T04:56:07.000009Z,75.4306447801016,12.12940127625403,148.7176762856543,4.748651884459483,4.832964017970201,13.473071177680119,2.687773906137245,45.18163955680526,16.12156029368991
1,2026-07-25T04:56:08.000007Z,75.4307275811059,12.129487473145367,148.428204911761,4.748651842723238,4.721626595862169,13.284060211326203,2.6908673057289114,44.77366329990141,16.399745284931193
1,2026-07-25T04:56:09.000005Z,75.43081236142174,12.129577183133664,148.10809115041047,4.748651811433135,4.69565186213144,13.436103192634075,2.703018341929228,43.21736029710508,16.29943941665789
1,2026-07-25T04:56:10.000004Z,75.43089984572624,12.12966620187879,147.65066489297897,4.748651839674322,4.60126428624604,13.680690498118187,2.7025960472948607,43.40998814228962,16.006627902736582
1,2026-07-25T04:56:11.000003Z,75.43099062464549,12.129758837130215,147.38348271790892,4.748651864099319,4.548926914270828,14.028601742329794,2.7023199797394617,43.43379198287818,15.607426846136425
1,2026-07-25T04:56:12.000000Z,75.43108217185932,12.129849565740958,146.76878908462822,4.7486518936476445,4.4765005644020075,14.104114308588901,2.7028466737769246,43.886933657634614,15.521794543001272
1,2026-07-25T04:56:12.999998Z,75.43117354943321,12.129938984898798,146.72131404094398,4.7486520798430485,4.7686406301702124,14.050001304173309,1.7621482723878599,44.37043124345233,10.16185556440325
1,2026-07-25T04:56:13.999997Z,75.43126152222194,12.130035926423686,146.30979104805738,4.748652267185619,5.080941603836182,14.080381382794107,1.7191028867967628,43.063185034961975,9.891650383468164
1,2026-07-25T04:56:14.999996Z,75.43135166848599,12.13012959257107,146.0297867525369,4.748652235706787,4.926764360415248,14.094317270918516,1.725750512674188,41.69532495130191,9.920235451307503
1,2026-07-25T04:56:15.999994Z,75.43143468726774,12.13022942878402,145.8942682314664,4.748652172289406,4.783280913621997,14.134145257721261,1.7466342789953604,38.894718216126016,10.011864923304497
1,2026-07-25T04:56:16.999992Z,75.43151297429333,12.130331732224272,145.56215748377144,4.7486520844899855,4.637170552338603,14.162893696670167,1.7211182686413546,35.39584054651375,9.843616756540126
1,2026-07-25T04:56:17.999990Z,75.4315830254175,12.130437465864116,144.56556898541749,4.748652023680724,4.700140537069143,14.136484250967824,1.7266716386165903,31.400932208526424,9.888657387199203
1,2026-07-25T04:56:18.999988Z,75.43163290867469,12.130562573523255,142.84731737989932,4.748652186540636,5.474531989327842,14.472792109990994,1.7035187162254064,25.068262520105858,9.50969594917113
1,2026-07-25T04:56:19.999986Z,75.4316796641652,12.130685470027583,141.72246737778187,4.748652288422899,5.53686374009418,14.461360250269166,1.7038703364549264,20.83379949106326,9.52033082631615
1,2026-07-25T04:56:20.999985Z,75.43172629773578,12.130804428726767,140.87078053783625,4.748652266769211,5.495276290236436,14.238685657753223,1.7088004632527378,20.582509715279343,9.697395607820164
1,2026-07-25T04:56:21.999983Z,75.43177301022759,12.130918829857729,140.22993864584714,4.748651958884091,5.3840214201341015,13.709147270540093,1.7285118776559592,22.253579046905916,10.196272898039465
1,2026-07-25T04:56:22.999982Z,75.43182405220935,12.131025369762709,140.0619054287672,4.748651844458014,5.365781648525754,13.082534112346394,1.7309350091288067,25.262156297970055,10.712616992940815
1,2026-07-25T04:56:23.999980Z,75.43187803051978,12.131125647875363,140.39120846800506,4.748651735277638,5.329065064333731,12.470429068583638,1.7599933339188205,27.854359256709483,11.433479080100305
1,2026-07-25T04:56:24.999978Z,75.43193403670058,12.13121739906716,140.87524160183966,4.748651747639198,5.241307941019604,11.79494981284324,1.7802352191584865,30.613096682492223,12.228041526923283
1,2026-07-25T04:56:25.999977Z,75.43198915121529,12.131298486448623,140.94334116391838,4.748651691554785,5.180787122060419,10.717569902657235,1.8049907908168743,33.18758583189028,13.643091155786294
1,2026-07-25T04:56:26.999975Z,75.43204299283728,12.131369440611884,141.36735707335174,4.748651672142754,5.134561985759289,9.861305935945278,1.8578844441083275,35.779355913011265,15.221022055987058
1,2026-07-25T04:56:27.999973Z,75.43209578250999,12.131432364157874,141.49859322141856,4.748651649480201,4.981032941244438,8.892012168483582,1.8977163683766074,38.08386650724587,17.209066778704646
1,2026-07-25T04:56:28.999971Z,75.43214287445431,12.131484954818987,141.71375908423215,4.748651609447238,4.738991669303106,7.685890874237891,1.978017760806503,39.67756248401167,20.730890295106043
1,2026-07-25T04:56:29.999969Z,75.43218896766996,12.131534387394883,141.99597105756402,4.748651575554079,4.4973869170171925,6.8139490019569475,2.0511267771649644,40.64564633892805,24.09395818200751
1,2026-07-25T04:56:30.999967Z,75.4322270655593,12.131567406395618,141.6936470977962,4.7486515434897525,4.46975365865336,5.326310455865315,2.157657760142798,42.618676563332535,32.57501144004233
1,2026-07-25T04:56:31.999967Z,75.43224960743551,12.131587747156757,141.5294579807669,4.748651521543622,4.559599645219052,3.4875337441679393,2.3624930213046493,43.613997881426684,54.36579226743872
1,2026-07-25T04:56:32.999965Z,75.43224415323786,12.131580483839787,140.82406859472394,4.748651540967766,4.989003881036892,1.1669035763135467,3.260278482557077,47.07575607299805,180.0
1,2026-07-25T04:56:33.999963Z,75.43223869369398,12.131577869520706,140.84525454044342,4.748651533027713,4.43362512591353,0.217761133464654,3.7374991395394344,47.07575607299805,180.0
1,2026-07-25T04:56:34.999490Z,75.43223789462698,12.13157690711938,140.68237132392824,4.748651532243826,4.4822187970283816,0.11732166901128588,3.732190054875545,47.07575607299805,180.0
1,2026-07-25T04:56:35.999487Z,75.4322403780188,12.131579386943564,140.68561087548733,4.748651536142958,4.528169998268646,0.28418250022584257,3.7341186358642027,47.07575607299805,180.0
1,2026-07-25T04:56:36.999486Z,75.43224870822003,12.131585379284768,140.7001826846972,4.748651553639928,4.62882852854951,0.9786097741492434,3.710942850233273,47.07575607299805,180.0
1,2026-07-25T04:56:37.999498Z,75.4322648472956,12.131599761141533,140.72577503416687,4.748651587624473,4.725266151257403,2.073410392940581,3.109762511611492,47.07575607299805,121.33152409603724
1,2026-07-25T04:56:38.999511Z,75.43228615602925,12.131618049269061,140.72690651658922,4.7486516316243135,5.246075665485259,2.852471217467848,2.4764556306140797,47.07575607299805,70.30211706745065
1,2026-07-25T04:56:39.999529Z,75.43230575598885,12.131635203886034,140.5333425346762,4.748651651537736,5.527761134058593,3.014245546362687,2.464685290005351,45.51310958894596,65.7283263466967
1,2026-07-25T04:56:40.999550Z,75.43233266488367,12.13165956806458,140.5848473412916,4.748651678763694,5.702347251699413,3.8696269473206013,2.3500756911945255,45.75740365286147,48.92262714804259
1,2026-07-25T04:56:41.999568Z,75.43236501819982,12.131689428207132,140.75422362983227,4.748651709010909,5.75989256235574,4.70340242361691,2.2654896386190324,45.921705412591,38.97598090641482
1,2026-07-25T04:56:42.999587Z,75.43239913831822,12.13172246621169,141.1421370683238,4.748651723726812,5.776372953631429,5.468955310786848,2.1643285711047264,45.92051986002507,31.81583743643525
1,2026-07-25T04:56:43.999612Z,75.43243895179066,12.131761863102067,141.25760730169713,4.748651726164366,5.7798572176121805,6.085450461358959,2.1112307916730675,45.92284025774377,28.038720803857455
1,2026-07-25T04:56:44.999634Z,75.43247485727512,12.13179674422741,141.56143884267658,4.7486516948460835,5.62252925201292,6.025123133061917,2.1194724427515825,45.80510483764877,28.27439230387161
1,2026-07-25T04:56:45.999658Z,75.43253016327918,12.131837457898484,141.30788275040686,4.748651712577831,5.993259256151394,6.830266771185406,2.071365088510504,47.73035779632821,24.529564990068806
1,2026-07-25T04:56:46.999677Z,75.43258491929328,12.131877119559102,140.95762399584055,4.748651696979564,5.8276453869571325,7.340474697190457,2.0169791189680137,49.42599714893467,22.26208224065967
1,2026-07-25T04:56:47.999697Z,75.43264248018554,12.131923810424567,141.38658390007913,4.748651797392026,5.649158547620091,7.991290410866278,1.9709327260466025,50.73529093057471,19.960847739493122
1,2026-07-25T04:56:48.999718Z,75.43270771927851,12.131967298776187,141.76238884497434,4.74865173736015,5.692739750609736,8.617508019256658,1.9340258120046483,52.898277267305275,18.10052201596435
1,2026-07-25T04:56:49.999740Z,75.4327746592605,12.132011137008101,141.93261805269867,4.748651748385125,5.6873426572043675,9.03364329046692,1.9049048581510828,54.36784040929242,16.979614069076547
1,2026-07-25T04:56:50.999762Z,75.43284727906583,12.13205364608793,142.37178841419518,4.748651717296062,5.552427633909517,9.317666569821352,1.8902732313815511,56.558445620011945,16.168157015271195
1,2026-07-25T04:56:51.999782Z,75.43292424227126,12.132095195462375,142.9737144978717,4.74865177799229,5.4807120129937905,9.479626728564636,1.8664287453825639,59.24532909411597,15.411026990651909
1,2026-07-25T04:56:52.999801Z,75.43300368255055,12.132130202276635,143.52255035284907,4.748651784794116,5.484992906088972,9.509697590325281,1.8956077563235405,62.79327426480509,15.787171499277928
1,2026-07-25T04:56:53.999817Z,75.43308654317063,12.13215825285077,144.13977775350213,4.748651739652609,5.424596787291059,9.577674077977257,1.8519349561317326,67.59303419353623,15.235204156681375
1,2026-07-25T04:56:54.999834Z,75.4331700357631,12.132181997047478,144.8336735982448,4.748651765922224,5.314437526492186,9.521151872523278,1.8720245746043493,72.04207087865545,15.451783521710132
1,2026-07-25T04:56:55.999850Z,75.43325419990931,12.132202207549978,145.46341845672578,4.7486518007136596,5.225337832142578,9.473301268030225,1.8760645168500618,75.25285255803463,15.355422746203137
1,2026-07-25T04:56:56.999863Z,75.43334051081086,12.13221494051699,146.04848590120673,4.748651827576999,5.145366067464425,9.45240885832045,1.8842829810958843,78.56283385994551,15.362638264433114
1,2026-07-25T04:56:57.999877Z,75.43342387410986,12.13222545722596,146.64403481036425,4.748651762678199,5.337734533117999,9.282440593982871,1.884806685080315,81.0125139118541,15.663602065707835
1,2026-07-25T04:56:58.999889Z,75.43351044697701,12.132238057589625,146.86467358842492,4.748651711045604,5.466033530913412,9.331262977635854,1.8794120401640504,82.32662919916433,15.768127515349127
1,2026-07-25T04:56:59.999901Z,75.43359645603583,12.132249192501503,146.76224632468075,4.748651702167814,5.6669029348386575,9.369827528859881,1.9039893508497736,83.34733847912678,16.244487359985335
1,2026-07-25T04:57:00.999912Z,75.43368403483903,12.132253004856683,147.02387430984527,4.748651694339164,5.675839731382423,9.451571480026066,1.8997283570678078,85.48598626503633,16.048533998532378
1,2026-07-25T04:57:01.999922Z,75.43376954846745,12.13225745153204,147.60677673202008,4.7486516643876175,5.701733415744042,9.407897236615552,1.880134938428467,86.16807729980616,15.832969503134692
1,2026-07-25T04:57:02.999932Z,75.43385486662258,12.132260481482538,148.1739672170952,4.748651651122741,5.584757687972935,9.325731943662111,1.8834611597603825,86.86830249390941,15.968369770368858
1,2026-07-25T04:57:03.999941Z,75.43393665203641,12.13226239591665,148.7224310738966,4.748651719825205,5.47649886310282,9.049503446441122,1.8748162509085193,87.69736484476654,16.04924980992993
1,2026-07-25T04:57:04.999950Z,75.43401658931957,12.132259012327914,149.55118534807116,4.748651750078327,5.362813794417322,8.747985143111197,1.9149047167125262,90.32322102998599,16.91080187695494
1,2026-07-25T04:57:05.999957Z,75.43409319531096,12.132248948226637,150.47283144388348,4.748651761166599,5.224883638649152,8.43741927232352,1.9421340766972481,95.09456387266707,17.769127099386665
1,2026-07-25T04:57:06.999965Z,75.43416913615744,12.132230786401148,151.12516986764967,4.7486517474335255,5.023975706533795,8.380472182862652,1.93464728808797,100.9244239860399,17.993079239079627
1,2026-07-25T04:57:07.999972Z,75.43424411604082,12.132208483099987,151.625312929973,4.748651724601184,4.836044836311372,8.429740005802792,1.9416974616180653,104.550498970743,17.95387676555886
1,2026-07-25T04:57:08.999978Z,75.43431776703406,12.13218210007132,152.06109084933996,4.748651685376557,4.743840304903887,8.539094720990942,1.9332561599646976,107.50912076978977,17.81383568900968
1,2026-07-25T04:57:09.999985Z,75.43439042824112,12.132145969210367,152.3960403809324,4.748651565298876,4.9095019251047365,8.706098797189755,1.9253283365402902,111.32191144581675,17.444247634122572
1,2026-07-25T04:57:10.999990Z,75.43445938721833,12.132110504293715,152.89578682556748,4.748651507604521,5.314470394307495,8.726334689420607,1.9131493461809304,113.99845569921882,17.343595839328987
1,2026-07-25T04:57:11.999995Z,75.43452902723043,12.13207430301524,153.35076382756233,4.7486513930369725,5.308876255215855,8.685449680378582,1.9218324020472788,116.03650743659969,17.363189795506674
1,2026-07-25T04:57:13.000000Z,75.43459689169362,12.132036005547794,153.9224558044225,4.748651267468199,5.316344145622744,8.629130877155408,1.9302842757291163,118.02244416287321,17.457673310771977
1,2026-07-25T04:57:14.000005Z,75.4346657441909,12.131996483733008,153.80059458874166,4.748651198581661,5.304585470430224,8.654964607883358,1.9263685380433149,119.71479891981606,17.661738616160985
1,2026-07-25T04:57:15.000009Z,75.4347336082463,12.131953799844117,154.09157730080187,4.748651273740254,5.437083993567138,8.711644359786765,1.922291506684861,121.15409620963248,17.62112338501029
1,2026-07-25T04:57:16.000013Z,75.43480305539161,12.131907374089817,154.4710159348324,4.748651277800779,5.550384315575041,8.850556592355952,1.9130341008672118,122.80853942486941,17.004593896916518
1,2026-07-25T04:57:17.000017Z,75.43487232295156,12.131858070489047,155.04625748377293,4.748651341642717,5.600301110462855,9.0524250011432,1.9054261724938413,124.47089240221293,16.82224032164811
1,2026-07-25T04:57:18.000021Z,75.43494024681011,12.131809527951292,155.35688063967973,4.748651349578442,5.632996058642433,9.1195007977345,1.9071942655085348,125.30033704541522,16.717551810134474
1,2026-07-25T04:57:19.000024Z,75.43500892064397,12.131760843211953,155.77627572230995,4.748651357943052,5.6844381674013125,9.124533387878857,1.8977229552738866,125.50417581816023,16.532144301595217
1,2026-07-25T04:57:20.000027Z,75.43507892831711,12.13171190906804,155.9919069642201,4.748651253047839,5.703802898601613,9.160922016116238,1.915898184512231,125.17804358670023,16.591577341976567
1,2026-07-25T04:57:21.000030Z,75.43514927011886,12.131664032400174,156.6639485154301,4.748651305623971,5.891548146467247,9.158166462348415,1.8700716464451181,124.82617330150173,15.831410431141906
1,2026-07-25T04:57:22.000033Z,75.43522037101314,12.131613465295239,157.51293862983584,4.748651351509907,6.077730691337191,9.201362241378543,1.8780235873017308,125.06605085560469,15.604307752052966
1,2026-07-25T04:57:23.000035Z,75.43528731329592,12.131568513602335,158.81809131242335,4.748651347533535,6.1684136895747494,8.963366636980297,1.8692067788986175,124.96358752314687,15.174951792292488
1,2026-07-25T04:57:24.000038Z,75.43535236897259,12.131523697601967,159.84702036343515,4.748651371639355,6.156591043602454,8.791020336789465,1.9279811199373051,125.04777037148763,16.329293741415057
1,2026-07-25T04:57:25.000040Z,75.43541478520387,12.131480651770516,160.58259248640388,4.7486514645570965,6.114650685706467,8.556857314296398,1.923072279190504,124.86106469595842,16.323643538200425
1,2026-07-25T04:57:26.000044Z,75.43547777755737,12.131437894275257,161.0525964992121,4.748651544043005,5.9801446615182,8.419949944438022,1.9142366103645319,124.77749257414638,16.749866888071665
1,2026-07-25T04:57:27.000044Z,75.4355358806324,12.131394568460246,161.51036119274795,4.748651560018745,5.78729381120543,8.159688012163963,1.9622262465129765,125.70389779127034,17.76134198811515
1,2026-07-25T04:57:28.000046Z,75.43559210402155,12.131353464112365,162.22952176909894,4.74865164971043,5.496708062959673,7.873185870462799,1.9629985189750627,126.27569761606027,17.624481855365225
1,2026-07-25T04:57:29.000048Z,75.43564807920005,12.131313500747124,162.65009775198996,4.74865167624938,5.232740722145087,7.564518692443555,1.985134693849693,126.4441747360517,18.507265835916932
1,2026-07-25T04:57:30.000050Z,75.43570107942789,12.131276175821837,163.5503568900749,4.748651634997761,5.436327880811736,7.251644624899656,1.9804121200144138,126.68839531775525,19.527979940435696
1,2026-07-25T04:57:31.000050Z,75.43575467971199,12.131236295492032,164.40362847968936,4.748651499901521,5.4127740819432,7.009944568013349,2.0236884658952006,127.32787753166879,20.011026018104285
1,2026-07-25T04:57:32.000052Z,75.43580710540883,12.131195950773709,165.09846822265536,4.74865135769496,5.843630798998294,6.738055469073361,2.030363959516767,127.78633813602858,19.79663011566189
1,2026-07-25T04:57:33.000056Z,75.43585193828018,12.131160869907188,166.06350038200617,4.748651374809916,5.707751100719639,6.293505757455289,2.0466284442052127,127.86864271584783,20.986643538063213
1,2026-07-25T04:57:34.000054Z,75.4358945161926,12.131129945016571,166.22434679884464,4.748651389186076,5.570456226417748,6.003509471741783,2.098687860191805,127.10705283585128,25.82432938488327
1,2026-07-25T04:57:35.000056Z,75.43594004298993,12.13109957259439,166.54091221559793,4.748651365691129,5.556671776094906,5.911669572075216,2.132561893784452,125.6676359614296,27.724649500317025
1,2026-07-25T04:57:36.000056Z,75.4359855493024,12.131070426323278,166.97383521683514,4.74865132868057,5.518189821095088,5.835047787708306,2.1246941230819045,124.35903811716358,28.241568885422872
1,2026-07-25T04:57:37.000057Z,75.43602516520497,12.131046804447434,167.3687900044024,4.748651362666861,5.412559888677962,5.170615861309501,2.188883358381789,122.92268178731005,31.380848739034278
1,2026-07-25T04:57:38.000059Z,75.43606196858914,12.131023628942177,167.7592808790505,4.748651400610908,5.323073712084958,4.835328811097512,2.2282377838560725,122.36082512618547,34.060850973840815
1,2026-07-25T04:57:39.000059Z,75.43610185815392,12.13099865994031,168.3457527793944,4.748651423128979,5.212953827534126,4.979866972083909,2.2089685237341374,121.80683836199907,32.288481858541786
1,2026-07-25T04:57:40.000060Z,75.43614134394318,12.13097694432494,168.71594521030784,4.748651461749296,5.114453259264683,5.032903492415226,2.207499569290186,120.28931291788412,32.04353853524717
1,2026-07-25T04:57:41.000061Z,75.4361822199801,12.130957946431485,169.05538560822606,4.748651508738565,4.965575055363328,5.051572974784371,2.2174948005050896,117.48484909416428,31.776621991966884
1,2026-07-25T04:57:42.000061Z,75.43622232025663,12.130939697523875,169.47965081222355,4.748651518924127,4.820142153943846,4.94650963738862,2.1951656142132707,114.92635897501629,31.614725468138253
1,2026-07-25T04:57:43.000062Z,75.43626671493776,12.130921997629203,170.059900123626,4.748651523060461,4.850603664958608,4.978414196772285,2.2160776005944265,112.92103158622436,29.574883925669
1,2026-07-25T04:57:44.000062Z,75.43630817474126,12.13090718223405,170.53735575731844,4.748651528878142,4.8886418999723915,4.920220634663849,2.214384355810668,111.58998269924149,30.221836205386104
1,2026-07-25T04:57:45.000063Z,75.43635043978043,12.13088992906204,171.05983030144125,4.748651545129901,4.799322671809535,4.97219010611401,2.2133449823259195,111.57359990543615,31.697030180647026
1,2026-07-25T04:57:46.000067Z,75.43639217231015,12.130871591084071,171.2453899635002,4.748651532197207,4.7080963585255065,4.994126546801509,2.21444143585968,112.44150426334436,32.87921459911537
1,2026-07-25T04:57:47.000063Z,75.43643495953818,12.130853510473141,171.40790089592338,4.74865151878154,4.590982472087599,4.979821474279461,2.2274979609382846,113.42839045536952,32.72335502305111
1,2026-07-25T04:57:48.000064Z,75.43648023962666,12.130835469165659,171.48850531317294,4.7486515055396294,4.631829135526637,5.086823674856954,2.207509694700458,113.93849588223007,32.25778656087116
1,2026-07-25T04:57:49.000064Z,75.4365275630622,12.13081532579152,171.7008269764483,4.74865143057171,4.970245459577364,5.236760950852762,2.1894833017580813,114.74782863586174,31.800029341700768
1,2026-07-25T04:57:50.000066Z,75.43657295598719,12.130793004247842,172.38453559204936,4.748651440392975,5.039855860278053,5.319845985980288,2.1832864650418204,116.0200103146627,30.14859943425075
1,2026-07-25T04:57:51.000065Z,75.43661376491572,12.130769647563017,172.86697778571397,4.748651432583971,5.077822345386272,5.299088346497262,2.182039953409152,117.26990692793328,31.277898418387412
1,2026-07-25T04:57:52.000065Z,75.43665692880727,12.130744356202035,173.31829749047756,4.748651444509564,4.854480339730413,5.395362338657703,2.1581009356783514,118.90105492386616,32.269044776975726
1,2026-07-25T04:57:53.000066Z,75.43670024002918,12.130718358606675,173.96902202162892,4.74865147510568,4.4080866128714336,5.456531311822512,2.7146395568648476,120.0026534459845,40.101306790258135
1,2026-07-25T04:57:54.000066Z,75.43674696009064,12.130697061402058,173.838233246468,4.748651502045343,4.519452107634638,5.436798907398053,2.7056964253505225,116.76851317534557,40.323034752720346
1,2026-07-25T04:57:55.000066Z,75.43679143451244,12.130672655395935,174.2200377015397,4.748651508441838,4.60404770361014,5.467993615296987,2.705963603504657,116.97945877456375,40.05939787521333
1,2026-07-25T04:57:56.000067Z,75.43683737418002,12.130650086640603,174.66090994235128,4.748651492022912,4.683749882082582,5.500042896195146,2.700814176760449,115.34450781864415,39.63493428196664
1,2026-07-25T04:57:57.000066Z,75.43688135755487,12.130635555741188,174.88478458020836,4.7486515112586805,4.710191206869332,5.230216923975671,2.6917730281117995,110.8653717845404,41.459797864804095
1,2026-07-25T04:57:58.000066Z,75.43692350232264,12.13062464455392,175.18905312940478,4.748651521941423,4.698304995854,4.948978681749856,2.697660504232884,106.39045523270133,43.74447497088405
1,2026-07-25T04:57:59.000066Z,75.436973616069,12.130611726758655,176.1718487497419,4.7486515523807515,4.758784884607991,5.076694182124759,2.6961746105874016,103.59888926047391,42.134125595555865
1,2026-07-25T04:58:00.000067Z,75.43702378120256,12.130604807573667,176.83113113418221,4.74865156442389,4.745085973632622,5.134614133616636,2.6863004685235246,99.3951161983546,41.300581116325795
1,2026-07-25T04:58:01.000067Z,75.43707081843982,12.130602731351617,177.4851914048195,4.74865157591694,4.797575610639055,5.04789531199639,2.6892486221169394,94.92724119596434,41.75623868940344
1,2026-07-25T04:58:02.000067Z,75.43711651526318,12.130603969495636,178.41631865035743,4.74865161757218,4.8068349001302435,4.941798132333969,2.6741729949014674,90.33824896607791,41.81412523621808
1,2026-07-25T04:58:03.000068Z,75.43716310135531,12.13061026783999,178.84719309117645,4.748651655086518,4.774795149529997,4.963849314465203,2.68581102754069,85.84946837545618,42.52682475781253
1,2026-07-25T04:58:04.000067Z,75.4372102290866,12.13062115580566,179.134322559461,4.748651698035859,4.724136019748912,5.0811729889597155,2.6952607519734837,80.59675975922893,42.4095606321136
1,2026-07-25T04:58:05.000067Z,75.43726095532679,12.130635392333625,179.2721112985164,4.74865169784244,4.672982848893088,5.189860105019414,2.6946676291386265,75.84285418657012,41.597686970420746
1,2026-07-25T04:58:06.000067Z,75.43730796440812,12.130651782691157,179.50331788975745,4.7486517044430085,4.611989342212575,5.188691026611415,2.696583779941193,71.50285952364072,41.752627598542226
1,2026-07-25T04:58:07.000067Z,75.4373525637394,12.130669758015756,180.02170125115663,4.748651718093628,4.571538572801172,5.316139601623379,2.7026621549186136,67.95242545362137,41.07522470959118
1,2026-07-25T04:58:08.000067Z,75.4373988410923,12.13069982146057,180.1372522599995,4.7486517608884515,4.603949325132266,5.597159446863244,2.70269804271858,60.90729872135225,39.06181302091848
1,2026-07-25T04:58:09.000067Z,75.43743856119431,12.130731223968752,180.1387934833765,4.748651758391426,4.599365251794655,5.53197328994298,2.69098963052886,53.600997761107294,39.33361677472864
1,2026-07-25T04:58:10.000067Z,75.43747740869007,12.130766972325008,180.06952694337815,4.748651723971169,4.5704416931430245,5.5661613373791345,2.701921375746954,48.74452732116179,39.30172338413604
1,2026-07-25T04:58:11.000067Z,75.43751269039267,12.130804946517902,180.2070081392303,4.748651724626579,4.541062059553829,5.520266350312342,2.7014456372443,45.195585689043796,39.59875113943952
1,2026-07-25T04:58:12.000067Z,75.43754492126563,12.130837642785458,180.31683517061174,4.748651717144513,4.539867335763878,5.104732495872724,2.695678630217833,43.7092857295484,42.751325395545784
1,2026-07-25T04:58:13.000067Z,75.43757250341571,12.130865557729086,180.4129385985434,4.748651701786754,4.59188925147446,4.606633565891185,2.7015623835277154,42.77098254585786,47.51908911360702
1,2026-07-25T04:58:14.000067Z,75.43760353666562,12.13089468749238,180.15933001507074,4.748651686102491,4.681449975639255,4.398493422613593,2.7021170016934963,43.337876212754445,49.759311214315105
1,2026-07-25T04:58:15.000067Z,75.43762752919736,12.130918319655908,180.04520060960203,4.748651653944523,4.657572193917531,3.7095221229083606,2.700979478420006,44.58340709599058,58.92166508262494
1,2026-07-25T04:58:16.000067Z,75.43764228952989,12.130933403695119,179.83225629478693,4.748651613037518,4.649896504987529,2.46278313102026,2.6992714418126447,46.635841661116785,87.77512970463896
1,2026-07-25T04:58:17.000067Z,75.43764976037471,12.130938183448913,179.65408852510154,4.748651566647921,4.600371656353169,1.2235150481012758,3.432674249107816,42.189517974853516,180.0
1,2026-07-25T04:58:18.000067Z,75.43764982404224,12.130942615530252,179.58403559960425,4.748651539837601,4.18064099354063,0.4328741963831446,4.059539530843409,42.189517974853516,180.0
1,2026-07-25T04:58:19.000067Z,75.43764860315802,12.130945108394862,179.70459647849202,4.748651536629317,4.245667647200893,0.3371476275326962,4.046549887954318,42.189517974853516,180.0
1,2026-07-25T04:58:20.000067Z,75.43764792144756,12.130944991745272,179.70145631209016,4.7486515301917605,4.448719862122235,0.0,3.9719999149466103,42.189517974853516,180.0
1,2026-07-25T04:58:21.000069Z,75.43764792144756,12.130944991745272,179.70145631209016,4.748651530191761,4.492449741448379,0.0,3.96549073122014,42.189517974853516,180.0
1,2026-07-25T04:58:22.000067Z,75.43764792144756,12.130944991745272,179.70145631209016,4.748651530191762,4.538408579284142,0.0,3.956493683293322,42.189517974853516,180.0
1,2026-07-25T04:58:23.000069Z,75.43764792144756,12.130944991745272,179.70145631209016,4.748651530191761,4.745930029364785,0.0,3.5783780239065166,42.189517974853516,180.0
1,2026-07-25T04:58:24.000067Z,75.43764792144756,12.130944991745272,179.70145631209016,4.748651530191762,4.2603288447419105,0.0,4.066452111549288,42.189517974853516,180.0
1,2026-07-25T04:58:25.000067Z,75.43765088373246,12.130945411899763,179.4717406416312,4.748651532320145,4.376748041315235,0.10714176356358757,3.708756921041404,42.189517974853516,180.0
1,2026-07-25T04:58:26.000066Z,75.43765717881422,12.130952232723976,179.6223835805431,4.748651547452037,4.340697484665292,0.9170619285950855,3.7360017836857318,42.189517974853516,180.0
1,2026-07-25T04:58:27.000070Z,75.43766926679346,12.13096611495714,179.8995593143627,4.748651566657418,4.378950404851063,1.8322355214572799,3.7100256441124615,42.189517974853516,163.72850016661351
1,2026-07-25T04:58:28.000068Z,75.43768490125296,12.130985153257832,180.07979224715382,4.748651607981947,4.767563587788627,2.6325878750510525,2.5158991145794287,42.189517974853516,76.50830184859207
1,2026-07-25T04:58:29.000066Z,75.43770066934935,12.131004409066982,180.0029328931123,4.7486516101443845,5.092624215672486,2.624723779942841,2.493225807379953,42.189517974853516,75.01657124191462
1,2026-07-25T04:58:30.000066Z,75.43771233745933,12.131022677136908,180.13438293337822,4.748651608319448,5.271819412929057,2.562463765479124,2.5132996049471394,42.189517974853516,73.35479968777571
1,2026-07-25T04:58:31.000065Z,75.43773017512268,12.131044326338472,180.18665425293148,4.748651622531597,5.285330526147988,3.101229261643192,2.447364591835986,39.30285111021369,59.42550193030936
1,2026-07-25T04:58:32.000069Z,75.43775708228378,12.131073326510519,180.49156664218754,4.748651637585713,5.365434999254616,3.922669002252704,2.350335323347427,40.11747282423905,45.94935682980039
1,2026-07-25T04:58:33.000065Z,75.43779294670924,12.131110189632173,180.3083702288568,4.748651649845242,5.542561889762784,4.914901703373037,2.239483250952132,41.69623590720401,35.95108917327245
1,2026-07-25T04:58:34.000068Z,75.4378332039463,12.131147904314542,180.1374009270221,4.748651628231483,5.565793006272307,5.60395422315189,2.14548675717871,43.83519638696275,30.386458597523607
1,2026-07-25T04:58:35.000065Z,75.43786924247709,12.131179578129338,180.64093849621713,4.748651655442118,5.528632166323383,5.362205406832793,2.162108068481952,45.416520110335284,30.367612317434048
1,2026-07-25T04:58:36.000065Z,75.43790392937065,12.13121476916638,181.3240587906912,4.74865167486157,5.502646612302499,5.3972304896542,2.1706636558813783,45.334033063420215,29.589476309042
1,2026-07-25T04:58:37.000068Z,75.43793850732855,12.131250248871723,181.88905436638743,4.748651706554588,5.436259118031704,5.3996490481441315,2.168700923913097,45.288787768192584,28.993668738116355
1,2026-07-25T04:58:38.000064Z,75.43797489447391,12.131287731216545,182.59488120675087,4.748651714187382,5.551893936786247,5.489794895534778,2.157472147678481,45.22314674877163,27.776565330539974
1,2026-07-25T04:58:39.000067Z,75.43801220340019,12.131321080195702,183.23071928415447,4.748651753797386,5.393899419229432,5.440514587478382,2.1609965351448963,46.52715441639129,27.84938453214998
1,2026-07-25T04:58:40.000064Z,75.4380496827457,12.13135315156075,183.76758239604533,4.748651774798863,5.2896103782844035,5.391263175411821,2.1772481100215995,47.333196203380666,26.93796932562668
1,2026-07-25T04:58:41.000176Z,75.43808202952049,12.131387331723337,184.56041334476322,4.748651824798001,5.3286858251929345,5.247013267031209,2.1614396504958377,46.6392237934527,27.816129203211105
1,2026-07-25T04:58:42.000177Z,75.43811633599063,12.131419292192916,185.05920596327633,4.748651831721133,5.228469998194795,5.122535085160095,2.187494995347438,46.972228243954554,27.661778113412183
1,2026-07-25T04:58:43.000179Z,75.43814744951491,12.13145083972365,185.50271510519087,4.748651849511317,5.1781868949067995,5.017099877893308,2.1910558502338655,46.93175136486512,29.760362339436504
1,2026-07-25T04:58:44.000185Z,75.43818148522841,12.131483052178517,185.93403573147953,4.748651848771795,5.079725233885055,5.103949587067034,2.2016103206235136,46.843685613475806,32.49068721950855
1,2026-07-25T04:58:45.000192Z,75.43821289138066,12.131518558415113,186.1717563746497,4.74865179029591,4.8640637560833335,5.267435166219312,2.1938371393282705,42.988265674583545,32.99679696679311
1,2026-07-25T04:58:46.000197Z,75.43824172310167,12.13156146477601,186.08089257404208,4.748651755856342,4.967151079912162,5.604425302483934,2.1552655664488953,37.78818589420761,31.080859111567918
1,2026-07-25T04:58:47.000199Z,75.43827027900656,12.131607480464716,186.1962807253003,4.7486517376725015,4.970956485470795,6.036022174374371,2.125053138312538,34.9308428356297,28.496906318745868
1,2026-07-25T04:58:48.000200Z,75.43830492877035,12.131661366415054,185.89391657616943,4.748651697901038,4.947148606867286,6.745716275614241,2.0657859169040456,33.11138074280758,24.741787853792438
1,2026-07-25T04:58:49.000197Z,75.43834268870008,12.131720310096057,185.34034658316523,4.748651708342514,4.938950185426798,7.21022893842912,2.0260764975753993,30.99446236760866,22.308251949458917
1,2026-07-25T04:58:50.000210Z,75.43837377274312,12.131795795731056,184.8743793554604,4.748651839449803,4.880905420994349,8.10119842817924,1.96894316454374,25.902492689506648,19.65428730367133
1,2026-07-25T04:58:51.000222Z,75.43840081058005,12.131879807605607,184.1935451598838,4.748651701988807,4.13316714093625,8.857740165273434,2.7091284994272073,18.421620193261557,24.76727667639717
1,2026-07-25T04:58:52.000229Z,75.43842757452066,12.131968522401126,183.92415559105575,4.748651742449166,4.167864989372236,9.473524008726656,2.712334475833322,15.706080735248259,23.192678329612438
1,2026-07-25T04:58:53.000243Z,75.43845206623774,12.132059835840591,183.51034815609455,4.748651816596044,4.274752977505184,9.910302943324327,2.7086353703204527,13.526614194557837,22.13639196837888
1,2026-07-25T04:58:54.000256Z,75.43847129080712,12.132155362403926,182.60355696454644,4.748651874329911,4.346511978227154,10.400201855966387,2.7115740435678295,10.290092798104693,21.098095404607534
1,2026-07-25T04:58:55.000267Z,75.43848450026458,12.132255374785242,182.17681146785617,4.748651949316211,4.589784773414715,10.868347448228617,2.70249524794894,7.83005217504419,20.112006455548826
1,2026-07-25T04:58:56.000276Z,75.43849783817839,12.132361712445975,181.91443714592606,4.748651955001756,4.617010287885603,11.406945586133011,2.7101525343657933,6.091448413201391,19.217426165211037
1,2026-07-25T04:58:57.000285Z,75.43850636780462,12.132472332667009,180.60663694515824,4.748651865813956,4.703160867295381,11.868604458974103,1.6775417653958056,3.999644811876414,11.414082458912844
1,2026-07-25T04:58:58.000294Z,75.43850774814595,12.132584741549145,179.63776541221887,4.748652074832077,5.203408398052226,12.052659724324293,0.9152218551951402,2.0713357256389,7.237188588607056
1,2026-07-25T04:58:59.000304Z,75.43850663959667,12.132700312463543,178.3615295747295,4.748652089068307,5.280917748069602,12.252589116857735,0.8973401569895864,0.6956131149568698,7.227887465770603
1,2026-07-25T04:59:00.000311Z,75.4385195342158,12.132817557486362,177.07200776878744,4.748651952801095,5.21314212865749,12.535964084171571,0.8993307847693508,3.4073144430569453,7.222669334168565
1,2026-07-25T04:59:01.000319Z,75.43853465900096,12.13293725500453,176.6885195625946,4.748651763128861,5.116842114144683,12.944229732394554,0.90333676901999,5.632112277347551,7.242957228155597
1,2026-07-25T04:59:02.000325Z,75.43855616869797,12.13305249305177,176.347346175462,4.748651705553769,5.056598632291814,12.95667765223147,0.9040154107913162,8.424195138954563,7.2523704946036345
1,2026-07-25T04:59:03.000333Z,75.43858594587171,12.133159953752967,176.10102351009846,4.74865152963529,5.008642707204318,12.584102423041418,0.906488492670055,12.122118725834166,7.255267540752887
1,2026-07-25T04:59:04.000339Z,75.43862102923266,12.133263722444012,175.53578723408282,4.7486514754055005,5.184544960782421,12.151820625510796,0.9036582583107967,15.761979988103235,7.254767382616294
1,2026-07-25T04:59:05.000344Z,75.43867073570277,12.133375320029092,175.72754225321114,4.748651505190728,5.06079872074011,12.562838238916335,0.909825423494776,20.31869321604275,7.258966181019572
1,2026-07-25T04:59:06.000349Z,75.43873326373964,12.133480865422888,175.84407921601087,4.748651305433751,5.2349082730078935,12.84521317227524,0.9049633672203196,26.106159459270952,7.2588805974387345
1,2026-07-25T04:59:07.000355Z,75.43880667457378,12.133572440340378,176.48554998729378,4.748651257309856,4.950912760956662,12.720632474792998,2.697777603180287,34.61971788612307,17.177295416006558
1,2026-07-25T04:59:08.000360Z,75.4388809336722,12.133662646095294,176.34363472182304,4.748651251857672,4.96500611704915,12.672536708180962,2.7004723423341357,38.82434498596208,17.265076977098346
1,2026-07-25T04:59:09.000365Z,75.4389628797373,12.133746435811053,177.40904890745878,4.748651234906163,4.746102240105038,12.536746994958145,2.7133465312989093,43.74369828184847,17.50240398230438
1,2026-07-25T04:59:10.000369Z,75.43904804326723,12.13382708838665,178.84205271769315,4.7486513234772385,4.729570474671397,12.485766085709498,2.7121281694410304,46.050071962890044,17.548228250151027
1,2026-07-25T04:59:11.000373Z,75.43913328662033,12.133900554912167,180.11981505155563,4.7486514987389405,4.693928707804718,12.214314443539736,2.7115696199111525,47.29034968491167,17.941652178857403
1,2026-07-25T04:59:12.000377Z,75.43922449161714,12.133977061214482,181.4220881657675,4.748651558205444,4.704657082822912,12.461184530807468,2.697784396870733,49.31953892415767,17.487376491989455
1,2026-07-25T04:59:13.000380Z,75.4393081923701,12.134045954118731,182.62903503794223,4.748651680792258,4.623630674799119,12.058754959436527,2.701607668323331,49.568234470259114,18.079154709475507
1,2026-07-25T04:59:14.000384Z,75.43939671358612,12.13411309903863,183.03347175661474,4.748651541779674,4.712986629148343,11.840005103842977,2.6959784813233694,51.643549433837684,18.400509697546603
1,2026-07-25T04:59:15.000388Z,75.43948293299448,12.134176076665229,183.9109971318394,4.748651583391591,4.667610148665075,11.487141388607188,2.6990344495823813,52.594742364438844,18.98612291662639
1,2026-07-25T04:59:16.000390Z,75.4395667030062,12.134236546386731,184.64552266150713,4.748651600863497,4.568638180851778,11.071211180813357,2.7045935146485722,54.013237035428205,19.736221350991404
1,2026-07-25T04:59:17.000393Z,75.4396492406606,12.134294744108646,185.6819797763601,4.748651620779834,4.557715286525951,10.740221462082225,2.703025421208739,54.90181486014545,20.313729811303908
1,2026-07-25T04:59:18.000396Z,75.43972258632043,12.134342952524529,186.28377592284232,4.748651601151552,4.7403071480437,9.860378043124992,2.695182342976442,56.505644046199066,22.070930220981197
1,2026-07-25T04:59:19.000399Z,75.43979294965729,12.134385577901723,186.76962097361684,4.748651690256543,4.866034723786727,8.937656230496163,2.6933699094372963,57.93863280576164,24.334757722930213
1,2026-07-25T04:59:20.000401Z,75.4398586418959,12.134419196200573,187.26580125372857,4.748651622879788,4.783398613023039,8.25353367310209,2.683477720867976,61.563497891570634,26.25301215304076
1,2026-07-25T04:59:21.000404Z,75.43992281988317,12.134446793421748,187.79647426120937,4.748651591162907,4.701390763985396,7.662258352586458,2.69886671050091,65.04960451596395,28.406668094584738
1,2026-07-25T04:59:22.000406Z,75.43998920493627,12.13447322588482,188.72508500516415,4.748651633345022,4.721059963232986,7.556202087342484,2.692042080254521,67.35954651397365,28.727158653160902
1,2026-07-25T04:59:23.000407Z,75.44005400127267,12.134497270711062,189.21231104806066,4.748651673997637,4.733317251943342,7.501989845415376,2.699903741979097,68.65120825245025,29.130265224304402
1,2026-07-25T04:59:24.000409Z,75.4401187525114,12.134519984702312,189.687792154029,4.748651718945983,4.746123472552323,7.388581815519076,2.706642496147149,70.3655627590627,29.638033319954403
1,2026-07-25T04:59:25.000415Z,75.44017746010546,12.134540412998017,190.01295094378293,4.748651649891482,4.7363985372800235,7.1182342349699566,1.9407888161390032,70.68301697765153,22.09186342805801
1,2026-07-25T04:59:26.000413Z,75.44023996692107,12.134564377135508,190.58533051609993,4.74865166707782,5.098390512617339,7.213966457500926,0.9203778711587406,69.54316331377129,10.333855039229043
1,2026-07-25T04:59:27.000418Z,75.44029651808752,12.134588069620492,191.38921325001866,4.7486517005389555,5.276423971374769,6.973179425480284,0.8985204938656212,67.84397422473016,10.42999427395845
1,2026-07-25T04:59:28.000416Z,75.44034991512268,12.134620583760087,191.97097773384303,4.748651772137292,5.164963842497967,6.889014412565844,0.9002765249977274,63.300475849127686,10.575312328310327
1,2026-07-25T04:59:29.000418Z,75.44040491948267,12.134650373001055,191.92323930189013,4.748651743954331,5.033134244640055,6.898118267165032,0.9052124721767707,61.544710951447065,10.633039686084459
1,2026-07-25T04:59:30.000421Z,75.44046448604813,12.134686173061022,190.76439967285842,4.74865166395089,5.096281263917023,7.244572942020477,0.8952257308038951,60.036753494191956,9.98461932282322
1,2026-07-25T04:59:31.000421Z,75.44052850354454,12.13472473761019,190.022451357916,4.748651628375295,4.701851250766355,7.785899386378959,2.679718417842588,58.923105479582084,27.753500571446352
1,2026-07-25T04:59:32.000422Z,75.4405876681816,12.134772058744243,189.49389655608684,4.748651605923252,4.575852088486048,8.041441129724593,2.6872790768503423,53.48376772482293,26.9574371259223
1,2026-07-25T04:59:33.000424Z,75.44063231882978,12.134811421402585,188.28914963267744,4.748651622294245,4.604903154453454,6.936983036346094,2.681134572401309,49.347751606905,30.857866083919454
1,2026-07-25T04:59:34.000425Z,75.44067038904637,12.134854659450816,187.31360636185855,4.748651606731699,4.714521243806409,6.218757067830362,2.660849126518982,43.37935440495852,33.5476964780891
1,2026-07-25T04:59:35.000427Z,75.44069673017799,12.134900128744576,187.34583138115704,4.748651681631635,4.812256751482024,5.665818944761903,2.6826950868179127,34.5064451514754,37.27048576097914
1,2026-07-25T04:59:36.000427Z,75.44071632182857,12.134940909480031,187.71532826405019,4.748651678702366,4.819168356012622,5.182806101782723,2.6893000623159216,27.281500160315165,40.882965554994705
1,2026-07-25T04:59:37.000428Z,75.44072759227636,12.13498568458952,187.17666187416762,4.748651647879887,4.837020315897714,4.909630138771245,2.6852586945942214,16.859553695351817,42.89807794468554
1,2026-07-25T04:59:38.000429Z,75.44072436914843,12.135028113749966,187.41561206243932,4.748651600662069,4.913116625284204,4.628273248849909,2.6917803470991966,2.9498343752662883,46.30341011025071
1,2026-07-25T04:59:39.000430Z,75.44070937650604,12.135081596295228,187.49221332930028,4.748651588560618,4.902921162280529,5.194112029576836,2.697095895936109,350.50912378926785,41.732768538305365
1,2026-07-25T04:59:40.000432Z,75.44069126917647,12.13512644059004,187.04200650006533,4.748651587978141,4.789951693439338,5.34988439825284,2.6987796289444113,343.05092063541724,40.5261615632123
1,2026-07-25T04:59:41.000432Z,75.44068007590529,12.13516865113098,186.85771133564413,4.748651582787286,4.752651482337288,5.11641012896257,2.6990051744561776,343.56176062435003,42.54901029369794
1,2026-07-25T04:59:42.000433Z,75.44067303666573,12.13520690889688,186.57419255934656,8.1561860680269,4.760549109864956,4.583097827527796,2.700225643900708,346.36612249603786,47.48501202686497
1,2026-07-25T04:59:43.000433Z,75.44067204692672,12.135238787168891,186.51357642374933,4.748651595701086,4.803645615779311,3.8217593566437706,2.702719898466985,352.54808346361517,56.550240566699976
1,2026-07-25T04:59:44.000434Z,75.44067727317307,12.135262465998613,186.3813564684242,4.748651586639617,4.8671877212015024,2.9337065856508207,2.6972867733029284,1.613098438813012,73.26428797390818
1,2026-07-25T04:59:45.000436Z,75.4406847311326,12.135279846478705,186.26096479780972,4.748651574326022,4.940879336457009,2.213799109711524,2.6974907687895957,10.384909256696536,95.58702947704066
1,2026-07-25T04:59:46.000435Z,75.44069132994538,12.135290571203692,186.24008835852146,4.748651562824909,5.0563251184430795,1.5915445971352555,2.6987371204849318,17.37256690127133,133.17355946264666
1,2026-07-25T04:59:47.000437Z,75.44069608164718,12.135295792871972,186.24819647986442,4.7486515434918966,4.10791193701052,0.9236279295646185,4.059024607428607,19.304921564427687,180.0
1,2026-07-25T04:59:48.000437Z,75.44069459245428,12.135291998856435,186.47350355610251,4.748651531820412,4.111087562261683,0.12559062755610195,4.063793794273851,19.30492124922335,180.0
1,2026-07-25T04:59:49.000438Z,75.440694005825,12.13529383838121,186.29100321605802,4.748651531382899,4.099402367720514,0.09762242959495838,4.062102571636937,19.304921105316534,180.0
1,2026-07-25T04:59:50.000438Z,75.4406944356756,12.135293672287194,186.41811096761376,4.7486515308142385,4.082443221754625,0.052146535287043896,4.062625506571244,19.304921203766582,180.0
1,2026-07-25T04:59:51.000439Z,75.44069470169076,12.135293441791593,186.4569470062852,4.748651530191761,4.200511994196986,0.0,3.9798767351717554,19.304921265449003,180.0
1,2026-07-25T04:59:52.000440Z,75.44069470169076,12.135293441791593,186.4569470062852,4.748651530191761,4.093971502977336,0.0,4.0606502063425784,19.304921265449003,180.0
1,2026-07-25T04:59:53.000440Z,75.44069470169076,12.135293441791593,186.4569470062852,4.748651530191761,4.358534914155855,0.0,3.5853825729832125,19.304921265449003,180.0
1,2026-07-25T04:59:54.000441Z,75.4406925784782,12.135292622432875,186.27338295523077,4.748651530393766,4.027375990511227,0.020582932319758798,4.050064686805943,19.304920788871495,180.0
1,2026-07-25T04:59:55.000442Z,75.44069151521848,12.135291855076964,186.32409617118537,4.748651530439734,4.108132911393447,0.022620367941216368,3.7536420093738965,19.304920552325537,180.0
1,2026-07-25T04:59:56.000443Z,75.44069058568287,12.135291569608368,186.26115087140352,4.748651530506805,4.128832524224051,0.028022963206993164,3.720641203148482,19.30492034324778,180.0
1,2026-07-25T04:59:57.000444Z,75.44069018726144,12.135291459568482,186.4046689150855,4.748651530477839,4.103638096709859,0.026629044965962776,3.743454843977266,19.30492025355906,180.0
1,2026-07-25T04:59:58.000445Z,75.44068980607699,12.135291241247462,186.4183812821284,4.748651530191761,4.092437881982463,0.0,3.749940310603556,19.30492016841984,180.0
1,2026-07-25T04:59:59.000443Z,75.44068928663596,12.135291053682502,186.37386217340827,4.748651530409601,4.101248787280111,0.021589194957379123,3.72388347931337,19.304920051749487,180.0
1,2026-07-25T05:00:00.000445Z,75.44068956454893,12.135290391340032,186.51944830082357,4.748651530415319,4.0751542587857275,0.02376611138480332,3.7480660910026127,19.30492011868655,180.0
1,2026-07-25T05:00:01.000445Z,75.44068938429663,12.135290129802375,186.5546014662832,4.748651530342134,4.060180843224462,0.01591168575580972,3.7465815224529724,19.304920079363665,180.0
1,2026-07-25T05:00:02.000445Z,75.44068889221413,12.135290586443512,186.46419190615416,4.7486515303039205,4.053128047133642,0.011656391487969283,3.7499372251274203,19.304919965082554,180.0
1,2026-07-25T05:00:03.000447Z,75.44068805436086,12.135290532893197,186.44573630113155,4.748651530191761,4.048180921342221,0.0,3.7602887044273943,19.304919775420217,180.0
1,2026-07-25T05:00:04.000446Z,75.44068805436086,12.135290532893197,186.44573630113155,4.748651530191761,4.052056281238049,0.0,3.751634433602055,19.304919775420217,180.0
1,2026-07-25T05:00:05.000447Z,75.44068805436086,12.135290532893197,186.44573630113155,4.748651530191761,4.055917801432966,0.0,3.74350898879339,19.304919775420217,180.0
1,2026-07-25T05:00:06.000448Z,75.44068805436086,12.135290532893197,186.44573630113155,4.748651530191761,4.013365757747975,0.0,3.7649604464466173,19.304919775420217,180.0
1,2026-07-25T05:00:07.000448Z,75.44068805436086,12.135290532893197,186.44573630113155,4.748651530191762,4.012769565692973,0.0,3.717836266763347,19.304919775420217,180.0
1,2026-07-25T05:00:08.000449Z,75.44068805436086,12.135290532893197,186.44573630113155,4.748651530191761,3.9895323685050363,0.0,3.742952025069428,19.304919775420217,180.0
1,2026-07-25T05:00:09.000449Z,75.44068805436086,12.135290532893197,186.44573630113155,4.748651530191761,3.979994107485861,0.0,3.7435331986083344,19.304919775420217,180.0
1,2026-07-25T05:00:10.000450Z,75.44068805436086,12.135290532893197,186.44573630113155,4.748651530191762,3.9701719241869737,0.0,3.748152310066778,19.304919775420217,180.0
1,2026-07-25T05:00:11.000450Z,75.44068439117359,12.135290629924928,186.73648853320628,4.748651530377036,3.958715937656307,0.022143247331840442,3.7471789647898954,19.304918944234718,180.0
1,2026-07-25T05:00:12.000450Z,75.44068496318725,12.135292232547739,186.7650325866416,4.748651532024634,3.9499815178714703,0.22119033975271887,3.7572980305065156,19.30491906444748,180.0
1,2026-07-25T05:00:13.000451Z,75.44068515224505,12.135292293643122,186.76417856290936,4.748651530191761,3.9478472440582224,0.0,3.7430522333829312,19.304919106953747,180.0
1,2026-07-25T05:00:14.000451Z,75.44069135554187,12.135304318214793,186.58792772796005,4.748651537285365,3.9418966293588573,0.8371414500177625,3.7432821110952275,19.30492044232905,180.0
1,2026-07-25T05:00:15.000452Z,75.44069832390296,12.135314332903974,186.38145251385868,4.748651540798556,3.9359124388040594,1.2436447997670481,3.7433957335577093,19.304921963079746,180.0
1,2026-07-25T05:00:16.000453Z,75.44070834947928,12.135324980835142,186.3852546410635,4.748651542531169,3.9367893421918607,1.4189675957177645,3.7459140772234654,19.304924173291308,180.0
1,2026-07-25T05:00:17.000453Z,75.44072046340891,12.135334609455613,186.44875421468168,4.748651544467156,3.944961801013979,1.5034476758128212,3.746095979801379,19.304926863062523,180.0
1,2026-07-25T05:00:18.000453Z,75.44073339125111,12.135340413047675,186.45598915871233,4.7486515445003965,3.9508629972052773,1.3715728618321037,3.7469109516889643,19.30492976003038,180.0
1,2026-07-25T05:00:19.000453Z,75.44074690303434,12.135344265471309,186.53143099695444,4.748651541975087,3.966767732730558,1.1646663549000893,3.7451560813195335,19.304932800955257,180.0
1,2026-07-25T05:00:20.000455Z,75.44076071273578,12.135347403841255,186.6785008404404,4.748651541591802,3.9804261023450147,1.0843394554025283,3.7236848969253677,19.304935913658376,180.0
1,2026-07-25T05:00:21.000454Z,75.44077320911036,12.135350314122231,186.73046994861215,4.748651541375161,3.988460989408916,1.010136467310498,3.724016458999502,19.30493872992064,180.0
1,2026-07-25T05:00:22.000455Z,75.44078459187413,12.13535313312702,186.80610180087388,4.7486515401882885,3.9865141951393546,0.9217926629759007,3.746802332809991,19.304941294216913,180.0
1,2026-07-25T05:00:23.000455Z,75.44079620698447,12.135357285350333,186.5352112641558,4.748651538533874,3.848671639378417,1.0265874687356848,4.079159110763052,17.109481811523438,180.0
1,2026-07-25T05:00:24.000455Z,75.44081184824071,12.13536697045643,186.54886678885669,4.748651543391745,3.8582008316926686,1.5150454895328598,4.070636551476777,17.109481811523438,180.0
1,2026-07-25T05:00:25.000456Z,75.44082894855094,12.135372033233526,186.44318366702646,4.748651539253418,3.8998306042118247,1.5457499981660525,4.063482433532423,17.109481811523438,180.0
1,2026-07-25T05:00:26.000456Z,75.44084873439839,12.13538489405658,186.21428008843213,4.74865154218547,4.013981519105103,2.02359566590799,3.2326184696532754,17.109481811523438,128.41776725896923
1,2026-07-25T05:00:27.000457Z,75.4408751223806,12.135399952846468,185.58092003967613,4.748651554494271,4.470492326526325,2.7637541451505334,0.9547044909308688,17.109481811523438,180.0
1,2026-07-25T05:00:28.000458Z,75.4408975961504,12.135424756057198,185.77206072118133,4.748651557390893,4.899232262443688,3.2497881939467805,0.8952351313705432,44.52385436114272,22.285638458159543
1,2026-07-25T05:00:29.000458Z,75.44091342072758,12.135453112581102,185.39612056780607,4.748651560104531,4.992449289298689,3.4582102802110466,0.8997553852484491,35.4472116452432,20.999261275011463
1,2026-07-25T05:00:30.000458Z,75.44092431020943,12.135495176474436,184.94803535565734,4.748651561537527,5.022346131533007,4.07003971834075,0.9013635478507491,23.749257416734245,17.868856196583486
1,2026-07-25T05:00:31.000458Z,75.4409345049269,12.135549395530003,184.81310795620084,4.74865156484959,5.059282872282898,5.0631741654171085,0.8951317606605975,15.743000616305984,14.304619175018258
1,2026-07-25T05:00:32.000459Z,75.44094815804331,12.135609142796744,184.3106868043542,4.7486515203067325,5.087789166918512,5.950606818505096,0.8942729422029541,14.181396105005666,12.154743004067683
1,2026-07-25T05:00:33.000459Z,75.44096191041358,12.135672441908373,183.8273831680417,4.748651529271774,4.9793172303419855,6.57174328656285,0.8964592969424543,12.51794557465254,11.037413658240625
1,2026-07-25T05:00:34.000460Z,75.4409766158647,12.135742111412545,183.2590181361884,4.74865154515851,4.956140741809909,7.178533803707119,0.8976261789266444,11.963254392736308,10.119955760576703
1,2026-07-25T05:00:35.000460Z,75.44099749231896,12.13581355751595,182.75013980455697,4.748651504529504,4.540599256166087,7.925461220000175,2.6877168139486916,14.712733056227782,27.430610542887447
1,2026-07-25T05:00:36.000460Z,75.44101876430318,12.13588927686997,182.4114292776212,4.748651540720559,4.369259291792231,8.45577588892575,2.697795563943222,14.721254476359123,25.827420863322423
1,2026-07-25T05:00:37.000461Z,75.44103744333046,12.135967736069558,182.19346056040376,4.748651552085024,4.314421427594645,8.71831094599738,2.696722021824328,13.752889801160562,25.05072084682165
1,2026-07-25T05:00:38.000461Z,75.4410559313246,12.136046598920357,181.87376940529794,4.74865155592748,4.305330378272593,8.776204245487861,2.6942193456657133,13.08148429978435,24.860425888840304
1,2026-07-25T05:00:39.000461Z,75.44107498334058,12.136125669792339,181.81118118856102,4.748651574870315,4.294328711056665,8.844530541859953,2.702165037689011,13.261038791583541,24.751383772154433
1,2026-07-25T05:00:40.000462Z,75.44109400417415,12.13620359281661,181.6633751820773,4.748651576858021,4.282125623522424,8.803193984604718,2.7037081305090918,13.620974309211995,24.8793676629348
1,2026-07-25T05:00:41.000463Z,75.4411134495218,12.136280933306217,181.590722264722,4.748651583940786,4.2780724388661735,8.770255980251413,2.6973617293234264,13.951935046248972,24.919665350330067
1,2026-07-25T05:00:42.000462Z,75.44113248352542,12.136358045532157,181.65395315922797,4.748651599897517,4.289898786395504,8.740483423447033,2.7022699014842786,14.016763182408702,25.050747487677835
1,2026-07-25T05:00:43.000463Z,75.4411522824199,12.136435690885275,181.3383798347786,4.748651613907963,4.286690107128435,8.735136318092147,2.7010119148659495,13.861428109880892,25.05072642138838
1,2026-07-25T05:00:44.000464Z,75.44117036874012,12.136512923197273,181.1177536053583,4.748651631713325,4.293696446072321,8.710242592417487,2.7045469867648757,13.204515686519121,25.152631232580912
1,2026-07-25T05:00:45.000463Z,75.44119046677359,12.136590118649568,180.7886477317661,4.748651631270521,4.308839491680154,8.721214088291529,2.7033392097959585,13.628256953042284,25.108109074239334
1,2026-07-25T05:00:46.000464Z,75.44120939790582,12.136669449315372,180.5851212395355,4.748651626434563,4.298607285283382,8.83354208140667,2.7020295080138834,13.353874539529345,24.777494999992157
1,2026-07-25T05:00:47.000584Z,75.4412281836616,12.136748914363677,180.16152730304748,4.748651569611763,4.251251064567673,8.938632911941815,2.7052422067457846,13.01271936378611,24.506910100143493
1,2026-07-25T05:00:48.000581Z,75.44124638048147,12.136829679655948,179.87583120167255,4.748651628032438,4.174123833042385,9.139273304154411,2.7083934110639354,12.457886533560236,23.995939263200924
1,2026-07-25T05:00:49.000577Z,75.4412639912769,12.13691390969127,179.64236890804023,4.748651653169543,4.171984895957388,9.396433421224911,2.701300208064296,11.89651362344611,23.289051359920496
1,2026-07-25T05:00:50.000566Z,75.44128522219397,12.136997718047159,179.16417233552784,4.748651647666231,4.177127376020235,9.433444585888859,2.6990861733346745,12.392727810118517,23.161156767200506
1,2026-07-25T05:00:51.000552Z,75.44129956577481,12.13708879590235,178.25308477599174,4.748651589890256,4.213146624936529,9.637562819411535,2.6963299323852956,10.22120711282093,22.60893563722915
1,2026-07-25T05:00:52.000551Z,75.44131506895415,12.13717948703714,177.69082350749522,4.748651648239357,4.413299344606604,9.837409459621522,1.1933506991812008,10.159481280218875,9.80805989702956
1,2026-07-25T05:00:53.000542Z,75.44132484530085,12.137268346268767,177.02988258190453,4.748651756402856,4.700662864049476,9.805561664612554,0.9103096354497798,8.949678891037804,7.500841357660614
1,2026-07-25T05:00:54.000531Z,75.44133225463767,12.137355783974808,176.24967453628778,4.74865179901374,5.088077766944308,9.705300742640976,0.9013535288300072,7.209769883031373,7.491504237796132
1,2026-07-25T05:00:55.000528Z,75.44134495837227,12.137452326054117,174.88231083285064,4.748651741601715,5.018208337696178,10.175843846706966,0.8944802808301023,6.769184463652232,7.216153195750124
1,2026-07-25T05:00:56.000512Z,75.44134344316119,12.137550336969667,173.65992641542107,4.748651711451754,5.082676998317135,10.448948334907218,0.8934075539527343,2.514153403436462,7.219335866520638
1,2026-07-25T05:00:57.000500Z,75.4413426848144,12.137650576457572,172.38649398367852,4.748651765552989,5.018209268440958,10.726132955978931,0.9032379563301017,0.5671049227866425,7.224889559122139
1,2026-07-25T05:00:58.000499Z,75.44132585797738,12.137746823425287,171.6729993680492,4.748651758776041,4.98128135315017,10.689986624516438,0.9002884228081881,354.66196269413837,7.241777891993779
1,2026-07-25T05:00:59.000487Z,75.44130333086213,12.137834551452675,170.82498010247946,4.748651605459447,4.460367546428386,10.188890084213194,2.695121369622902,348.1168855446402,21.3798418615515
1,2026-07-25T05:01:00.000475Z,75.44127687886703,12.13793036012541,170.175848136656,4.74865166197564,4.5514024725196975,10.508518707773785,2.7060192582407967,345.77397314380414,20.839246883489775
1,2026-07-25T05:01:01.000475Z,75.4412535240943,12.138023268253018,169.36872600764036,4.748651666485484,4.533086515088809,10.545607423611047,2.703574504606385,346.46764157388736,20.746804693738955
1,2026-07-25T05:01:02.000474Z,75.44123115253369,12.138112529657672,168.28510263934731,4.7486517862538955,4.610646166179144,10.378569492626696,2.703861423121778,346.7904839998804,21.05420886103049
1,2026-07-25T05:01:03.000473Z,75.44122470005473,12.138205475420436,167.04870632942766,4.74865187127488,4.6764302309318175,10.241531655949062,2.695964020948958,352.86340221921716,21.226927705385123
1,2026-07-25T05:01:04.000472Z,75.4412258181863,12.138293973384206,166.98749140277505,4.748651795597969,4.5944407329839345,10.021118346646853,2.698348402327405,358.23779589892365,21.773739027409658
1,2026-07-25T05:01:05.000472Z,75.44122978930018,12.138390120509094,166.5546233598143,4.74865182939586,4.5726722107109055,10.441029438991258,2.6990052505939133,1.1610355143768225,20.90702454094862
1,2026-07-25T05:01:06.000472Z,75.44124311970668,12.138476815090845,165.3027387401089,4.748651864617591,4.5683479806431615,10.12610527657071,2.6959925815846373,5.537909379015569,21.47727050368563
1,2026-07-25T05:01:07.000471Z,75.44125701966884,12.138563072331815,164.65909592993557,4.748651894571708,4.593101862609835,9.936225791316941,2.6929345541010883,6.0870708208819915,21.879752214112436
1,2026-07-25T05:01:08.000471Z,75.44127220228205,12.138658170271906,163.76428515277803,4.748651960215028,4.679996939865287,10.347883126821717,2.6946266916845394,7.467141702627978,21.030609312557385
1,2026-07-25T05:01:09.000471Z,75.44129868509512,12.138755565612822,162.91520925611258,4.7486519040254205,4.7276285683257875,10.831435140663883,2.696300594343186,12.177570275771611,20.1194273235352
1,2026-07-25T05:01:10.000470Z,75.44133164610219,12.13885257264293,162.0649955989793,4.7486517955653715,4.664831224408113,11.145542560304488,2.7092608326608443,16.84751179675803,19.656758508326817
1,2026-07-25T05:01:11.000469Z,75.44137146765478,12.138949193561679,161.64330167975277,4.74865167470346,4.526646758815416,11.38246902749967,2.7081536550019933,21.7643911543205,19.249368477095473
1,2026-07-25T05:01:12.000469Z,75.44141855554871,12.139037628859498,161.31946236919612,4.748651618735279,4.542568332668983,11.304568178952934,2.703684045222431,26.49892071084244,19.351574531840807
1,2026-07-25T05:01:13.000470Z,75.44146702116154,12.139120296063725,160.88395257480443,4.748651618116904,4.901298627466612,10.956342593297586,2.7000026167690305,31.33445545409295,19.94691498503291
1,2026-07-25T05:01:14.000469Z,75.44151658087499,12.139201883991467,160.68884582910687,4.748651596563803,4.825458529533535,10.597939173664228,2.7046579890805633,30.305982201636244,20.666348206962063
1,2026-07-25T05:01:15.000469Z,75.44156671136406,12.139284436446314,160.28775761462748,4.748651602986548,4.840132145966104,10.389224629557363,2.704540771257283,29.87371682548347,21.076228298522746
1,2026-07-25T05:01:16.000469Z,75.44161034963639,12.139368979211037,159.92276034969836,4.7486516172905455,4.928940665718581,10.225477235018474,2.700135096446098,27.26183399830017,21.383168359697017
1,2026-07-25T05:01:17.000469Z,75.44164928628715,12.13945049144807,159.35508952476084,4.748651648317215,4.942216396727785,9.972641235670082,2.694787230760973,27.527535922399654,21.884994893586324
1,2026-07-25T05:01:18.000469Z,75.4416823738068,12.139527107650999,158.96206330507994,4.748651699219507,4.862229358154497,9.273415679964556,2.70301964367837,24.01732839278386,23.605191803528893
1,2026-07-25T05:01:19.000468Z,75.44171323750346,12.139599693825387,158.11001893039793,4.748651716539523,4.7922038599521555,8.703167979745139,2.6986796442430445,22.82326132709502,25.085919562712704
1,2026-07-25T05:01:20.000468Z,75.44173744467253,12.139668396228524,157.16015372239053,4.748651760396395,4.847896221067758,8.180220903602837,2.688477925656155,20.660570466725574,26.562532160308024
1,2026-07-25T05:01:21.000468Z,75.44175505178818,12.139733191970528,156.048752755858,4.748651769454142,4.898396996679415,7.616641855593236,2.6882639942639623,17.611273432001976,28.433090876675223
1,2026-07-25T05:01:22.000469Z,75.4417698629224,12.139787687708495,155.6481997538358,4.748651754917532,4.888725176648232,6.666758485324803,2.6800964927817463,15.936299508465284,32.27585001892205
1,2026-07-25T05:01:23.000469Z,75.44178455550362,12.139834416733043,155.378887408413,4.748651710747,4.979617626941661,5.766690509568729,2.695616000451589,16.315852565061192,37.419778301337615
1,2026-07-25T05:01:24.000470Z,75.44180133389004,12.139875844713414,155.09347810875624,4.748651661107284,5.027728845035224,5.208118884558751,2.6985851275946087,19.991700371835815,41.4672010003197
1,2026-07-25T05:01:25.000470Z,75.44182170804707,12.13991477761546,155.2014119308442,4.7486516018993985,5.062290730107579,4.934121194122097,2.6849927687732307,26.77710704843413,43.518758316126934
1,2026-07-25T05:01:26.000470Z,75.44185849351946,12.139943703916543,155.15137567557395,4.748651502650839,5.025121770109213,4.779206847343833,2.688375267080338,40.81083383005947,45.15698237040104
1,2026-07-25T05:01:27.000471Z,75.44189794427103,12.139959936226026,155.5129705183208,4.748651413043203,4.996878788908418,4.55854299710997,2.6855421358326614,57.850155236551736,47.7349829641674
1,2026-07-25T05:01:28.000469Z,75.44194170736272,12.139944818357039,154.7606744216755,4.748651323569724,5.129764202873338,4.576883671490029,2.669708170657383,86.94607595593018,47.2623472543487
1,2026-07-25T05:01:29.000469Z,75.441991082301,12.139900394948151,154.19856030214578,4.748651180287791,5.132316903823459,5.707064519442884,2.6744127905965085,119.12789847746994,37.944264690425165
1,2026-07-25T05:01:30.000470Z,75.44201351030034,12.139828810583728,153.6344640161842,4.748651142471966,5.00072849613514,6.943632698805265,2.6890763991574493,151.57398346695194,31.36382996753289
1,2026-07-25T05:01:31.000470Z,75.44201315429152,12.1397651943157,152.5588812129572,4.748651194256628,4.962015870095003,7.182956909608831,2.6986524095906517,169.7991522307471,30.397208332280385
1,2026-07-25T05:01:32.000470Z,75.4419984415382,12.13969377364595,151.64776067715138,4.748651236908457,4.873553139678331,7.726930367982204,2.705288742281348,183.2633102110295,28.346386785500712
1,2026-07-25T05:01:33.000470Z,75.4419786786321,12.139624539805848,150.28449117671698,4.748651281442632,4.781145972534332,7.993167108354429,2.699503202623048,191.7922418508094,27.33124941030389
1,2026-07-25T05:01:34.000471Z,75.44195655823816,12.139557523932627,149.5011951746419,4.748651305019559,4.712128323617004,8.049808748453719,2.697582642322443,196.32671325604935,27.13846388452169
1,2026-07-25T05:01:35.000471Z,75.44193148975104,12.139492344964326,148.69639958813787,4.748651336697083,4.6327969324005025,7.984647846600413,2.70243587269071,199.1972742628583,27.407027326321643
1,2026-07-25T05:01:36.000471Z,75.44190069321682,12.139427803113447,148.28122178465128,4.748651367714362,4.585135074986255,7.906845318299455,2.6968608575952855,202.79249456546026,27.631719274359714
1,2026-07-25T05:01:37.000471Z,75.44186926839012,12.139366398789692,148.0142326457426,4.748651386238891,4.553631782364249,7.722180778199086,2.6999541315767686,205.3057795296814,28.3236023453146
1,2026-07-25T05:01:38.000472Z,75.44184233366464,12.139312959078401,147.64490113873035,4.748651413533214,4.556845020469415,6.923846199287281,2.6993043240453147,207.17154725443044,31.550928853414717
1,2026-07-25T05:01:39.000472Z,75.44181397341767,12.139267328139141,147.10605709720403,4.748651442177351,4.6103377429680785,6.044680173920486,2.695476515335827,209.53498248948077,35.98307120601313
1,2026-07-25T05:01:40.000473Z,75.44178302299224,12.139227663037468,146.74359202664346,4.7486514624393825,4.685323009642186,5.549541146984401,2.6919513818393415,212.8982386507178,39.06068836106586
1,2026-07-25T05:01:41.000473Z,75.44175678945011,12.13918688332583,146.72430157661438,4.748651482797686,4.698552176803433,5.37212061558816,2.689018714836989,212.3752123119298,40.26843365217696
1,2026-07-25T05:01:42.000473Z,75.44173587596315,12.139148102349207,146.27509587444365,4.748651488927024,4.713610645382586,5.088517708464672,2.6884014275592256,208.00796554182634,42.17218850432417
1,2026-07-25T05:01:43.000474Z,75.44172615703636,12.139108197095368,146.06148797366768,4.748651471714334,4.755695015805859,4.484758438412243,2.683738956858298,198.5436151551063,47.08970656072834
1,2026-07-25T05:01:44.000474Z,75.44172570072435,12.139070087184312,145.76995059661567,4.748651443620754,4.8215415791990575,4.148654559763949,2.6739120229485533,186.7876861428603,49.314161484279936
1,2026-07-25T05:01:45.000474Z,75.44173673409267,12.139036802745297,145.47763364203274,4.748651402427634,4.925731304928911,3.859410529980782,2.658539019985535,171.53629465984963,50.544583457980295
1,2026-07-25T05:01:46.000474Z,75.44176076074945,12.139008187097524,145.05791133269668,4.748651348753866,5.002013730650707,3.7693360594881034,2.639753837201994,151.8848626426956,49.33838955060174
1,2026-07-25T05:01:47.000475Z,75.44180079129944,12.13899092490624,144.9245521351695,4.748651287823746,5.065763757961193,4.0764445912227165,2.65045499105696,127.70631488571601,48.322656235027466
1,2026-07-25T05:01:48.000476Z,75.44185108246202,12.138988742490715,144.37294361460954,4.748651239054678,5.0742502985563185,4.867274392447768,2.6537503533929097,102.69554072107354,41.81076204730227
1,2026-07-25T05:01:49.000476Z,75.44189507606784,12.139016455512271,143.605923531577,4.748651285173298,4.95499407474924,5.366673172172928,2.660865473437139,72.05409466939298,39.10041875132613
1,2026-07-25T05:01:50.000476Z,75.44193829579163,12.139072553137517,143.30501767341048,4.748651338822488,4.91630178056968,6.428134135810326,2.6847039449652685,46.92325279685276,33.32754762193634
1,2026-07-25T05:01:51.000476Z,75.44197805871337,12.13912875759252,142.4443935295567,4.748651374471194,4.888384572817948,7.140814711406491,2.69096129238118,36.691458185621755,30.30527148822576
1,2026-07-25T05:01:52.000476Z,75.44202380731153,12.139185833656187,141.7260232968256,4.748651384851469,4.822218603776739,7.77751949943456,2.694183099688094,36.1849579070413,27.8596421284522
1,2026-07-25T05:01:53.000477Z,75.44207631931867,12.139249610072255,141.17086791526526,4.748651406551439,4.7705515455266685,8.476376964326363,2.6821035467789804,35.586349325938976,25.508230263647203
1,2026-07-25T05:01:54.000477Z,75.44212403846286,12.139328008478312,139.68119212705642,4.748651411971024,4.773502003552934,9.264087905870994,2.689021614065193,32.731939701182576,23.38268711927892
1,2026-07-25T05:01:55.000477Z,75.44217971832457,12.139409589946187,138.592676801607,4.748651342308892,4.94072799659805,10.08076202374337,2.681474420023615,31.71665587044779,21.435637793190786
1,2026-07-25T05:01:56.000477Z,75.44223523729126,12.139489675806297,137.5126620484516,4.748651337422653,4.945704209869164,10.513927537173737,2.688614367755864,31.978075818896148,20.601116934207216
1,2026-07-25T05:01:57.000478Z,75.44229479368508,12.139566708687713,136.8397627696395,4.748651373542353,4.950213622648605,10.307339239176528,2.689533990742677,34.16273571715423,21.04777133009187
1,2026-07-25T05:01:58.000478Z,75.44235419323682,12.139641303085948,136.32566633448005,4.748651377318747,5.026742044884805,10.016849779898475,2.688639530482824,37.26119417092848,21.67329384831924
1,2026-07-25T05:01:59.000478Z,75.44241188514727,12.13970930828054,135.4176656519994,4.748651309624858,5.050674962335159,9.7444738118486,2.6836629583709652,41.95173917545982,22.20506102539774
1,2026-07-25T05:02:00.000479Z,75.44246583302201,12.139778083334944,133.99117812048644,4.748651287829771,5.098196667626331,9.503679358668688,2.688116303329796,42.501625218644314,22.806839308724292
1,2026-07-25T05:02:01.000479Z,75.44251477280835,12.13984847397925,133.13246886245906,4.748651313991284,5.006584436418619,9.306960243845595,2.6848793857127564,37.17812898923524,23.246440232731853
1,2026-07-25T05:02:02.000479Z,75.44255227667946,12.139923699790335,131.73016725108027,4.74865141124765,4.999605090845913,9.17828245718483,2.672712825353937,27.65098087318943,23.331923474464016
1,2026-07-25T05:02:03.000479Z,75.44257344680568,12.140007319821136,130.9217899851501,4.748651527867161,4.94276984574024,9.198460747598675,2.6787881646119365,15.458012342672673,23.39346337304619
1,2026-07-25T05:02:04.000480Z,75.44257192286081,12.14009959661805,129.46839447505772,4.748651631165306,4.840529060054695,9.70677556634618,2.6825039473938195,2.120127612472458,22.16968090204916
1,2026-07-25T05:02:05.000480Z,75.44255616673512,12.140197142608462,128.1284699458629,4.7486517070993814,4.743919882694319,10.520473663075423,2.681990500204108,352.41835113113797,20.52347974409895
1,2026-07-25T05:02:06.000481Z,75.44252590458287,12.140293654907131,126.7221781173721,4.748651787536097,4.692943374144112,11.080358109568508,2.681362066937836,344.32279083222124,19.456104230271222
1,2026-07-25T05:02:07.000482Z,75.44248141998987,12.140391853040246,124.86512486543506,4.748651847533235,4.74297274163606,11.614938461118964,2.6688519124444685,338.50733152860454,18.392296913125588
1,2026-07-25T05:02:08.000481Z,75.44243428873433,12.140487391071401,123.46794654428959,4.748651896894387,4.770893257049039,11.857597955856283,2.670729516469051,334.52834872574937,18.046304360808275
1,2026-07-25T05:02:09.000482Z,75.44238432122751,12.140588666698836,122.25987091194838,4.748651935645649,4.782009410411584,12.256178077867855,2.67406200669406,333.55944960170444,17.531528967008114
1,2026-07-25T05:02:10.000482Z,75.44232651418022,12.140684529858559,121.34995394293219,4.7486519386793296,4.782159397336492,12.295065459703121,2.685965374483791,329.9353817649839,17.605014471898134
1,2026-07-25T05:02:11.000483Z,75.44226299417323,12.14078170335122,120.50843389332294,4.748651964006592,4.725223780039544,12.659428452970513,2.6833524739457473,326.67414417001356,17.09032768509601
1,2026-07-25T05:02:12.000483Z,75.44219280327597,12.140876822116976,119.84157453477383,4.7486520056667025,4.570782069655802,13.054123855474051,2.6907149692666956,323.421437177378,16.61816687105389
1,2026-07-25T05:02:13.000483Z,75.44211725001539,12.140969020170377,118.86074373684824,4.748651997079989,4.395574051022915,13.22189181910297,2.689729670848228,321.19083174684033,16.38126459658204
1,2026-07-25T05:02:14.000483Z,75.44203841734945,12.141062375998214,118.13670687563717,4.748652011309494,4.254628640739979,13.257070306301303,2.6958907832733803,319.7856273231699,16.41674692882116
1,2026-07-25T05:02:15.000484Z,75.44195352991504,12.141156391347737,117.10471701808274,4.748652038578741,4.357929800416963,13.315007556713526,2.6885006606934705,318.8077404719895,16.291115963743568
1,2026-07-25T05:02:16.000484Z,75.44186240006967,12.141250928882364,115.63143348041922,4.748652022522846,4.649144226951249,13.506097925899013,2.6989430751845145,319.7176084765427,16.133688935984022
1,2026-07-25T05:02:17.000485Z,75.4417792188885,12.141340695571738,114.66740579903126,4.748652041745411,4.702214689296047,13.28587591048099,2.6929893056065386,317.53822340216936,16.36271088446613
1,2026-07-25T05:02:18.000486Z,75.44170228382167,12.14142804559474,114.11306233517826,4.748652017333723,4.702320450962772,12.840977958844578,2.6919430720926,317.90221031324694,16.927462652273295
1,2026-07-25T05:02:19.000485Z,75.44162234484739,12.141511119771195,112.48442183993757,4.748651979080551,4.709595187414117,12.581244366205008,2.682244598515454,318.97678377253976,17.175073505216293
1,2026-07-25T05:02:20.000486Z,75.44154567369972,12.141598514548095,110.95668379403651,4.748651969495291,4.679498424022554,12.684381247425735,2.6798743888403327,318.96482990460885,16.988341312679477
1,2026-07-25T05:02:21.000486Z,75.44146524340607,12.14168589518992,109.31810340564698,4.748651977943322,4.639349489364858,12.847410799769767,2.680246659907071,318.36532864174137,16.773838604329942
1,2026-07-25T05:02:22.000486Z,75.44139007166397,12.141776863715476,108.4179310919717,4.748651968769508,4.6135367970597345,12.891555430916814,2.680604482458062,319.09430084634323,16.744629657388757
1,2026-07-25T05:02:23.000487Z,75.44130976491812,12.141863952244032,106.93228235468268,4.748651932430712,4.6326882196773855,12.823869784786439,2.6887407550654587,320.3323272102834,16.9079608921797
1,2026-07-25T05:02:24.000487Z,75.4412344288998,12.141953753982191,106.16672633867711,4.748651929807526,4.58142105035849,12.774575657542758,2.691086373697058,319.69710038633787,16.995169689437567
1,2026-07-25T05:02:25.000488Z,75.44116413757031,12.142046696805693,105.25324796233326,4.748651912824621,4.619433564695894,12.681376192517334,2.6843114720709833,321.59249920848845,17.087350048337175
1,2026-07-25T05:02:26.000488Z,75.44109771400616,12.142136755035791,104.56185824982822,4.74865185923642,4.591747412573035,12.43554916022791,2.688518352266935,322.2516047594103,17.437045710795203
1,2026-07-25T05:02:27.000489Z,75.44102431262233,12.142221187470405,102.81305608712137,4.748651850389519,4.587699205466143,12.324927897580125,2.677810211704333,322.46826853312604,17.4863589747441
1,2026-07-25T05:02:28.000488Z,75.44094607140568,12.142303603040913,100.7190374545753,4.7486518749429285,4.573638605978867,12.370959679208296,2.6734888759658535,320.61348844626195,17.348575990017476
1,2026-07-25T05:02:29.000489Z,75.44086623512005,12.142386926291344,98.73911110125482,4.748651857953453,4.655284962792557,12.405641762423018,2.6816593985400217,320.0415463281633,17.378310457315237
1,2026-07-25T05:02:30.000489Z,75.4407905048333,12.142467879199371,97.77365713007748,4.748651879404146,4.662194482128246,12.173065654649129,2.6797409716402196,317.3793215480311,17.70421293222417
1,2026-07-25T05:02:31.000490Z,75.44071897438577,12.142550834398936,96.38208801485598,4.748651863009478,4.642181573603273,12.107630457785643,2.6700283288500035,318.18370200246954,17.71906568659643
1,2026-07-25T05:02:32.000491Z,75.44064921459918,12.142639868618204,95.96257052663714,4.748651809980159,4.588797214694889,12.325647685620357,2.69349163092849,320.8073145741063,17.63062145430192
1,2026-07-25T05:02:33.000491Z,75.44058488612265,12.142731869832284,95.4785571359098,4.7486517458791955,4.607607336147599,12.398949543050598,2.69203631362638,324.4406516901153,17.565126756140206
1,2026-07-25T05:02:34.000491Z,75.4405283210687,12.142828832776848,94.80776846315712,4.748651683281573,4.623521970990427,12.372856017440828,2.6952402432748634,327.70812840325533,17.614372264872774
1,2026-07-25T05:02:35.000491Z,75.44047019493718,12.142926454047661,93.87854346819222,4.748651671538005,4.61283123614173,12.410103358654283,2.694518130432206,328.63654578917294,17.543944259881677
1,2026-07-25T05:02:36.000492Z,75.44041873526902,12.143020759489476,93.31280786916614,4.748651655824758,4.59974383490289,11.936656414055907,2.6945385042044685,329.40387228240985,18.24877455918141
1,2026-07-25T05:02:37.000492Z,75.44036223930252,12.143107174092016,92.61337563674897,4.748651674716783,4.556883877741445,11.4493206703702,2.6912021445596896,329.24226776488007,19.016518413205088
1,2026-07-25T05:02:38.000492Z,75.44030562931698,12.143192917877014,92.25211943592876,4.748651731051538,4.51318058224788,11.362934289164652,2.696055667505469,326.46956309506965,19.193621938143362
1,2026-07-25T05:02:39.000493Z,75.44024165139753,12.143278507639053,91.99022715911269,4.7486517757993925,4.525712720795799,11.647571320817779,2.6962815265284314,323.19653419282,18.720062438904908
1,2026-07-25T05:02:40.000494Z,75.44017466840151,12.14336381978793,91.94426448550075,4.748651808821412,4.573819254237658,11.753218485781742,2.690323129422238,321.43615934217064,18.534319992535778
1,2026-07-25T05:02:41.000494Z,75.44011095835664,12.143438671418876,91.80058181658387,4.74865181655191,4.565954337954824,11.016497483441205,2.7013395026913267,320.1626809849058,19.85861135522497
1,2026-07-25T05:02:42.000494Z,75.44005015795685,12.143505815933045,91.84072243887931,4.748651831002539,4.5605935917021165,10.167967826700574,2.6987953937677127,318.41586787960034,21.50240250422261
1,2026-07-25T05:02:43.000495Z,75.43998776370611,12.143564041256257,91.37828190624714,4.748651863399977,4.554055748186365,9.534912098749773,2.698998427555846,315.0236926784383,22.92458175997441
1,2026-07-25T05:02:44.000495Z,75.43992537880189,12.143616735215073,91.06518472358584,4.7486518815022745,4.543430692281142,9.0466658150282,2.7004489733703805,311.6466262603756,24.175402623722967
1,2026-07-25T05:02:45.000496Z,75.4398600171558,12.14366804220849,90.9485408179462,4.748651914911383,4.513565426739221,9.11933371973051,2.700672045509705,308.78161887325814,23.98848469151437
1,2026-07-25T05:02:46.000496Z,75.43978727007337,12.143711368929146,90.98557449690998,4.7486519810670975,4.451321586394003,9.198817761616878,2.7077536507808166,302.6353570555981,23.850709828248522
1,2026-07-25T05:02:47.000495Z,75.43970618971116,12.143746074591732,90.81675945781171,4.748652034849805,4.35957478393663,9.403818682668524,2.698523415656423,295.6764612725992,23.251676663585425
1,2026-07-25T05:02:48.000497Z,75.43962074386124,12.143772575863837,90.89107482135296,4.748652057454535,4.254478602351923,9.57571371510977,2.7022220288791865,288.58681530029435,22.864195601019077
1,2026-07-25T05:02:49.000497Z,75.4395308736323,12.143794504965285,91.20924994908273,4.7486521089888525,4.243042001547731,9.812819048068484,2.7008913182635244,282.93339360066784,22.30035283852331
1,2026-07-25T05:02:50.000498Z,75.43944123385985,12.14380615585377,91.46487420517951,4.74865212300699,4.338549606449392,9.914814686900868,2.698071933893545,277.48792780764126,22.0462965442439
1,2026-07-25T05:02:51.000498Z,75.43935042318104,12.143811307445047,91.42756587266922,4.748652108381643,4.407519680566652,9.764259034895272,2.702559684781719,274.05366477089603,22.425446312987834
1,2026-07-25T05:02:52.000498Z,75.43926226587003,12.143811258689443,91.54011711105704,4.748652102729692,4.574743254881907,9.554096387662211,2.693674786488472,271.33637164077476,22.84464974782611
1,2026-07-25T05:02:53.000266Z,75.43917528707249,12.143812649112517,91.51112830732018,4.748652036458707,4.6620386666122515,9.224427715272006,2.700959856626764,272.32288257621036,23.722479260257828
1,2026-07-25T05:02:54.000266Z,75.43910384846211,12.143811284958476,91.56648483127356,4.748651923583974,4.731889848251676,7.930842646059338,2.697205769986924,269.76890151103277,27.55452671920999
1,2026-07-25T05:02:55.000267Z,75.43905017000793,12.143813963741474,91.96664465218782,4.748651821202128,4.824097538034687,6.241162395547077,2.703898971181995,271.0807761573078,35.083273550709315
1,2026-07-25T05:02:56.000270Z,75.4390108718315,12.143819888832805,91.92651810776442,4.7486517407073565,4.968054668307934,4.644067481612466,2.703220116269715,274.48299844030373,47.161639006227304
1,2026-07-25T05:02:57.000273Z,75.43898914287479,12.143823150033489,91.7050441019237,4.7486516645848,5.168020875145864,2.9128484776363335,2.6930120117500773,276.52274946912115,74.57002959102066
1,2026-07-25T05:02:58.000279Z,75.43898450816084,12.143824110023765,91.41992655303329,4.748651575749749,5.247148909966881,1.180454413982583,3.417255152905818,275.786865234375,180.0
1,2026-07-25T05:02:59.000280Z,75.43898412302048,12.143823316281233,91.20213244389743,4.748651534289571,4.458160218992139,0.19602287139072555,4.060580054820843,275.786865234375,180.0
1,2026-07-25T05:03:00.000278Z,75.43898481750618,12.143823168596507,90.95205285679549,4.74865153187102,4.399579868365496,0.08752655678344896,4.04256076346549,275.786865234375,180.0
1,2026-07-25T05:03:01.000283Z,75.43898449737117,12.143828578837404,90.76425411365926,4.74865153332905,4.413262879521695,0.18994986238462028,4.056354079770235,275.786865234375,180.0
1,2026-07-25T05:03:02.000283Z,75.43897888016022,12.1438269367735,90.65307357907295,4.748651536037309,4.357427848729545,0.404661295736394,4.035205547383193,275.786865234375,180.0
1,2026-07-25T05:03:03.000280Z,75.43897304410264,12.143827696238967,90.44957350566983,4.74865153803978,4.334787012287102,0.6759579493421805,4.0453233314312325,275.786865234375,180.0
1,2026-07-25T05:03:04.000285Z,75.43895165953799,12.14383119341968,90.13017698936164,4.748651551403171,4.347076817032261,1.9364164305330385,4.031658934648142,275.786865234375,167.97697060727316
1,2026-07-25T05:03:05.000280Z,75.43892703028713,12.143834571339864,89.91014754027128,4.748651563670162,4.780109360886304,2.4410866046028477,2.6882239059658755,275.786865234375,86.68157626653382
1,2026-07-25T05:03:06.000273Z,75.43888927485558,12.143839824742958,89.65509768389165,4.748651585093689,5.146026490221787,3.582949650120532,2.6994584501914876,276.676203146573,58.266168351074576
1,2026-07-25T05:03:07.000277Z,75.43884495926382,12.143846692026383,89.44950344786048,4.748651602840006,5.025545253530712,4.527076464462434,2.6896795678416465,277.5583515566101,47.81541565402407
1,2026-07-25T05:03:08.000283Z,75.43879572938664,12.14385298496035,89.0312171317637,4.7486515873084425,4.861651880630583,5.145821859678426,2.6888048839143908,277.919678295171,41.694002646365604
1,2026-07-25T05:03:09.000286Z,75.43873425434421,12.143863492583451,88.40050461050123,4.748651579432979,4.67931463058366,6.302671199595553,2.6934089413154076,278.40976486755414,34.29103944845914
1,2026-07-25T05:03:10.000290Z,75.43866911680716,12.1438739437235,88.1674946192652,4.748651580553425,4.5459216627341945,6.906601382109493,2.6901955787098495,278.7932458429176,31.411304395475597
1,2026-07-25T05:03:11.000294Z,75.43860121321421,12.143886445625375,87.73760419525206,4.748651578117025,4.468020351646784,7.3961248160148685,2.6907410775965257,279.6923500005242,29.40985913027971
1,2026-07-25T05:03:12.000298Z,75.43853040027757,12.14390219613427,87.15069617517292,4.748651571989753,4.382969088538274,7.814025962451792,2.6888705158608954,281.6225848947022,27.802749217588527
1,2026-07-25T05:03:13.000302Z,75.43846416790127,12.14392614070568,86.36584053654224,4.7486515664415645,4.332026209546338,7.724059545868973,2.6877046834234988,287.7560386756062,28.101855739834612
1,2026-07-25T05:03:14.000305Z,75.43840590856429,12.143953685664963,85.96656568814069,4.748651565677752,4.383241938956115,7.211483861162066,2.690211361929655,293.9177232076205,30.13722157673256
1,2026-07-25T05:03:15.000308Z,75.4383561820567,12.14398900143026,85.3028275379911,4.748651558276639,4.391766725435184,6.801813796335649,2.687856489605031,302.7099140108214,31.791616890459714
1,2026-07-25T05:03:16.000311Z,75.43832064517953,12.144032545208693,84.59101863764226,4.748651552563598,4.417457631720961,6.2277579448838285,2.686821180626228,315.62700304091965,34.55717845371335
1,2026-07-25T05:03:17.000314Z,75.43830250680804,12.14407754096057,83.82732381299138,4.748651547788688,4.505193675164376,5.573795287046705,2.682196939560241,330.7636154179231,38.51979268670315
1,2026-07-25T05:03:18.000317Z,75.43830467039182,12.144128831969716,83.16804520692676,4.748651525299575,4.558168082638401,5.410983000899738,2.679670653852266,350.6293179073678,39.26643091016724
1,2026-07-25T05:03:19.000320Z,75.43833053072316,12.144177226519645,82.32148361206055,4.748651489066564,4.5544648519959905,5.5582169971280555,2.6691655980195983,14.393107299364797,37.990136894854636
1,2026-07-25T05:03:20.000322Z,75.43837947050383,12.144214756411374,81.49543245881796,4.748651405073634,4.498551362669632,6.167427932269683,2.6674751012327245,40.91105190887849,34.66258615692432
1,2026-07-25T05:03:21.000324Z,75.43845109194652,12.14423417195282,80.79082072153687,4.748651364855296,4.429936077663611,7.165773424189557,2.681060522586261,66.35166818178526,30.119314634451896
1,2026-07-25T05:03:22.000326Z,75.43853049415733,12.144238577431897,79.75376311969012,4.748651362262164,4.3932514439150925,8.170408419301936,2.6885520630955773,81.0880030870777,26.480658947792637
1,2026-07-25T05:03:23.000329Z,75.43861153891581,12.144239874529369,78.85951739363372,4.7486513659375165,4.401771324562774,8.877165058342188,2.689043394008999,86.06226015262769,24.40920486049666
1,2026-07-25T05:03:24.000330Z,75.43870402241294,12.144239220326618,78.07809981331229,4.748651418515634,4.476249883305272,9.70507794036074,2.685906226446752,87.3284335641828,22.33619564029157
1,2026-07-25T05:03:25.000333Z,75.43879853739624,12.144246932974516,77.2184411752969,4.748651442952271,4.499227335763855,10.229689126174945,2.6960256369394897,85.08863634501584,21.29119169498737
1,2026-07-25T05:03:26.000335Z,75.438899293844,12.144257946322256,76.27608394436538,4.748651462515216,4.542273057538497,10.837771161699862,2.683800960319918,84.12364393513049,19.98898517772305
1,2026-07-25T05:03:27.000337Z,75.43900409780572,12.144272104016062,75.2324602464214,4.748651488360045,4.56524323347531,11.267358202083528,2.6856324690244926,82.31229343326456,19.24473322496559
1,2026-07-25T05:03:28.000338Z,75.43910283151122,12.144287836892062,74.60046698432416,4.74865152888521,4.5990993946158945,10.993894841313965,2.696761645733611,81.07781916119795,19.82902757839268
1,2026-07-25T05:03:29.000340Z,75.4391997637157,12.144304590837644,73.77432793565094,4.748651544413014,4.626206298908438,10.793298172221808,2.694489974681955,79.8989761816696,20.184356491405538
1,2026-07-25T05:03:30.000342Z,75.43929477497036,12.144321978850364,72.7437496855855,4.748651549468514,4.661559739394899,10.568926977474792,2.692188561141441,79.53187020166128,20.56777134328339
1,2026-07-25T05:03:31.000344Z,75.43939201528173,12.144335338251363,71.6280258372426,4.748651506070286,4.673585584187532,10.594612861638605,2.6941761298883775,81.41746442171399,20.504752508154663
1,2026-07-25T05:03:32.000346Z,75.43948783341374,12.144341661806779,70.86747962422669,4.748651458655109,4.747417153218096,10.491734146467316,2.6910099428778644,85.24283351590853,20.696829644101225
1,2026-07-25T05:03:33.000347Z,75.43958457092735,12.144333785694144,69.88267521001399,4.748651424331575,4.80140976343611,10.471602987548659,2.6888910670565656,92.6374724679031,20.69791273484874
1,2026-07-25T05:03:34.000348Z,75.439679378629,12.144308049442394,68.86739783734083,4.748651424230028,4.8599283012587335,10.617203382767334,2.6848205208842004,101.8444842950975,20.340837898792014
1,2026-07-25T05:03:35.000350Z,75.43977294402355,12.144270810596243,67.98752778861672,4.748651457266887,4.827568563878459,10.811826727384181,2.6909327073964118,109.39456343284894,20.063441287102936
1,2026-07-25T05:03:36.000351Z,75.43985826994367,12.14422731454444,66.65935352724046,4.748651477950078,4.829708503870703,10.62345808784487,2.6814495050173526,114.55305201961042,20.320323147700893
1,2026-07-25T05:03:37.000352Z,75.43994193254841,12.14418123171316,65.74899693857878,4.748651512726029,4.8451867951525625,10.56676403311153,2.6740149988427366,117.94007666758532,20.331236127319
1,2026-07-25T05:03:38.000354Z,75.44002555441047,12.144131437556233,64.39348593261093,4.7486515640247795,4.854719130451344,10.618176154609518,2.6747116384658,119.9849589117323,20.19979930605346
1,2026-07-25T05:03:39.000355Z,75.44010820890179,12.144079383015582,63.112231253646314,4.748651589252249,4.875378726276478,10.649465857528964,2.6712616902904425,121.65550861351136,20.127145725389685
1,2026-07-25T05:03:40.000356Z,75.44019089688226,12.144034528373668,62.241853524930775,4.748651539633026,4.84183373825969,10.464703027221631,2.6758626037779996,118.71998556641789,20.544923311712363
1,2026-07-25T05:03:41.000357Z,75.440275147045,12.143995508891516,61.32992744166404,4.7486515522162325,4.774824190299185,10.304272219601344,2.6773717192213002,115.93604524108426,20.858757384670398
1,2026-07-25T05:03:42.000359Z,75.44036223699946,12.143957738660365,59.78488383628428,4.748651531961148,4.696359234533638,10.308981709170224,2.6736737899503518,114.70108751348398,20.770297694726302
1,2026-07-25T05:03:43.000359Z,75.44045308873501,12.143919825322167,58.17979851644486,4.748651473081051,4.7682433625907,10.50487118125421,2.668989019813936,113.18654556907372,20.341558722518293
1,2026-07-25T05:03:44.000360Z,75.44054916821615,12.143888343495908,56.96192811708897,4.748651369876643,4.88190571994887,10.73586230464197,2.6723890393534604,109.51074083584224,19.92754119395843
1,2026-07-25T05:03:45.000362Z,75.4406478755956,12.143857567846151,55.634393827058375,4.748651353520881,4.947119925861821,10.944965822980395,2.6773898153492257,109.60405980555505,19.632932866776795
1,2026-07-25T05:03:46.000362Z,75.44074669303478,12.143831393451658,54.948317426256835,4.748651327621051,4.952990981184895,10.945333582523748,2.6822480727464626,107.33014371858448,19.72965557741518
1,2026-07-25T05:03:47.000363Z,75.44084509003204,12.143809149647852,54.049677642062306,4.748651259161481,4.9997440016931165,10.866122733708815,2.679880910994194,104.62495024433026,19.87828635376912
1,2026-07-25T05:03:48.000364Z,75.44094142607683,12.14378626329975,53.23277421388775,4.74865123902714,4.963229374750048,10.800147055134202,2.679514377031756,104.21175439294385,20.001779386963246
1,2026-07-25T05:03:49.000365Z,75.4410402547832,12.143763267081892,52.26456279028207,4.748651246375459,4.899553302459744,10.993513328289515,2.6872547766051524,103.34756518506185,19.707415924474436
1,2026-07-25T05:03:50.000366Z,75.44113953515699,12.143744922115035,51.15373024344444,4.748651303306464,4.733718461663255,11.017544854191774,2.6908281909329017,101.06392790228922,19.703291224637326
1,2026-07-25T05:03:51.000368Z,75.44123835313448,12.143730638488085,50.05535032507032,4.748651302003508,4.706170078991019,10.840240147984876,2.6854825173795835,98.85543663838035,19.9651839003976
1,2026-07-25T05:03:52.000368Z,75.44133514183534,12.143718428361785,48.877007776871324,4.748651291640398,4.693374612283534,10.59773965139256,2.6896310019115544,97.2015549100158,20.4314153038055
1,2026-07-25T05:03:53.000369Z,75.44143173637798,12.143711658685138,47.607257490977645,4.748651314275255,4.682307107856263,10.459572056576182,2.6864523395430595,94.66859911566202,20.656821101113298
1,2026-07-25T05:03:54.000371Z,75.44152820266476,12.14371434260975,46.38634139019996,4.748651327078365,4.682309409903937,10.40581152602575,2.6756168602762083,89.62471507671074,20.67672320672063
1,2026-07-25T05:03:55.000371Z,75.44162319441546,12.143728370915882,45.57213446125388,4.74865132197767,4.668702234975115,10.383157921984687,2.6873960454960146,83.26537391565479,20.889006792439275
1,2026-07-25T05:03:56.000372Z,75.44171668294157,12.143752957075916,44.87020279187709,4.7486513288427,4.678125829910841,10.466222936731038,2.6913544629434996,76.51472056399365,20.768804501853886
1,2026-07-25T05:03:57.000374Z,75.44180523167365,12.14379208793142,43.76771305501461,4.748651318726629,4.700160392333963,10.520629712413216,2.682299132514285,68.21844295773421,20.56927388478297
1,2026-07-25T05:03:58.000374Z,75.44188951461422,12.143844365180058,42.25165856163949,4.748651313190944,4.6628018608818,10.770334489871814,2.687195149263543,60.82139719305474,20.108926281908634
1,2026-07-25T05:03:59.000374Z,75.44196990677332,12.143908721839601,40.3332841899246,4.748651278146964,4.63609687737347,11.166942023876967,2.6771018740261754,53.898307488357894,19.25743086360526
1,2026-07-25T05:04:00.000375Z,75.44204829012105,12.14398236375447,38.417983257211745,4.7486512678458475,4.5899508095044945,11.673932398367569,2.667829917071376,48.35871551799696,18.33689409345351
1,2026-07-25T05:04:01.000376Z,75.4421262166529,12.144063927688538,36.42917716875672,4.748651281097497,4.51788910203645,12.117757035604932,2.6740697874665105,44.57470283171632,17.696136118121697
1,2026-07-25T05:04:02.000377Z,75.44220418440968,12.14414679177651,34.79005930572748,4.7486512910943475,4.500836758423576,12.35853768783497,2.6759333275388375,43.0189707364479,17.412660601490856
1,2026-07-25T05:04:03.000378Z,75.4422806789011,12.144236427635189,33.724356887862086,4.7486512985998575,4.46179071163381,12.58640290000046,2.690659777432432,40.45939597886063,17.249547241441356
1,2026-07-25T05:04:04.000379Z,75.44234754553548,12.144328659430558,32.748752975836396,4.748651302480364,4.400939528336885,12.517280007506407,2.685470600358098,36.65033421253529,17.316299582995583
1,2026-07-25T05:04:05.000380Z,75.44240171216983,12.144429416887325,32.09291249513626,4.748651285612438,4.32799258174619,12.447423759545558,2.693069289321777,30.39676961850219,17.464929820556332
1,2026-07-25T05:04:06.000381Z,75.4424499991418,12.144532824189895,30.735849388875067,4.748651250255869,4.270984922007985,12.544250361255104,2.6900636810009826,26.905612474416603,17.2742238272301
1,2026-07-25T05:04:07.000383Z,75.44250275398927,12.144639411464164,29.391213447786868,4.748651244142995,4.206512858572536,12.973997683967317,2.6825400972794524,26.20162088860062,16.657473091698836
1,2026-07-25T05:04:08.000382Z,75.44255742111133,12.144752077980709,27.799162851646543,4.748651354272236,4.238760390097288,13.65936528478809,2.6789401793220553,25.703883461958362,15.790394548815362
1,2026-07-25T05:04:09.000383Z,75.44261131278485,12.144867680004928,26.80911485105753,4.748651359664056,4.190052764784782,13.975993145165345,2.683788265227937,24.321678466188548,15.497470635476354
1,2026-07-25T05:04:10.000384Z,75.44265881482445,12.144983452018764,26.084077504463494,4.748651357899177,4.066252187990445,13.905966214630345,2.6993802262194313,22.361850891255173,15.683862233952128
1,2026-07-25T05:04:11.000385Z,75.44270190215606,12.145098767083686,25.641050783917308,4.748651190117407,4.403700006937835,13.89245801676995,2.6903161365621675,19.958455862324705,15.661785607523367
1,2026-07-25T05:04:12.000386Z,75.44274228270025,12.145220457925733,25.25925722718239,4.748651132486792,4.608281273371582,14.133962636201892,2.6991130120197098,18.507626682401447,15.458349992158789
1,2026-07-25T05:04:13.000386Z,75.4427788150225,12.145345829894039,24.95669109839946,4.748651126876306,4.7474364872182955,14.267080712759908,2.701630468941676,16.31621267454816,15.335391649175072
1,2026-07-25T05:04:14.000387Z,75.44280557261594,12.145466964937828,24.91981432121247,4.748651176018538,4.832903773817162,13.785401884409222,2.6945431718119424,13.164318517640599,15.836997239468904
1,2026-07-25T05:04:15.000388Z,75.44282442467478,12.145585036446773,24.967660889960825,4.748651264756377,4.859451973844111,13.222794873277396,2.7021073153581936,9.547921224784321,16.55796499083596
1,2026-07-25T05:04:16.000389Z,75.44284016937631,12.145698970538772,23.546370548196137,4.748651326887129,4.884071770885739,12.92731848812013,2.6992575543097566,7.5366429707137375,16.90089380577991
1,2026-07-25T05:04:17.000390Z,75.44284892592431,12.145815828514722,22.43475811369717,4.748651382700116,4.867613404624713,13.041659984760733,2.6950559571426114,5.188153401160256,16.702682456454074
1,2026-07-25T05:04:18.000390Z,75.44285558687037,12.14593398446649,21.648981431499124,4.748651479317216,4.79979058768826,13.185592421482596,2.6967808595304317,3.9409109738979318,16.5395959440148
1,2026-07-25T05:04:19.000391Z,75.44286539537704,12.14605421631534,21.40263101644814,4.748651566009232,4.765638302009431,13.366212763651289,2.6900910086181957,3.6687662899546334,16.283772995278714
1,2026-07-25T05:04:20.000391Z,75.44287235069085,12.146172482628495,20.951603777706623,4.748651627345463,4.792106569550151,13.197133102538245,2.693796930042431,3.479825820242411,16.530395547147563
1,2026-07-25T05:04:21.000392Z,75.44287956566075,12.146279537734756,20.692086049355567,4.748651655356688,4.819135607388212,12.288831096907206,2.693764368588054,3.4274487535916753,17.761401239102334
1,2026-07-25T05:04:22.000393Z,75.44288496735756,12.146378471555025,20.62424035742879,4.748651668818119,4.817272342038062,11.417221572442957,2.7046871426501413,3.103587624204984,19.194618022585203
1,2026-07-25T05:04:23.000394Z,75.44288928190063,12.14647704108497,20.35157050099224,4.748651706077158,4.817004545588634,11.040197405912322,2.7009788606454896,1.9949087424065273,19.823036072059654
1,2026-07-25T05:04:24.000394Z,75.44289262519462,12.146574884381284,19.86727282125503,4.748651714717793,4.796562926282079,10.832812552059112,2.701039965845859,3.3810969851028942,20.203208596836447
1,2026-07-25T05:04:25.000395Z,75.44290039101196,12.14666942844726,19.62336412537843,4.748651705394615,4.731643306970414,10.499809924001381,2.701359152346723,2.7846931988443453,20.8449854401119
1,2026-07-25T05:04:26.000407Z,75.44290895119575,12.14675463359057,19.53440090827644,4.7486516641006595,4.718133055369128,9.614081955233404,2.7010714941956593,4.047348287201238,22.763814750551777
1,2026-07-25T05:04:27.000397Z,75.4429226820151,12.146825632594192,19.436840618029237,4.748651645582925,4.709669312268219,8.383594866872263,2.7006571470602725,8.288861612590278,26.100283558883238
1,2026-07-25T05:04:28.000397Z,75.44293790855755,12.146885119540945,19.3522872608155,4.748651619380724,4.781098408033982,7.105866047879897,2.701357504684305,12.507929489421317,30.803564052268676
1,2026-07-25T05:04:29.000398Z,75.44295149829325,12.146924437493103,19.18207069952041,4.748651582308231,4.953252489953084,5.201254976899059,2.692812134106861,16.57153459203227,41.94828344216148
1,2026-07-25T05:04:30.000399Z,75.4429616988327,12.146945362005006,19.009400255978107,4.7486515649285215,5.140160310665119,3.222839003530546,2.705243430374021,20.7022503513129,67.80898000532245
1,2026-07-25T05:04:31.000399Z,75.44296434950115,12.146949704851137,18.956969872117043,4.748651545584379,5.361999992565313,1.2544672223924198,2.7005991524858532,17.77812385559082,167.48509871238258
1,2026-07-25T05:04:32.000400Z,75.44296137135466,12.14694418972846,18.83364282362163,4.748651530362349,4.515816269482367,0.01935561587099712,4.056277860280653,17.77812385559082,180.0
1,2026-07-25T05:04:33.000402Z,75.4429607945129,12.146944862615609,18.684475565329194,4.748651530573484,4.669007170437939,0.03419125153219403,3.7391453015499527,17.77812385559082,180.0
1,2026-07-25T05:04:34.000403Z,75.4429606168583,12.146944340519225,18.688244906254113,4.748651530392434,4.674382425284362,0.015951955242466693,3.7390160545056226,17.77812385559082,180.0
1,2026-07-25T05:04:35.000403Z,75.44296019232395,12.146943459856695,18.829617678187788,4.748651530283994,4.671892911774752,0.007111828743194256,3.7128516288689073,17.77812385559082,180.0
1,2026-07-25T05:04:36.000404Z,75.44296035302045,12.146943798322566,18.78554725367576,4.74865153038638,4.633462317803459,0.014834529960760777,3.738454094601003,17.77812385559082,180.0
1,2026-07-25T05:04:37.000405Z,75.44296076013184,12.146944339210958,18.857751975767314,4.748651531012369,4.644397015243189,0.056392988830916715,3.72368409601596,17.77812385559082,180.0
1,2026-07-25T05:04:38.000405Z,75.4429640164853,12.146950631546554,18.922055212780833,4.748651540890291,4.617961560801543,0.7415080361452286,3.7253574897186454,17.77812385559082,180.0
1,2026-07-25T05:04:39.000406Z,75.44297198470319,12.146967154067307,19.115472816862166,4.748651555472987,4.596435055414952,1.7718361325333938,3.757033343088594,17.77812385559082,171.5758718750883
1,2026-07-25T05:04:40.000406Z,75.44298494999744,12.146991202930112,19.18770469725132,4.748651583176897,5.083685399924792,2.764036625889847,2.510995226176367,17.77812385559082,72.94566469433452
1,2026-07-25T05:04:41.000406Z,75.44300044767111,12.147018180027993,19.12373366113752,4.74865161240142,5.498421820503851,3.2260071038974805,2.4297096429947906,27.78248864975009,59.56968336460475
1,2026-07-25T05:04:42.000407Z,75.44301889520764,12.147046705633565,19.10846701078117,4.748651641332021,5.682221539914951,3.810505710881455,2.375247109199843,29.78572442239477,48.99935784308337
1,2026-07-25T05:04:43.000408Z,75.44304351663843,12.147083543135372,18.88667932804674,4.748651671863024,5.769862921925866,4.683118410349786,2.249509926395626,31.596576282618113,38.553651421175914
1,2026-07-25T05:04:44.000409Z,75.44307296374873,12.147120016190382,18.994845679029822,4.748651685644958,5.759822569269559,5.060459635566416,2.219237646706391,34.632374162503616,34.708058504245614
1,2026-07-25T05:04:45.000410Z,75.44310556988916,12.1471575424557,18.953155113384128,4.748651698230989,5.722827757275461,5.326889545925968,2.184547956821322,37.20497223419656,32.415141000088326
1,2026-07-25T05:04:46.000411Z,75.4431394958168,12.147195912598368,18.94885261822492,4.748651692556938,5.605535244719439,5.5125326053520105,2.1811442011553246,38.856991143676126,30.460312237295156
1,2026-07-25T05:04:47.000411Z,75.44317255153608,12.147234596435098,19.422973811626434,4.748651658645423,5.47302797283836,5.560333002944263,2.149867983316639,39.714060724460154,27.66381024653266
1,2026-07-25T05:04:48.000412Z,75.44320440571705,12.147275829186594,19.926041041500866,4.748651678992226,5.5597564061058184,5.577253205998538,2.135172773397689,38.505079964063384,26.306129493309317
1,2026-07-25T05:04:49.000413Z,75.44323457995797,12.147323602884365,20.45660949498415,4.748651749161661,5.634598772582792,5.742450490283498,2.128750062161356,36.529375803598896,28.015542873851278
1,2026-07-25T05:04:50.000414Z,75.4432768784615,12.1473634051477,20.25479904934764,4.748651747704435,5.607567902128819,6.061457846622437,2.106996701009978,42.52028849956294,26.977046632820617
1,2026-07-25T05:04:51.000415Z,75.44332220916256,12.147396797623838,20.511526911519468,4.748651740662848,5.716399218321634,6.122240974390598,2.0786633753225643,47.630128997226585,25.485428185082167
1,2026-07-25T05:04:52.000415Z,75.4433680685637,12.147427069265044,20.979290552437305,4.74865174206265,5.8266217858593725,6.035207054719492,2.1198583957383663,51.09689633876352,25.095538052196282
1,2026-07-25T05:04:53.000416Z,75.4434143390241,12.147456335402538,21.511706228367984,4.748651732374465,5.879547165005919,5.937800667867557,2.1125788304426325,53.36874715917418,23.687632632415262
1,2026-07-25T05:04:54.000417Z,75.44345895524476,12.147487583876355,22.10555334482342,4.748651716855554,5.797733361814051,5.87479286370426,2.121180192508165,53.84543273587695,24.260839925686216
1,2026-07-25T05:04:55.000417Z,75.44350372127035,12.1475173441413,22.3067283378914,4.7486517099852055,5.7129569704706675,5.881434064038093,2.122520163508104,54.49462475858484,25.24418235228659
1,2026-07-25T05:04:56.000417Z,75.44354866952807,12.147551104512226,22.684197799302638,4.748651723355996,5.654460792599336,6.08893064664506,2.1013512951174733,53.36243273114099,27.128430315970924
1,2026-07-25T05:04:57.000419Z,75.44358769092602,12.147594232978635,22.832752405665815,4.7486517583329375,5.647568462410297,6.158818617283373,2.114009946451342,48.473943830604405,27.41058251015802
1,2026-07-25T05:04:58.000419Z,75.44362697263865,12.147637918415901,23.14734903909266,4.7486518095740085,5.712787863637613,6.297153825873652,2.0846839186034005,45.158227992607564,26.15169408188266
1,2026-07-25T05:04:59.000168Z,75.44366325486696,12.14768032970809,23.407813522964716,4.748651822669694,5.707035138084239,6.263888617936198,2.080098076258832,43.377961916533934,26.78829357664436
1,2026-07-25T05:05:00.000166Z,75.44369788375268,12.147719957154857,23.516373896971345,4.748651796332389,5.582200554154021,6.036152820560674,2.1252508546157425,42.95444142170136,28.45990991470272
1,2026-07-25T05:05:01.000167Z,75.44374139035543,12.147753603660044,23.409897232428193,4.748651755193467,5.441693043960088,5.880878514679219,2.127822379759027,46.596661811410726,29.25273632282049
1,2026-07-25T05:05:02.000173Z,75.44378914665558,12.14778337352339,23.563518984243274,4.748651704674705,5.42177146341188,5.8588767432953555,2.126026817311663,53.028627931455674,29.124178835437007
1,2026-07-25T05:05:03.000178Z,75.44384398422889,12.147805432779922,23.512287124991417,4.748651632110484,5.491852075371632,5.951033197737821,2.1241858791377632,61.29878275324296,28.76523785991257
1,2026-07-25T05:05:04.000182Z,75.44390018693497,12.147823321350078,23.643041039817035,4.748651563908821,5.781626449809867,6.0301630688864805,2.1267185800010338,67.38675098153868,28.081327215816856
1,2026-07-25T05:05:05.000189Z,75.44395837517445,12.147836751260975,24.377930744551122,4.748651551276965,6.038154615126934,6.081042379726125,2.1045797869308003,71.59397534597714,26.62186761667812
1,2026-07-25T05:05:06.000194Z,75.44401157437213,12.147848282820298,25.107114541344345,4.7486515204673765,6.054200154056759,5.9494948052561725,2.1242078690599002,74.54319055196413,26.370434247771524
1,2026-07-25T05:05:07.000200Z,75.4440664538319,12.147856648471144,25.69756470154971,4.748651503482214,6.032121912872019,5.961616339980772,2.1109304361273384,77.48455366869536,25.41389956367724
1,2026-07-25T05:05:08.000206Z,75.44412136315651,12.147864049566506,26.532278050668538,4.748651492321823,5.986664212449323,5.941491756211039,2.095516967103581,79.41050210727565,24.624631930066222
1,2026-07-25T05:05:09.000213Z,75.4441756178498,12.147871912341875,27.544529553502798,4.748651492787232,5.9306017495973595,5.914282816380178,2.1175821508183876,80.30193653924029,24.445885326623962
1,2026-07-25T05:05:10.000221Z,75.44423030807948,12.147879277922943,28.14371805638075,4.748651502867421,5.83210290649651,5.955656895110373,2.1174510528585895,80.96094781089741,25.418841683995
1,2026-07-25T05:05:11.000228Z,75.44428493079266,12.147886350758409,28.778971994295716,4.748651500363242,5.658054311878027,5.976939069010195,2.0972000203317664,81.33384491992847,25.51085306850983
1,2026-07-25T05:05:12.000233Z,75.44434134523556,12.14789402906208,29.356987765990198,4.748651502430269,5.476294481155674,6.029498716622228,2.10845264256669,81.4384198492697,26.228301247059388
1,2026-07-25T05:05:13.000240Z,75.44439708935126,12.147903521462311,30.01134247146547,4.748651508590192,5.36888862442026,6.059492977127281,2.1042902215465515,81.09378926467798,25.248741918322988
1,2026-07-25T05:05:14.000249Z,75.44445221346294,12.14791391647266,30.6853642212227,4.748651485489121,5.636086541854443,6.071206828229408,2.099771011876274,80.45387768518064,25.348452940427432
1,2026-07-25T05:05:15.000256Z,75.4445072882992,12.147923245889713,31.16895540058613,4.748651469100486,5.693267238157205,6.0637291926981955,2.113562259739908,80.23702361775717,26.02432805708376
1,2026-07-25T05:05:16.000264Z,75.44456151941753,12.147931029161226,31.637086929753423,4.74865146082634,5.7079846491088695,5.994364804127819,2.108826262873028,80.86215109014016,25.78934596821527
1,2026-07-25T05:05:17.000270Z,75.44461535197081,12.147937702149832,32.076851485297084,4.748651512773553,5.662494216221499,5.90274816452864,2.108821556348885,81.90889843132294,26.07174821104549
1,2026-07-25T05:05:18.000277Z,75.44466909338536,12.147941479329143,32.63218502048403,4.748651541343855,5.644474234052448,5.856434703869089,2.128186766831943,83.9760991347039,26.153370384413886
1,2026-07-25T05:05:19.000283Z,75.44472305959444,12.147943912358347,33.196534091606736,4.748651557819444,5.614310627892298,5.84775566694688,2.127960545387014,85.66788661841524,26.158789437536985
1,2026-07-25T05:05:20.000290Z,75.44477890988844,12.147942961693353,33.51328152604401,4.748651563231994,5.61358066521054,5.913228731899915,2.116438116053063,87.80808481828012,26.20251894125579
1,2026-07-25T05:05:21.000295Z,75.44483406194735,12.14794048184304,33.99189520534128,4.748651569329246,5.6341511051862705,5.95905904483336,2.119074717537488,89.85273672302907,26.34176476011209
1,2026-07-25T05:05:22.000301Z,75.44488918917257,12.147935970721205,34.29164302628487,4.74865158578252,5.635165552017676,5.98628133325616,2.1152438861453478,91.71057239565803,26.738451506672348
1,2026-07-25T05:05:23.000305Z,75.44494391685937,12.147929685334633,34.54079117346555,4.748651630143552,5.64187311033611,5.9854801596268015,2.0896042986886116,93.86442726459642,26.429789585593895
1,2026-07-25T05:05:24.000310Z,75.4449972404471,12.147919703503872,34.91057428345084,4.74865166072754,5.602071216516509,5.950242931586745,2.1110607234878525,96.77810811040658,26.429527673171027
1,2026-07-25T05:05:25.000315Z,75.44504915052931,12.147905501570891,35.29861645679921,4.748651682487327,5.69606873518893,5.8856461746153075,2.1299521266782704,100.14701250366339,26.078646490742855
1,2026-07-25T05:05:26.000319Z,75.44509949439289,12.147886666251779,36.01393340807408,4.748651721306929,5.83323025063172,5.847567929093034,2.1279304534613748,104.07517026404959,25.111908673215453
1,2026-07-25T05:05:27.000323Z,75.44515114557657,12.147869472582338,36.42858960852027,4.748651687145318,5.854176216717324,5.869009514855722,2.1245415656982574,106.13102153335234,25.86737839434704
1,2026-07-25T05:05:28.000327Z,75.44519958603571,12.147851781431708,36.918212856166065,4.748651687035308,5.926693509059475,5.761957868117711,2.143734471708773,108.04849421133503,26.2218162394818
1,2026-07-25T05:05:29.000331Z,75.44524801088578,12.147833251865638,37.46222978550941,4.748651666219767,5.821315906955484,5.706748652478209,2.120457348443213,109.3870926560173,25.53147655308625
1,2026-07-25T05:05:30.000335Z,75.44529595416327,12.147813843406377,37.906690783798695,4.7486516491887585,5.759951091565737,5.704518896016784,2.1441109186671956,110.82306744040247,24.994456403040594
1,2026-07-25T05:05:31.000338Z,75.44534321011922,12.147794055796544,38.55247260630131,4.748651650732537,5.666854148427292,5.673997079493911,2.1327089036127975,111.68129928614735,24.505976901108205
1,2026-07-25T05:05:32.000342Z,75.44539006036311,12.147774404250857,39.10652309656143,4.7486516573568185,5.52862469833328,5.605770534254221,2.145767511550375,112.46735996188983,25.83419697048851
1,2026-07-25T05:05:33.000345Z,75.44542961470506,12.14775438927933,40.363091639243066,4.748651654754484,5.354904036742167,5.320869697506765,2.1508588792272305,113.98471278118198,24.763101322324502
1,2026-07-25T05:05:34.000348Z,75.44547542712063,12.147730425917501,41.083575651049614,4.748651680533599,5.217228106143503,5.496859022339309,2.1352496357735773,115.54602975593913,26.3806250487906
1,2026-07-25T05:05:35.000350Z,75.44552688970066,12.147709772306492,41.47446184884757,4.74865165925124,5.268087582962099,5.702661184689622,2.1306080056921064,115.00009382721976,25.330316895545092
1,2026-07-25T05:05:36.000354Z,75.44557863729494,12.147691022833627,42.09612171817571,4.74865167012352,5.1959062923128565,5.856648452922273,2.124969500830355,113.02106505970954,28.247034340262907
1,2026-07-25T05:05:37.000356Z,75.44563164831823,12.147676628347261,42.5734737906605,4.74865169747162,5.0224060577553375,5.9507171288488685,2.0924276038792238,108.71582161199167,26.122654443791696
1,2026-07-25T05:05:38.000359Z,75.44568514762629,12.147661965783689,43.072097265161574,4.7486517156017864,5.048401023013133,6.007522685318023,2.090365575575846,106.4906106822732,26.243983950484118
1,2026-07-25T05:05:39.000362Z,75.44573773538374,12.147651946223801,43.95982313435525,4.7486517418827265,5.0543651074337586,5.995604707043341,2.0880020535981374,102.73730252202715,26.041024444339932
1,2026-07-25T05:05:40.000365Z,75.44579273644295,12.147647620331199,44.487099723890424,4.748651789579944,5.123681706270605,6.027460107361875,2.093773225448689,98.23488734603103,26.062614845215357
1,2026-07-25T05:05:41.000367Z,75.44584856987328,12.14764784876907,45.1432024333626,4.748651803074547,5.14921867838619,6.041676466206779,2.1045741735375714,94.53343982527842,25.34179170768505
1,2026-07-25T05:05:42.000369Z,75.44590533709084,12.147647634714842,45.61196010559797,4.7486517907487835,5.1056405995447065,6.116548490138904,2.1153916393271133,92.27177273677684,26.466855078318734
1,2026-07-25T05:05:43.000372Z,75.44596185335972,12.147651555952125,45.878675259649754,4.748651818379246,5.128699013487407,6.198637311245957,2.1000808333823393,89.68990989284443,26.139177333579216
1,2026-07-25T05:05:44.000375Z,75.4460206065672,12.147658400922559,46.11274396441877,4.748651821585094,5.104567787011712,6.354662222703623,2.0858183112238464,85.75035658008183,26.110392271379947
1,2026-07-25T05:05:45.000376Z,75.44608134313519,12.147675517000811,46.66175788920373,4.748651844881798,5.034358015103571,6.745690493717209,2.0552322604960955,79.342433149439,24.301283573115185
1,2026-07-25T05:05:46.000378Z,75.44614344310962,12.147698129551838,47.09384614881128,4.748651915459341,5.083186681989306,7.2035559021304145,2.0243746140341017,73.16269981446284,22.59001297601187
1,2026-07-25T05:05:47.000380Z,75.44620261579948,12.147730512574121,47.11472739651799,4.748651953123678,5.086398404813861,7.247595307304578,2.0120623552700057,65.79251312092643,22.432223181272626
1,2026-07-25T05:05:48.000382Z,75.44626272470401,12.14776741713321,47.181884460151196,4.748651953125727,5.095880692586,7.493396113735666,2.0131173309154966,60.32819454321763,21.65113517571226
1,2026-07-25T05:05:49.000383Z,75.44632488574541,12.147805847176851,47.069999147206545,4.7486519823992275,5.235899560974705,7.815496257724144,1.977524441944853,58.1135542153482,20.493048370482686
1,2026-07-25T05:05:50.000386Z,75.44638743915519,12.147848162197757,46.86439434811473,4.7486520169409605,5.343056589656659,8.156435029431169,1.941327504486674,56.62418674419309,19.25033495084295
1,2026-07-25T05:05:51.000388Z,75.44645378227791,12.147893075932592,46.56325392611325,4.748652054055357,5.468348348146889,8.573602912124123,1.9319917611148263,55.91664091831045,18.238926127595423
1,2026-07-25T05:05:52.000389Z,75.44652201971103,12.14794124292447,46.620646020397544,4.7486520777193935,5.635080357955055,8.922895592419183,1.912950952363575,55.557102827891875,17.285062185483408
1,2026-07-25T05:05:53.000391Z,75.44659023917265,12.147992710195059,46.75828206911683,4.748652118847175,5.828199114898568,9.185491724684313,1.8946029544814853,54.558163267336774,16.57253463360217
1,2026-07-25T05:05:54.000393Z,75.44665773697962,12.14804428517512,47.498316111043096,4.7486520698590615,5.807659922278264,9.315792884823566,1.895168091845925,53.62286349066875,16.36252555835461
1,2026-07-25T05:05:55.000394Z,75.44672977722131,12.148094323148475,48.08435799181461,9.11533297241459,4.393405255856721,9.505722485032317,3.33267480918478,54.18982377140342,28.388739500509192
1,2026-07-25T05:05:56.000395Z,75.44680063192455,12.148149445071802,48.41353326383978,9.753619986071275,4.549947558329191,9.720119055767618,2.7056247706323155,52.17790905493098,22.55062875955088
1,2026-07-25T05:05:57.000397Z,75.44687689058584,12.148201124686521,48.320335388183594,10.528502113193213,4.583980090042473,9.991040872534743,2.695254556099821,53.23873197673159,21.85833598495915
1,2026-07-25T05:05:58.000399Z,75.44695113990186,12.148261510180172,48.3434357624501,10.334637463881565,4.5538703656688595,10.285030114932555,2.708459279185078,51.30478776153239,21.338030852015834
1,2026-07-25T05:05:59.000400Z,75.44702149063376,12.148337641560609,47.82253681495786,8.469590072525694,4.579179117837061,10.859418818605072,2.695107275635664,47.021308940494706,20.098511066729873
1,2026-07-25T05:06:00.000402Z,75.44709720450861,12.148412112240681,47.88116491492838,7.733779612682298,4.57012513034811,11.192429368904119,2.706196164350673,46.810341466298524,19.58548594667049
1,2026-07-25T05:06:01.000404Z,75.4471762966279,12.148476320236519,48.24054361600429,8.217824237997538,4.61608425867046,11.282546964381137,2.7047431164195324,48.88570745139255,19.423234349606275
1,2026-07-25T05:06:02.000406Z,75.44726216766547,12.148543260646164,48.12236415594816,8.248360825552519,4.651816758492598,11.685948039214658,2.6996848045191495,50.95222732366739,18.718159885753618
1,2026-07-25T05:06:03.000408Z,75.44735016897458,12.148609968206728,48.19534165691584,8.163686920519428,4.627901918344377,11.988951283361736,2.706333418956826,52.19738456428126,18.290552420599692
1,2026-07-25T05:06:04.000408Z,75.44744301095437,12.148674248371565,48.3507120218128,8.646135193492377,4.612665099778732,12.272465010488856,2.701409105128317,53.26301761599518,17.835743129874547
1,2026-07-25T05:06:05.000410Z,75.44753870527812,12.148741482484432,48.779965604655445,9.007230106447619,4.591470126273692,12.584009197502727,2.7014430394128492,53.345895682354275,17.39403231295766
1,2026-07-25T05:06:06.000411Z,75.44763576682546,12.148811574430558,48.6444852296263,9.186135135359692,4.5677859619299594,12.87807488145718,2.7063244376218485,53.00364616197671,17.0281081376501
1,2026-07-25T05:06:07.000412Z,75.44772947969514,12.148886554400885,48.46404453366995,8.231138865444203,4.593543389509851,13.029614770412058,2.6992035431540193,51.73202720551587,16.78521640465159
1,2026-07-25T05:06:08.000414Z,75.44782627771292,12.148961078515265,48.57589676603675,4.748651735084013,4.586373216038489,13.210017261277388,2.7000504536891032,52.34382293888851,16.56157537610551
1,2026-07-25T05:06:09.000415Z,75.44792686542864,12.149034584947955,48.31633311882615,4.748651743507866,4.567720634589384,13.465773632733613,2.7055132394428876,53.77571872891851,16.27968173015129
1,2026-07-25T05:06:10.000416Z,75.44803043299378,12.149102761163581,48.5250251526013,4.748651727353958,4.524636888151174,13.465486598830193,2.702737088058807,55.9086645907834,16.263400220707677
1,2026-07-25T05:06:11.000418Z,75.44813216983721,12.149164451678526,49.07743857707828,4.748651696979181,4.511923445850477,13.095352828599953,2.689117584425542,57.732816028184445,16.635865733263383
1,2026-07-25T05:06:12.000420Z,75.4482322466214,12.149224012811509,49.372673821635544,4.748651682420519,4.473959037822166,12.743678913097867,2.6993850704849316,58.92638664410461,17.159974975542337
1,2026-07-25T05:06:13.000421Z,75.4483314429545,12.149279476344338,49.78677941951901,4.7486516701965416,4.457440298619011,12.400135960418861,2.6977943191796343,60.560285364485466,17.62361956271887
1,2026-07-25T05:06:14.000422Z,75.44842939631127,12.14932751993793,50.116854256018996,4.74865165148379,4.445351807934622,11.977572535536124,2.7002131432474226,63.14084856326293,18.262598479018898
1,2026-07-25T05:06:15.000423Z,75.44852620715363,12.149368436775822,50.43422037549317,4.748651642343124,4.451352125060503,11.543509179911343,2.6986720278300647,66.4956820087746,18.934584241410136
1,2026-07-25T05:06:16.000424Z,75.44861577119556,12.14939948913663,50.991360071115196,4.748651610808352,4.467517901781059,10.564979247368694,2.6930329682893372,69.08084135649743,20.643881138628107
1,2026-07-25T05:06:17.000426Z,75.44868844767878,12.149425605601008,51.44837480876595,4.748651595362432,4.492444317256918,8.904837803612489,2.6925528261645426,69.89248739576959,24.479087041510894
1,2026-07-25T05:06:18.000427Z,75.44874003722732,12.149440913640692,51.73874564282596,4.748651565479602,4.598140524206337,6.571130388619082,2.698820930265152,72.0656888696284,33.22749658746924
1,2026-07-25T05:06:19.000428Z,75.44877076645653,12.149448522739085,51.84041253197938,4.748651544099914,4.828485441081592,4.171114571435603,2.6987164542776716,74.61423573170984,52.22827137004854
1,2026-07-25T05:06:20.000430Z,75.44878258961926,12.149450155957366,52.05895474553108,4.748651536862993,5.017713243240243,1.9419427764040917,2.7029856592896735,75.99846649169922,111.15945359558538
1,2026-07-25T05:06:21.000431Z,75.44877883303161,12.149448187086952,52.13727853447199,4.748651530602654,4.271615973536022,0.13059675688305233,4.06212978721068,75.99846649169922,180.0
1,2026-07-25T05:06:22.000432Z,75.44877787034497,12.149447522673588,52.30402720440179,4.7486515303378205,4.368764257632222,0.03619371161472803,4.066252290499588,75.99846649169922,180.0
1,2026-07-25T05:06:23.000434Z,75.44877868431224,12.14944619125686,52.42808948922902,4.74865153038262,4.385961206175528,0.05746790191056653,4.059072103150585,75.99846649169922,180.0
1,2026-07-25T05:06:24.000435Z,75.44877810017259,12.149445240375648,52.49937553424388,4.748651530212663,4.38793942105646,0.007751009086608297,4.0378076215342045,75.99846649169922,180.0
1,2026-07-25T05:06:25.000436Z,75.44878185662576,12.149445077544147,52.577643311582506,4.748651530191762,4.41393914949794,0.0,4.0409356695309295,75.99846649169922,180.0
1,2026-07-25T05:06:26.000437Z,75.44880573461091,12.14945048417377,52.589924179948866,4.7486515335007775,4.4082972691858595,1.8631994162777155,4.043659890187662,75.99846649169922,175.71651137577865
1,2026-07-25T05:06:27.000439Z,75.44883188202014,12.149455364045417,52.686589669436216,4.7486515343218345,4.783245420054453,2.666868596644469,2.7132661524943917,76.36821746826172,82.40962620585515
1,2026-07-25T05:06:28.000439Z,75.44886477146778,12.149460667841142,52.83736362028867,4.748651533207397,5.1937095352298375,3.27563861936327,2.7041320930532753,79.30134241582076,66.89014310890302
1,2026-07-25T05:06:29.000441Z,75.44890014282637,12.149464741559731,52.77765959966928,4.748651528234554,5.242575206978284,3.7376017149107583,2.6936358968865033,80.70783249920218,58.376331320785695
1,2026-07-25T05:06:30.000442Z,75.44894850956152,12.149473306535691,52.904429332353175,4.748651527294006,4.7109735052231905,4.9437644089299075,2.8497416342048156,78.01936409825429,46.651358756484775
1,2026-07-25T05:06:31.000443Z,75.44900156379163,12.149493874576665,52.76260813884437,7.642308293043193,4.863983342742675,5.843451371960651,2.698600998768182,71.05462290198469,37.347174823974306
1,2026-07-25T05:06:32.000444Z,75.44905874962971,12.149516577840654,52.543961570598185,7.561640646726997,4.816678797231516,6.518792278975925,2.6973959516250123,68.56974962162968,33.48624122464614
1,2026-07-25T05:06:33.000446Z,75.44911896441663,12.149549726039297,52.33390499651432,4.748651564117406,4.7108214618289095,7.296069077221386,2.706389554492182,64.65124145434272,30.037747765212373
1,2026-07-25T05:06:34.000448Z,75.44918660988964,12.149586213015867,52.222957332618535,4.7486515830625935,4.616959046746246,8.043310484611773,2.701620505306543,62.13629868704417,27.211377926308018
1,2026-07-25T05:06:35.000449Z,75.44925868898281,12.149627636741675,52.35103516932577,4.748651616645722,4.487337796288808,8.767751874327049,2.699402620212426,60.32027930801369,24.945217061358377
1,2026-07-25T05:06:36.000450Z,75.44933400130923,12.149674180457767,52.434718816541135,4.74865162523197,4.443281400232929,9.415098982160233,2.701152830658687,59.408200441594445,23.246584271432713
1,2026-07-25T05:06:37.000451Z,75.44941421072247,12.14972003485884,52.524337489157915,4.74865163212766,4.507212204740711,9.900469735906585,2.7009572914394275,59.55974891692603,22.103675469349653
1,2026-07-25T05:06:38.000452Z,75.44949489525283,12.14976972444198,52.83292833995074,4.748651647116423,4.524159294577917,10.2497801511777,2.706391084437323,58.74688877786945,21.38999249425492
1,2026-07-25T05:06:39.000453Z,75.44958111831497,12.1498199945319,52.95587825682014,4.748651637836163,4.569601189442049,10.666645954398335,2.70585850726887,58.69852116896191,20.549065608174182
1,2026-07-25T05:06:40.000454Z,75.4496659432747,12.149873960204413,53.41605837084353,4.748651644961376,4.602998885610039,10.928897970120573,2.707352605263867,57.388691641135495,20.062103952580742
1,2026-07-25T05:06:41.000455Z,75.44975059350269,12.149931229374141,54.187381577678025,4.748651671147349,4.65470774542816,11.105198395857014,2.69610600531543,55.82756437542168,19.64668956283949
1,2026-07-25T05:06:42.000456Z,75.44983370371753,12.149983679323228,54.81218457315117,4.748651664083215,4.6611090021773105,10.802716641526944,2.6991924028711862,56.39654602276653,20.22145330101602
1,2026-07-25T05:06:43.000459Z,75.44990910976834,12.150036823177874,55.62112233508378,4.748651668443567,4.617313300508582,10.27686340861483,2.7002913497891856,54.13416002862797,21.27157249732795
1,2026-07-25T05:06:44.000459Z,75.44998297614008,12.150088101217182,55.794094767421484,4.74865162993716,4.634834961043188,10.040040481295396,2.7048630285197697,54.17153619548321,21.82068852870513
1,2026-07-25T05:06:45.000460Z,75.45005707857878,12.150142886300184,56.14359530992806,4.748651575200797,4.614681864798225,10.035422775128044,2.70268654369119,52.944495080416345,21.812189702390175
1,2026-07-25T05:06:46.000462Z,75.45012816236736,12.150201942666435,56.576255632564425,7.609759375896562,4.648011891958027,10.04421548153273,2.701950734683778,49.88652126759619,21.78387054611922
1,2026-07-25T05:06:47.000463Z,75.45018976708194,12.150269115834014,57.139562737196684,8.256450006359296,4.6625126168693285,10.012640808177915,2.70246268788623,43.65612504874603,21.86166006208881
1,2026-07-25T05:06:48.000464Z,75.45024496539986,12.150343306525965,57.10698618926108,8.084068560870719,4.585997725053008,10.125923589806115,2.7039318155107397,37.166204499949934,21.63705606403474
1,2026-07-25T05:06:49.000465Z,75.45029746895949,12.150423046157007,57.26135034766048,8.659239209524998,4.5020572880944725,10.418356946065646,2.706235393264503,33.074074588040055,21.047388202637432
1,2026-07-25T05:06:50.000466Z,75.45034412529277,12.150506135450964,57.19459648337215,8.290310798346013,4.4918660822294605,10.664730267784773,2.705362330786941,29.020485761150333,20.55332543446077
1,2026-07-25T05:06:51.000468Z,75.45038978961176,12.15059446484226,57.266301228664815,8.53511457944041,4.523700907252185,10.971349909432176,2.6973942042906027,26.963180366896605,19.92016941798772
1,2026-07-25T05:06:52.000468Z,75.45043293710897,12.15068978039724,57.81378998700529,9.354064312529275,4.640209724822269,11.361258981688556,2.7068504063578773,26.021873191829314,19.304843805328144
1,2026-07-25T05:06:53.000469Z,75.45048062013912,12.150797314246516,57.83440779149532,10.482135506750886,4.7339425890846405,12.047740797758705,2.7020647433656846,25.427433918522528,18.1720666032219
1,2026-07-25T05:06:54.000471Z,75.45053130031489,12.150911277633345,57.31139938905835,12.203825282344924,4.7567595439659165,12.834557109314119,2.6983135585947244,26.115397201941708,17.034468535839814
1,2026-07-25T05:06:55.000473Z,75.450593280213,12.15101762173378,57.36613296158612,11.015851588298414,4.809026410556504,13.150632354213519,2.6971365026135308,29.464821968309927,16.61838289498288
1,2026-07-25T05:06:56.000474Z,75.4506636552572,12.151118062256016,58.10643178969622,10.82956413608744,4.808540551368683,13.32147334081137,2.7067857845732135,33.956625786522224,16.453305523443504
1,2026-07-25T05:06:57.000475Z,75.4507402442285,12.151213650350527,58.71684264857322,11.094086252526942,4.802871636619788,13.31023339727888,2.7018343284115502,38.03260950144103,16.426496701715582
1,2026-07-25T05:06:58.000476Z,75.45082328117807,12.151302404351005,59.59343241993338,10.895267374812073,4.784679267100419,13.2190688145522,2.6986864968368525,41.61351797388764,16.514886263936923
1,2026-07-25T05:06:59.000477Z,75.45090685305935,12.151386824921993,60.782694607041776,11.16131358268049,4.7086398168066586,13.013452606567533,2.6970572802720962,43.30316904647101,16.754664405461124
1,2026-07-25T05:07:00.000478Z,75.45098555130154,12.151467662203622,61.86289438512176,11.24562002192997,4.6295368045064755,12.61952263954739,2.694668256417701,43.347746977344976,17.25132434252943
1,2026-07-25T05:07:01.000479Z,75.4510619838616,12.151545627322042,63.70657589379698,11.412211905901655,4.604992312091726,12.170236585921582,2.6887958214716363,43.15637094235146,17.812847817189624
1,2026-07-25T05:07:02.000481Z,75.45114363416918,12.15161265638974,65.18358021229506,12.83521771615819,4.717822121126283,11.699746149157463,2.6898911982175773,46.114174683857705,18.54736548228502
1,2026-07-25T05:07:03.000481Z,75.4512114028951,12.151691967589677,66.71724218595773,12.179217723864735,4.817661797800632,11.230790619751277,2.6801987732674153,43.31444200990151,19.200247398413815
1,2026-07-25T05:07:04.000423Z,75.4512719237293,12.15176711338057,68.4956746250391,11.204111316959711,4.843535443275403,10.615380771138971,2.6818986595900487,41.119621570603826,20.30859923768612
1,2026-07-25T05:07:05.000425Z,75.45133481786566,12.151836050718833,69.78809096291661,10.779329505754756,4.803333558988135,10.145601222604702,2.6851880063264963,41.489390930303095,21.29284822037631
1,2026-07-25T05:07:06.000427Z,75.45139988393426,12.151897717917683,71.65894749388099,10.840529384699414,4.713702104526156,9.762093043144068,2.6881314635994906,44.677829867990006,22.13598413456562
1,2026-07-25T05:07:07.000423Z,75.45146227892329,12.151959448149803,73.46812280640006,10.769129161633316,4.866802073334048,9.496387546109778,2.681249398598287,46.03383663342297,22.692244460008226
1,2026-07-25T05:07:08.000421Z,75.4515235465025,12.152013311932611,75.1359005626291,11.261268485627504,4.930222063913767,9.024578734690062,2.6740012335737022,48.54414084406275,23.7562285656173
1,2026-07-25T05:07:09.000421Z,75.45158160907454,12.152058569278811,76.17267922032624,12.139710092230183,5.029396243379258,8.531064519201395,2.6809847700691285,52.29471530648664,25.23687122745256
1,2026-07-25T05:07:10.000424Z,75.45164517540861,12.152098769488578,77.0525638954714,12.477908476112749,5.057776439903669,8.354443798686214,2.688098662040857,56.060667302203235,25.919824135503898
1,2026-07-25T05:07:11.000426Z,75.45171090067234,12.152135637714046,77.83557880390435,12.59459125070162,5.043696038807388,8.371261789377575,2.6928140769783853,58.17941307465959,25.958234458474816
1,2026-07-25T05:07:12.000429Z,75.45177928021846,12.152170094428941,78.61636904347688,13.133503697556623,5.1533950352089635,8.493836644643007,2.6952525716007045,59.849334687609925,25.63853282554891
1,2026-07-25T05:07:13.000431Z,75.45185216966593,12.152201243127763,79.0514198904857,14.256552075677089,5.6195421304327535,8.805709439789062,1.929040462491418,61.77510993905347,17.66714297443988
1,2026-07-25T05:07:14.000433Z,75.45192372328589,12.152232952298037,79.15230827499181,15.080867525883939,5.8037152919359825,9.044698373193318,1.9067027032051163,62.50287621993547,16.859804787826636
1,2026-07-25T05:07:15.000432Z,75.45200431242111,12.152286890129599,79.39894229266793,14.20030417330606,6.2594966502698,9.781712679394746,1.86628004617834,60.38993108872429,15.259819644282741
1,2026-07-25T05:07:16.000431Z,75.45208430487915,12.152337688462856,79.27484708465636,13.511689134973905,6.3459735339701435,10.189102772553197,1.84587884350909,59.07755665583034,14.409009436526643
1,2026-07-25T05:07:17.000433Z,75.45216922098298,12.152390161354408,79.30598321929574,12.958390910707964,6.366320490371934,10.625515018349251,1.8272222812991552,58.47828115294048,13.699585038400198
1,2026-07-25T05:07:18.000433Z,75.45225213769392,12.152447883287483,79.42523537669331,11.998359491295993,4.465552860107094,10.9867849551319,0.30778556369091975,57.19393156061837,7.232275430524116
1,2026-07-25T05:07:19.000437Z,75.45233716201949,12.15250607733084,79.1295908242464,11.439311718410615,4.399692877506529,11.324468082944216,0.3077032286457443,57.03752714582773,7.247773091757568
1,2026-07-25T05:07:20.000440Z,75.45242696814282,12.152566307491053,78.78964348789304,10.974281120470977,4.331921488395082,11.68431359171319,0.3077269281733105,56.30716485353506,7.254596434342527
1,2026-07-25T05:07:21.000442Z,75.45251679222751,12.152631985681115,78.88165715243667,9.882696388644089,4.333484867071026,12.008664128681346,0.30774278713880704,54.283997687906535,7.256249467296861
1,2026-07-25T05:07:22.000445Z,75.45259981114434,12.152697741099264,78.85457533691078,9.0916216299037,4.263044289993658,11.743546472705514,0.3078069813371396,51.2640575474928,7.2566272507306975
1,2026-07-25T05:07:23.000448Z,75.45267745143293,12.152767429462825,79.11388303246349,7.573296513099498,4.1957616714626225,11.478254924616149,0.3078179244097605,47.32311525400537,7.256730253742592
1,2026-07-25T05:07:24.000450Z,75.45274978201952,12.152839088616659,78.99306571204215,10.61441335178399,4.092744473697458,11.21256491263604,0.30793219676131317,43.4808122467815,7.258123851593012
1,2026-07-25T05:07:25.000453Z,75.45281360083523,12.15291227283053,78.8438794258982,11.766984279870343,4.054715761021679,10.479352179253667,0.30793831340722566,39.714399192388825,7.258640162679638
1,2026-07-25T05:07:26.000455Z,75.45286577769407,12.15297319338805,78.74950108863413,13.69743622139724,3.982040720789056,9.011632096750292,0.3076000578821226,37.68818360457373,11.070482459317988
1,2026-07-25T05:07:27.000457Z,75.45290498911713,12.15302513595564,78.21092802006751,14.754865249613673,3.9094782890189,7.04215562594371,0.3073547497167372,36.378353207101085,14.621019134110858
1,2026-07-25T05:07:28.000459Z,75.45293142120767,12.153063996580144,78.06054661888629,15.254492858126705,3.845114321942089,4.815391820822374,0.30725525254589786,35.346404227707396,19.522509985231228
1,2026-07-25T05:07:29.000461Z,75.45294600083184,12.153090504183206,77.53737449739128,15.251037771006482,3.8638997761631155,2.688770916548794,0.3073597783236466,35.44367056777518,25.400468084780005
1,2026-07-25T05:07:30.000464Z,75.45295008397899,12.153100550125457,77.12663006223738,15.089315553004342,3.8667955553374083,0.8033437723686749,0.3073865348312593,35.689509771361834,40.10589205976582
1,2026-07-25T05:07:31.000466Z,75.45295317446977,12.153102087238329,76.98941537924111,15.310578152653452,4.031904612418745,0.29283794843819483,0.3074967480661938,29.190114974975586,180.0
1,2026-07-25T05:07:32.000468Z,75.4529548150221,12.153107288228906,77.13888239767402,15.179624721758321,5.599611397706738,0.6471307278831444,0.307946651745682,40.13092134678007,51.33418757940443
1,2026-07-25T05:07:33.000470Z,75.45296656145989,12.15311988698978,77.32606105599552,15.637857277293321,5.663985892624108,1.9162247698494939,0.30789430789769734,39.74370382646344,20.345312077644774
1,2026-07-25T05:07:34.000471Z,75.45298323071425,12.153137550166157,77.49123624432832,16.300331415422235,5.6515035801916325,2.851806757331887,0.30774329338912304,39.03429567593202,16.359138146055315
1,2026-07-25T05:07:35.000474Z,75.45300089895814,12.153157912887588,77.55710642412305,16.206114444929938,5.705563081191723,3.280049282718385,0.30754303384652076,38.23416505356411,11.36053188266554
1,2026-07-25T05:07:36.000475Z,75.45302270467322,12.153182037505134,77.97134453523904,16.57737877024928,5.814503872838748,3.7234066272192563,0.307573152216058,38.489369395306774,13.349464936833535
1,2026-07-25T05:07:37.000477Z,75.45304745932538,12.153208016324754,78.28185547795147,17.099198820525693,5.758198923190382,4.336364198658574,0.3074870635749464,39.962663181349804,12.442477256066917
1,2026-07-25T05:07:38.000479Z,75.45307917162522,12.153246403430252,78.15132064837962,17.421632042103223,5.670718894960755,5.230720488676852,0.3076183315218679,42.118287231152834,11.668503870966143
1,2026-07-25T05:07:39.000481Z,75.4531209992382,12.15329199014212,78.87870642635971,18.19037687791471,5.451182664810215,6.143589912675042,0.30760843181839526,43.63482643536481,10.180559139859238
1,2026-07-25T05:07:40.000482Z,75.45316153373965,12.153335900741482,79.14312474615872,18.178454796908138,5.255422096023288,6.282051100323948,0.30769584181828363,44.46008009985274,7.256955714519902
1,2026-07-25T05:07:41.000485Z,75.45320825706966,12.15337809969093,79.13899580296129,19.144305078497705,5.005728710995886,6.787994089676397,0.3076733109889956,46.13540820042385,7.856555322549376
1,2026-07-25T05:07:42.000486Z,75.45325343744692,12.15342694859057,79.2910400154069,19.487138436629845,4.886953371371759,7.2081345123460645,0.3076044105916714,48.30051711282706,7.993893772086238
1,2026-07-25T05:07:43.000488Z,75.45330406209541,12.153476750966869,79.80273107253015,19.07530116435274,4.743629884244251,7.676984887533371,0.3075980248859386,49.493783727557286,7.949368904035476
1,2026-07-25T05:07:44.000490Z,75.45335384603167,12.153536718852031,80.18313554674387,17.186728050964405,4.688706871383359,8.153287536552147,0.3074311304253277,50.20909871553758,8.757548949464887
1,2026-07-25T05:07:45.000491Z,75.45340674074332,12.153597772260795,80.4152403967455,15.363943785182164,4.5688666850093185,8.577063402760405,0.3073173904521828,49.673094693236635,8.914029032168353
1,2026-07-25T05:07:46.000493Z,75.45345803131148,12.153662985671598,80.95024054963142,13.044436423972758,4.597796016386476,8.870159050738879,0.3070916842441929,46.725592128781315,9.329470713315347
1,2026-07-25T05:07:47.000496Z,75.4535085861166,12.153730230469176,81.30844445154071,14.507729976144747,4.56857882031508,9.062996677131661,0.3068643747499134,43.45348138896633,9.734562045464186
1,2026-07-25T05:07:48.000496Z,75.45355373741705,12.153801486266023,81.65494027826935,14.149655954558009,4.321123689300622,9.135329822190856,0.30662201573271813,39.213666886301716,9.66100347156879
1,2026-07-25T05:07:49.000498Z,75.45359744356168,12.153865966280046,82.21052518580109,14.095352726746906,4.059434931607249,8.94772296616222,0.3062150647591319,34.607950734868744,8.289551873276558
1,2026-07-25T05:07:50.000499Z,75.4536407213452,12.15392656384037,83.03990410733968,14.299047396939056,3.8242206489823807,8.718142330863227,0.3064175246147564,30.794891783187328,7.23524984477988
1,2026-07-25T05:07:51.000500Z,75.45367933227354,12.153985075169226,83.77801481168717,15.266831678885328,3.604110939816563,8.395462325008694,0.306641764831822,27.558965568385272,7.237489725708217
1,2026-07-25T05:07:52.000502Z,75.4537178786082,12.154034875937414,84.43061496131122,17.408627738146826,3.462285053189978,7.912952380137644,0.3062603204755108,26.907218493234996,7.232578303548685
1,2026-07-25T05:07:53.000503Z,75.45375529648676,12.154094316500727,85.3021600721404,19.04348120431604,3.477234080537247,7.707061496981995,0.30623239452608586,27.606105748068284,7.2372761559377805
1,2026-07-25T05:07:54.000505Z,75.45380294225797,12.154154021052348,85.79652200359851,21.76503369305655,3.5077593197991352,7.675371789833142,0.30760345253211824,29.005055550350242,7.308929086677467
1,2026-07-25T05:07:55.000506Z,75.45383907557506,12.154206860301267,86.7011266341433,23.529369948287805,3.605533571995239,7.358840266415075,0.30663861156405253,31.559809173089125,8.073530333912235
1,2026-07-25T05:07:56.000508Z,75.45388373497495,12.154255681741088,87.39792329166085,25.513653718634522,3.603808486642452,7.219884535373665,0.30599301977595367,36.76067009561332,8.317797835807347
1,2026-07-25T05:07:57.000509Z,75.45392406799785,12.15430826820308,87.85984977521002,26.859109592477353,3.5085382047429703,7.170982665605267,0.3062715066679612,40.83457566949257,8.396658168328557
1,2026-07-25T05:07:58.000511Z,75.45395600815957,12.154381658013541,87.83021999429911,26.350937585641955,3.5970783050004647,7.186125905529941,0.30689528033865887,38.942130373209984,8.150106929198254
1,2026-07-25T05:07:59.000512Z,75.45398556608669,12.154464362473108,88.07340730074793,25.038358908692338,3.651906198385664,7.458590347250607,0.3075083260498668,35.333069965386706,7.251782125315303
1,2026-07-25T05:08:00.000513Z,75.4540146170291,12.154534111885262,88.66029171459377,24.281227597351997,3.5910349503131718,7.644863301697701,0.30743954083472624,33.08527261923564,7.2502432140269555
1,2026-07-25T05:08:01.000515Z,75.45404433570421,12.154608066740066,89.18097512982786,23.159498651945267,3.62776555842013,8.039732666806083,0.3079574020877829,29.231685404573582,7.258281552051983
1,2026-07-25T05:08:02.000520Z,75.45407252833795,12.15468867054357,88.77545190788805,23.640383000450957,3.5638035548299274,8.540104292666719,0.30789183472722215,21.328947397453508,7.993728644997165
1,2026-07-25T05:08:03.000518Z,75.45408452927478,12.154776365630099,88.58730913884938,21.702280974873627,3.495671748852684,8.976983631855685,0.3079672316589229,14.0496968518924,8.435111286423608
1,2026-07-25T05:08:04.000520Z,75.45409555490333,12.154857944790946,88.86053686216474,20.425232669351395,3.509662223365808,9.336692831224354,0.3079763556150259,6.627037437260095,8.271946778074266
1,2026-07-25T05:08:05.000521Z,75.4540933524322,12.154943052244796,88.60794806480408,17.41091422916246,3.5123293936453046,9.492402806325508,0.3067370956867195,358.0921263830008,7.488961493925905
1,2026-07-25T05:08:06.000522Z,75.45407026522794,12.155039698724492,88.58181420341134,14.802891759726576,3.5474331245722097,9.935476918093144,0.30157981749423435,349.5893566638791,7.258429798330683
1,2026-07-25T05:08:07.000524Z,75.45401930503577,12.155155921778139,88.94914164859802,10.057073192084278,3.6283948433317454,10.988269428731888,0.28123059191036326,341.27141498600844,8.766728424758453
1,2026-07-25T05:08:08.000524Z,75.45395161015057,12.155264642536464,88.6129951654002,4.748651783776588,3.7005749239952412,11.889557571978786,0.28500380190633606,335.3266437476428,9.995566087742402
1,2026-07-25T05:08:09.000527Z,75.45389206190488,12.15536735316211,89.0833686394617,4.748651848363553,3.6781778181874274,12.0775046808955,0.29031280870799164,334.1607559901511,9.41186121456575
1,2026-07-25T05:08:10.000530Z,75.45383839496905,12.15547413829925,89.2902662800625,4.748651835914844,3.6186969413397363,12.243615584718352,0.28695741454724805,337.9891419472634,9.452091621092192
1,2026-07-25T05:08:11.000529Z,75.45379263521477,12.155584485702986,89.49781504366547,8.043766289750337,3.5272552444883227,11.943001680428361,0.289622988207875,342.3920186413326,8.706434157640768
1,2026-07-25T05:08:12.000531Z,75.4537622816417,12.15569795253477,89.28590182308108,11.312760699979544,3.4687416502708004,11.442519642916606,0.303065954164707,347.7015232106629,7.250342101151012
1,2026-07-25T05:08:13.000531Z,75.4537479233765,12.155810312211365,88.88200648222119,16.358140362729262,3.3976363400231926,11.21013927010793,0.3072918442561655,355.07971939590107,7.2465441019964665
1,2026-07-25T05:08:14.000533Z,75.45374896161198,12.155914259138898,88.26958975102752,22.413048835170006,3.3327419456740532,11.103304471539474,0.3075857270732601,5.092313309421173,7.251578070684079
1,2026-07-25T05:08:15.000535Z,75.45377051833427,12.156022520067873,87.57552923448384,24.82863294262565,3.295285517295363,11.540014544726647,0.30781001279179876,15.896922227897262,7.255699200082919
1,2026-07-25T05:08:16.000536Z,75.45380090859864,12.156124087948792,86.93724856339395,26.340987519026218,3.275886978657405,11.976650439790193,0.3051272305594351,24.73113834993805,7.627149114264514
1,2026-07-25T05:08:17.000537Z,75.45385031225749,12.15622656308582,86.59789150115103,26.554211223458527,3.348144873373938,12.335871625007243,0.29970697374005495,29.945535957089156,8.225045094908412
1,2026-07-25T05:08:18.000539Z,75.45390069598976,12.156325881335484,86.56459765229374,26.876902038168403,3.4224311351845578,12.248092545615366,0.3007487181594442,30.955212136165557,7.263550755983588
1,2026-07-25T05:08:19.000540Z,75.45392783148297,12.156425595116664,84.53925878088921,24.949663450398056,3.4668365779878187,12.168697526086207,0.29974303597016083,27.800021875077572,7.254059536950143
1,2026-07-25T05:08:20.000541Z,75.45395657002307,12.156521875086614,82.92875416763127,23.404971603972527,3.546438568920623,11.99407131252249,0.28771561613318314,22.81745642476154,7.251726817850216
1,2026-07-25T05:08:21.000545Z,75.45398287721478,12.156626793637539,81.27002528030425,21.14330660159614,3.5508078495539053,12.01243640192087,0.2865641553207035,17.81810104418538,7.250269936325132
1,2026-07-25T05:08:22.000544Z,75.45400669214088,12.156735677607381,79.62153115402907,19.196384430044436,3.544744553223161,12.184223722976215,0.2948817815802538,13.808593548639644,7.252413309394535
1,2026-07-25T05:08:23.000548Z,75.45404703990778,12.156859101619176,76.99213170725852,20.027283810215234,3.6374023984413424,12.61418362926002,0.2973169183818708,14.007936155671619,7.25425378295249
1,2026-07-25T05:08:24.000546Z,75.45408003589489,12.156970197727174,75.53156521636993,4.748651362095882,3.635728548432448,12.366005152358424,0.2990389931926036,16.36743032692275,7.254378148193448
1,2026-07-25T05:08:25.000548Z,75.45410937124501,12.157074674958832,73.69760145805776,4.748651366817219,3.6619375307269872,11.930908513018538,0.30112110537873576,21.541128676237335,7.25506965627405
1,2026-07-25T05:08:26.000551Z,75.45415105559537,12.157171295709118,72.20641207601875,4.748651321785454,3.6681040437252665,11.652244366037017,0.297692993875109,29.032476114538404,7.2562837367173945
1,2026-07-25T05:08:27.000552Z,75.4542099461731,12.157259857241373,70.87814410217106,4.748651273108602,3.681016608098568,11.405512401186348,0.29622560991307345,37.305699533374515,7.255257079970395
1,2026-07-25T05:08:28.000551Z,75.45427602298109,12.157338272835633,69.47822176385671,4.748651256570755,3.6596573203875247,11.314942348976883,0.3005457475207972,43.03812241798367,7.256298629077546
1,2026-07-25T05:08:29.000553Z,75.45434560359374,12.157415097102927,68.0271995253861,4.748651287757713,3.6362485425979627,11.420746152534543,0.3071891492549177,44.79873137054507,7.254319528697129
1,2026-07-25T05:08:30.000555Z,75.45441787908469,12.157505703032681,66.19025374297053,13.802910777353834,3.625948611977106,11.94028945187377,0.30671852593141363,42.74536815151319,7.251819753639068
1,2026-07-25T05:08:31.000556Z,75.45448407146914,12.157595573814824,65.19092919677496,12.577277924232817,3.634525092441116,12.28525975257172,0.30283713352727315,39.724676134995626,7.255929517498577
1,2026-07-25T05:08:32.000557Z,75.45454387045032,12.15768591214833,63.616856748238206,12.464485451012036,3.644556917761193,12.525735080946944,0.30702625969964314,35.14788265938631,7.512713374246181
1,2026-07-25T05:08:33.000559Z,75.45459575243927,12.157782943352068,62.13696083519608,11.390697467994503,3.637877957682632,12.672409792199323,0.30350523323575007,29.549496440244166,7.350891570406689
1,2026-07-25T05:08:34.000560Z,75.45463978734625,12.157881589403983,61.38253466412425,11.694942747989248,3.628987294094451,12.248666053864659,0.3079593599542007,24.303665534126164,7.258791744090555
1,2026-07-25T05:08:35.000561Z,75.45467596831094,12.157982243131247,60.52387458924204,12.313689977654626,3.7160248601526193,11.748858210800021,0.3079880975283221,20.93831899120709,7.258903150226167
1,2026-07-25T05:08:36.000563Z,75.45470181702434,12.158083715410138,59.84869658295065,12.630655277426763,3.7372398163537293,11.308576919961544,0.30801531373008834,16.56929491933683,7.755218083747363
1,2026-07-25T05:08:37.000563Z,75.45472680915762,12.158183422396577,59.6155505720526,13.596088147246544,3.705456698108948,11.141715384347943,0.30800974361754463,12.381980356459254,8.401025548334601
1,2026-07-25T05:08:38.000565Z,75.45474272538995,12.158279237801894,59.60205075331032,13.582703379847791,3.738886557136083,10.377602353336552,0.3072977695189616,9.291612966929009,10.21537781033183
1,2026-07-25T05:08:39.000566Z,75.45475599595513,12.158360367396009,59.51335941441357,12.708436690358782,3.701180281136405,9.100314269331207,0.3033152461862545,7.333411749967164,15.39005130454001
1,2026-07-25T05:08:40.000567Z,75.45476797397698,12.158437577506774,59.532294171862304,11.987474704839636,3.6416238884422865,8.461219538058266,0.3028312175608171,6.126778191035809,16.95726207066383
1,2026-07-25T05:08:41.000569Z,75.45477998167668,12.158512530999555,59.38989666104317,11.589370329238456,3.609783297754753,8.3299552704437,0.29836618436953377,6.904893305916538,16.280151385366977
1,2026-07-25T05:08:42.000570Z,75.45479512111831,12.158586350882407,59.50640940107405,11.061970613021092,3.5993373414277623,8.282989176588098,0.2999324606901371,9.512421870643154,15.339357579991567
1,2026-07-25T05:08:43.000571Z,75.45481492436697,12.158657189167391,59.28947864565998,11.329551495573956,3.5744018584035384,8.075000035781075,0.30101367891879866,12.883066172812374,15.77003768388595
1,2026-07-25T05:08:44.000573Z,75.45483902221912,12.158724138418705,59.290771688334644,12.19859453708789,3.5352992020374163,7.675892758233293,0.30790496609984425,15.189022092649289,18.786029922321575
1,2026-07-25T05:08:45.000574Z,75.45486234591192,12.158782199787924,59.14683973789215,10.091017245477401,3.4844135054113314,6.690355576790129,0.30794127581654435,15.895128794766665,24.04224664584672
1,2026-07-25T05:08:46.000576Z,75.45488067560295,12.158826268982367,58.6920893676579,9.461260197809622,3.449861948074582,5.354915072718644,0.30799129764495603,17.07731764779249,28.63012975203686
1,2026-07-25T05:08:47.000576Z,75.45489406613133,12.158856276140785,58.33425593841821,8.888685706527202,3.4140393854598314,3.5323126861968803,0.30801152201220244,16.244289944188445,34.94142966546857
1,2026-07-25T05:08:48.000579Z,75.45490279357445,12.158870611343323,58.118461712263525,8.824142650747564,3.395136769215104,1.766814163655269,0.30801555912929507,13.243686236433499,45.89918505203391
1,2026-07-25T05:08:49.000579Z,75.4549054256679,12.158870735108561,58.16471579950303,9.082553179171159,3.3763090364124313,0.32052013714848904,0.30795634520994597,31.798059463500977,77.85204468763551
1,2026-07-25T05:08:50.000580Z,75.45490527296352,12.158869925654065,58.25999731011689,9.118294356249715,3.3840775600357977,0.037694151920106264,0.30796545891042976,32.46303176879883,180.0
1,2026-07-25T05:08:51.000582Z,75.45490889255449,12.158872112656846,57.693242945708334,9.330955993914,3.6850085366112713,0.06395761923326271,0.3078800717950033,32.46303176879883,180.0
1,2026-07-25T05:08:52.000584Z,75.4549075725513,12.158873329673508,57.69171229749918,9.127800649800992,3.724944473540229,0.05144093089688592,0.3079611796163889,32.46303176879883,180.0
1,2026-07-25T05:08:53.000584Z,75.45490666383245,12.15887460074804,57.763914038427174,8.960931661283785,3.7054439789423332,0.08285972746425144,0.3078305790612506,32.46303176879883,180.0
1,2026-07-25T05:08:54.000587Z,75.45490776455733,12.158878011644841,57.59196970704943,8.854410735717803,3.7818700782809014,0.262750089389026,0.30798329627151994,32.46303176879883,94.95361485522905
1,2026-07-25T05:08:55.000587Z,75.4549089724611,12.158889148231403,57.50691979099065,8.289741813543877,3.7027410910803513,1.2733088084278643,0.30784862395051393,32.46303176879883,180.0
1,2026-07-25T05:08:56.000588Z,75.4549187196629,12.158907729004337,57.245278988964856,8.099251904361216,3.621095877486111,2.1911029500339874,0.3078623392731415,31.798059463500977,17.97106961014583
1,2026-07-25T05:08:57.000590Z,75.45492866711173,12.158924514842537,57.11618228070438,8.038067570841022,3.575859513189956,2.1346450869938276,0.3079007216826518,31.798059463500977,13.706908268204522
1,2026-07-25T05:08:58.000592Z,75.45493536743597,12.158936633155164,57.021481020376086,7.938694776423813,3.5411328010663987,1.4554174759334704,0.3079162706098229,31.798059463500977,38.15852607503507
1,2026-07-25T05:08:59.000593Z,75.45493800324348,12.158940646435228,57.20648459997028,7.938613020295617,3.512211189514088,0.5648125773534663,0.3079293043779985,32.878501892089844,63.827761825070404
1,2026-07-25T05:09:00.000594Z,75.45493794827007,12.158940087505224,56.91223246231675,7.968580260404008,3.4742483192672733,0.05299693449113702,0.30791134582191315,32.878501892089844,180.0
1,2026-07-25T05:09:01.000595Z,75.4549382241181,12.158941479602202,56.61786791868508,7.907276296840426,3.44348325020418,0.07398760707115913,0.30791272012177806,32.878501892089844,180.0
1,2026-07-25T05:09:02.000596Z,75.4549380787659,12.158941452909765,56.28539322502911,7.895009512575516,3.412051740136169,0.03805845731111061,0.30790094887822067,32.878501892089844,180.0
1,2026-07-25T05:09:03.000599Z,75.45493879333134,12.158942295653443,56.21207140479237,7.9104513398182865,3.385366956855991,0.2018203434563967,0.30788624415934823,32.878501892089844,123.60491097185405
1,2026-07-25T05:09:04.000599Z,75.45494326576511,12.15895166509006,56.085831430740654,7.748908233449816,3.2632968585219277,1.3256829533677035,0.3078789611478551,32.878501892089844,30.82851764612236
1,2026-07-25T05:09:05.000600Z,75.45495419857107,12.158969936835675,56.073470895178616,7.646069458313889,3.275908210238919,2.4309797138050584,0.3079003616552114,32.878501892089844,22.741314866133553
1,2026-07-25T05:09:06.000601Z,75.45497021722211,12.158995323933159,56.28673143312335,7.582685939341778,3.28310559058502,3.3492242079918397,0.30791886511615296,29.58588167983783,18.717333399267442
1,2026-07-25T05:09:07.000603Z,75.45498714279056,12.159020315520362,56.23402756638825,7.6313058029689635,3.2751165881858015,3.546349040413141,0.30794260971300436,30.970755316266033,10.284151519722121
1,2026-07-25T05:09:08.000604Z,75.45500568228589,12.159047710387462,56.426612405106425,7.923922461979954,3.2660825837715053,3.7531075312130606,0.3079640133330711,32.08197643291649,10.448462322587933
1,2026-07-25T05:09:09.000605Z,75.45502369866621,12.159075785500503,56.6187129849568,8.012539383809779,3.2720194512402605,3.558212383875903,0.3079731261543267,31.81912708202049,9.180129422007905
1,2026-07-25T05:09:10.000926Z,75.45503815995158,12.159096395508916,56.69445998594165,8.208679388328008,3.272588106206895,2.647714466905664,0.30738037698123033,31.03814380258295,22.057571604375617
1,2026-07-25T05:09:11.000931Z,75.45504258792816,12.159104488102832,56.75689227692783,8.162164456251597,3.275307573805031,0.8773925017464627,0.3072859893517714,30.752716064453125,51.53257063003763
1,2026-07-25T05:09:12.000932Z,75.4550421593839,12.159104228867337,56.857913851737976,8.135633589656432,3.2941051366624,0.11385842985080115,0.3078695055834894,30.93187713623047,180.0
1,2026-07-25T05:09:13.000934Z,75.4550418944882,12.159105792428308,56.69117079861462,8.016313006645591,3.2481985606221375,0.14814525347589547,0.30786377940816556,30.93187713623047,168.44285776512655
1,2026-07-25T05:09:14.000935Z,75.45504055339617,12.15910487491528,56.47852722555399,7.939630274837872,3.228369254913129,0.08656908170369144,0.307813665302227,30.93187713623047,180.0
1,2026-07-25T05:09:15.000930Z,75.45504047401087,12.159104294115613,56.36366137303412,7.966525136854293,3.2063169815165096,0.04690494915794508,0.3078299064329603,30.93187713623047,180.0
1,2026-07-25T05:09:16.000926Z,75.45504040937482,12.159103430064949,56.39421797823161,8.011778014734798,3.200185927309769,0.03679632039016497,0.3078295982412745,30.93187713623047,180.0
1,2026-07-25T05:09:17.000925Z,75.45503990269435,12.159103015519907,56.35517630074173,7.986646510646426,3.184024163152598,0.01817328110119205,0.3078514935624143,30.93187713623047,180.0
1,2026-07-25T05:09:18.000917Z,75.45504031920576,12.159102254309515,56.313671292737126,8.073138345290637,3.1595602552826776,0.009804421331091833,0.30788772092649835,30.752716064453125,180.0
1,2026-07-25T05:09:19.000911Z,75.45504037583311,12.15910210904124,56.37184549123049,8.086952946025027,3.147623714360654,0.11250609873530579,0.30790583050291326,30.93187713623047,180.0
1,2026-07-25T05:09:20.000905Z,75.45504034663563,12.159102198693644,56.296614868566394,8.078760451325172,3.1267209412805106,0.07637327861212062,0.30790694720955186,30.752716064453125,180.0
1,2026-07-25T05:09:21.000895Z,75.45504261287562,12.159107565334574,56.1732671437785,7.980881821776742,3.178913297835039,0.8043933232762954,0.30764403669546037,30.752716064453125,36.306371066400736
1,2026-07-25T05:09:22.000891Z,75.45505215406679,12.159122463741172,56.10397797264159,8.02665748364885,3.1564911634016997,1.8878585348835526,0.3072298886955809,30.93187713623047,18.76514260910664
1,2026-07-25T05:09:23.000888Z,75.45506542487824,12.159144007631294,56.07895200885832,8.041264249400044,3.14707341724717,2.644150477523154,0.3071087248709809,30.93187713623047,12.97153323086636
1,2026-07-25T05:09:24.000878Z,75.45508000209257,12.159169308944666,56.071720184758306,7.959593130275867,3.1359647417629883,3.1899151552352056,0.3044561974855155,31.253790177225273,15.059593906817495
1,2026-07-25T05:09:25.000869Z,75.45509865897523,12.159200911266899,56.117556859739125,7.901634136378749,3.126239816698584,4.0183194030168385,0.30304272809497473,31.391619027800036,14.238971653001704
1,2026-07-25T05:09:26.000861Z,75.45511937055481,12.159237221258484,56.108610758557916,7.747971970724602,3.1242232093069315,4.782554448502083,0.30286291260971643,31.004143742256236,12.097122442421107
1,2026-07-25T05:09:27.000855Z,75.45514244122144,12.15928018874879,56.23536289855838,4.748651454763152,3.126524994537892,5.538313819206334,0.3023917151018377,30.267898057251347,11.303167871438676
1,2026-07-25T05:09:28.000847Z,75.4551684650604,12.159330254197268,56.24010114185512,9.30281276126279,3.122370884041184,6.3611071881268195,0.29746398894149634,29.113988102348298,10.783932660660916
1,2026-07-25T05:09:29.000840Z,75.45519498640903,12.159390346712286,56.230673134326935,9.893247557633389,3.1239684298300285,7.277639839205417,0.29589024623802734,26.970133586507615,10.47043883661458
1,2026-07-25T05:09:30.000834Z,75.45521931153905,12.159458970497248,56.10928282607347,9.923435474688613,3.114079898745859,8.033597969410488,0.2977071056553139,22.825190190326104,9.804083228705553
1,2026-07-25T05:09:31.000829Z,75.45523812927881,12.159529301676358,56.12984787952155,10.192105348116348,3.1300765636442507,8.246147316484855,0.2977595462426255,18.13201602309449,8.87565019823072
1,2026-07-25T05:09:32.000823Z,75.45525249399199,12.159603105516206,56.514029937796295,9.613509786375442,3.140431918133585,8.482252889102767,0.2953253646346702,14.084795716328603,7.8041300068612625
1,2026-07-25T05:09:33.000819Z,75.45526382889848,12.1596782297258,57.06225574109703,9.934634247749875,3.151889791487676,8.46610505582409,0.29826762699902554,13.076448270264228,7.374842804269637
1,2026-07-25T05:09:34.000815Z,75.45527387416705,12.159754677271149,57.614598793908954,9.675224717334597,3.165582115911606,8.427845400662358,0.3049467244011871,12.97483086134245,7.480300033164909
1,2026-07-25T05:09:35.000810Z,75.45528413925882,12.159827976305042,58.32234079763293,9.445642679693478,3.1540422532127543,8.24704316084173,0.30610304439016295,12.468261966709942,7.62215983710445
1,2026-07-25T05:09:36.000807Z,75.45529474964411,12.159900987165093,58.993383230641484,9.260446549049021,3.1608591788214406,8.153097363382397,0.3070958665945818,13.016268730219592,7.817334594739508
1,2026-07-25T05:09:37.000802Z,75.45530691935211,12.159974813346299,59.44599358830601,9.283678675114222,3.17970597308491,8.176520673739235,0.30735253036167676,13.542877893677709,8.033864506607792
1,2026-07-25T05:09:38.000799Z,75.45532003064275,12.160048222749687,59.84080109372735,9.463710830166137,3.200868063005658,8.25745643710207,0.3074670977262514,15.159215066862545,8.815510778044025
1,2026-07-25T05:09:39.000796Z,75.45533768161027,12.160122024325426,60.24751002155244,8.095079851888375,3.2342501667479606,8.403580988334914,0.3075426167369923,17.488929670418344,8.662803599677831
1,2026-07-25T05:09:40.000793Z,75.45536137604536,12.160197052903419,60.51228516828269,8.114596095261476,3.2253696898257602,8.751745605584755,0.30792826551913643,20.986484496191466,8.992762262125618
1,2026-07-25T05:09:41.000790Z,75.45539148848555,12.160273440046478,60.606617401354015,7.753392576547513,3.206053222501285,9.165420668406608,0.3079371892130497,25.188644390869857,9.392643911814158
1,2026-07-25T05:09:42.000789Z,75.455430436353,12.160349538635225,60.88491563498974,7.493173033754856,3.2169948769394865,9.49775733401865,0.3079413563732441,30.131729583640404,9.217291320339369
1,2026-07-25T05:09:43.000786Z,75.45547813145154,12.160425002258062,61.49787245877087,4.748651459153685,3.2315643982919675,9.900690455426721,0.3078871888655254,36.36679888892385,9.589446936191685
1,2026-07-25T05:09:44.000783Z,75.45553567212872,12.16049375479963,62.059958796948195,8.185940044582114,3.234379256755627,9.773109474272633,0.3076899150908689,43.12240825654143,8.181144133446752
1,2026-07-25T05:09:45.000782Z,75.45559862234425,12.160560048339159,62.62304974719882,9.35311222964697,3.24664811954578,10.044273158338411,0.30578936596693423,49.002804845578595,8.59094568478314
1,2026-07-25T05:09:46.000779Z,75.45566911122455,12.160625186226346,62.50334046129137,9.05080777617216,3.2449558881766594,10.4940189996192,0.30788965352712533,51.00943719919097,8.863442842665606
1,2026-07-25T05:09:47.000779Z,75.45574406219434,12.160693636421316,61.89344896469265,8.744501368931779,3.2540853259311295,11.02019660836765,0.3076619709861768,50.41359920435739,9.271552454672396
1,2026-07-25T05:09:48.000777Z,75.45581753248098,12.160768517634512,61.5112772686407,7.7657714227937165,3.2547303162547063,11.610755213693043,0.30759148134172426,47.271492705007496,9.29052605852843
1,2026-07-25T05:09:49.000775Z,75.45589315136408,12.160851279530963,61.017878307029605,7.535331660036281,3.2377011724509366,12.398304996595494,0.30752173885758766,44.6288654626206,9.525073847738058
1,2026-07-25T05:09:50.000775Z,75.45597467525091,12.160937688270662,60.447787610813975,4.748651617680128,3.2378968370775496,13.167263627624177,0.3074906211309945,43.15877366326121,8.832414387112875
1,2026-07-25T05:09:51.000773Z,75.45605742937269,12.161034479217635,59.81366726849228,8.304549169657522,3.226680964784802,14.024774420921178,0.307598239144751,41.69339363691119,8.55467156402418
1,2026-07-25T05:09:52.000772Z,75.45613962855734,12.161135324684864,58.77830662112683,9.086377457056033,3.2118134078413774,14.372770253643246,0.30728668541964393,40.571709379766844,7.38412842134742
1,2026-07-25T05:09:53.000771Z,75.456221978619,12.161241114710238,57.96240417379886,9.567217335736727,3.2070049665382245,14.793637157841287,0.30753109774764287,39.10432295161369,7.3479963418022045
1,2026-07-25T05:09:54.000769Z,75.4563024099411,12.1613491662207,56.38439577631652,9.880938160643932,3.209146129246084,14.52844973006233,0.30708197520402575,37.68204157532178,7.251700978830774
1,2026-07-25T05:09:55.000769Z,75.45637786682732,12.161462883263725,55.3588998503983,9.412389956855298,3.209324732049207,14.870214180877372,0.30739012119473424,35.26303636323005,7.254696128286795
1,2026-07-25T05:09:56.000769Z,75.45644945399435,12.161572414091578,54.5306242313236,9.632844739071711,3.1947077614722836,14.514087682196683,0.30755336627996727,33.390499388044624,7.254736088025347
1,2026-07-25T05:09:57.000768Z,75.45652090751696,12.161692725747898,53.738803930580616,9.501631289654561,3.2344847832768937,14.695990631072448,0.3077329159134024,31.63279258982383,7.2562256657713995
1,2026-07-25T05:09:58.000768Z,75.45658068980241,12.161807645919458,52.9656817605719,8.65031210501318,3.243127865717492,14.685032089557563,0.30791089326714627,29.024455019393503,7.257937009676697
1,2026-07-25T05:09:59.000770Z,75.4566364487461,12.161920747374012,52.50802768301219,9.061112566308008,3.2378881777823754,14.278206708523703,0.3079797148542685,26.577756787703084,7.258609099753484
1,2026-07-25T05:10:00.000766Z,75.45669062550948,12.162034986009363,52.6858981885016,9.606932693559427,3.2497788266527414,14.052964276109806,0.30801347967526604,25.67212132402629,7.258953293036504
1,2026-07-25T05:10:01.000767Z,75.45674272439571,12.162150109297611,52.74142651446164,9.669122121656947,3.196769436825646,13.950959693722544,0.3071315102619318,26.056788327980065,7.258931495459579
1,2026-07-25T05:10:02.000766Z,75.4567983161431,12.162264493004773,52.81776783335954,10.029272973756324,3.202812287160573,13.728410886223077,0.3076584523237317,27.02455131206333,7.258962958628344
1,2026-07-25T05:10:03.000766Z,75.45685292954172,12.162380101978378,52.480597774498165,10.22116580018618,3.215173911038244,13.798080233126166,0.3080150119655109,26.69168655704553,7.25896885407809
1,2026-07-25T05:10:04.000765Z,75.4569083865538,12.162494124862377,52.210592781193554,10.573118419098906,3.177402850819385,13.699735606232329,0.30801228085799554,25.886599560047124,7.258948393233703
1,2026-07-25T05:10:05.000765Z,75.45695915725209,12.162605339891115,51.833048176951706,10.585329946422975,3.1406119447713743,13.425889624435577,0.30799426421701287,23.057392720545234,7.258875727653914
1,2026-07-25T05:10:06.000765Z,75.4570002380187,12.16272208136802,51.713343881070614,9.35283363436891,3.087003386485132,13.362183251936221,0.30794455049307434,19.119428783858265,7.258615011009839
1,2026-07-25T05:10:07.000765Z,75.45703335075984,12.162842349302695,51.27288613375276,4.748651474408433,3.0276045461447367,13.545535793146108,0.3079311077602534,13.797219732070591,7.258500568553019
1,2026-07-25T05:10:08.000765Z,75.45705037625173,12.162965220805095,50.72655969019979,4.748651527814021,3.008885993825461,13.739574923066163,0.3077191997515043,7.5562191568195916,7.257285675976
1,2026-07-25T05:10:09.000765Z,75.45706167086799,12.163087022107046,49.91252795048058,4.74865161056618,3.0001400174832624,13.400944511399775,0.3069502750904856,5.643328311989756,7.252856549134628
1,2026-07-25T05:10:10.000765Z,75.45707394736736,12.163214435399205,48.77876101620495,4.748651612170636,3.0,13.797166778495317,0.3070055173753468,5.550101389394579,7.255388206621716
1,2026-07-25T05:10:11.000765Z,75.45709099444112,12.16334522675334,47.67322826851159,4.748651604650749,3.0,14.523159341804083,0.3069271486269082,7.456093484511046,7.255989533902708
1,2026-07-25T05:10:12.000767Z,75.45711286747601,12.163469518310336,46.63531910162419,4.748651574785702,3.0,14.100360355026394,0.30724174109399033,11.10529313934226,7.256463023660802
1,2026-07-25T05:10:13.000766Z,75.45714480154382,12.163591189666747,46.2293097442016,4.7486515463302315,3.0,13.756166127897558,0.3075204071303157,16.191544950988277,7.256938705867289
1,2026-07-25T05:10:14.000767Z,75.45718729789415,12.163711839065991,45.58606969285756,4.748651491209287,3.0,14.144934912865201,0.3078836021201661,20.294016186392223,7.25848074330955
1,2026-07-25T05:10:15.000766Z,75.4572297535093,12.163828481492757,45.4678415292874,4.748651527123668,3.0,13.650901231097441,0.30770637691839653,21.260144525567714,7.257691646839967
1,2026-07-25T05:10:16.000767Z,75.4572721388907,12.163941049332545,45.00874186307192,4.748651521193209,3.0,13.202876839122517,0.30772301956710046,20.538290591957402,7.258036665893455
1,2026-07-25T05:10:17.000767Z,75.45730854299386,12.164047611414595,44.612324461340904,4.748651504215057,3.0,12.300578104110315,0.30780004525518956,17.475468736331848,7.977331270469267
1,2026-07-25T05:10:18.000767Z,75.45734134823952,12.164141471321052,44.241291573271155,4.748651494683473,3.0,11.436945731006826,0.30771053036307444,13.897817522926372,11.368971250752542
1,2026-07-25T05:10:19.000767Z,75.45736744984806,12.164235839745851,43.557910066097975,4.748651554922162,3.0,10.815971675228418,0.30710753484338127,12.110376076274969,11.820042077512213
1,2026-07-25T05:10:20.000768Z,75.4573938635444,12.16433115182339,42.757774035446346,4.748651565745916,3.002824555837772,11.027163694312582,0.30716517911006797,11.577353947526783,11.154684882028096
1,2026-07-25T05:10:21.000768Z,75.45741861702867,12.16442794003814,41.80919771082699,4.748651581966642,3.0,11.237348143295433,0.3072073475120267,10.255925825342624,9.195432268706243
1,2026-07-25T05:10:22.000768Z,75.45744031056702,12.164521556585298,41.23747949395329,4.748651581327548,3.0,10.638914805627683,0.3070090632065083,9.187550216616128,10.045257953754373
1,2026-07-25T05:10:23.000769Z,75.45746377179942,12.164617448952965,40.474989645183086,4.748651546365511,3.0,10.816611910842704,0.307455313114865,10.876929042442821,9.50330633540904
1,2026-07-25T05:10:24.000769Z,75.45749081340563,12.164701913057758,40.03763285279274,4.748651538337772,3.0058348291350185,10.556691516816397,0.30748559764578937,14.476124977880264,10.028432918578586
1,2026-07-25T05:10:25.000769Z,75.45752336730517,12.164785025025688,39.62663581594825,4.748651513891192,3.0537132632642527,9.535830755512917,0.3078335011692379,19.830492026120734,11.837830940257478
1,2026-07-25T05:10:26.000770Z,75.45756647529716,12.164862086094002,39.14662458281964,4.748651503706661,3.083242691711395,9.527192088261584,0.30794596197720375,25.974870556619024,11.944632753978007
1,2026-07-25T05:10:27.000770Z,75.4576206159592,12.164941969562665,38.6477985503152,4.748651470745831,3.113755828188525,10.501740343132097,0.30797092433339884,29.521913939846964,8.751763140771121
1,2026-07-25T05:10:28.000770Z,75.45767878142772,12.16501269436905,38.17821304220706,4.748651464666981,3.1981580872393116,10.070241398770548,0.30786559504409833,33.3756058300297,8.366488725183245
1,2026-07-25T05:10:29.000772Z,75.45774329517465,12.165083953422705,37.493041053414345,4.748651500882068,3.2383343255526373,10.577943915584624,0.307421309029797,40.1616629656361,7.592060815564269
1,2026-07-25T05:10:30.000772Z,75.45781654909678,12.165149247158805,37.041390566155314,4.748651500919479,3.253104869227371,10.969344944805073,0.30742687712448524,47.28852331065855,7.255629264748309
1,2026-07-25T05:10:31.000772Z,75.45790288367724,12.165210355119404,36.85970280971378,4.748651492744915,3.280670795647184,11.501453108537516,0.3076117979446649,54.0985194877053,7.2570765854299
1,2026-07-25T05:10:32.000772Z,75.45799265498049,12.16526427015055,36.37860652431846,4.74865152665419,3.2428067323182557,11.636688326284437,0.3075837168755532,56.97833484762353,7.256558671735377
1,2026-07-25T05:10:33.000773Z,75.45808374427412,12.165314511669749,36.60076804738492,4.748651535078457,3.2597662710362463,11.581749710656334,0.3077021360192584,58.09100600445201,7.257038607012784
1,2026-07-25T05:10:34.000772Z,75.45817213896154,12.165369676319608,36.06254983600229,4.748651560100957,3.2986878030647353,11.778772738757706,0.30767329519390846,54.610059301694456,7.256605095904423
1,2026-07-25T05:10:35.000774Z,75.45826139479796,12.165434400428278,35.37846011482179,4.74865153881262,3.413914049083911,12.037414831680655,0.30753722059853383,50.593820590914774,7.255201585111524
1,2026-07-25T05:10:36.000775Z,75.45834235322599,12.16549199720162,34.74341999553144,4.748651537616101,3.4717062998306933,10.741312331751052,0.3073050592024048,51.21418136040786,7.421851556161279
1,2026-07-25T05:10:37.000775Z,75.4584225961674,12.165551247426736,34.40100319124758,4.748651538468518,3.4907941618361087,10.975707129111516,0.3074990438884629,53.33565246491906,7.787874456016099
1,2026-07-25T05:10:38.000775Z,75.45849983198593,12.165603140729868,34.42846189811826,4.748651492678709,3.510172400703557,10.667608113555199,0.30799033446533497,58.18518621213151,7.2588173943475525
1,2026-07-25T05:10:39.000776Z,75.45858080216126,12.165639569543368,34.528661417774856,4.748651450485226,3.5382342857178775,9.971404325583856,0.3079693844510411,63.915892059548796,7.2587067160065395
1,2026-07-25T05:10:40.000776Z,75.45866764720859,12.165671681831657,33.949898762628436,4.74865146127116,3.578420335079393,9.901269660052767,0.3079160433150249,68.66059454351686,7.258403978853599
1,2026-07-25T05:10:41.000776Z,75.45875765659083,12.165694834808,34.022155300714076,4.74865149662325,3.600083289543235,10.155872649559875,0.30710680676587765,76.53226950430096,7.258893089456125
1,2026-07-25T05:10:42.000776Z,75.45885090583157,12.165699131402851,34.16609205584973,4.748651550868958,3.636114610761716,10.150797432884694,0.30759731665468054,86.84320058048279,7.258886490775893
1,2026-07-25T05:10:43.000777Z,75.45894642582216,12.165690415214298,34.297803337685764,4.748651580038238,3.6528276125222017,10.39816747720889,0.30660051489043477,96.6988551609876,7.258614915773946
1,2026-07-25T05:10:44.000778Z,75.45904125174425,12.165665682748108,34.155887853354216,4.748651546588161,3.6633575317551026,10.580490222435223,0.30789723698918087,103.57551439877511,7.258272191008678
1,2026-07-25T05:10:45.000778Z,75.45912895065123,12.165636519603321,34.48246543761343,4.74865153014109,3.640785441533359,10.242222170905157,0.30764398678107757,106.78975817207474,7.258211012601295
1,2026-07-25T05:10:46.000779Z,75.45921809515107,12.16560234119439,35.05696898512542,4.748651516630664,3.6204365616853016,10.429216509954072,0.307736690868357,109.29113103440991,7.257482510633563
1,2026-07-25T05:10:47.000779Z,75.45930297710869,12.165567486769618,35.68735449947417,4.748651489532409,3.609079623600838,9.946089567114264,0.3070310320197902,109.84431048076713,7.2546413331018815
1,2026-07-25T05:10:48.000783Z,75.459386944397,12.165537692439452,36.63437052909285,4.748651528683116,3.5862741646946485,9.589598530443773,0.3067948764758352,107.95832170042479,7.932964403909669
1,2026-07-25T05:10:49.000781Z,75.45946869778187,12.165512400259372,37.46303187683225,4.748651520760558,3.5477896325302702,9.102473625079401,0.2987706617501573,105.74928812093904,9.21759298865221
1,2026-07-25T05:10:50.000781Z,75.45954759034932,12.165489047129782,38.18383402004838,4.748651540430444,3.5694698207448643,8.635676210936111,0.27787367325560086,104.71249229661993,9.956266945853468
1,2026-07-25T05:10:51.000781Z,75.45962597000049,12.165467365416857,38.619062285870314,4.748651560385736,3.5876526390499746,8.840259129998504,0.2887442784593563,103.41220320043281,9.141901407570455
1,2026-07-25T05:10:52.000782Z,75.45969910233914,12.16544929739062,39.077219776809216,4.748651554423122,3.5908724718757075,8.22792777040932,0.2747915190377644,100.9293660214096,10.395975467930212
1,2026-07-25T05:10:53.000783Z,75.45977854254114,12.16543474266126,39.17204379476607,4.748651573258588,3.571331809728914,8.38440637488326,0.2960594785144516,96.9256593178529,9.954024977019126
1,2026-07-25T05:10:54.000783Z,75.45985844744806,12.165426567833373,39.0012103356421,4.7486515810280725,3.5639083457138914,8.715566601166982,0.3060185099414624,92.02299509433885,9.425665216077972
1,2026-07-25T05:10:55.000784Z,75.45993735099313,12.165423389641795,39.20199922565371,4.748651576805581,3.5399293309181226,8.778778251050769,0.3053012663286827,87.5788169585154,8.143671928044217
1,2026-07-25T05:10:56.000784Z,75.46001784463839,12.16542748839788,39.414287460036576,4.7486515681752905,3.5157650003889565,8.72385020641693,0.3057498773248529,83.33810353696299,7.388552062195282
1,2026-07-25T05:10:57.000785Z,75.46008874243094,12.16543951364145,39.93815166223794,4.748651576579186,3.502165752262949,8.076421895345975,0.30762941231833746,78.46306380726811,11.049493108173627
1,2026-07-25T05:10:58.000785Z,75.46016640397359,12.16545758283221,39.91104360856116,4.74865158640216,3.488920436330952,8.323023513240736,0.30801503105488964,73.49847759569309,9.091969746789388
1,2026-07-25T05:10:59.000786Z,75.46023322745339,12.165478856990582,39.83004167024046,4.748651598324498,3.491327220528284,7.8186501645476225,0.30800192012037786,67.96367818951047,10.034845391473642
1,2026-07-25T05:11:00.000787Z,75.46029333540427,12.16550784988021,40.01966624893248,4.748651586194253,3.4718913118449395,7.417221781390598,0.307488237144395,62.09971208399187,8.75203209788164
1,2026-07-25T05:11:01.000787Z,75.46034929207231,12.1655406925621,40.067247461527586,4.748651608421022,3.4689592905451248,7.3169964594529535,0.30775236906148923,55.86076867799291,7.921780938948821
1,2026-07-25T05:11:02.000788Z,75.46040487517662,12.165578130692985,39.96880906447768,4.748651613731711,3.4671999675427734,7.701848729283435,0.3080108190033584,50.145238421885416,9.566652468375755
1,2026-07-25T05:11:03.000788Z,75.46045512483435,12.16561804393215,39.89016571920365,4.74865160496345,3.4489187960153553,7.5363794382055715,0.3079815827790284,44.880969646466355,7.377835867611954
1,2026-07-25T05:11:04.000789Z,75.46050013830778,12.16566286056161,39.89133983571082,4.748651590485436,3.4340635576170553,6.829824905135031,0.3080026657726995,39.452975061523595,8.588704810148311
1,2026-07-25T05:11:05.000789Z,75.46054428897227,12.165718236368583,39.708426860161126,4.748651585446946,3.4250344128075203,7.5464400434293015,0.3079881959853697,35.44466056425975,7.263889311029311
1,2026-07-25T05:11:06.000790Z,75.46058491196446,12.165772912397994,39.4536460749805,4.748651575205298,3.4057716868401076,7.511480884187199,0.30789597760839,33.860235398298414,7.257118346841495
1,2026-07-25T05:11:07.000790Z,75.4606257103229,12.165829973104186,39.13682765420526,4.748651565428581,3.378854785917739,7.8130384626395255,0.3078969186977886,34.29482945838596,7.257210701856457
1,2026-07-25T05:11:08.000791Z,75.46066813239209,12.16588872496642,38.646493763662875,4.748651573903494,3.3933214092886157,7.874359579068373,0.3079264898383372,36.555852229410604,7.2577908275257865
1,2026-07-25T05:11:09.000791Z,75.46071209252747,12.16595081366524,38.27812629844993,4.748651580439458,3.4001748501200812,8.230381749143234,0.3078403930557358,37.46334566463413,7.2566618877787965
1,2026-07-25T05:11:10.000792Z,75.4607569529099,12.166015529299177,38.04140071384609,4.748651597261488,3.3779077220185343,8.67471206592242,0.30761627658996515,38.5489988322336,8.734013082506547
1,2026-07-25T05:11:11.000792Z,75.46081208774108,12.166080082019311,37.34842166211456,4.748651596226499,3.3689173817520297,9.392288124102123,0.3077346993424768,40.64676045167453,8.833905391098316
1,2026-07-25T05:11:12.000793Z,75.46086978794935,12.166145263338851,36.88434794545174,4.748651584663339,3.3670865227791533,9.60552085925904,0.30784289621912925,41.55243803380157,8.562888097440306
1,2026-07-25T05:11:13.000793Z,75.4609292799653,12.166208766181239,36.24887523800135,4.748651576041937,3.360280444982673,9.385501523127333,0.30771878020077814,42.45032333229692,7.25579970707059
1,2026-07-25T05:11:14.000794Z,75.46098093276528,12.16626698090383,35.809702299535275,4.7486515450889355,3.359311679356884,8.530078271494924,0.30782205508895577,42.307295454686724,7.272960156829599
1,2026-07-25T05:11:15.000794Z,75.46102733292963,12.166326087307763,35.56290299631655,4.7486515260912965,3.3501569800652837,8.24512966118056,0.3079122946438564,42.40305442271317,7.46570072417375
1,2026-07-25T05:11:16.001367Z,75.46107798465655,12.166378074407469,34.92133506014943,4.74865151024315,3.3857363425845244,8.282274834137983,0.3079689456590723,42.36931600950678,7.258482042938012
1,2026-07-25T05:11:17.001374Z,75.46113117262091,12.166434906790826,34.83220965974033,4.748651483578212,3.6317320450678343,8.67204192661651,0.3080111963390337,43.1223125867403,7.258940448076118
1,2026-07-25T05:11:18.001374Z,75.4611858500109,12.166489430509815,34.62765248864889,4.7486514981470425,3.7635611413288137,8.636718005535013,0.30801283854038186,44.14968594635366,7.258948811849827
1,2026-07-25T05:11:19.001368Z,75.46123947589287,12.16654401632933,34.43493258859962,4.748651483882983,3.837886286648467,8.531716643194153,0.30755012297947554,43.831384844532664,7.258937637946829
1,2026-07-25T05:11:20.001362Z,75.4612880538156,12.16659488094269,34.02705627307296,4.748651504602804,3.868680501030354,7.593327547089543,0.30801418053161406,43.37978864086747,8.586987979543393
1,2026-07-25T05:11:21.001350Z,75.46132766400261,12.166635411875397,33.93250826653093,4.748651503859405,3.8313384073389525,6.272548627157552,0.3046738750968473,42.74041305684255,13.271330347055548
1,2026-07-25T05:11:22.001341Z,75.46135704989281,12.166664427324942,34.046458509750664,4.748651510119291,3.7902145456796905,4.6859516392185565,0.3022530348364665,42.91267110978448,17.116646114403032
1,2026-07-25T05:11:23.001334Z,75.46137812679446,12.166683301933762,33.93040859699249,4.74865151456916,3.7168864714508523,3.1247469966063908,0.30410375502113834,42.975283287685244,23.144025189760637
1,2026-07-25T05:11:24.001316Z,75.46138870608246,12.166695417973273,34.03193078376353,4.748651523824543,3.680085990588146,1.5861652700327444,0.3066260162167565,44.19160213008534,30.259327821998834
1,2026-07-25T05:11:25.001303Z,75.4613907237655,12.166696849427522,34.0220570191741,4.748651529022198,3.6557509261955086,0.2971997304806303,0.3078253447698292,42.580989837646484,83.96946305810704
1,2026-07-25T05:11:26.001290Z,75.46139147039246,12.16669676941652,33.34980387892574,4.748651527716546,3.8271721974889363,0.12194124079817352,0.30801487258603205,42.580989837646484,180.0
1,2026-07-25T05:11:27.001271Z,75.46139280360391,12.166694159780976,32.181563671678305,4.748651529183525,4.69355410036136,0.18673121324404787,0.3009292857297181,42.580989837646484,176.55724131309358
1,2026-07-25T05:11:28.001255Z,75.46138993688106,12.166692964389021,32.188140423968434,4.748651530929422,5.565635050033172,0.052832755826062665,0.3079154033159761,42.580989837646484,180.0
1,2026-07-25T05:11:29.001238Z,75.46138884530907,12.16669280544363,31.662747763097286,4.7486515341923,6.271510709554693,0.14491073147469816,0.3058207125807249,42.580989837646484,180.0
1,2026-07-25T05:11:30.001218Z,75.4613896020874,12.166693309188705,31.637743695639074,4.748651530626405,6.081350032218647,0.021973670302040997,0.3062140728520202,42.580989837646484,180.0
1,2026-07-25T05:11:31.001197Z,75.4613900088795,12.16669331297791,31.420042471028864,4.7486515309140716,6.123151846743123,0.031611210317490014,0.307845577411019,42.580989837646484,180.0
1,2026-07-25T05:11:32.001177Z,75.46139039588432,12.166693706380741,31.366561674512923,4.748651531972948,5.777260564105929,0.06185407183655854,0.3050510752300614,42.580989837646484,180.0
1,2026-07-25T05:11:33.001157Z,75.46139024228214,12.166692427287831,31.264563671313226,4.748651531307366,5.347401670021436,0.05180423486951202,0.30508504637359485,42.580989837646484,180.0
1,2026-07-25T05:11:34.001139Z,75.46139051129308,12.16669192623797,31.119905562140048,4.748651531217018,5.0869473610210525,0.059607429147755533,0.3050686276052291,42.580989837646484,180.0
1,2026-07-25T05:11:35.001122Z,75.46139324163802,12.166694440352204,30.991137600503862,4.748651535036553,4.937088377859198,0.39209089036529204,0.3052237356229027,42.580989837646484,62.95465812589622
1,2026-07-25T05:11:36.001106Z,75.46140245816304,12.166704105087225,31.045319627039135,4.748651545723925,4.76511487704091,1.4178017018714382,0.30536913172814895,42.580989837646484,17.411454779560557
1,2026-07-25T05:11:37.001091Z,75.46141870213657,12.166720036217585,31.15589106362313,4.748651554236144,4.614790001883872,2.4114615878652215,0.3060405157148538,42.580989837646484,12.094654515748875
1,2026-07-25T05:11:38.001077Z,75.46144004518654,12.166739729776983,31.19760166760534,4.748651561994562,4.468660380326864,2.9851115604030447,0.30634970095737823,42.580989837646484,10.069617158681138
1,2026-07-25T05:11:39.001063Z,75.46146183530438,12.166759714650894,31.28919535316527,4.748651573929354,4.367027214805399,3.252702949214609,0.3066208992588174,41.743462046776315,10.353173189810713
1,2026-07-25T05:11:40.001051Z,75.46148739053757,12.166784964772239,31.618746004998684,4.748651611724501,4.281763882608964,3.986233582612585,0.30719662408250364,41.81089087385872,9.93812084364544
1,2026-07-25T05:11:41.001038Z,75.4615163978385,12.16681174667213,31.989345991052687,4.748651633410898,4.179628783066334,4.568618716608898,0.3074331917504635,42.75560784307711,8.791039690657936
1,2026-07-25T05:11:42.001028Z,75.46154864055842,12.166843757032446,32.13364378083497,4.748651645761236,4.089726506351338,4.919824015109184,0.3079112130901514,43.92956294680775,7.60903475950292
1,2026-07-25T05:11:43.001017Z,75.46158478451616,12.166878888738422,32.66678520385176,4.748651653414371,4.008565154678778,5.597416249099451,0.30575260185680436,43.281980625373336,8.391402918040868
1,2026-07-25T05:11:44.001007Z,75.4616212531594,12.166915320772533,33.411984666250646,4.748651644369232,3.9167600800219566,5.850477116814177,0.3071870993362911,41.6043511089696,7.257227637055197
1,2026-07-25T05:11:45.000998Z,75.46165491778451,12.166950314029048,33.83370368741453,4.7486516115809705,3.8311075352860096,5.425755552224856,0.307505411142372,40.46965950945967,7.25771390882264
1,2026-07-25T05:11:46.000988Z,75.4616914351162,12.166989412760397,34.153067897073925,4.748651607955099,3.76547412924858,5.716675403688985,0.306492686760658,41.78171062857894,7.256831499493247
1,2026-07-25T05:11:47.000981Z,75.46173035759405,12.167028287971824,34.37139352131635,4.748651602170793,3.6996573205572165,6.017709327479216,0.3058007124214972,44.61197637729683,7.2575063454809685
1,2026-07-25T05:11:48.000973Z,75.46177071869059,12.167069879258753,34.706871278584,4.748651602204717,3.6611646839721614,6.332287532036328,0.303007768801548,45.72074828764469,7.257808480361491
1,2026-07-25T05:11:49.000965Z,75.46181352820076,12.167114146774047,34.82915740273893,4.748651613774702,3.6743778135561374,6.7507181908040605,0.29589714410118667,44.192027853920266,7.257186043269906
1,2026-07-25T05:11:50.000958Z,75.46185518797199,12.167160335350347,34.71095839701593,4.748651618336492,3.6458571239124296,6.871130487575824,0.29223672947603624,41.747218122748684,7.25394449015468
1,2026-07-25T05:11:51.000951Z,75.46189605639289,12.167210181317222,34.655114435590804,4.7486516128022505,3.6375762946653007,7.1068548223415435,0.29069610085556175,40.8578619289982,7.252741349185881
1,2026-07-25T05:11:52.000945Z,75.46193901166805,12.167258595183457,34.65024596173316,4.748651613579251,3.6204227361106893,7.100560559983959,0.29961223365681977,42.814780515002234,7.253487532479131
1,2026-07-25T05:11:53.000939Z,75.46198494902494,12.167303494188683,34.632905271835625,4.7486516164369075,3.594510160256947,7.089680170646657,0.30188526900580454,46.10735234917768,7.255548877966698
1,2026-07-25T05:11:54.000933Z,75.4620321686511,12.167346751891536,34.47535283584148,4.748651613017534,3.579592246617454,7.040053916283659,0.3015715455321613,49.33649482445972,7.25519087357812
1,2026-07-25T05:11:55.000927Z,75.46207802887146,12.167384519341901,34.42258364148438,4.7486516032018375,3.5797076481044017,6.4345825986267595,0.2972515673842302,52.70625070162086,7.25320797529142
1,2026-07-25T05:11:56.000923Z,75.46212003388834,12.167416177966876,34.480550372973084,4.748651589453159,3.576122320509706,5.696767078769079,0.2918629044270803,53.309112116948306,8.649361185580457
1,2026-07-25T05:11:57.000918Z,75.46215853153649,12.16744165950593,34.39234022051096,4.748651584496754,3.569529360636662,5.117716128519819,0.28992533685584426,54.725359067143124,8.650082657672572
1,2026-07-25T05:11:58.000913Z,75.4621917895696,12.16746481620277,34.20105638820678,4.748651579274166,3.566272706648933,4.320977342509153,0.28313717268856775,54.968053267756524,10.489668737658928
1,2026-07-25T05:11:59.000909Z,75.46221585729339,12.167479292022147,34.091478656977415,4.748651558981539,3.5632486155250165,2.8879859206680383,0.27256009069597303,55.210391500047535,16.29353415765637
1,2026-07-25T05:12:00.000905Z,75.46223079414092,12.167486843239953,33.97343910206109,4.748651546125161,3.5612732370321734,1.693345137810201,0.29186116850328514,55.379462497864466,19.72452618957907
1,2026-07-25T05:12:01.000901Z,75.462243827906,12.16749377108219,33.93460214603692,4.748651547455758,3.5563775378030464,1.6919706465894788,0.3043882059773184,55.01037127005239,14.733165055336896
1,2026-07-25T05:12:02.000898Z,75.462266805507,12.167505198765937,33.718136134557426,4.748651565502894,3.5541379881525264,2.816736577345123,0.3006583932512049,56.46367439931147,9.602033103874115
1,2026-07-25T05:12:03.000894Z,75.4622957423643,12.167519437135825,33.37864558864385,4.748651576915668,3.5523874569389333,3.690645632350039,0.29748361180203164,58.276949132379045,8.860372061342183
1,2026-07-25T05:12:04.000890Z,75.46232844864812,12.167538436166376,33.28869080916047,4.748651593652681,3.5774992111494326,4.35471477295851,0.29961024477868614,58.17174603612658,7.723169123528094
1,2026-07-25T05:12:05.000887Z,75.4623656371718,12.167559057302574,33.244627374224365,4.748651600178511,3.6071883782355396,4.521539923565023,0.298468975473072,59.25587059516106,7.2580755077586
1,2026-07-25T05:12:06.000883Z,75.46240504110497,12.16757585983041,33.32742409501225,4.748651583957544,3.6365212662920774,4.452779529168259,0.30098999384317304,59.736737405788,7.258138926313273
1,2026-07-25T05:12:07.000880Z,75.46244347759283,12.167589765235387,33.52788046654314,8.865047963124823,3.6666709203716326,4.2420522740220115,0.30145734677089847,59.682298594227895,7.258537954427619
1,2026-07-25T05:12:08.000877Z,75.46247612937516,12.167602208159899,33.511427549645305,9.631664926628943,3.7031920361263393,3.745940704700149,0.29909051284501076,59.609260357512085,8.122104076644456
1,2026-07-25T05:12:09.000875Z,75.46250679935709,12.16761700202911,33.37172587122768,10.046497581586811,3.6822454150371824,3.9634797076596837,0.3051926564639653,59.446790846353025,7.2588271473580965
1,2026-07-25T05:12:10.000873Z,75.46253933394892,12.167631380849413,33.52617417369038,10.975297549633215,3.6939987174072293,4.061773485378166,0.3053120094630833,59.79866636396418,7.2588405045668125
1,2026-07-25T05:12:11.000870Z,75.46257411952705,12.167648756816616,33.57825026102364,11.628589915829503,3.6689246271691967,4.290695230467869,0.30591646500674946,60.53000708645716,7.258897274544402
1,2026-07-25T05:12:12.000868Z,75.4626085990057,12.167667487785481,33.760035790503025,12.171281812461599,3.666911514634831,4.291390341935562,0.30569326684987613,59.51675783084798,7.258885933562009
1,2026-07-25T05:12:13.000865Z,75.46264339901134,12.16769169022092,33.924237286671996,12.218408670213488,3.7027833610301997,4.494517407623716,0.30517526071436935,56.73488072431042,7.2588564371450675
1,2026-07-25T05:12:14.000863Z,75.46267921926865,12.16771659419294,33.868057201616466,12.267673850591988,3.7243774717300964,4.729121065684475,0.2938171003780597,53.855473853665536,7.258128373386124
1,2026-07-25T05:12:15.000861Z,75.46271372243855,12.167748767321566,33.98251900076866,11.54412559065615,3.746871468230141,5.1576859086208255,0.30770305488215405,47.97927430076855,7.258974223251149
1,2026-07-25T05:12:16.000858Z,75.46274727216824,12.167780868401994,34.203390083275735,11.693775541436532,3.7355838291036725,4.936529495763938,0.30801328436324754,43.32862227016613,7.258963647754517
1,2026-07-25T05:12:17.000857Z,75.46277541148928,12.167808831341647,34.16081922594458,11.420059588277905,3.7213675383732623,4.1745508190293625,0.308004679135686,38.99940383888509,9.117133625076336
1,2026-07-25T05:12:18.000854Z,75.46279142796564,12.167833555477634,34.185678692534566,9.516955899604977,3.7281613003461995,3.0088160024083352,0.30395293606585655,36.136900061501585,11.684815581658476
1,2026-07-25T05:12:19.000853Z,75.46280479877493,12.167849107767253,34.3279508119449,9.609451002374152,3.7243960421416342,2.166562637417117,0.3080148870029254,34.3833976529745,11.951503091665435
1,2026-07-25T05:12:20.000851Z,75.46281165185148,12.167857399272908,34.52802813332528,9.63395822291261,3.730179441844821,0.9219131855106539,0.3080087852685998,37.98511505126953,27.072008442337786
1,2026-07-25T05:12:21.000849Z,75.46281520912561,12.167868127541649,34.51457225997001,9.187414748700066,3.832087455502964,0.357504623839967,0.30793416837468063,37.98511505126953,69.8115475653152
1,2026-07-25T05:12:22.000847Z,75.46281886500802,12.167872712022724,34.90345382317901,9.188964183295953,4.038124980057506,0.32364646995180935,0.30752553926292875,37.98511505126953,90.61333924593147
1,2026-07-25T05:12:23.000846Z,75.46282069970871,12.167869086052642,35.88703652471304,9.613426551993866,5.022471707784213,0.1732778435670871,0.30761658955937515,37.98511505126953,144.01144289077288
1,2026-07-25T05:12:24.000844Z,75.46282128357409,12.167870383852701,36.01954376976937,9.573236991151347,4.918110909315338,0.12209840770951148,0.3078273462093853,37.98511505126953,180.0
1,2026-07-25T05:12:25.000842Z,75.46282108567512,12.167870358845,36.268723245710135,9.557200754879474,4.802803921160856,0.11254274187332018,0.3078728628397577,37.98511505126953,180.0
1,2026-07-25T05:12:26.000841Z,75.4628198732258,12.167870144407887,36.38340519461781,9.463325767921937,4.733315619013381,0.09806644366913343,0.30786674894731275,37.98511505126953,180.0
1,2026-07-25T05:12:27.000839Z,75.46282038069384,12.167870693859127,36.877922816202044,9.469753142051657,4.637843942395243,0.09426894120002706,0.3080005318574755,37.98511505126953,180.0
1,2026-07-25T05:12:28.000838Z,75.46282054037454,12.167870712271393,37.222192550078034,9.482818930567719,4.521786211299883,0.09727337158592801,0.30800214803643866,37.98511505126953,180.0
1,2026-07-25T05:12:29.000837Z,75.46282201322468,12.167870801580387,37.474718431942165,9.609093206224232,4.43445379895399,0.09265103629185546,0.30794925991156197,37.98511505126953,180.0
1,2026-07-25T05:12:30.000835Z,75.46282124352588,12.16787142462563,37.77895003184676,9.49522688757528,4.372342826582599,0.08565204479518278,0.30797353279951917,37.98511505126953,180.0
1,2026-07-25T05:12:31.000834Z,75.46282049851106,12.167871760511764,37.84961359389126,9.404111350224749,4.304006062922002,0.0,0.30801570627580993,37.98511505126953,180.0
1,2026-07-25T05:12:32.000832Z,75.46282049851106,12.167871760511764,37.84961359389126,9.404111384810005,4.219375675963289,0.0,0.30801570627580993,37.98511505126953,180.0
1,2026-07-25T05:12:33.000831Z,75.46282049851106,12.167871760511764,37.84961359389126,9.40411553860859,4.177143967215699,0.0,0.30801570627580993,37.98511505126953,180.0
1,2026-07-25T05:12:34.000829Z,75.46282049851106,12.167871760511764,37.84961359389126,9.404111809250402,4.742951174486091,0.0,2.203472987380126,37.98511505126953,180.0
1,2026-07-25T05:12:35.000829Z,75.46281978295676,12.16787191464829,39.4416542313993,9.328643333913703,5.1843026399964796,0.0,1.3676283250208667,37.98511505126953,180.0
1,2026-07-25T05:12:36.000827Z,75.46281978295676,12.16787191464829,39.4416542313993,9.328644393353764,5.158259061611689,0.0,1.3370876956249547,37.98511505126953,180.0
1,2026-07-25T05:12:37.000825Z,75.46281978295676,12.16787191464829,39.4416542313993,9.328643803656796,5.238881550359028,0.0,1.3383670093679778,37.98511505126953,180.0
1,2026-07-25T05:12:38.000824Z,75.46281978295676,12.16787191464829,39.4416542313993,9.328642237592508,5.310637454872589,0.0,1.3308074033725403,37.98511505126953,180.0
1,2026-07-25T05:12:39.000827Z,75.46281978295676,12.16787191464829,39.4416542313993,9.328642390216732,5.276839386961074,0.0,1.3365505067147885,37.98511505126953,180.0
1,2026-07-25T05:12:40.000822Z,75.46281978295676,12.16787191464829,39.4416542313993,9.328645404560318,5.302115178892161,0.0,1.330253004818373,37.98511505126953,180.0
1,2026-07-25T05:12:41.000821Z,75.46281978295676,12.16787191464829,39.4416542313993,9.328643301116365,5.33360104234735,0.0,1.3149804914772474,37.98511505126953,180.0
1,2026-07-25T05:12:42.000820Z,75.4628248482785,12.167864315065302,41.60021087527275,10.32815660359776,4.770017625851723,0.039903185619324114,3.720973595906172,37.98511505126953,180.0
1,2026-07-25T05:12:43.000819Z,75.46282482839352,12.167863277631152,41.82796571217477,10.400528295875871,4.8673873236758975,0.0,3.7461895013604045,37.98511505126953,180.0
1,2026-07-25T05:12:44.000817Z,75.46282482839352,12.167863277631152,41.82796571217477,10.400527871308483,4.808493527308304,0.0,3.7476245783517244,37.98511505126953,180.0
1,2026-07-25T05:12:45.000816Z,75.46282482839352,12.167863277631152,41.82796571217477,10.400527838638135,4.645406249462857,0.0,3.747759714948339,37.98511505126953,180.0
1,2026-07-25T05:12:46.000815Z,75.46282482839352,12.167863277631152,41.82796571217477,10.400528569733938,4.490560432001458,0.0,3.7494774318401025,37.98511505126953,180.0
1,2026-07-25T05:12:47.000814Z,75.46282482839352,12.167863277631152,41.82796571217477,10.400536593771513,4.679583061097106,0.0,3.7278111716648437,37.98511505126953,180.0
1,2026-07-25T05:12:48.000813Z,75.46282482839352,12.167863277631152,41.82796571217477,10.400537780190144,4.6770337694382835,0.0,3.745174611300238,37.98511505126953,180.0
1,2026-07-25T05:12:49.000812Z,75.46282482839352,12.167863277631152,41.82796571217477,10.400529425121391,4.693342960684764,0.0,3.7486736132451104,37.98511505126953,180.0
1,2026-07-25T05:12:50.000811Z,75.46282482839352,12.167863277631152,41.82796571217477,10.400527999556937,4.597153849584565,0.0,3.743609804813472,37.98511505126953,180.0
1,2026-07-25T05:12:51.000812Z,75.46282482839352,12.167863277631152,41.82796571217477,10.400531088170736,4.564263960303189,0.0,3.7435521269394254,37.98511505126953,180.0
1,2026-07-25T05:12:52.000808Z,75.46282482839352,12.167863277631152,41.82796571217477,10.400528854182458,4.536124544005697,0.0,3.743730169504585,37.98511505126953,180.0
1,2026-07-25T05:12:53.000808Z,75.46282482839352,12.167863277631152,41.82796571217477,10.400527508759934,4.49973189528862,0.0,3.7434103778794263,37.98511505126953,180.0
1,2026-07-25T05:12:54.000807Z,75.46282482839352,12.167863277631152,41.82796571217477,10.400527430659901,4.45970943941033,0.0,3.7432169086080798,37.98511505126953,180.0
1,2026-07-25T05:12:55.000805Z,75.46282482839352,12.167863277631152,41.82796571217477,10.400528613502694,4.421022803300707,0.0,3.7432816044693213,37.98511505126953,180.0
1,2026-07-25T05:12:56.000804Z,75.46282482839352,12.167863277631152,41.82796571217477,10.400527430913877,4.387852024546266,0.0,3.7435896582440615,37.98511505126953,180.0
1,2026-07-25T05:12:57.000803Z,75.46282482839352,12.167863277631152,41.82796571217477,10.40052851230685,4.345681634938324,0.0,3.742963944106143,37.98511505126953,180.0
1,2026-07-25T05:12:58.000803Z,75.46282482839352,12.167863277631152,41.82796571217477,10.400527321677439,4.311786122742042,0.0,3.7430013079780053,37.98511505126953,180.0
1,2026-07-25T05:12:59.000801Z,75.46282482839352,12.167863277631152,41.82796571217477,10.40052726795318,4.291215533522852,0.0,3.743502155856961,37.98511505126953,180.0
1,2026-07-25T05:13:00.000800Z,75.46282482839352,12.167863277631152,41.82796571217477,10.400529453834933,4.263791337329889,0.0,3.765486571286563,37.98511505126953,180.0
1,2026-07-25T05:13:01.000799Z,75.46282266142039,12.16786225376049,41.070146947167814,10.278546292656598,4.243302699207619,0.07941047553788577,3.7438183748255818,37.98511505126953,180.0
1,2026-07-25T05:13:02.000797Z,75.46282431425081,12.167864615005842,41.062469626776874,10.258612081620873,4.195400024359257,0.1825946809156743,3.744223124593052,37.98511505126953,180.0
1,2026-07-25T05:13:03.000797Z,75.46282717174722,12.167867770639884,40.97956630215049,10.290395668399013,4.104470404960936,0.35885826560451367,3.7689758517200698,37.98511505126953,180.0
1,2026-07-25T05:13:04.000796Z,75.46283018845502,12.167872057226804,40.92043887078762,10.255671032790648,4.010350097329525,0.4293347359003088,3.7449305182909116,37.98511505126953,180.0
1,2026-07-25T05:13:05.000795Z,75.4628325826903,12.167876683792292,40.81813472695649,10.140576989636777,4.03922599298212,0.4114045138691288,3.743797586125534,37.98511505126953,180.0
1,2026-07-25T05:13:06.000794Z,75.46283576565685,12.167879831345568,40.87298029847443,10.20225344449053,4.054654275953408,0.5392857972184477,3.734413683758531,37.98511505126953,180.0
1,2026-07-25T05:13:07.000793Z,75.46284118712123,12.167886429308979,40.905895886942744,10.218892585664554,4.005459646882372,0.7862157793060174,3.747709812870177,37.98511505126953,180.0
1,2026-07-25T05:13:08.000793Z,75.4628444431775,12.167889477775672,40.98420168273151,10.294234668281463,3.9752857858196355,0.5007109830864664,3.7469056198727007,37.98511505126953,180.0
1,2026-07-25T05:13:09.000792Z,75.46284563839164,12.167889949526439,40.975060641765594,10.368163128544122,4.102628358768427,0.10123703984079338,3.744909295221757,37.98511505126953,180.0
1,2026-07-25T05:13:10.000790Z,75.46285077226224,12.167895221301317,41.03206424694508,10.453703641267218,4.162406857368454,0.7660390462592656,3.7443076093161993,37.98511505126953,180.0
1,2026-07-25T05:13:11.000789Z,75.46286271958294,12.167910862766567,41.129997259005904,10.411622357784212,4.219815019752724,1.8492326371873211,3.755576477454046,35.70290212443657,164.55933865296433
1,2026-07-25T05:13:12.000788Z,75.46287793773324,12.167930015689738,41.304485842585564,10.413120529273211,4.523474521239015,2.494605951077821,2.5195190886676015,34.77917251514854,81.26408088725567
1,2026-07-25T05:13:13.000787Z,75.46288836183068,12.167945149970834,41.40646874345839,10.273758962512261,4.707004066986752,2.2451345278349413,2.5302916002052394,35.59710192746411,86.37120319294873
1,2026-07-25T05:13:14.000786Z,75.4629022009716,12.167962275519884,41.412788255140185,10.331403671093419,4.737545197457969,2.583945547910811,2.500813881545383,36.725972759393855,70.39955799915217
1,2026-07-25T05:13:15.000786Z,75.46292047479479,12.16799670763317,41.30730883497745,9.577789132921131,5.1212925371523585,3.5462937134634944,2.399365941393879,33.998889431403256,52.69179979478202
1,2026-07-25T05:13:16.000784Z,75.46294194283725,12.16803446911747,41.24345284514129,8.881243355363488,5.306971953077133,4.388747184215267,2.3016580844868852,32.844766268343264,42.17146073397687
1,2026-07-25T05:13:17.000783Z,75.46296337169697,12.16807796219714,41.24751564394683,7.778719512154197,5.439746158130901,5.013166437025052,2.204493393604535,29.44765695390449,35.536070686195565
1,2026-07-25T05:13:18.000782Z,75.4629775427444,12.16812022326471,41.486297180876136,4.748651536660544,5.49515889374611,4.771555916444414,2.2392004101648446,24.258555287687457,37.75148873049348
1,2026-07-25T05:13:19.000782Z,75.46298402410524,12.16815676895648,42.031954190693796,4.748651548701129,5.4530936090238615,4.066149824889088,2.295334934622109,18.97348862639267,44.89570512945728
1,2026-07-25T05:13:20.000780Z,75.46298562848462,12.168186317055635,42.08141457941383,4.748651546607414,5.408816725847079,3.0401503107551497,2.4378108143298745,14.265680036210954,63.10791990512823
1,2026-07-25T05:13:21.000780Z,75.46298213807968,12.168201981801761,42.01748102530837,4.74865155988185,5.624675314790993,1.677638242848985,2.534224554949356,8.562877078230613,114.94430648916955
1,2026-07-25T05:13:22.001321Z,75.46297806173877,12.16820849532129,42.07075577881187,4.748651536932224,4.862809465829133,0.6020148834039697,3.742585740502344,7.7275620290131455,180.0
1,2026-07-25T05:13:23.001323Z,75.46297878524034,12.16821719380655,41.96948413364589,4.748651535269363,4.887616596595433,0.5796244489339367,3.716331072759346,7.727562202252859,180.0
1,2026-07-25T05:13:24.001323Z,75.46298061626655,12.168234636363046,42.0821312116459,4.748651537454812,4.881744989322954,1.4691208956541522,3.7412710850832314,7.727562613493823,180.0
1,2026-07-25T05:13:25.001316Z,75.46298731481316,12.168257515282527,42.068414298817515,4.748651543292458,5.311430972863,2.356877337259613,2.542610125321713,7.075403421539465,87.40309115381973
1,2026-07-25T05:13:26.001310Z,75.46299486047832,12.168286408006342,41.98885822575539,4.748651534910395,5.639185228065141,2.89482363910829,2.4670011828829583,28.240108489990234,69.03909208456086
1,2026-07-25T05:13:27.001302Z,75.4629962140881,12.168320651638219,41.63129896763712,4.7486515310993695,5.915262965075569,3.40739078139836,2.4156270613792046,6.352996357023503,57.31240569485715
1,2026-07-25T05:13:28.001289Z,75.46299501045942,12.168365124608902,41.38618228118867,4.748651536206708,6.133260365101462,4.303415583981254,2.3064626726925783,4.05765152855759,42.308343207133
1,2026-07-25T05:13:29.001277Z,75.4629961019617,12.168416366207936,41.029849546961486,4.7486515446851385,6.282836667201236,5.165530127904714,2.2101155775192782,1.364165960329282,34.56844110717087
1,2026-07-25T05:13:30.001262Z,75.4629931717083,12.168466853401146,40.92595828603953,4.748651556756361,6.339520164671144,5.31308027612816,2.1856326898688985,357.597799220638,33.19479789583406
1,2026-07-25T05:13:31.001243Z,75.46298712030566,12.168521092557572,40.815834026783705,4.74865156514448,6.383703799419598,5.7428067673780845,2.1465148669998637,354.9758465151637,30.093245609552763
1,2026-07-25T05:13:32.001224Z,75.46297658445481,12.168577510855574,40.306368324905634,4.748651616160265,6.58767676036481,6.211912483172783,2.104273895857553,352.5437272287492,27.30460973444569
1,2026-07-25T05:13:33.001203Z,75.46296697929147,12.168638324328317,39.85908693727106,4.748651627460231,6.724911361032944,6.636180256989045,2.0664365326063634,351.4869772008647,25.05948291862329
1,2026-07-25T05:13:34.001189Z,75.46295670126962,12.168699261406992,39.36352444905788,4.748651671331085,6.730369852300141,6.728645410393998,2.055622999245739,350.7354560583641,24.56795375982555
1,2026-07-25T05:13:35.001175Z,75.46294655546993,12.168757795328442,39.27279499638826,4.748651691870077,6.457760913962168,6.571198142494436,2.066046948661992,350.45065706796964,25.233917203571064
1,2026-07-25T05:13:36.001154Z,75.46293561970091,12.168814094863867,38.628801132552326,4.748651708040255,6.37450309674598,6.346303241659009,2.074635237671362,350.4061036032354,26.091703263873057
1,2026-07-25T05:13:37.001130Z,75.46292636815588,12.1688693982489,37.98963183257729,4.7486517283519545,6.279207827035336,6.122664281428403,2.101389280380901,350.71924593413917,27.4915950196173
1,2026-07-25T05:13:38.001108Z,75.46291809320492,12.168919758719847,37.20989136584103,4.748651695361924,6.190857456750061,5.521723106647671,2.1507209476359765,350.8979907039461,30.980293272236157
1,2026-07-25T05:13:39.001088Z,75.46291100474089,12.168970830052888,36.60412248503417,4.748651706007303,6.1265803501486555,5.463602487753826,2.1679737935150363,351.6383720711849,31.933383917926392
1,2026-07-25T05:13:40.001068Z,75.46290490385331,12.169020276266082,35.733623835258186,4.748651711268165,5.977391560087935,5.341457326594629,2.169734041403467,352.8666609847428,31.65822504970168
1,2026-07-25T05:13:41.001050Z,75.46290402662228,12.169063772068142,35.213718245737255,4.748651703074269,5.88978909931026,4.798132527185897,2.2300820248227846,355.6591055880837,36.540179516649815
1,2026-07-25T05:13:42.001032Z,75.46290969062218,12.169108442897116,34.770672008395195,4.748651687731102,5.642803989420015,4.880263559500167,2.2287896001533274,3.4959573911181367,36.791907847931085
1,2026-07-25T05:13:43.001016Z,75.46292578149102,12.169153790295617,34.135216016322374,4.748651678542086,5.481744594682764,5.097401060670892,2.202443069220872,15.219373734237653,34.8045543055287
1,2026-07-25T05:13:44.001000Z,75.46295189300213,12.16919421451869,33.6814598608762,4.748651618063987,5.437020548295172,5.114628558129244,2.2008801729806637,28.618025503777382,34.746615836743004
1,2026-07-25T05:13:45.000986Z,75.46298816221997,12.169226910155377,33.31036823615432,4.748651566954603,5.4169482240936855,5.22216491907987,2.192989145545977,42.63822117057596,34.010378426442486
1,2026-07-25T05:13:46.000972Z,75.46302847705495,12.16925516599358,32.94063000753522,4.748651508662476,5.406494383956928,5.326581372027415,2.1818340851341667,52.236746957443934,33.1516805960864
1,2026-07-25T05:13:47.000958Z,75.46307641545674,12.16927918202229,32.86043115891516,4.748651501588199,5.360983450638232,5.681927755507804,2.1676840844886702,60.00835945147938,30.85659224216749
1,2026-07-25T05:13:48.000945Z,75.46312941715263,12.169297943474996,32.61722523998469,7.745421421338765,5.25784564451864,6.129763150852335,2.111157441479163,66.75782081571475,27.88979900663893
1,2026-07-25T05:13:49.000934Z,75.46319010403414,12.16930647174104,32.76440841797739,11.104431340990772,5.286132999996377,6.562245455264067,2.0738149068796448,74.55490283747781,25.59845527995099
1,2026-07-25T05:13:50.000922Z,75.46325278308171,12.16931854466994,32.74638160504401,8.142404177881946,5.257949309448168,7.012906982646582,2.0350053607136736,76.82270142648312,23.50457462448533
1,2026-07-25T05:13:51.000911Z,75.4633210566583,12.169335340500064,32.75821293145418,7.66143368346267,5.320156794573086,7.605945261944501,1.9962903780054286,77.05483452501777,21.235491409950903
1,2026-07-25T05:13:52.000901Z,75.46339123786449,12.169350928048022,32.79286851361394,4.748651551539345,5.344527865649866,7.8171163078024,1.9769676389523223,77.07750770628755,20.490272073854612
1,2026-07-25T05:13:53.000891Z,75.46346078899774,12.169365780147913,32.909266002476215,7.754669312655572,5.37238045605614,7.790585608035011,1.9778124347321633,77.27166908704986,20.56290530415992
1,2026-07-25T05:13:54.000882Z,75.4635316307659,12.169381265340357,32.901801861822605,7.957816944264988,5.416016176845704,8.028955088987555,1.9635211788876785,77.50555987961465,19.790887894518303
1,2026-07-25T05:13:55.000872Z,75.46360591899928,12.169396945763582,32.826372659765184,8.21475191340719,5.732893723514094,8.28641534131619,1.9470556941460453,77.7522400846387,19.011599903145758
1,2026-07-25T05:13:56.000865Z,75.46368035668424,12.169412889605928,32.80362068396062,8.44604866906496,5.73797589842539,8.444150816467399,1.9371651955101432,78.1741696687333,18.453927680316053
1,2026-07-25T05:13:57.000855Z,75.46375710022619,12.169430324693783,32.75829094462097,8.57201329002625,5.82489133686146,8.611445357921324,1.925283651316622,77.90355475396363,18.101705168147173
1,2026-07-25T05:13:58.000848Z,75.46383148906324,12.16944986565222,32.64024519640952,8.141749319427177,5.790676380339261,8.516303527776344,1.9322657271689376,77.10827009183895,18.280508063400177
1,2026-07-25T05:13:59.000842Z,75.46390838560752,12.169466589428636,32.693337299861014,8.142066949841855,5.792091311926859,8.620139978756763,1.9282886681630913,77.42242312719347,18.047911922371668
1,2026-07-25T05:14:00.000834Z,75.46398690484709,12.169482948839269,32.72618518490344,8.226087364228631,5.736561279439809,8.822626226702976,1.915559523129115,77.45716039762402,17.552938273583788
1,2026-07-25T05:14:01.000827Z,75.46406641415477,12.169500976985297,32.87897730246186,8.140162045485132,5.647707123470195,8.979939342469876,1.9070596866555154,77.36314398201642,17.159353474655855
1,2026-07-25T05:14:02.000820Z,75.4641502263389,12.169516312775443,33.05736228264868,8.464925601874128,5.574458755956944,9.32485211099773,1.8891830856534582,78.45286037458943,16.369526765525766
1,2026-07-25T05:14:03.000814Z,75.46423432960954,12.169539227228457,32.9926459454,7.950457458029212,5.488162326731475,9.527238676481012,1.878363254918271,76.60770334247208,15.933093666768661
1,2026-07-25T05:14:04.000808Z,75.46431964496311,12.169569764466525,32.97999374754727,7.6973800497628835,5.36098707883418,9.720383648994046,1.869852348022643,72.82301972164346,15.548432630550865
1,2026-07-25T05:14:05.000802Z,75.4644027128884,12.169600607394736,33.32861722819507,4.748651864619588,5.2441362019292646,9.699042359035078,1.857924321667988,69.94510084490706,15.317414855611776
1,2026-07-25T05:14:06.000796Z,75.46448491565629,12.169634747781885,33.494989584200084,4.748651807371303,5.233967508767983,9.631626175679813,1.8802678258367316,68.71654470957111,15.375198033891769
1,2026-07-25T05:14:07.000791Z,75.4645647865878,12.169663206221772,33.93496713228524,4.748651782414586,5.550915033563331,9.348308705943813,1.878652062307178,69.13786271130708,15.583987581556752
1,2026-07-25T05:14:08.000786Z,75.46464182120944,12.169693658658879,34.71496253274381,4.748651735783346,5.526561232996916,9.0355778019096,1.8916073213947484,69.09007435289809,15.672334410712986
1,2026-07-25T05:14:09.000781Z,75.46471223438465,12.169720731758694,35.21414764598012,4.748651662262326,5.611776575897131,8.503347416809346,1.9222394786130754,68.33164722927697,17.278029018722087
1,2026-07-25T05:14:10.000776Z,75.46478255698213,12.169751917697965,35.48973036650568,9.541998607754897,5.670821912832302,8.421090949162204,1.9304754223723646,66.63755833999151,17.772243082526902
1,2026-07-25T05:14:11.000771Z,75.4648500999438,12.16978764112504,36.00973169412464,10.789536434868843,5.621071279811512,8.269193955631359,1.9358076488035463,63.49277854605496,18.308778369006465
1,2026-07-25T05:14:12.000766Z,75.46490981973156,12.169829726906942,36.669591072015464,10.911505185190329,5.526965546849316,7.916261042427556,1.9492890948261934,56.66929840798578,19.14425639046298
1,2026-07-25T05:14:13.000762Z,75.46496534294533,12.169871343136103,37.030325698666275,11.922266379440137,5.425730358614052,7.52141692587872,1.979903127823698,52.8214977580248,20.326016555016512
1,2026-07-25T05:14:14.000757Z,75.4650148324858,12.169916849167446,37.42178834229708,11.86798129028297,5.310845628403807,7.306008325772573,2.002218530281846,48.70407773753321,21.028604611975403
1,2026-07-25T05:14:15.000753Z,75.46506105476347,12.169963143884075,37.85967406537384,11.493308746442834,5.233009104844375,7.200114211848884,2.0150084408474167,45.882871012389636,21.624425652206508
1,2026-07-25T05:14:16.000749Z,75.46510564129849,12.170012994165669,38.295397016219795,10.688258481078625,5.055821215335591,7.248686304230757,2.0143805497648355,43.79403355592988,21.592081025044045
1,2026-07-25T05:14:17.000746Z,75.46514909156849,12.170066415712766,38.84322371613234,9.50506622274904,4.954073011880688,7.309677437992541,2.0051328706269174,42.13896698994827,20.94718767708848
1,2026-07-25T05:14:18.000741Z,75.46519032715554,12.170118178467366,39.52201310265809,8.321538868380163,4.903477985922459,7.209280705044537,2.008944577299873,40.5430426653708,20.766222022327682
1,2026-07-25T05:14:19.000738Z,75.46523077186832,12.170169950589884,40.123317680321634,4.748651745679097,4.777619330424752,7.2073349057329485,2.0116534643843873,39.098676772517415,21.401389831036067
1,2026-07-25T05:14:20.000734Z,75.4652676199684,12.170227204550741,40.71860290970653,4.748651791919977,4.729908543908539,7.341960352166023,2.0046802263310672,35.93454799936128,21.416167680929476
1,2026-07-25T05:14:21.000730Z,75.46530165909545,12.170285647191298,41.35050089005381,4.748651824478828,4.6345356195332466,7.442907429988854,1.999156259154222,31.417227564157816,21.329046778434623
1,2026-07-25T05:14:22.000727Z,75.46533395241211,12.170345064424891,41.842164957895875,4.748651812207629,4.5738435505070125,7.544411027541923,1.9934853435499647,28.49053481879905,20.948839172747622
1,2026-07-25T05:14:23.000723Z,75.46536549657236,12.170405492763951,42.53552693128586,7.565312509458264,4.542309187996047,7.634036895860787,1.9887671657007548,27.454813703795267,20.616682691342078
1,2026-07-25T05:14:24.000720Z,75.46540203462109,12.170468611998748,42.969039453193545,9.54167052898515,4.73721942981461,7.929667384001235,1.9699041066749983,29.06116442455626,19.891151299145992
1,2026-07-25T05:14:25.000716Z,75.46544380249159,12.170530497153832,43.37738808710128,10.051441639139735,4.70012945955274,8.213978412785865,1.953158946391457,32.26998818530786,19.088684663363704
1,2026-07-25T05:14:26.000713Z,75.46549277359394,12.170592228050737,43.86059777904302,11.28518826153572,4.700766728088528,8.624023885008766,1.9493287006012612,36.033516210806745,18.12296378116026
1,2026-07-25T05:14:27.000711Z,75.46554639321496,12.170651184208545,44.61049592029303,13.183050430105556,4.632238508207497,8.981455140559511,1.9114464126593964,39.043291866702155,17.042131933405322
1,2026-07-25T05:14:28.000707Z,75.4656020858666,12.170713583391004,45.05841876845807,13.390119934430958,4.473309338515371,9.35220711619845,1.8898895957969837,40.16414826821446,16.132121113364825
1,2026-07-25T05:14:29.000704Z,75.46565720037084,12.170778722737852,45.37891974672675,13.423903605072594,4.589411510125935,9.343001596509104,1.8865433205200306,39.935474095692435,16.235533303074
1,2026-07-25T05:14:30.000701Z,75.46570814081198,12.170841062210329,45.711344440467656,13.235303048783036,4.639956862225174,9.090174143976682,1.8992082896254638,39.403527129324026,16.827475463254746
1,2026-07-25T05:14:31.000697Z,75.46575954341212,12.170904690044996,46.06308280676603,13.052449161271117,4.614281156029128,9.111501354934234,1.9008366588068097,38.715092881538105,16.707177137416625
1,2026-07-25T05:14:32.000695Z,75.46581155162384,12.170968209235689,46.07694718148559,12.933761776586369,4.60401237327974,9.157973896625702,1.898232562662989,38.194657451837884,16.541075179478923
1,2026-07-25T05:14:33.000692Z,75.4658643384592,12.171028807699692,46.56510917376727,13.089098661801986,4.714654513957609,9.162100422247848,1.8971235827854587,37.888380768879564,16.594274382208592
1,2026-07-25T05:14:34.000689Z,75.46591192532988,12.17109599225353,46.57917339075357,13.477811469621207,4.71581619506165,9.122605317864322,1.89616316811599,36.21521225918844,16.61069877452889
1,2026-07-25T05:14:35.000686Z,75.46595454750506,12.17116889816883,46.979216125793755,13.104095515581086,4.770673651119097,9.248497065120347,1.8903897818589503,32.13252556877463,16.470965255455685
1,2026-07-25T05:14:36.000683Z,75.46599036942841,12.171246899690956,47.43581785913557,11.747451401130256,4.772040000831993,9.219290359162573,1.888538174395575,26.934960327770717,16.462985984667466
1,2026-07-25T05:14:37.000680Z,75.4660157870518,12.171328861432716,47.75716814119369,9.312134146706807,4.775172994394908,9.205074016093777,1.89210673700548,20.096489631502926,16.50504004747343
1,2026-07-25T05:14:38.000678Z,75.46603785409441,12.171410410515946,48.385037443600595,9.0474838767239,4.79412276520827,9.196514833612644,1.8922938305374786,14.141029677640631,16.559971330577227
1,2026-07-25T05:14:39.000675Z,75.46605008143078,12.171494356032207,48.35655187815428,7.830541443496207,4.8244723316359535,8.991385611921059,1.9038636140763017,9.668632164151667,17.096145205539024
1,2026-07-25T05:14:40.000672Z,75.46605765956,12.171572048947857,47.98302576690912,7.5467348770316764,4.799886803442861,8.395728854987224,1.9360175903667143,7.3741109086741865,18.682200854059534
1,2026-07-25T05:14:41.000669Z,75.46605859378198,12.171640674294734,47.63906425982714,4.748652181746388,4.836605043652247,7.387436112554738,1.9964106254602847,4.038596519884766,21.8907385231075
1,2026-07-25T05:14:42.000667Z,75.46605488455592,12.171698055416918,47.222453225404024,4.748652039876912,4.7715778407114255,6.042239302974733,2.0983766882030928,0.7060303637617208,28.026585077236607
1,2026-07-25T05:14:43.000664Z,75.46604994862221,12.171743630722577,46.705901387147605,4.74865189973393,4.757431448403632,4.551472009343833,2.2409579377540023,358.40164508626134,39.55606416501598
1,2026-07-25T05:14:44.000661Z,75.46604593502124,12.171774358763138,46.276006642729044,4.748651748615542,4.868450005182694,2.963873045021053,2.424288436653387,356.5603872274727,65.128676775444
1,2026-07-25T05:14:45.000658Z,75.46604760496417,12.171778440563285,45.88618220947683,4.748651583041476,4.897171377042864,0.9267379262407984,3.5972386634515807,359.1208190917969,180.0
1,2026-07-25T05:14:46.000655Z,75.46604635185915,12.171779894416538,45.601696335710585,4.748651535769953,4.543940845369804,0.1324229001793511,3.7497862608340373,359.1208190917969,180.0
1,2026-07-25T05:14:47.000652Z,75.4660463867771,12.171782340838288,45.482283159159124,4.748651534948623,4.648305774534626,0.11850460308699659,3.7425650926128626,359.1208190917969,180.0
1,2026-07-25T05:14:48.000651Z,75.46604637777563,12.171783185214935,45.449256791733205,4.74865153200864,4.70611822811962,0.049841455372817506,3.7463178371120662,359.1208190917969,180.0
1,2026-07-25T05:14:49.000647Z,75.46604615428446,12.171784494990863,45.37889941036701,4.748651533030327,4.759454671403577,0.08475994836964482,3.7451281641791074,359.1208190917969,180.0
1,2026-07-25T05:14:50.000645Z,75.46604562987336,12.171792915116171,45.562876432202756,4.748651557160943,4.785130211484401,0.8645533897072301,3.7435017955304173,359.1208190917969,180.0
1,2026-07-25T05:14:51.000643Z,75.46604385561135,12.171815313350907,45.71380362752825,4.748651601634451,4.858033533337212,2.1692037936842996,3.1110573512373727,359.1208190917969,116.12266331906898
1,2026-07-25T05:14:52.000640Z,75.46604024686748,12.171842882877312,45.61665307544172,4.7486516527560765,5.396099514334601,2.8121541301221216,2.4909907834803,359.1208190917969,71.12759326917654
1,2026-07-25T05:14:53.000637Z,75.46603625110397,12.171873208250007,45.55094578675926,4.74865167772066,5.65323029685489,3.365641845058554,2.423373704635326,351.9490753582861,57.10055132665771
1,2026-07-25T05:14:54.000635Z,75.46602752988106,12.171914221750411,45.490855232812464,4.748651743856247,5.848966433541577,4.372268824543635,2.3021204851733517,350.39312725368427,42.09768099851331
1,2026-07-25T05:14:55.000633Z,75.4660152899104,12.17196255714982,45.44804780650884,4.748651829651118,5.91789511880431,5.315835050245845,2.200634940264138,347.9042860851502,33.52716581022615
1,2026-07-25T05:14:56.000630Z,75.46599121443373,12.172020796106157,45.34285391215235,4.748651927721807,5.964530968804918,6.387469060896819,2.0935119721529944,342.2350802954544,26.53310553512079
1,2026-07-25T05:14:57.000627Z,75.46595926449714,12.172077488491592,45.40461169369519,4.748652033490094,5.905494250096342,6.936945930195585,2.0377765266944086,336.4118278665324,23.80110094849047
1,2026-07-25T05:14:58.000624Z,75.46592825175536,12.172135344182932,45.84745577350259,4.748652143636912,5.835270923910285,7.161871939985459,2.0244126134980935,333.6528494036005,22.90230546002808
1,2026-07-25T05:14:59.000622Z,75.46589254431449,12.172198238646747,45.70973112992942,4.748652210546358,5.730020688432356,7.7241700067930195,1.9865778454247094,331.6070454919422,20.839655500196287
1,2026-07-25T05:15:00.000620Z,75.46585437221142,12.17226206879033,45.70941523555666,4.7486522169584795,5.480895454033428,8.175744644702432,1.9599480105156466,330.3261737088975,19.414832226933456
1,2026-07-25T05:15:01.000617Z,75.46581617761782,12.17233286847687,45.97986463457346,4.748652178351928,5.23110717202615,8.64111597851453,1.931926452383434,330.4907108529586,18.086424834361456
1,2026-07-25T05:15:02.000614Z,75.46577692040029,12.172409934573373,46.45811674091965,4.748652068147751,5.292178602224176,9.059368988777486,1.9033437285105939,332.4449074078247,16.940432525381993
1,2026-07-25T05:15:03.000612Z,75.46574701229366,12.172488347927215,47.19723221566528,4.748652031364916,5.253080331414838,9.182543256153211,1.8919452602517792,336.0349485623843,16.35139331388809
1,2026-07-25T05:15:04.000610Z,75.4657182686781,12.172568635518836,47.88701926916838,4.7486520292230106,5.345255671513504,9.246181339063503,1.887495341712168,338.6389675435351,16.05525255538886
1,2026-07-25T05:15:05.000608Z,75.46569472530187,12.172648351438207,48.44025732669979,4.748652001244969,5.359963491388514,9.081264814518843,1.8915387504809082,340.83508829338297,16.000272934443707
1,2026-07-25T05:15:06.000605Z,75.4656718094658,12.17272501895113,49.38527262862772,4.748651982445575,5.307298635568927,8.820068428191327,1.9024580623798455,341.9096948101863,15.975634279677323
1,2026-07-25T05:15:07.000602Z,75.46564731521559,12.172797806481089,50.29557473491877,4.748651941334086,5.2407086507340495,8.542483706321057,1.9171325289593555,342.3549293275058,16.601980070672546
1,2026-07-25T05:15:08.000600Z,75.46562344426756,12.172869387867852,51.28559481818229,4.748651935451408,5.3205377667277585,8.213287403704182,1.9333584206365144,342.48044030358244,16.680661796055684
1,2026-07-25T05:15:09.000597Z,75.46560077168448,12.172936228608156,52.280349750071764,4.748651975348615,5.519254387003573,7.806121013857026,1.9551020134192456,342.59255671286013,17.433627994061567
1,2026-07-25T05:15:10.000595Z,75.46558055624979,12.17300032479579,53.22383277863264,4.748651996503397,5.636792209285672,7.390243081385522,1.982076290427961,343.12517170457033,18.60771710552537
1,2026-07-25T05:15:11.000592Z,75.46556544142817,12.173058894012117,53.670280915685,4.7486519537920655,5.738089218305622,6.866212104144077,2.025299582261425,344.4930978270915,21.04470859451382
1,2026-07-25T05:15:12.000590Z,75.46554953031129,12.173113714982879,54.51635843422264,4.748651909240119,5.7707178736247835,6.420782670183666,2.0600222522025913,345.0424071485298,22.31315531747417
1,2026-07-25T05:15:13.000587Z,75.46553179582027,12.173163225809553,55.30356775410473,4.748651874919126,5.871793005630769,5.97968606124628,2.1030927132795605,344.39959148699864,22.60686926519315
1,2026-07-25T05:15:14.000585Z,75.46551778887437,12.173206664262127,55.56557288765907,4.748651806490726,5.873317703069652,5.082947293574173,2.1797878776629176,344.294223066661,28.13909692978014
1,2026-07-25T05:15:15.000582Z,75.46550492028562,12.173242870464371,56.24929974973202,4.748651754235986,5.749505917538844,4.384605409771876,2.265539834269569,344.08586979944073,32.92258188661289
1,2026-07-25T05:15:16.000579Z,75.46548711604895,12.173277046219225,55.70804712176323,4.748651749500723,5.779979544116801,4.2604949206221985,2.2912173531122435,342.62055987547996,34.04361292329048
1,2026-07-25T05:15:17.000578Z,75.4654729291156,12.173315092618367,55.916365100070834,4.748651744832995,5.891741826368209,4.336145243924613,2.281908994572093,342.61252702460683,33.11821549723323
1,2026-07-25T05:15:18.000575Z,75.46545904322926,12.173355379303343,55.90167772490531,4.748651710690347,5.887749466929081,4.497469959920922,2.265955797449727,343.1490868046207,34.560359564946616
1,2026-07-25T05:15:19.000573Z,75.46544510583021,12.17339423154928,55.831613265909255,4.748651723780356,5.805625050919997,4.56906134626067,2.257356851953224,343.1886867904421,34.38469445153219
1,2026-07-25T05:15:20.000570Z,75.46543293756103,12.173434261863399,56.037113898433745,4.748651726347507,5.748944550997917,4.61797944078593,2.252577488527507,343.55861106087343,34.69852285453315
1,2026-07-25T05:15:21.000568Z,75.46541819275814,12.173475307497283,55.99452568590641,4.748651743972949,5.678718913862421,4.713618553951715,2.2450391359882858,343.2033128423718,35.388562774346624
1,2026-07-25T05:15:22.000565Z,75.46540329056658,12.173518513364101,56.034844723530114,4.748651740886794,5.6636115885009595,4.908923195398087,2.228538550178396,342.80591360239015,35.50302005312494
1,2026-07-25T05:15:23.000563Z,75.46538643668336,12.17356599337967,56.12834145501256,4.748651760786379,5.767564892620318,5.264873115294113,2.1926439502082897,342.2858055253636,33.46376862354286
1,2026-07-25T05:15:24.000560Z,75.46537267786934,12.173619245968364,56.301448493264616,4.748651823956885,5.732670620058735,5.834026581398686,2.1377183674297293,343.37271089007805,29.569214432963104
1,2026-07-25T05:15:25.000558Z,75.46535804413351,12.173674369457041,56.54085592087358,4.748651866460905,5.648733763713609,6.004162409128574,2.113614045760759,343.65785460823065,28.478584343833422
1,2026-07-25T05:15:26.000556Z,75.46534208957874,12.173724985356243,56.93298189807683,4.748651882177986,5.5629553236807325,5.834129853045749,2.1355287825405296,342.6444249020851,29.613108732886655
1,2026-07-25T05:15:27.000553Z,75.46532409785955,12.17377948816931,57.25065841618925,4.748651929076694,5.536070278363857,6.134554252729736,2.108161326397674,341.63402076937064,27.70343174744435
1,2026-07-25T05:15:28.001149Z,75.4653018896034,12.173835574947232,57.40514132659882,4.7486519787078025,5.454145001776674,6.485202557740588,2.078643996925797,339.8053910361404,25.912203065087596
1,2026-07-25T05:15:29.001156Z,75.46527471058837,12.17389151479393,57.66167934983969,4.748651997011454,5.308960681753415,6.767624948197306,2.0545488989283553,337.10312143390905,24.53411264106265
1,2026-07-25T05:15:30.001151Z,75.46524435058438,12.173948457677065,57.93345309142023,4.748652006175012,5.145729254839066,7.025509995170643,2.035156735226982,334.38156022420674,23.40723637671443
1,2026-07-25T05:15:31.001152Z,75.46521044717346,12.174004637847519,58.18076816108078,4.74865200077864,5.0395947588206305,7.212150102578479,2.0209366798576265,332.0561283626685,22.524356658964997
1,2026-07-25T05:15:32.001154Z,75.46517298788733,12.174063380990326,58.76676220819354,4.748652030577256,5.058706545732468,7.458191547870751,2.0018529039205215,330.7639626597964,21.45147290877789
1,2026-07-25T05:15:33.001143Z,75.4651376866054,12.174126666994665,59.14070644881576,4.74865204242227,4.980834751430273,7.727963455857936,1.9828038016095273,331.43439971677685,20.40514431663753
1,2026-07-25T05:15:34.001138Z,75.4651068992721,12.174189389817654,59.23658154718578,4.748652031099754,4.841889624883895,7.84974489248471,1.97713091661871,334.39611686296803,20.258031207263592
1,2026-07-25T05:15:35.001133Z,75.46508173020639,12.174255069490316,59.57824757695198,4.748651964498836,4.783193908750813,7.9397623709725265,1.9695551967849225,338.60260958617545,19.854943468160798
1,2026-07-25T05:15:36.001120Z,75.46506163280375,12.17432435189002,60.06076349038631,4.748651962310185,4.848444544158261,8.01433517932517,1.9634311442428716,342.1748318112987,19.52180956766472
1,2026-07-25T05:15:37.001107Z,75.46504301782443,12.174398927601011,60.49385259114206,4.748651923552615,5.097513422484049,8.174330965931732,1.9514434266336762,344.97936874455894,19.064751760915716
1,2026-07-25T05:15:38.001096Z,75.46502727128642,12.174475262799785,60.76785603072494,4.748651907702148,5.4957461983476605,8.380130094748473,1.9405201312508338,347.539187404215,18.384910517851488
1,2026-07-25T05:15:39.001081Z,75.46501445592305,12.174552907867469,61.239071420393884,4.748651870707955,5.686933079378441,8.50749206500671,1.9513960830195862,349.37188141202654,18.007019928807665
1,2026-07-25T05:15:40.001075Z,75.46500059623888,12.174626058875566,61.570235217921436,4.748651832276718,5.746458925356892,8.324895793296887,1.9403314614876452,349.75040286849594,18.454422089912864
1,2026-07-25T05:15:41.001069Z,75.46498485825758,12.174699845374901,62.00474760774523,4.748651851547237,5.805701383876753,8.279584584124134,1.9269329613685786,349.5296048548912,18.2830408679086
1,2026-07-25T05:15:42.001054Z,75.46496846504614,12.174773116755887,62.12878229748458,4.74865178816662,5.799858323298225,8.270497756090448,1.934734168192748,349.2200747379828,18.623562140247266
1,2026-07-25T05:15:43.001034Z,75.46495180666096,12.174847302481009,62.09816712513566,4.748651735848245,5.844967206666427,8.328839790919108,1.9397020632247797,349.12367334729106,18.617168532323458
1,2026-07-25T05:15:44.001016Z,75.46493634009772,12.174920416187462,62.09496092796326,4.748651767784014,5.989327198326621,8.337389517976106,1.9422295399671818,349.06434090639954,18.6668908335835
1,2026-07-25T05:15:45.000998Z,75.46491403707695,12.174993654371876,62.266643705777824,4.74865183299908,6.021462613915327,8.36183335276384,1.9389273481280067,345.6467265779972,18.633342830517783
1,2026-07-25T05:15:46.000982Z,75.46488380073389,12.175063255758605,62.98540062177926,4.748651870064224,5.964867886356885,8.291207521569968,1.9413948432517438,338.88753843852373,18.72768271664286
1,2026-07-25T05:15:47.000965Z,75.46484558724747,12.175125283022082,64.13850695826113,4.74865197210292,5.855266089640768,8.060709947852049,1.94961142611578,328.91573211636404,19.49318509393823
1,2026-07-25T05:15:48.000950Z,75.46479930481969,12.175177169460998,65.76032739318907,4.748652051837656,5.803515177011407,7.776038774652817,1.9675746124428521,319.1466236650953,20.326242319691886
1,2026-07-25T05:15:49.000935Z,75.46474556070386,12.175226397392805,66.7534910608083,4.748652099869025,5.746675220744039,7.720357091264291,1.9737941738646807,313.52575585379566,20.22355711496142
1,2026-07-25T05:15:50.000921Z,75.46469345764831,12.175274819560538,67.70349329244345,4.748652122959369,5.800560193111075,7.713710674472425,1.9767325457170049,311.6304437835577,19.87500264991664
1,2026-07-25T05:15:51.000907Z,75.46463521853437,12.17531890198732,68.24951823148876,4.7486520932418195,5.828177157335964,7.774771213904661,1.9727949178882804,309.50721188643763,19.466001061061704
1,2026-07-25T05:15:52.000894Z,75.46458022723311,12.175364083385313,68.86768607702106,4.74865208364951,5.796194826265923,7.7557660691856425,1.9716460120967056,309.6557533344147,19.649957537618356
1,2026-07-25T05:15:53.000882Z,75.46452688241209,12.175411781284868,69.75335551984608,4.7486520439400985,5.672066265081529,7.684029947485836,1.9797724099506835,311.6272626133735,19.814699922579376
1,2026-07-25T05:15:54.000870Z,75.46447872207462,12.175460707021175,70.5682142963633,4.748651982417788,5.589506459004709,7.495566506279629,1.981685786059333,315.10845089331,20.014097819931553
1,2026-07-25T05:15:55.000859Z,75.46444014734406,12.175510858013435,71.63169963192195,4.748651895020826,5.389757888513358,7.029854978234615,2.004524970082683,319.63497299647497,20.429210369335326
1,2026-07-25T05:15:56.000848Z,75.46441068662345,12.175555326736843,72.40861396957189,4.748651805673438,5.222707119496326,5.981881820834434,2.092274238452391,323.58603246082447,23.84934219605553
1,2026-07-25T05:15:57.000838Z,75.46438905919864,12.175593109111356,72.87588248588145,4.748651742060036,5.194091133785148,5.032009414694105,2.184858548031119,326.67487148489175,29.525420575994097
1,2026-07-25T05:15:58.000829Z,75.46436774345582,12.175632211749242,73.56267376989126,4.748651764032972,5.297794127123989,4.932955332394405,2.1982862795653473,329.06418216962487,27.75074207178664
1,2026-07-25T05:15:59.000819Z,75.46434947445287,12.175671497094164,74.22055868059397,4.748651757536142,5.274790023875312,4.873260549832746,2.207430263878823,331.9033288151677,29.74837833477018
1,2026-07-25T05:16:00.000811Z,75.46433495061997,12.17571337032064,74.6415588343516,4.748651725936687,5.19082282721579,4.900120511476554,2.212616708380518,335.5115101244494,30.565596652358632
1,2026-07-25T05:16:01.000801Z,75.4643193621645,12.175754797975536,74.98975200299174,4.748651710938531,5.153419806321172,4.921040625177674,2.2106295870279244,338.2422672705514,29.96522142090723
1,2026-07-25T05:16:02.000793Z,75.46430155644761,12.175795903064303,75.194486127235,4.748651714299174,5.409967418433543,4.9624818259462256,2.203316110744532,339.13369342438386,27.70864382788063
1,2026-07-25T05:16:03.000785Z,75.4642840984031,12.175839309108284,75.51560197491199,4.748651748224323,5.455254501311459,5.091641221794482,2.2110485918363687,339.28976598890193,29.559948339470388
1,2026-07-25T05:16:04.000778Z,75.46426720406662,12.175882233108112,75.890366980806,4.748651774980353,5.34685511737967,5.165649515166992,2.190257677385776,339.30118699167,29.93232465513408
1,2026-07-25T05:16:05.000769Z,75.4642464305967,12.175926430307525,76.36585841886699,4.74865182136734,5.441269082025831,5.314537303885248,2.1800751493610235,337.7395844774374,28.85384233488702
1,2026-07-25T05:16:06.000762Z,75.46422864280093,12.175972143064083,76.6003970419988,4.748651840906656,5.443180483014953,5.51169887324959,2.1615472254971975,337.8496473384829,28.105971295742457
1,2026-07-25T05:16:07.000759Z,75.46420978484726,12.176022751987668,77.18889866024256,4.7486518872220636,5.406296053326487,5.920613124178572,2.1100428575878953,338.3998436568497,25.666569870302887
1,2026-07-25T05:16:08.000748Z,75.46418933274067,12.176074598075662,77.6979612391442,4.748651936291784,5.424044443325751,6.195065505149808,2.097506051257137,338.5507248716949,24.40265967174549
1,2026-07-25T05:16:09.000741Z,75.46417054794443,12.17612851140889,78.30655897594988,4.748651959110526,5.382594834770631,6.278379417550746,2.0811788676115297,339.04510928813306,25.008052902463138
1,2026-07-25T05:16:10.000734Z,75.46415482733777,12.176178700904563,78.89789376035333,4.748651922777117,5.275820454192997,5.870824694360977,2.120102705682202,340.46634425558415,27.312129727089506
1,2026-07-25T05:16:11.000729Z,75.46413877736485,12.176228580453502,79.3155510360375,4.748651905571399,5.152174801936216,5.88592838135153,2.125431024261151,341.6820809529596,27.78531515125786
1,2026-07-25T05:16:12.000722Z,75.46412553671105,12.176278995031229,79.65387538354844,4.748651875032878,5.029371167069394,5.909711567908539,2.1391074683938434,343.8706731169258,28.105384452787522
1,2026-07-25T05:16:13.000716Z,75.46410818760314,12.176328054886122,79.6289245383814,4.748651841967869,5.056462550099472,5.894358784154267,2.1355565197441484,345.6814734493408,28.234149269720707
1,2026-07-25T05:16:14.000711Z,75.46409703813202,12.176379675967944,79.81156348157674,4.748651830926881,5.136780922107718,5.9069935265561915,2.1262133461657196,348.10726344576625,28.02796482632676
1,2026-07-25T05:16:15.000705Z,75.46408920816641,12.176435935391343,79.8759108716622,4.748651801232995,5.208127380434047,6.100538416495983,2.119144172269704,350.35699177876404,27.127374549262274
1,2026-07-25T05:16:16.000701Z,75.46408480271923,12.17649181432728,80.06165492814034,4.748651759028276,5.17346194508175,6.245233622539768,2.114443283307658,352.5913923673645,26.9199669908406
1,2026-07-25T05:16:17.000696Z,75.46408015323259,12.176551331624319,80.20653869211674,4.7486517518653555,5.243482252712745,6.502852408582289,2.093841069002289,354.14240664894567,25.71637430849659
1,2026-07-25T05:16:18.000688Z,75.46408200006945,12.176615797615892,80.01280933059752,4.748651749015372,5.695720124630439,6.827885643304447,2.0493415959833783,356.8417094990142,24.06400012135972
1,2026-07-25T05:16:19.000684Z,75.46407995411418,12.176678753005389,80.469357307069,4.7486517343330465,5.805705798019699,7.021930839406214,2.0327855599040867,358.30184016024793,22.974869316453574
1,2026-07-25T05:16:20.000677Z,75.46407862426668,12.17674373274495,80.1114621637389,4.748651742129079,5.822609060623934,7.185722351497496,2.022697730181186,359.038070371544,22.552356768864517
1,2026-07-25T05:16:21.000673Z,75.46407675734939,12.176809073176068,80.71811178419739,4.748651731901524,6.081470338649473,7.288115806541466,2.0116389782657143,359.1716117670641,21.78774481169087
1,2026-07-25T05:16:22.000668Z,75.4640747282394,12.176875221245957,81.28251809068024,4.748651709876191,6.1925634259060605,7.42634153750108,2.0034092022706376,358.9655382959304,21.326044000845478
1,2026-07-25T05:16:23.000663Z,75.46407082182621,12.17694365812069,81.9120629010722,4.748651710685063,6.3092407692484285,7.618279810453678,1.967307740520539,358.19975273952326,20.556384367109132
1,2026-07-25T05:16:24.000658Z,75.46406645095679,12.17701382715607,82.67764341272414,4.748651651789663,6.405094164033852,7.82421624700035,1.9766728394038489,357.2138422117877,20.18101349777622
1,2026-07-25T05:16:25.000653Z,75.46406284237517,12.177086644746073,83.04539075307548,4.748651579365987,6.423308685528361,8.047103743250211,1.9642481925949156,357.3422136880086,19.626026441571423
1,2026-07-25T05:16:26.000649Z,75.46406143765157,12.177159901715555,82.78428138140589,4.748651466661627,6.478408440293554,8.168184904691584,1.9570944921883227,359.2617091020257,19.37587461819549
1,2026-07-25T05:16:27.000644Z,75.46406600166034,12.177235445171071,82.58185015432537,4.748651480863001,6.4073642071952355,8.347688427190068,1.9640500187811387,2.9883477992434764,19.04186173851296
1,2026-07-25T05:16:28.000640Z,75.46407917251176,12.177313430577046,82.4825001154095,4.748651523081374,6.252779849463527,8.587254315584099,1.9744558077122853,6.7910535779707955,18.587300797675532
1,2026-07-25T05:16:29.000635Z,75.46409720279006,12.17739251936688,82.39721804484725,4.748651537481806,6.313097090124905,8.69892764556813,1.9349771196842955,9.618501883562173,17.963215831155374
1,2026-07-25T05:16:30.000631Z,75.46411538762754,12.177470170049585,82.80601725913584,4.748651612059012,6.275925643369288,8.646998675351579,1.9212626525492893,11.356140591274649,17.748387761354362
1,2026-07-25T05:16:31.000626Z,75.46413479085442,12.177547004736422,83.14791307132691,4.748651583895033,6.227623562199706,8.56472198432271,1.9323771521938826,13.05254578788483,17.99403630845984
1,2026-07-25T05:16:32.000622Z,75.46415542567973,12.177621893573438,83.50827624183148,4.748651574772533,6.192290457671159,8.454425437212981,1.9319278602991854,14.333762065602675,18.14956246281851
1,2026-07-25T05:16:33.000618Z,75.46417649210095,12.177693832582962,83.92888309899718,4.748651586268849,6.084233815289026,8.264929530299723,1.9424237800183592,15.331767871595522,18.672223004760955
1,2026-07-25T05:16:34.000614Z,75.46419812532284,12.177759437241056,84.27927196677774,4.748651610363811,5.869702500393552,7.721935975839922,1.9735575751620895,17.01772983050001,20.290406131759546
1,2026-07-25T05:16:35.000609Z,75.46422834662232,12.177817798589622,84.46474712528288,4.748651578204862,5.694014948871105,7.237651166565415,2.009985062617264,22.724198239186332,22.232656747054325
1,2026-07-25T05:16:36.000605Z,75.46426697627194,12.177869752244474,84.6413292735815,4.748651517689455,5.455051766352894,7.08206948742048,2.0233690776805178,32.322974983256856,22.882767100011623
1,2026-07-25T05:16:37.000600Z,75.46430888674433,12.177918520025331,84.63317939732224,8.772649856331558,5.429128080711923,7.137525799932679,2.0231206431197055,37.76394265554405,22.886943498170705
1,2026-07-25T05:16:38.000597Z,75.464355851343,12.177965630087412,84.72971320338547,9.754002216656225,5.450595443933177,7.181879233721134,2.019145054222581,41.900121287252716,22.523370775501736
1,2026-07-25T05:16:39.000593Z,75.46440359438944,12.178011327628216,84.93350385501981,8.40028983219481,5.4194466508043995,7.137520851952337,2.021565551090967,43.679759781649786,22.704686915379497
1,2026-07-25T05:16:40.000589Z,75.46444853861342,12.178059133419683,85.14861499611288,4.74865137294146,5.278270788787903,7.080837217809771,2.0168133058496442,42.22534024387608,22.98748205664737
1,2026-07-25T05:16:41.000585Z,75.46448230513076,12.178114379076346,85.25278909504414,4.7486514141145415,5.089372697175192,7.063288110157374,2.0306447221797237,34.07112650521097,23.28929490333773
1,2026-07-25T05:16:42.000581Z,75.4645040202331,12.178168798597955,85.45638056844473,4.748651547609108,4.945297258303162,6.6490442962468,2.0586284845868557,25.129939344198302,25.05888486284872
1,2026-07-25T05:16:43.000577Z,75.46451842510547,12.17821915531968,85.57001398131251,4.748651576663065,5.217797660817688,6.053074918972281,2.1065035328031017,20.148474257612637,28.19106765865394
1,2026-07-25T05:16:44.000572Z,75.46452909880877,12.178269571077461,85.7631496693939,4.74865160418804,5.3362545572867655,5.627492634367733,2.143815852626269,15.77574307414851,30.857083853650952
1,2026-07-25T05:16:45.000569Z,75.46453468863152,12.178309827641327,85.95358924381435,4.748651606488295,5.368977830321292,4.537061648605738,2.2509239389577043,12.412585963298195,40.13881064681039
1,2026-07-25T05:16:46.000567Z,75.46453812954442,12.178336088594222,86.4183866083622,4.748651590888552,5.3749727971773105,3.1350713999355486,2.4084341805621747,10.09465693089386,62.04328093300968
1,2026-07-25T05:16:47.000562Z,75.46453988543536,12.178348262611353,86.53486206009984,4.748651569057624,5.357135463147488,1.6437175209700092,2.53704987137318,10.297924995422363,122.63435083488274
1,2026-07-25T05:16:48.000557Z,75.464540643297,12.17834801347122,86.62625216320157,4.748651535055898,4.447308927598328,0.29968437657995517,3.739127803132188,7.351878643035889,180.0
1,2026-07-25T05:16:49.000552Z,75.4645409843109,12.178347008226353,86.76502999011427,4.748651530684462,4.437646982052122,0.027227038960672714,3.7426284129980134,7.351878643035889,180.0
1,2026-07-25T05:16:50.000549Z,75.46454183288273,12.178347353770954,86.87414809223264,4.748651531251325,4.443858481332183,0.04978330898134495,3.742295361446065,7.351878643035889,180.0
1,2026-07-25T05:16:51.000545Z,75.4645427483874,12.178347651439488,87.04734964575619,4.748651531602008,4.451022966237505,0.059403326408428596,3.742368891515527,7.351878643035889,180.0
1,2026-07-25T05:16:52.000541Z,75.46454307033096,12.178347754818208,87.07504093367606,4.748651533500357,4.438902229507685,0.12746922797833504,3.7432586164130472,7.351878643035889,180.0
1,2026-07-25T05:16:53.000537Z,75.4645451322183,12.1783543027957,87.33940510917455,4.748651550336705,4.42110376254607,0.7234328107071891,3.7426746547418994,7.351878643035889,180.0
1,2026-07-25T05:16:54.000534Z,75.46454751752677,12.178370247093055,87.51046944502741,4.74865157971666,4.412410288986358,1.7007695896781254,3.7421021446942344,7.351878643035889,178.21841524643375
1,2026-07-25T05:16:55.000529Z,75.46455050000122,12.178392854883139,87.75471683125943,4.7486516235641245,4.698636272397568,2.4599881087843514,2.5335031813620548,7.351878643035889,83.25327529580404
1,2026-07-25T05:16:56.000526Z,75.464554541031,12.178426737772776,87.90653677657247,4.7486517000339905,5.078070438275611,3.495733759886033,2.3980874991178895,5.953379503764015,54.682214532460705
1,2026-07-25T05:16:57.000522Z,75.4645573552175,12.178465324265286,88.03159947693348,4.7486517463789975,5.270155026734203,4.017322076806358,2.3176065596515896,4.80333686657599,45.96203184354178
1,2026-07-25T05:16:58.000518Z,75.4645591079472,12.1785005824204,88.30653387587517,4.748651742700104,5.326083865763343,3.957687537523123,2.3395379126986695,3.561624175600758,46.54960377115787
1,2026-07-25T05:16:59.000515Z,75.46455970075242,12.178543199966047,88.52241263724864,4.748651786944866,5.365703914820386,4.49605394779236,2.2781306840924316,2.0266447010115898,39.688843986493296
1,2026-07-25T05:17:00.000511Z,75.4645571377013,12.178589237403894,88.59199690259993,4.748651840666901,5.388714020046499,4.9798951062309085,2.2104086542637043,359.7905564649374,33.65740954648924
1,2026-07-25T05:17:01.000507Z,75.46455420774642,12.178640017658209,89.1418763846159,4.74865190140164,5.397939747702964,5.520911748107756,2.165840947118832,357.8730676014437,30.16255570477244
1,2026-07-25T05:17:02.000503Z,75.46454879643044,12.178695982957203,89.425267229788,4.748651955277487,5.486273674069307,6.135482276298043,2.1102967327102795,356.4492321800215,26.823733396618092
1,2026-07-25T05:17:03.000500Z,75.46454186249599,12.178756153291774,89.57912878599018,4.74865200386644,5.581707283734873,6.65001844846515,2.0653003294419903,355.9480218874455,24.464733761177598
1,2026-07-25T05:17:04.000495Z,75.46453972032161,12.178820238170442,89.90690070670098,4.7486519964595955,5.568065875846759,7.057178092025239,2.0291457388202816,356.8804722642225,22.4955480907159
1,2026-07-25T05:17:05.000493Z,75.46453973064537,12.178880357222635,90.18451317586005,4.74865192701661,5.504160437921439,6.7175806226991615,2.05162015987419,358.0833952014017,24.300161599064328
1,2026-07-25T05:17:06.000488Z,75.46453837477961,12.17894264299758,90.23257789574564,4.748651934096237,5.66126504621579,6.88471683163825,2.042765037830685,358.8351380665323,23.537019706460228
1,2026-07-25T05:17:07.000484Z,75.46453803680319,12.179008133261211,90.28842513822019,4.748651967796752,5.6812487105353195,7.122271533771098,2.024441908226711,359.6102655028708,22.402792620167137
1,2026-07-25T05:17:08.000481Z,75.46454097603724,12.179075104531362,90.42611466627568,4.748651991104901,5.636074343459113,7.4082271984786106,1.987131420260519,0.6642681959187448,21.52026412411579
1,2026-07-25T05:17:09.000477Z,75.46454153433848,12.179146179947727,90.37159347813576,4.748652014089927,5.56557053975723,7.809307383252193,1.9790430311670175,359.87964164932527,20.532269366740906
1,2026-07-25T05:17:10.000473Z,75.46453926496055,12.179221759673398,90.38500756490976,4.748652074911466,5.561941714244955,8.253553469898284,1.9500201988140171,358.4560348940006,19.118072758509104
1,2026-07-25T05:17:11.000469Z,75.46453498751747,12.179298653968216,90.80432889331132,4.748652113220987,5.565207484123978,8.563281441266234,1.9289084836308663,356.98328688825967,18.070873786800306
1,2026-07-25T05:17:12.000466Z,75.46452733884189,12.179376375859897,91.188680306077,4.748652142573957,5.549657350344705,8.775146454556253,1.9172278178952944,355.3104677488245,17.54008003424165
1,2026-07-25T05:17:13.000463Z,75.4645170177268,12.179456666819723,91.31035871244967,4.7486521890469024,5.528338603466062,8.993936517607374,1.9099612375533217,354.0964790438724,17.07504224654411
1,2026-07-25T05:17:14.000458Z,75.46450590735549,12.179539214350529,91.51881105080247,4.748652210598853,5.486694652003897,9.189710227289122,1.8953629972312906,353.30654930388096,16.60185385972985
1,2026-07-25T05:17:15.000456Z,75.46449835743039,12.179626604656287,92.15407650358975,4.748652219436753,5.4448984245175085,9.541772435666335,1.8761819024060382,353.8252141971762,15.585078720661803
1,2026-07-25T05:17:16.000450Z,75.46448837403787,12.179711567261426,92.55375734064728,4.748652249599382,5.503593957223792,9.586195353783124,1.87147430394675,353.88394278696273,15.269374848480071
1,2026-07-25T05:17:17.000447Z,75.46448129379323,12.17979812376972,93.2882311148569,4.748652260719057,5.539167583971441,9.59476302427957,1.8649948480350476,354.5476881106308,15.215947086905595
1,2026-07-25T05:17:18.000443Z,75.46447735629312,12.179881985458582,93.93483056686819,4.748652201883836,5.525706295575384,9.21416226847255,1.9030157741813698,356.32464336223774,16.356963784492535
1,2026-07-25T05:17:19.000440Z,75.46447863386679,12.179960510515551,94.4804350445047,4.748652104105817,5.481417609493117,8.680253305659253,1.9039836214192847,358.7029213060243,17.291165455568116
1,2026-07-25T05:17:20.000437Z,75.46448544306487,12.180038159116654,94.87868861295283,4.748652032149743,5.447516662886346,8.559127738003523,1.9194956049134877,1.616664116284885,17.817221799121494
1,2026-07-25T05:17:21.000433Z,75.4644962340903,12.180116820894709,95.23485608305782,4.7486519611764875,5.590420892028431,8.59522834851611,1.9249745152516027,4.925276302528202,18.002015162019664
1,2026-07-25T05:17:22.000429Z,75.46451065615334,12.18019557769875,95.03204308915883,4.7486518936054365,5.646234346056642,8.821228004446654,1.9162010884903091,8.244385241839572,17.57562218462382
1,2026-07-25T05:17:23.000426Z,75.46452552596179,12.180276448929158,94.84554091002792,4.748651827563221,5.66817269602019,9.035709525116047,1.8863753196155626,9.461065390939895,16.908257714494518
1,2026-07-25T05:17:24.000422Z,75.46454165902195,12.18035489876239,94.72920154314488,4.748651850153998,5.620383835774031,9.057553832015921,1.890564016287757,10.441616742685694,16.89967607955207
1,2026-07-25T05:17:25.000418Z,75.46455683695801,12.18043405797975,95.00200366787612,4.748651797630353,5.527261704667573,8.895293117704163,1.9201190179539136,10.715487586915824,17.39872829402366
1,2026-07-25T05:17:26.000414Z,75.46457298572433,12.180517444521161,95.49620072823018,4.748651774430788,5.580948403911854,8.998756598185423,1.903166005700929,10.76555336321483,16.929379924067128
1,2026-07-25T05:17:27.000411Z,75.46458558931285,12.18059269110984,96.07300930749625,4.748651768651998,5.5595700614100645,8.527300504060676,1.925167722924733,9.93662738632958,17.797578374579366
1,2026-07-25T05:17:28.000407Z,75.46459843385439,12.180662946333666,96.66358808521181,4.7486517441296705,5.4214338755486375,7.877271661617224,1.9815253964565127,10.559992332784566,19.759801905625466
1,2026-07-25T05:17:29.000404Z,75.46461565951383,12.18072966638806,97.08849353902042,4.748651682619809,5.365644879061154,7.373273745433874,2.0104724211844656,12.910369671932015,21.40089934234274
1,2026-07-25T05:17:30.000399Z,75.46463330909356,12.180789085427882,97.5792367728427,4.7486516138689625,5.5871043928417015,6.769658466319205,2.048557480544201,15.274482210648703,23.726206902248453
1,2026-07-25T05:17:31.000396Z,75.46465363623265,12.180839840444474,98.0573238749057,4.748651615986475,5.605060398571167,5.703080085815184,2.1275182207268233,18.538829961573622,29.12557761493341
1,2026-07-25T05:17:32.000392Z,75.46467049233924,12.180873935566668,98.27552633639425,4.748651591498631,5.525641853051949,4.30255174857708,2.2676883833427364,21.836104182938556,40.509765573329084
1,2026-07-25T05:17:33.000389Z,75.46468487736617,12.180897272582014,98.07589144725353,7.914844119356129,5.5132880152622805,3.002832957399357,2.423414362657742,25.52960523944138,61.878448423503016
1,2026-07-25T05:17:34.001016Z,75.46468832399779,12.180905899750627,98.30620742682368,8.006581574692861,5.4384147191456265,1.4614342767351103,2.5293652946615475,16.568918228149414,116.65844938136931
1,2026-07-25T05:17:35.001021Z,75.46468745575879,12.180902029597616,98.72907535266131,8.039679069767734,4.6649573378613285,0.21463071939684153,3.7386396266322954,16.568918228149414,180.0
1,2026-07-25T05:17:36.001017Z,75.46468679567828,12.180899616151008,98.71147536952049,8.0473242940871,4.719558406654303,0.052144600149032216,3.7377993053293297,16.568918228149414,180.0
1,2026-07-25T05:17:37.001017Z,75.46468656712739,12.180898719939911,99.02514689136297,8.051977246430106,4.705042968086044,0.024107618803739357,3.7371107961178884,16.568918228149414,180.0
1,2026-07-25T05:17:38.001015Z,75.46468416848619,12.18090112395812,99.40844460763037,7.709629510054437,4.705405538424933,0.31694455530498683,3.74317605459374,16.568918228149414,180.0
1,2026-07-25T05:17:39.001006Z,75.46468943677704,12.180910849020465,99.79499777033925,7.964523134927801,4.728097984746689,1.2891506137750968,3.73010831006992,16.568918228149414,180.0
1,2026-07-25T05:17:40.000998Z,75.46469853454197,12.18092384426181,100.04949297662824,8.530529405522197,4.588659525335295,1.9138397925333819,3.737467230447054,16.568918228149414,157.92213429984045
1,2026-07-25T05:17:41.000992Z,75.46471382402798,12.180940641104657,100.58492487296462,9.648777129037097,5.0031697474479495,2.5826851753766924,2.5080683394534526,16.568918228149414,74.91076226712977
1,2026-07-25T05:17:42.000978Z,75.46473072075932,12.180960190265054,100.9941525356844,7.6532181886983714,5.162320773594445,2.964585552964895,2.4415225840189914,37.1735680114199,56.333417834701415
1,2026-07-25T05:17:43.000970Z,75.46474328285147,12.180977126691156,101.59712394326925,11.666796841844581,5.20146456640776,2.613251182064515,2.4883397445521434,38.00483244753575,59.85355580147779
1,2026-07-25T05:17:44.000963Z,75.46476215885008,12.180994661032447,102.10822258796543,8.367471471283723,5.177279217447117,2.8119302450330466,2.4674488844490856,40.36651230463374,51.57492519585808
1,2026-07-25T05:17:45.000946Z,75.46478294472722,12.181018016274864,102.18244040943682,8.609524778264543,5.229736209948427,3.1151303104761703,2.4362812993324585,41.365517054704775,52.53527565553323
1,2026-07-25T05:17:46.000940Z,75.46480596881885,12.181037279155717,102.5469846855849,9.247827226556371,5.140915981986322,3.4342335634097605,2.403627306380228,43.53029378571644,49.376721648987086
1,2026-07-25T05:17:47.000933Z,75.46483306873287,12.181063185768632,102.89022435061634,9.762891458476998,5.199463679201811,4.0892835131048555,2.3260461549855385,45.95991665343223,43.7897624623858
1,2026-07-25T05:17:48.000917Z,75.4648676932218,12.181088760209771,103.40934127476066,10.202639062222502,5.288050541816649,4.678714058893652,2.255752430950236,51.12414775187931,37.9670199866239
1,2026-07-25T05:17:49.000897Z,75.46490917969896,12.181103136532583,103.85196509771049,11.388256177024067,5.250377417771227,4.684448387359346,2.2433514283753406,63.301388636405655,38.395377336631626
1,2026-07-25T05:17:50.000880Z,75.46495440843866,12.18111626169154,103.55220564920455,12.140294085539335,5.261261650505097,4.958360331383216,2.2254342113949246,72.85648760545025,36.31609306865367
1,2026-07-25T05:17:51.000863Z,75.46500415280755,12.181118555756976,103.08784543909132,13.443250734251894,5.299489737650324,5.500025072622713,2.1721540057471773,83.7041592066867,32.00098173763698
1,2026-07-25T05:17:52.000846Z,75.46506007803409,12.181106140722484,102.93874163459986,13.997355590882448,5.364209320315073,6.2132773471337455,2.1093736277520905,95.41162532087478,27.48035850704457
1,2026-07-25T05:17:53.000831Z,75.46511834468916,12.181093785269658,102.72457280103117,14.263390704109996,5.4450528947939985,6.567235332951918,2.070934681543885,100.08723296651124,25.537096130585788
1,2026-07-25T05:17:54.000816Z,75.46517719913007,12.18108146024119,102.34830211289227,14.48836610925133,5.483831429132205,6.666050569604956,2.0645536174012893,101.78902012414214,25.065860904991528
1,2026-07-25T05:17:55.000802Z,75.46523758483562,12.18107236289284,102.01133362483233,14.313466403759694,5.403172026884846,6.686950634699321,2.057408996264526,99.23372193003172,24.888714279448312
1,2026-07-25T05:17:56.000789Z,75.46529386145217,12.181081474654995,101.7373674781993,14.984099399006682,5.086656894469452,6.367177407008099,2.082955661228943,84.47427976897067,26.45632996944164
1,2026-07-25T05:17:57.000775Z,75.46534067923798,12.181099202915702,101.61220931541175,4.748651812212028,4.839775003124098,5.882769932652486,2.130904190854541,70.37050242902649,29.279818728361757
1,2026-07-25T05:17:58.000764Z,75.46537845424098,12.181126420758812,101.3653890248388,4.748651763630649,4.622181898439053,5.671549616584082,2.153762156119315,53.55970074247357,30.61466211590154
1,2026-07-25T05:17:59.000751Z,75.46542065826753,12.181183323741534,100.84209310356528,4.748651733048473,4.619914977107257,6.633227297756669,2.0821540614804768,34.19212522751612,25.372690612355463
1,2026-07-25T05:18:00.000739Z,75.46545001956738,12.181250128000585,100.29868515394628,4.748651701010617,4.999146462312836,7.362648111164512,2.0170134827983834,18.61892649550352,22.182187451606424
1,2026-07-25T05:18:01.000729Z,75.46546122851112,12.181329984185009,100.25202259235084,4.748651580491886,4.96659825565508,7.982353082329941,1.9742583246961543,2.884776168593296,20.03864419587437
1,2026-07-25T05:18:02.000718Z,75.46546381019284,12.181413563634722,100.37871261034161,4.748651493686203,4.92441074666308,8.520576784959156,1.9411789363433498,355.8179104692385,18.44615342382394
1,2026-07-25T05:18:03.000708Z,75.46545309994656,12.181506131953702,99.81615377962589,4.748651453838539,5.209238708205227,9.232810187720677,1.897643103498756,351.9066725198903,16.617870824724044
1,2026-07-25T05:18:04.000697Z,75.46542705157756,12.181589252508218,99.81007927749306,4.748651469542696,5.733525561448169,9.514462151633419,1.8773268740780942,346.9485626187482,15.96710306572639
1,2026-07-25T05:18:05.000688Z,75.46538788217404,12.181671005340341,99.3818669365719,4.74865148126732,5.950445426249451,9.670014594307522,1.8709210451200384,338.9760083803958,15.603063062462592
1,2026-07-25T05:18:06.000679Z,75.46533754895539,12.181747450595688,98.81145707052201,4.748651451043894,6.0085761728975795,9.815142236235308,1.8621487410428754,330.7427304899124,15.20921849412797
1,2026-07-25T05:18:07.000670Z,75.46528481514947,12.181814287391886,98.47194522246718,4.748651437097081,5.939268725887433,9.327990162051462,1.8674288353936452,324.4345760172745,16.101224470671276
1,2026-07-25T05:18:08.000661Z,75.4652303547233,12.18187964863957,97.65101696643978,4.748651430396796,5.70132253791333,9.066291810612753,1.8905169361837773,321.2290926913762,16.624131380219694
1,2026-07-25T05:18:09.000652Z,75.46517767058106,12.18194014396345,96.81946929823607,4.748651432585594,5.512102372003344,8.892548485502498,1.9186838158427342,319.8069267591831,17.046896916189166
1,2026-07-25T05:18:10.000644Z,75.46512914146706,12.182003804611492,96.10243255645037,4.748651435693335,5.31761571233755,8.843755849958933,1.9156092310968582,322.718228948724,17.166214552573187
1,2026-07-25T05:18:11.000636Z,75.46508972614065,12.18207717702448,95.62897006515414,4.74865147983307,5.107216259902591,8.849138631476732,1.9161400690580235,331.9160431548385,17.49269508112706
1,2026-07-25T05:18:12.000629Z,75.46506823904225,12.18215365126224,95.06605351343751,4.748651525044124,5.159747297665003,8.495965599448125,1.9333409362670098,341.6261325768052,18.377925564961515
1,2026-07-25T05:18:13.000620Z,75.46505805711787,12.182230207010358,94.84163911174983,4.748651646457457,5.391725147395554,8.318747451718924,1.9471111758331179,352.27166551704704,18.78848544296099
1,2026-07-25T05:18:14.000614Z,75.46507127975516,12.182304934269478,94.34771556500345,4.748651766067981,5.656899659906444,8.376801181687732,1.941528468360976,6.355693513638431,18.73590976382025
1,2026-07-25T05:18:15.000606Z,75.46509763360477,12.182376383307423,93.92645568028092,4.7486518100804975,5.678263406995513,8.3430648182309,1.9495060614982618,19.48537357247246,18.915742627521308
1,2026-07-25T05:18:16.000599Z,75.46514466375834,12.182443274411819,93.53937376197428,8.962086773508057,5.675588708507474,8.549100768339231,1.9231193640358124,34.721156536324635,18.221093431327436
1,2026-07-25T05:18:17.000591Z,75.46520451988007,12.182505200402415,92.60468825511634,10.91859649887732,5.539420039040827,8.93570328676974,1.9401668156195668,46.701063247296275,17.584758277043626
1,2026-07-25T05:18:18.000585Z,75.46527240587845,12.182563300372905,92.15122462436557,11.094812637866823,5.509046414387833,9.429115325882211,1.8943237470798684,51.528903087780066,16.197310229834326
1,2026-07-25T05:18:19.000578Z,75.46534950925587,12.182623159977163,91.695626960136,10.30006770661945,5.573098786257946,10.086816481742973,1.8601744383564107,52.93224103649965,14.891752115824417
1,2026-07-25T05:18:20.000572Z,75.46542948960106,12.182686801278871,90.38897704798728,4.7486519715565905,5.581741577435502,10.428899752012327,1.8412885552498923,51.4991369411934,14.281827931783756
1,2026-07-25T05:18:21.000565Z,75.46551238935552,12.182755495019801,89.78468078933656,4.748651871414903,5.581615187155467,10.935555671932718,1.8239413793912385,49.06729169283454,13.50008175745745
1,2026-07-25T05:18:22.000559Z,75.46557967710852,12.182833275148518,89.57880665641278,4.748651616696637,4.273408612358276,11.092643819542177,0.3079379170268903,43.25764067910704,7.254075597567822
1,2026-07-25T05:18:23.000553Z,75.46564079322444,12.182910995205328,89.272596267052,4.748651541622378,4.234357642037372,10.667366543348331,0.3078299383937253,38.389873395806475,7.253168859017527
1,2026-07-25T05:18:24.000546Z,75.46569794943301,12.182989486079581,88.58754360489547,4.748651449501412,4.2181806781990705,10.202609498891052,0.3079887932862324,33.64215534710678,7.25860459077648
1,2026-07-25T05:18:25.000541Z,75.46574991231988,12.183073643713987,88.32647339720279,4.748651404566066,4.180059822316861,10.141439453535206,0.3035668903786483,28.812276373572686,7.258832308103909
1,2026-07-25T05:18:26.000534Z,75.46578943740558,12.183159484549089,88.8470386583358,4.748651377602206,4.150862440820699,10.113489388572727,0.30798529500988586,22.648198371875022,7.258676176774218
1,2026-07-25T05:18:27.000529Z,75.46582473060151,12.183243042486076,88.91884975228459,4.748651367049526,4.107667130174684,9.67047383601232,0.30798592482154236,19.627836206693363,7.25876597042295
1,2026-07-25T05:18:28.000522Z,75.4658541425475,12.183325295354493,90.00648179464042,4.748651400901726,4.05165282765698,9.365509746189371,0.30800036956168964,21.391756060092856,7.258887187162055
1,2026-07-25T05:18:29.000517Z,75.46588599748902,12.183398903325918,89.81331709492952,4.748651470076373,4.058152888062633,9.071369237868616,0.30799586957764774,25.81801767187663,7.258853695532631
1,2026-07-25T05:18:30.000512Z,75.46592400836212,12.18347239027988,89.92046146746725,4.74865151706764,4.130301627659884,8.960675418902166,0.3045112837191598,30.59250540913898,7.25848926543418
1,2026-07-25T05:18:31.000506Z,75.46597058108857,12.183545217484347,89.82854236476123,4.748651555501439,4.1432472334903,9.40913586600722,0.30183400250444997,32.6443266129199,7.256026298136382
1,2026-07-25T05:18:32.000500Z,75.46601982985139,12.183621548437722,89.26989478152245,4.748651577178517,4.134561548741317,9.857086444749688,0.2874293054384761,31.425724979813683,7.25609675105374
1,2026-07-25T05:18:33.000495Z,75.46606933576273,12.183708094765509,88.48661121539772,4.748651582918566,4.078217975942095,10.503891398205214,0.2606573268301075,27.53714188946036,7.385225671196061
1,2026-07-25T05:18:34.000490Z,75.46611103062378,12.18379934108935,87.84163742046803,4.7486515398896145,4.042629892623963,10.88733113271049,0.2817800258568688,21.763494029199638,7.258335320488607
1,2026-07-25T05:18:35.000484Z,75.46614520698,12.183899873423725,87.3516658609733,4.748651485357976,4.0088781044797015,11.16623421359318,0.27638591332113693,14.948740833207815,7.257896295966533
1,2026-07-25T05:18:36.000479Z,75.46615845981455,12.184002750081284,87.47242133878171,4.748651460320333,4.001380311132038,11.186325424959998,0.2903344054679412,7.5590139112528245,7.258052403982414
1,2026-07-25T05:18:37.000473Z,75.46616409137572,12.184107807549994,87.46028454694897,4.748651454000102,3.982383165546126,11.332858745722287,0.295834880148422,4.2538874644090585,7.258232097442651
1,2026-07-25T05:18:38.000467Z,75.46616795652729,12.184210376113711,87.53081395011395,4.748651479050437,4.026431451418809,11.033503516510889,0.30593141485915504,4.581382323339215,7.258792465306099
1,2026-07-25T05:18:39.000463Z,75.46617703633223,12.184311846680295,87.09366590622813,4.748651471943073,4.075560090997729,10.83895993484212,0.3042084194624291,6.645445491712123,7.258333643352974
1,2026-07-25T05:18:40.000458Z,75.46618836057304,12.184406329963092,86.86791245825589,4.748651446881423,4.1258787028326065,10.567626712285458,0.30514129326485656,7.826717753883783,7.258638326486003
1,2026-07-25T05:18:41.000452Z,75.46620036564592,12.184500756188765,86.74168211221695,4.748651445375439,4.162257501198365,10.253611388658001,0.30085186290194077,7.516408424448042,7.258505744064698
1,2026-07-25T05:18:42.000448Z,75.46620786069552,12.184591288224206,86.34338756836951,4.7486514124267485,4.070174226261255,10.027905767331477,0.3045085943608278,6.224146016433786,7.258851701314151
1,2026-07-25T05:18:43.000443Z,75.46621294025438,12.184682500101514,86.30155322793871,4.7486514517952605,4.054694364726402,9.8902193389096,0.305140173008692,3.091243276801241,7.258901606014953
1,2026-07-25T05:18:44.000437Z,75.466213247476,12.184771205877835,86.27108526602387,4.748651457729395,4.060243473369161,9.757737556226877,0.3064100260676145,359.57371853513723,7.258949313983161
1,2026-07-25T05:18:45.000432Z,75.46621384763296,12.18485716349255,86.44166175182909,4.748651466127571,4.050779949106987,9.50492725463268,0.3035281116331654,357.4721661638194,7.258897286147921
1,2026-07-25T05:18:46.000427Z,75.46621578021794,12.184938552739252,86.50870276335627,4.748651500865115,4.042719383860701,8.87799190231683,0.295525806753817,358.95267481663626,7.631088640436477
1,2026-07-25T05:18:47.000422Z,75.4662167770999,12.185007063857755,86.48506143689156,4.748651530921416,4.024368052716332,7.692786122710964,0.28817998972691644,359.95587176173456,11.750777917865245
1,2026-07-25T05:18:48.000417Z,75.4662213272558,12.185059551261297,86.55496472399682,4.748651540975077,3.993080377490391,5.9698277005216775,0.308015711823456,1.792111647691169,16.33661225884821
1,2026-07-25T05:18:49.000411Z,75.46622858354561,12.18510040050661,86.45719730108976,4.748651545849136,3.9691765821311855,4.407739994791712,0.3037556971352532,3.9831330335513058,21.97942438795773
1,2026-07-25T05:18:50.000407Z,75.46623328949458,12.185124187584103,86.57278102636337,4.748651545450433,3.9789921376421304,2.641115671539684,0.30265433379463047,7.003847794091473,32.99575195617284
1,2026-07-25T05:18:51.000401Z,75.46623672409115,12.185133206620554,85.95740398019552,4.748651537230726,3.9301859808935378,0.9453131484416901,0.29668439139331904,1.7540228366851807,76.27969118703459
1,2026-07-25T05:18:52.000398Z,75.46623872647216,12.185134844451778,85.50431633647531,4.748651534038257,3.882189055904807,0.49165943071089563,0.3077725010669459,1.7540228366851807,50.76211536504482
1,2026-07-25T05:18:53.000392Z,75.46623788732865,12.185133194727763,85.85129186045378,4.7486515316885365,3.8286489618908655,0.3391899920820414,0.3080023510271602,1.7540228366851807,73.58129975206364
1,2026-07-25T05:18:54.000387Z,75.46623699803547,12.18513262750393,86.0120218154043,4.7486515310222535,3.770350853433075,0.250731144138377,0.308014267638673,1.7540228366851807,99.54048954293062
1,2026-07-25T05:18:55.000382Z,75.4662374458096,12.185135286407421,85.87426268309355,4.748651531662971,3.776327815614228,0.5880980250576582,0.3080043427602442,1.7540228366851807,70.08933071705533
1,2026-07-25T05:18:56.000378Z,75.46624090179,12.185149741404137,85.92113652918488,4.748651533391049,3.8138770874796846,1.6991887459818937,0.30800399170523546,1.7540228366851807,17.993640349048174
1,2026-07-25T05:18:57.000372Z,75.46624843732563,12.185173304879292,85.83627795614302,4.748651534878643,3.752779148257621,2.6968767305788828,0.3074469189100537,1.7540228366851807,12.0099584160037
1,2026-07-25T05:18:58.000368Z,75.46625581842545,12.185198850542678,85.76912664063275,4.748651532174168,3.696301145550534,3.2751691454509815,0.30597016574073993,13.046174653273061,13.871216941308425
1,2026-07-25T05:18:59.000362Z,75.46626831099776,12.185235073597353,85.47579047828913,4.7486515497212345,3.6807382918160814,4.293131916347072,0.30012227545339326,16.636081243156326,10.584163841248193
1,2026-07-25T05:19:00.000358Z,75.46628436736403,12.185280100694458,84.97977867722511,4.748651560348277,3.6466218129245984,5.380850337986442,0.291589980915133,19.71052649463913,11.550498667732112
1,2026-07-25T05:19:01.000353Z,75.46630376024521,12.185327158368564,84.56023108679801,4.748651553914074,3.6241982263536827,5.876762516026677,0.29788786790796756,21.032818562628933,9.32826724527299
1,2026-07-25T05:19:02.000348Z,75.46632997987113,12.18538596811995,84.1531242383644,4.748651549545851,3.600940923792805,6.856175975985772,0.2962009405339808,21.857851382290693,8.710712621560726
1,2026-07-25T05:19:03.000344Z,75.46635710618256,12.185449694491833,84.00261003896594,4.748651545103256,3.5915096062611225,7.517835613106495,0.2999461046018243,22.394126162354546,7.367570676202688
1,2026-07-25T05:19:04.000338Z,75.46638564663444,12.185511721182978,83.58065107651055,4.748651540513078,3.5811910749751386,7.699776321085336,0.3034994661069706,24.490028082473955,7.257696191654197
1,2026-07-25T05:19:05.000334Z,75.46642260045657,12.185572794786356,83.4735026853159,4.748651537124124,3.573934346738005,8.21389916304266,0.3037852493306039,29.007124813759653,7.608148103671159
1,2026-07-25T05:19:06.000329Z,75.46647175962866,12.185634521526643,82.77148649189621,4.748651564111996,3.5534412395766672,8.763067265489013,0.29641632137424834,37.89592441651108,7.254008317138919
1,2026-07-25T05:19:07.000324Z,75.46653085666435,12.185696028886689,81.64858267363161,4.748651592870583,3.5377284329932848,9.531233930460845,0.2600422248214237,47.50055143779532,7.295231328471726
1,2026-07-25T05:19:08.000319Z,75.46659617812362,12.185744324635138,80.83948636706918,4.748651595267623,3.5068273228133244,9.509330635022593,0.27889859234522363,57.1163030027077,7.5597440239567515
1,2026-07-25T05:19:09.000315Z,75.4666692747063,12.185779086132024,80.05572753679007,4.748651598136549,3.5131260412031384,8.932174706102737,0.2964128203254916,65.17225461043671,7.247946734686305
1,2026-07-25T05:19:10.000309Z,75.46673763365736,12.185811380091476,79.2875358145684,4.748651598779906,3.516378250334725,8.30355129258319,0.3039651147839882,67.73713488728879,7.244282873080716
1,2026-07-25T05:19:11.000305Z,75.4668035174094,12.185839574987115,78.58479682542384,4.748651593878211,3.5221887684594138,7.887855665578813,0.2735241241111228,65.51834182495055,7.248112036859266
1,2026-07-25T05:19:12.000301Z,75.46686281968111,12.185872915498507,78.23214550036937,4.748651611803973,3.5652151565960644,7.395247346638839,0.2654665509909016,59.0423839520545,7.244116974572382
1,2026-07-25T05:19:13.000296Z,75.4669197569588,12.18591658946003,77.29663258697838,4.748651598038393,3.6289374621376096,7.575339643513461,0.27379086319008733,50.556630511186555,7.243291341326598
1,2026-07-25T05:19:14.000291Z,75.46696711425257,12.185967965153315,76.14159224927425,4.748651564076156,3.6521692920913478,7.569245007075236,0.29065491508743413,40.780233958896694,7.243917229290333
1,2026-07-25T05:19:15.000286Z,75.46700646203611,12.186027494107982,75.44967727456242,4.748651518877454,3.6960668072908596,7.782085719881064,0.2930068473893655,29.731379261476444,7.246556558975029
1,2026-07-25T05:19:16.000282Z,75.46703332273836,12.186095868119011,74.46691326517612,4.748651459122812,3.73280024020947,8.328165382597719,0.2840811898238267,17.349942586307364,7.251856081954391
1,2026-07-25T05:19:17.000277Z,75.46704202519687,12.186171435768005,73.73637552186847,4.748651425013061,3.7261259897848658,8.586736792270592,0.2798073646221899,6.884310066857906,7.256032321115014
1,2026-07-25T05:19:18.000272Z,75.46704709729842,12.186257953141093,73.2876057960093,4.7486514565242155,3.8102651491982766,8.63400406621291,0.29248575573570745,3.966618480298245,7.247124808105353
1,2026-07-25T05:19:19.000268Z,75.46704485346208,12.186338555023012,72.6456807013601,4.748651464379543,3.859689994735831,8.414548954323122,0.28627131544333867,2.984131795624638,7.249195471464937
1,2026-07-25T05:19:20.000263Z,75.46704713105022,12.186420438362154,72.21974024735391,4.748651443170388,3.8788254543483904,9.15726821202035,0.2719634304289622,3.4971031980846687,7.839628868781382
1,2026-07-25T05:19:21.000258Z,75.46705222285397,12.186493678041732,71.43890044651926,4.74865146090631,3.9131260781471737,8.18865326064568,0.2711113388266598,5.2200094661475,7.239897648903628
1,2026-07-25T05:19:22.000253Z,75.46705465421766,12.186567492565713,70.6616584751755,4.748651478659322,3.951573027787649,8.114930629495758,0.29881052918257256,6.122276425822292,7.234235574360507
1,2026-07-25T05:19:23.000249Z,75.46705841681377,12.18662910581661,70.20745984371752,4.7486514846719565,3.956058992600711,7.043056601252611,0.2697454368995541,7.2650199140194145,9.379954130622767
1,2026-07-25T05:19:24.000244Z,75.46706604819903,12.186676846518118,69.69562582019717,4.748651486025835,3.9624787391304688,5.637343103944562,0.28787042812968966,8.238954389763403,10.598158342610256
1,2026-07-25T05:19:25.000239Z,75.4670729559403,12.186710699020603,68.78994416818023,4.748651484206938,3.99035253620469,3.7674975620711537,0.297045883659802,8.303111434284315,14.462100988456491
1,2026-07-25T05:19:26.000234Z,75.46707825604408,12.186729182934409,68.88277811277658,4.74865150146455,4.000123202499189,1.9838174344136685,0.3067393727993986,9.215242290106424,18.505454492664697
1,2026-07-25T05:19:27.000230Z,75.46708147338894,12.186732929387052,69.36181456781924,4.748651524424946,3.9930517707101587,0.3929911601565736,0.307833723887815,27.970617294311523,180.0
1,2026-07-25T05:19:28.000225Z,75.46708321771565,12.186735078382174,69.5795421730727,4.7486515292467,4.042368207434817,0.07296503828772297,0.30786262728889324,27.970617294311523,180.0
1,2026-07-25T05:19:29.000221Z,75.4670848969263,12.186734692164881,69.86175730451941,4.7486515290425295,4.0671860970932014,0.08020911074101118,0.30785065905605913,27.970617294311523,180.0
1,2026-07-25T05:19:30.000216Z,75.46708579206077,12.186735095207556,70.06560413353145,4.7486515281214094,4.034519291835991,0.15289018088746414,0.3074963626820424,27.970617294311523,180.0
1,2026-07-25T05:19:31.000212Z,75.46708656906948,12.186733289169752,69.80722116213292,4.748651530191761,3.987141665244777,0.0,0.3080040924815018,27.970617294311523,180.0
1,2026-07-25T05:19:32.000206Z,75.46708656906948,12.186733289169752,69.80722116213292,4.748651530191761,3.938248536024556,0.0,0.3080040924815018,27.970617294311523,180.0
1,2026-07-25T05:19:33.000202Z,75.46708866289133,12.18674055218198,69.25175049249083,4.748651516648477,3.9336300770585733,0.9914009167912147,0.30785203001131467,27.970617294311523,180.0
1,2026-07-25T05:19:34.000197Z,75.46709422926492,12.18675700581353,69.32212492451072,4.748651503628653,3.934336721323267,2.0792650709653393,0.30801341211482514,27.970617294311523,180.0
1,2026-07-25T05:19:35.000192Z,75.46710168003969,12.186783500722223,69.24661812838167,4.7486514963670565,3.8952569822134495,3.283072653380046,0.3079963433924398,11.852585679634807,13.370898987855336
1,2026-07-25T05:19:36.000188Z,75.46711062640625,12.186813153504723,69.18554165121168,4.748651497310122,3.8666521423980025,3.4671724860841144,0.308003045912054,13.558682472332425,8.965521616066761
1,2026-07-25T05:19:37.000183Z,75.46711839900115,12.18685083118132,69.26843335665762,4.748651491094155,3.8967765995601145,4.028105704265509,0.3080053923629709,13.809596730129584,10.190248938034747
1,2026-07-25T05:19:38.000178Z,75.46712987529567,12.186894573008155,69.13310691621155,4.7486514804825575,3.9078415222440257,4.774575741602566,0.30800136205841266,14.82976250541665,8.988802853975901
1,2026-07-25T05:19:39.000173Z,75.46714290620446,12.18694192822892,68.92268303316087,4.74865148063603,3.903262554585066,5.570639791775953,0.30801045998591803,15.804782783232108,10.08669231193882
1,2026-07-25T05:19:40.000821Z,75.46715829796737,12.18698885401703,69.0196241196245,4.748651489470363,3.892715458139911,5.385693858344748,0.30800782977566254,16.25032394519378,7.258905207308021
1,2026-07-25T05:19:41.000826Z,75.46717167120956,12.187039242177919,68.70855332538486,4.748651505244241,3.8648448417331345,5.799604186822268,0.3080001115411414,16.129059377912473,7.258855654992691
1,2026-07-25T05:19:42.000821Z,75.46718492611542,12.187090863610264,68.4050055546686,4.748651512707787,3.856311379041281,5.737347159010715,0.3079287343904779,15.47611071354407,7.258386397594075
1,2026-07-25T05:19:43.000820Z,75.46719846819641,12.18714372369516,68.15054791141301,4.748651517394145,3.826435448800988,5.79713203556205,0.30801515358074183,16.077386767218183,7.258969588170555
1,2026-07-25T05:19:44.000818Z,75.46721526589933,12.187195792174187,67.65657580830157,4.748651605524088,3.8290680189288326,6.1040690387196905,0.30144408000112366,18.005301021556313,8.422393833539676
1,2026-07-25T05:19:45.000807Z,75.46722821368105,12.187253698551332,67.35916284937412,4.748651619686757,3.823872292931107,6.518307670018966,0.3079966343752481,15.305268159144527,7.258856656693361
1,2026-07-25T05:19:46.000805Z,75.46723611228747,12.187311983092245,66.95531360246241,4.748651590665891,3.8046694922274047,6.356024169999616,0.3079927669876618,7.215563290851585,7.258761110196555
1,2026-07-25T05:19:47.000803Z,75.46722969342777,12.187367817833458,67.08545827679336,4.748651592175337,3.8516143071126354,6.137519201622169,0.3079634127540051,351.5513891074574,7.258568595584284
1,2026-07-25T05:19:48.000792Z,75.46720700526025,12.187423423760185,67.4630429930985,4.748651617405738,3.8784386163840123,6.0819253220435705,0.3079396746723758,335.4614114627012,7.263790798846412
1,2026-07-25T05:19:49.000788Z,75.46716809943626,12.18747241515968,67.36702488269657,4.748651657590947,3.895686580914831,6.454484328828323,0.3079940148371987,321.53541754205094,7.258810825482757
1,2026-07-25T05:19:50.000784Z,75.46711942631009,12.18751960841523,67.32509827334434,4.748651690743754,3.894362422981466,7.038375101230262,0.3079637262771265,314.62057522376506,7.258974404090175
1,2026-07-25T05:19:51.000769Z,75.4670658993614,12.187565000478097,67.34073586668819,4.7486517204906695,3.9312847375949254,7.388083531147663,0.30656830104600513,311.6000795397891,7.277292358031852
1,2026-07-25T05:19:52.000761Z,75.46701060506486,12.18761045467386,67.78456671908498,4.74865172835696,3.928296860669791,7.8607336157654,0.3079963753864297,311.8878124296869,8.030267846260395
1,2026-07-25T05:19:53.000751Z,75.46695225884,12.18765639204768,67.91590872872621,4.748651728685986,3.912874497628056,8.199144109125056,0.30786064140634123,311.2833999401029,8.012289444866154
1,2026-07-25T05:19:54.000738Z,75.46689295201341,12.187701864378168,68.3237056909129,4.748651721649928,3.9073069321332725,8.148031196242934,0.3074768623588737,311.6631818053653,7.886102457006116
1,2026-07-25T05:19:55.000723Z,75.4668382491555,12.187752738261112,68.92937192413956,4.748651697400897,3.8652205624265634,8.174551041576422,0.3070204772642673,314.695678940611,7.252329968479604
1,2026-07-25T05:19:56.000710Z,75.46678732941072,12.187801580300595,68.90829043556005,4.748651669712088,3.805874307302932,7.753548479092641,0.3066586984227124,317.9475299342174,7.242816006306476
1,2026-07-25T05:19:57.000696Z,75.46674198707072,12.187852230919429,69.4199779164046,4.7486516500398706,3.77506595800106,7.4074844458428855,0.3062045923781433,322.0702914641107,7.233612574982476
1,2026-07-25T05:19:58.000684Z,75.46670289526901,12.18790482689158,69.8194821504876,4.748651653604502,3.7770600647052226,7.069602614863454,0.3075110732580345,328.6512970265603,7.251656271996961
1,2026-07-25T05:19:59.000672Z,75.46667227556505,12.18795957362444,69.81037247460335,4.7486516457823456,3.765758244123992,6.807656255264085,0.30752083811330483,336.6541445514839,7.251265532062737
1,2026-07-25T05:20:00.000661Z,75.46665279799845,12.188020787089387,69.80678226426244,4.748651650050471,3.7755380017143616,6.927679734257448,0.30762652644458416,345.6780223440621,7.2530298806202245
1,2026-07-25T05:20:01.000648Z,75.46664516744481,12.188084779952245,69.67896468751132,4.748651649188914,3.7683820670193273,7.035876493244719,0.30790188897537807,354.06531709571857,7.257333006322439
1,2026-07-25T05:20:02.000637Z,75.46664493060275,12.188152093400829,69.59563873894513,4.748651653726494,3.749919057791785,7.439450964668698,0.30591072416364273,0.357597897295502,7.25884476944565
1,2026-07-25T05:20:03.000627Z,75.46664960994174,12.188220605831628,69.90045185480267,4.748651656331815,3.740151314105829,7.576849005790079,0.30473817305476736,5.20611674067401,7.258699775803522
1,2026-07-25T05:20:04.000617Z,75.46666065408893,12.188289151580417,69.99748992640525,4.7486516548657445,3.716302010744855,7.728047238144558,0.3059465897713286,10.211208261241225,7.258778259176176
1,2026-07-25T05:20:05.000607Z,75.46668294595067,12.188362159029795,69.95076786633581,4.748651669899057,3.708144714299166,8.234171216919401,0.3016920815585209,17.1895380899021,7.731604083681586
1,2026-07-25T05:20:06.000597Z,75.46670934064502,12.188430180026913,70.14270117599517,4.748651667430715,3.675733533258057,8.28981267230837,0.30801545152946225,24.194969424772417,7.258972467006485
1,2026-07-25T05:20:07.000587Z,75.4667380570189,12.188493109006611,70.82211425248533,4.748651663455307,3.6537439019290985,8.223440081959714,0.308013694047308,28.576142204732204,7.258956164441874
1,2026-07-25T05:20:08.000578Z,75.46677150360833,12.188557176980353,71.2434843396768,4.7486516673756665,3.61997528988919,8.123379532590588,0.30799177048559023,29.538259267125024,7.258791925017317
1,2026-07-25T05:20:09.000569Z,75.46680193881677,12.18861914100583,72.08649959787726,4.748651644958307,3.590696330641159,8.032572435855863,0.30770636055844175,28.918920713222516,7.256447320280745
1,2026-07-25T05:20:10.000561Z,75.46683708507356,12.188676826397014,73.01038290187716,4.748651620088867,3.5885219947990645,7.535901553224349,0.3072966941639936,27.480779070282978,7.25233875581928
1,2026-07-25T05:20:11.000552Z,75.46687119215649,12.188737832378587,74.1955909235403,4.748651609722668,3.634456812505111,7.1138287700686424,0.3073489022597547,24.466008919825235,7.85673880815256
1,2026-07-25T05:20:12.000543Z,75.4669011337203,12.188791700420918,75.53790721204132,4.748651616404529,3.6601582055065984,6.786427737048006,0.307773051282966,21.002683392755547,9.283626867446374
1,2026-07-25T05:20:13.000535Z,75.46692409989976,12.188841210061348,76.57920183707029,4.74865160318342,3.653463809071183,5.939646983384403,0.3077113763057372,19.365015220960956,10.741144066769744
1,2026-07-25T05:20:14.000527Z,75.46694849571634,12.188886411380645,77.89109218586236,4.748651609618369,3.6299907708584325,5.523466115213002,0.3078346530884751,19.876489204736416,11.722204460929953
1,2026-07-25T05:20:15.000519Z,75.46696731347835,12.18893157330846,78.23978528752923,4.7486516187385055,3.702830491109092,5.323573845724416,0.30800135230513126,19.63236567137344,10.445199040644678
1,2026-07-25T05:20:16.000513Z,75.4669820485476,12.188972708609144,78.52987443562597,4.748651607402212,3.6757743093773945,4.861317802470034,0.30799863506371644,17.120119208939034,11.253700704826493
1,2026-07-25T05:20:17.000505Z,75.4669971319353,12.189015944462612,78.87711278256029,4.748651605917671,3.665180927044854,5.0047671486038565,0.3079893485170204,14.607361663922227,8.559800374166262
1,2026-07-25T05:20:18.000497Z,75.46701462672264,12.189060826029877,79.18377431016415,4.74865160651827,3.6376911110602435,5.34668500353796,0.30798433722015267,14.279587223898574,7.508106484717718
1,2026-07-25T05:20:19.000489Z,75.46702596293014,12.18910565277074,79.49916694220155,4.748651600603582,3.6192035859946996,5.249080752952898,0.30792411302665745,10.851819424174453,7.44737417664251
1,2026-07-25T05:20:20.000483Z,75.46703506235937,12.189149091712242,79.38556985836476,4.748651597186922,3.5825947900070023,4.965439482310389,0.3078985129168309,8.760295184576554,7.686231703836771
1,2026-07-25T05:20:21.000475Z,75.4670484531174,12.189194106775481,79.39110552333295,4.748651587343898,3.5687477321273127,4.9280482591130745,0.3079143294153752,8.103293725371577,8.24580901963564
1,2026-07-25T05:20:22.000468Z,75.46705623031635,12.189239986451824,79.6494585024193,4.748651582414651,3.5549895696612053,4.886038361608127,0.30790889916288183,6.5277849031069275,8.269886193729597
1,2026-07-25T05:20:23.000461Z,75.46706286952546,12.189278618643964,79.64015048183501,4.748651578565235,3.543232504552688,4.246551076088052,0.307974657234436,3.7224808781084855,12.850655256948068
1,2026-07-25T05:20:24.000455Z,75.4670732076632,12.189311315314516,79.10803272388875,4.748651566562013,3.5073887346480035,3.5949852826725666,0.3080009933961275,358.82494117276326,16.215992697435254
1,2026-07-25T05:20:25.000448Z,75.46707726705188,12.189342800227642,79.17673148680478,4.74865155089782,3.5058050176270643,3.0744810776582536,0.3080150275379563,351.7637100494885,19.535209150881624
1,2026-07-25T05:20:26.000442Z,75.46707375258616,12.189371233089604,79.52230483852327,4.748651548329844,3.5558305686701863,2.618794108600032,0.29724653279111307,341.51651933534356,20.55670156040598
1,2026-07-25T05:20:27.000435Z,75.4670634845037,12.189399063410576,79.42116168979555,4.74865154626575,3.6196841585236315,2.584478928360479,0.2925211864432492,328.7425015811876,18.959623150678645
1,2026-07-25T05:20:28.000429Z,75.46705310630487,12.189419810750046,79.39346903190017,4.74865152908441,3.6593401320310104,2.44924527920686,0.28188861483049704,314.2423283513663,20.728059969401766
1,2026-07-25T05:20:29.000422Z,75.46703720958227,12.18943411462878,79.64978844858706,4.748651530452996,3.7522368765623804,2.466584673728147,0.2846793830156375,300.10055335500124,21.86445759746316
1,2026-07-25T05:20:30.000415Z,75.46702050408771,12.189443317382722,79.95721116475761,4.748651542413546,3.8732884063091046,2.184922550938404,0.29326435209284485,288.3231970428287,20.41482857324365
1,2026-07-25T05:20:31.000409Z,75.46700819393976,12.189447444246907,80.61808334384114,4.748651544724674,3.994956907271895,1.8809885388746777,0.299213967054729,272.0994567871094,20.686808695953992
1,2026-07-25T05:20:32.000403Z,75.4669966449778,12.189449750688352,81.0919295726344,4.748651552216952,4.035305302850361,1.634528811308402,0.3037456283176254,272.0994567871094,20.09831548537403
1,2026-07-25T05:20:33.000397Z,75.46698168507233,12.189451444547073,81.81472230516374,4.7486515655857,4.074658210762649,1.6647210027805286,0.30697534387712405,272.0994873046875,14.987513151101721
1,2026-07-25T05:20:34.000391Z,75.4669752479779,12.189455035153895,82.66053969971836,4.748651555796054,4.051861123031918,1.1403291844022538,0.30772943938913816,272.0994873046875,21.88646450910365
1,2026-07-25T05:20:35.000385Z,75.4669691090793,12.189457811088616,82.8537289602682,4.748651539656698,4.014430808183311,0.5752184538109625,0.30790121816523697,272.0994873046875,43.38834281051607
1,2026-07-25T05:20:36.000379Z,75.46696572324232,12.189460915618971,83.03593835700303,4.748651536586853,3.9617241887017975,0.3050458153285017,0.3075419811454918,272.0994873046875,180.0
1,2026-07-25T05:20:37.000373Z,75.46696162253227,12.189461717840901,83.194241351448,4.74865153462028,3.939253145421022,0.28105916344543197,0.30684604277789196,272.0994873046875,180.0
1,2026-07-25T05:20:38.000367Z,75.46696235118773,12.18946188926253,83.23449494503438,4.748651530191761,3.885725319861041,0.0,0.308015536883256,272.0994873046875,180.0
1,2026-07-25T05:20:39.000360Z,75.46696235118773,12.18946188926253,83.23449494503438,4.748651530191761,3.8770050032255514,0.0,0.308015536883256,272.0994873046875,180.0
1,2026-07-25T05:20:40.000355Z,75.46696235118773,12.18946188926253,83.23449494503438,4.748651530191761,3.8761164970111053,0.0,0.308015536883256,272.0994873046875,180.0
1,2026-07-25T05:20:41.000349Z,75.46696235118773,12.18946188926253,83.23449494503438,4.748651530191761,3.878545837764477,0.0,0.308015536883256,272.0994873046875,180.0
1,2026-07-25T05:20:42.000343Z,75.46696235118773,12.18946188926253,83.23449494503438,4.748651530191762,3.8574892171100124,0.0,0.308015536883256,272.0994873046875,180.0
1,2026-07-25T05:20:43.000337Z,75.46696235118773,12.18946188926253,83.23449494503438,4.748651530191761,3.832089297098109,0.0,0.308015536883256,272.0994873046875,180.0
1,2026-07-25T05:20:44.000331Z,75.46696235118773,12.18946188926253,83.23449494503438,4.748651530191761,3.811319978928906,0.0,0.308015536883256,272.0994873046875,180.0
1,2026-07-25T05:20:45.000326Z,75.46696235118773,12.18946188926253,83.23449494503438,4.748651530191761,3.7897867580856226,0.0,0.308015536883256,272.0994873046875,180.0
1,2026-07-25T05:20:46.000320Z,75.46696235118773,12.18946188926253,83.23449494503438,4.748651530191761,3.7731973328486133,0.0,0.308015536883256,272.0994873046875,180.0
1,2026-07-25T05:20:47.000315Z,75.46696235118773,12.18946188926253,83.23449494503438,4.748651530191761,3.7677407516743,0.0,0.308015536883256,272.0994873046875,180.0
1,2026-07-25T05:20:48.000309Z,75.46696235118773,12.18946188926253,83.23449494503438,4.748651530191761,3.7591865166816487,0.0,0.308015536883256,272.0994873046875,180.0
1,2026-07-25T05:20:49.000302Z,75.46696235118773,12.18946188926253,83.23449494503438,4.748651530191762,3.746975062563174,0.0,0.308015536883256,272.0994873046875,180.0
1,2026-07-25T05:20:50.000297Z,75.46696235118773,12.18946188926253,83.23449494503438,4.748651530191761,3.7341466270318575,0.0,0.308015536883256,272.0994873046875,180.0
1,2026-07-25T05:20:51.000292Z,75.46696235118773,12.18946188926253,83.23449494503438,4.748651530191761,3.7225312855336106,0.0,0.308015536883256,272.0994873046875,180.0
1,2026-07-25T05:20:52.000286Z,75.46696235118773,12.18946188926253,83.23449494503438,4.748651530191761,3.7083743160240994,0.0,0.308015536883256,272.0994873046875,180.0
1,2026-07-25T05:20:53.000280Z,75.46696235118773,12.18946188926253,83.23449494503438,4.748651530191761,3.696734618017129,0.0,0.308015536883256,272.0994873046875,180.0
1,2026-07-25T05:20:54.000274Z,75.46696235118773,12.18946188926253,83.23449494503438,4.748651530191762,3.681354008444716,0.0,0.308015536883256,272.0994873046875,180.0
1,2026-07-25T05:20:55.000269Z,75.46696235118773,12.18946188926253,83.23449494503438,4.748651530191761,3.674621766817709,0.0,0.308015536883256,272.0994873046875,180.0
1,2026-07-25T05:20:56.000263Z,75.46696235118773,12.18946188926253,83.23449494503438,4.7486515301917605,3.6680763206650635,0.0,0.308015536883256,272.0994873046875,180.0
1,2026-07-25T05:20:57.000257Z,75.46696235118773,12.18946188926253,83.23449494503438,4.748651530191761,3.65815757273286,0.0,0.308015536883256,272.0994873046875,180.0
1,2026-07-25T05:20:58.000252Z,75.46692674558085,12.189473251870139,83.96701761800796,4.74865153136112,3.654919336943192,0.08623986465410247,0.3080033787896143,272.0994873046875,180.0
1,2026-07-25T05:20:59.000247Z,75.46692613659359,12.18947395169233,83.68132304958999,4.748651531863354,3.6360601899814036,0.09443069660444241,0.30800306316101833,272.0994873046875,180.0
1,2026-07-25T05:21:00.000241Z,75.46692694898944,12.189473816476571,83.52574144862592,4.748651530191762,3.607378764026941,0.0,0.30800098204142284,272.0994873046875,180.0
1,2026-07-25T05:21:01.000235Z,75.46692694898944,12.189473816476571,83.52574144862592,4.748651530191761,3.599788766145394,0.0,0.30800098204142284,272.0994873046875,180.0
1,2026-07-25T05:21:02.000229Z,75.46692694898944,12.189473816476571,83.52574144862592,4.748651530191761,3.5963530690107657,0.0,0.30800098204142284,272.0994873046875,180.0
1,2026-07-25T05:21:03.000224Z,75.46692694898944,12.189473816476571,83.52574144862592,4.748651530191761,3.5895823180242736,0.0,0.30800098204142284,272.0994873046875,180.0
1,2026-07-25T05:21:04.000219Z,75.46692694898944,12.189473816476571,83.52574144862592,4.748651530191762,3.585629292809644,0.0,0.30800098204142284,272.0994873046875,180.0
1,2026-07-25T05:21:05.000213Z,75.46692694898944,12.189473816476571,83.52574144862592,4.748651530191761,3.5825640992090526,0.0,0.30800098204142284,272.0994873046875,180.0
1,2026-07-25T05:21:06.000207Z,75.46692694898944,12.189473816476571,83.52574144862592,4.748651530191761,3.5832095679573785,0.0,0.30800098204142284,272.0994873046875,180.0
1,2026-07-25T05:21:07.000202Z,75.46692694898944,12.189473816476571,83.52574144862592,4.748651530191761,3.5771931732836917,0.0,0.30800098204142284,272.0994873046875,180.0
1,2026-07-25T05:21:08.000196Z,75.46692694898944,12.189473816476571,83.52574144862592,4.748651530191761,3.578269892876871,0.0,0.30800098204142284,272.0994873046875,180.0
1,2026-07-25T05:21:09.000191Z,75.46692694898944,12.189473816476571,83.52574144862592,4.748651530191761,3.5801327212430176,0.0,0.30800098204142284,272.0994873046875,180.0
1,2026-07-25T05:21:10.000186Z,75.46692694898944,12.189473816476571,83.52574144862592,4.748651530191761,3.579448373171478,0.0,0.30800098204142284,272.0994873046875,180.0
1,2026-07-25T05:21:11.000180Z,75.46692694898944,12.189473816476571,83.52574144862592,4.748651530191761,3.581909245447175,0.0,0.30800098204142284,272.0994873046875,180.0
1,2026-07-25T05:21:12.000175Z,75.46692694898944,12.189473816476571,83.52574144862592,4.7486515301917605,3.5841189717619533,0.0,0.30800098204142284,272.0994873046875,180.0
1,2026-07-25T05:21:13.000169Z,75.46692694898944,12.189473816476571,83.52574144862592,4.748651530191762,3.5811428630125572,0.0,0.30800098204142284,272.0994873046875,180.0
1,2026-07-25T05:21:14.000164Z,75.46692694898944,12.189473816476571,83.52574144862592,4.748651530191761,3.574742450241377,0.0,0.30800098204142284,272.0994873046875,180.0
1,2026-07-25T05:21:15.000158Z,75.46692694898944,12.189473816476571,83.52574144862592,4.748651530191761,3.5673027177478627,0.0,0.30800098204142284,272.0994873046875,180.0
1,2026-07-25T05:21:16.000153Z,75.46692694898944,12.189473816476571,83.52574144862592,4.748651530191761,3.55922904855744,0.0,0.30800098204142284,272.0994873046875,180.0
1,2026-07-25T05:21:17.000147Z,75.46692694898944,12.189473816476571,83.52574144862592,4.748651530191761,3.556608768864828,0.0,0.30800098204142284,272.0994873046875,180.0
1,2026-07-25T05:21:18.000142Z,75.46692694898944,12.189473816476571,83.52574144862592,4.748651530191761,3.556120839241979,0.0,0.30800098204142284,272.0994873046875,180.0
1,2026-07-25T05:21:19.000136Z,75.46691306894823,12.189480639453453,82.67561964504421,4.748651531571368,3.822123345113219,0.06029807982589113,0.30799697924426683,272.0994873046875,180.0
1,2026-07-25T05:21:20.000131Z,75.46691361855375,12.189480562413811,82.57787573058158,4.748651530632499,3.8373995350074805,0.01878444969642347,0.3079994705459299,272.0994873046875,180.0
1,2026-07-25T05:21:21.000125Z,75.46691394805573,12.189480228481134,82.54083301965147,4.748651531816525,3.714528889804771,0.030905897104902116,0.3079978926384889,272.0994873046875,180.0
1,2026-07-25T05:21:22.000120Z,75.46691352360905,12.189480572888726,82.53445984516293,4.748651534206159,3.726287261360023,0.06977428236536208,0.30799480314420286,272.0994873046875,180.0
1,2026-07-25T05:21:23.000114Z,75.4669100616025,12.189481787394644,82.61848510801792,4.74865155180925,3.7366499048290067,0.3646757150591439,0.30798305566348894,272.0994873046875,68.429657297164
1,2026-07-25T05:21:24.000108Z,75.4669028327483,12.189482556641861,82.57710698898882,4.748651571535096,3.7576245523232323,0.7477007199054986,0.3079619200007036,272.0994873046875,33.372173950185136
1,2026-07-25T05:21:25.000103Z,75.46689504072837,12.189483041921013,82.50159665755928,4.748651583209613,3.725612572679175,1.0291532324153612,0.30793906472795946,272.0994873046875,24.242815685453454
1,2026-07-25T05:21:26.000097Z,75.46688292780588,12.189484292240373,82.5995472650975,4.748651596461806,3.6964846427883353,1.339701710388963,0.30790066281606554,272.0994873046875,18.61969802270461
1,2026-07-25T05:21:27.000092Z,75.46686934170044,12.189487430161918,82.60647294670343,4.748651590488955,3.6733499619819536,1.252763907942712,0.30797850219113715,272.0994873046875,19.91912469080857
1,2026-07-25T05:21:28.000087Z,75.46686317324028,12.189488737371002,82.58800769690424,4.748651554684189,3.641324094205395,0.5396009418255366,0.3079744806468701,272.0994873046875,46.244202403762415
1,2026-07-25T05:21:29.000081Z,75.46685846072516,12.189490861026705,82.58462392538786,4.748651552938744,3.658061671440463,0.5431525480880481,0.30797911124757155,272.0994873046875,45.94295623646525
1,2026-07-25T05:21:30.000076Z,75.46685252008486,12.189493850846096,82.96051497664303,4.748651560067964,3.647447277805804,0.7388198157894064,0.30798295523836505,272.0994873046875,33.77612796192127
1,2026-07-25T05:21:31.000071Z,75.46684849812695,12.18949561449519,82.87891256157309,4.748651553321761,3.638471983813875,0.5772293987926429,0.3079899085709,272.0994873046875,43.23256102127017
1,2026-07-25T05:21:32.000065Z,75.46684229652023,12.189498680154996,82.58376409951597,4.748651564018387,3.6049113996008426,0.8891796583534729,0.307984023494326,272.0994873046875,28.064712089665452
1,2026-07-25T05:21:33.000059Z,75.46683010695824,12.189501787675223,82.04412948898971,4.748651575622705,3.5379812473379686,1.3374997188690285,0.3079772159040249,272.0994873046875,18.657092761806023
1,2026-07-25T05:21:34.000054Z,75.46681426186193,12.18950433811059,81.69435264635831,4.74865158378037,3.508949296294285,1.6993661443291745,0.3080076764483305,272.0994873046875,14.686137326584946
1,2026-07-25T05:21:35.000049Z,75.46679530406237,12.189507993329592,81.23200641199946,4.74865159319243,3.49192198646385,2.0724219618606563,0.3073433472308495,272.0994873046875,13.065540509715632
1,2026-07-25T05:21:36.000043Z,75.46677240473188,12.189512389637583,80.48238310962915,4.748651606573966,3.4666326943961425,2.577041366915839,0.3058208409321672,272.0994873046875,12.3799552290613
1,2026-07-25T05:21:37.000037Z,75.46674433820438,12.18951585705211,79.86466113850474,4.748651614705969,3.4404154508909723,3.135772500797596,0.30212152863967284,277.28405815063985,12.03939400686965
1,2026-07-25T05:21:38.000033Z,75.46671368375068,12.189515703153507,79.21467113588005,4.748651617412024,3.47717405104398,3.2639032667830357,0.3049161345974763,274.70929288288704,9.169766089157557
1,2026-07-25T05:21:39.000027Z,75.46668145855507,12.189515714953501,79.05424762517214,4.748651632707476,3.5643858758034543,3.503872217304185,0.3020815606346525,273.5116826373875,9.350048945486405
1,2026-07-25T05:21:40.000021Z,75.46664959432492,12.189514807457805,78.92949956841767,4.748651617619742,3.5229078918765966,3.4410118353781973,0.3057174547863349,272.7279667196134,8.578997625153752
1,2026-07-25T05:21:41.000016Z,75.46661556865973,12.189515475631934,78.97415116988122,4.748651618021161,3.5260859068410833,3.6752749492560373,0.3054142072819507,273.0037315981742,9.02932560715693
1,2026-07-25T05:21:42.000011Z,75.4665773174585,12.189515887172037,78.90526212193072,4.748651661513414,3.574567432741969,4.071876999595071,0.30060527577161655,274.0933554756897,8.940242372231248
1,2026-07-25T05:21:43.000005Z,75.46653978502302,12.189517025503756,78.62342287227511,4.74865166721147,3.584003263580061,4.17652411933266,0.30130117615301133,274.5141840556119,8.778976097529947
1,2026-07-25T05:21:43.1000000Z,75.46649830032726,12.189519648327803,78.16424774192274,4.748651678077313,3.5672574051401265,4.5534433213551955,0.3024090914945805,274.2283917058525,9.002382969311668
1,2026-07-25T05:21:44.999994Z,75.4664529693741,12.189519519379829,77.68055402394384,4.748651694771923,3.5461872133644103,4.737752201740334,0.3067845574601811,273.9252591922435,8.507256405725842
1,2026-07-25T05:21:46.000461Z,75.46640461597944,12.189520921928036,76.98620165884495,4.7486516891280095,3.559899708135956,4.930202466774332,0.2996238442797478,276.28080877272475,8.524202993874459
1,2026-07-25T05:21:47.000455Z,75.46635463077314,12.18952424736823,76.6280165258795,4.748651712498901,3.5628307119251437,5.1653701813515855,0.2940171665919042,277.3219580808161,8.99221580261677
1,2026-07-25T05:21:48.000449Z,75.46630146419028,12.189526523275532,76.19640218559653,4.748651685092234,3.500428718845482,5.619349632741867,0.2932433905893927,276.00543975745734,8.379202573493268
1,2026-07-25T05:21:49.000443Z,75.4662486852723,12.189528068363101,75.72411150764674,4.7486516632986175,3.540928432117157,5.566867258146402,0.29727836310267225,276.49347056072446,8.184020726088953
1,2026-07-25T05:21:50.000435Z,75.46619059516479,12.189531619404828,74.78244241327047,4.748651612474097,3.4856382368562415,5.6595356547261355,0.3008019872293682,277.5352691070251,8.012381994734941
1,2026-07-25T05:21:51.000427Z,75.46613944572943,12.189535757217739,73.78944604005665,4.748651626786722,3.5198976065708063,5.557913341372279,0.3065101010422194,277.2857331738587,7.253080874416442
1,2026-07-25T05:21:52.000421Z,75.46608664921739,12.189545787608496,72.66917134355754,4.748651672143948,4.56864987443291,5.67463671553837,0.3061039965347888,276.7491156608456,7.248184600211679
1,2026-07-25T05:21:53.000414Z,75.46602804388785,12.189550674781726,71.59172354917973,4.74865164856202,4.54686831675628,5.919223784548212,0.30014882874534193,276.9835018898025,7.919170223905384
1,2026-07-25T05:21:54.000408Z,75.46596618555054,12.18955465232991,71.16512071806937,4.748651627510246,4.64763701008488,6.20460744162614,0.3076297083191679,275.3747161823028,7.251628566204097
1,2026-07-25T05:21:55.000401Z,75.46590550421814,12.189558526628124,70.68733136355877,4.748651668322811,4.492252313586399,6.281320688303454,0.30643134097503566,275.6076842710512,7.238597971490194
1,2026-07-25T05:21:56.000395Z,75.46584444594251,12.189564307513548,70.10521936696023,4.748651660665621,4.38156956666269,6.5229811305123695,0.3064602659983199,275.82865081791977,7.238644248240969
1,2026-07-25T05:21:57.000390Z,75.46578448513239,12.189568939737459,69.22350366506726,4.748651638266007,4.319104260646807,6.489193567188499,0.30665145090940316,276.471266389196,7.241753250157923
1,2026-07-25T05:21:58.000384Z,75.46572550994364,12.1895739992058,68.40500572230667,4.748651649676121,4.29535338896746,6.370816341732119,0.30592647111749627,276.8456637712572,7.234145145192534
1,2026-07-25T05:21:59.000378Z,75.46567159968752,12.189579955141841,67.65442052204162,4.748651644689308,4.182809777311861,5.8213376904177325,0.28942878263433447,275.73325332999923,7.789526537503835
1,2026-07-25T05:22:00.000373Z,75.46562733913315,12.189583172588346,66.89546730834991,4.7486516444197955,4.157217094004926,4.770494523704041,0.23800500032560598,273.96703387810163,12.21812608921759
1,2026-07-25T05:22:01.000367Z,75.46559481588191,12.189584624504743,66.65631993301213,4.748651611877243,4.1002968237473425,3.5634103850395866,0.2509854034789498,269.81061275720725,15.896979109937028
1,2026-07-25T05:22:02.000360Z,75.46556405650256,12.18958502789915,66.38457475788891,4.748651580631265,4.03260678723202,3.22053635742462,0.2741663792525827,267.17568126453745,14.641501140483607
1,2026-07-25T05:22:03.000355Z,75.46553087188556,12.189580466452417,66.34718198422343,4.748651579111543,3.968993239061487,3.358209166368517,0.2814789492165995,258.1933167738051,15.460083196381682
1,2026-07-25T05:22:04.000349Z,75.46550238215906,12.189571553205615,66.11866446211934,4.748651565462933,3.9261424513917453,3.000003623117155,0.25353424317897333,245.8036105378745,22.54193962936748
1,2026-07-25T05:22:05.000343Z,75.46547700890153,12.189551843717078,65.78856569621712,4.748651554937134,3.8862682737098266,2.939611774281719,0.26312596903444724,228.67922825232674,23.59153868964174
1,2026-07-25T05:22:06.000337Z,75.4654610622896,12.189530247024916,65.66383755207062,4.74865154693124,3.8332232462182647,2.7386849657635257,0.27059322001833047,212.52661761611705,23.33723461873669
1,2026-07-25T05:22:07.000330Z,75.46545341991508,12.189508517201855,65.6149418707937,4.74865153812627,3.8071858272751085,2.457660509544206,0.29854383594605916,198.78396535043223,20.625167703764767
1,2026-07-25T05:22:12.000301Z,75.46538944035821,12.18939134470289,64.54188941139728,21.87733689471084,4.152022138625924,3.023673519232259,0.29977434382273693,230.60040772323956,26.733765737999246
1,2026-07-25T05:22:13.000295Z,75.46536217230975,12.189378634583532,64.31406334135681,23.624027124916793,4.177449778573312,3.45351212062213,0.2883936413506556,250.19999628324936,30.441305350694055
1,2026-07-25T05:22:14.000290Z,75.46533456183623,12.189379169950177,64.2392120687291,24.918079972832768,4.127935529628928,3.5825644443055142,0.2944673670342165,271.91948219471163,32.84546935608782
1,2026-07-25T05:22:15.000284Z,75.46531058326329,12.189388410159411,64.01300965156406,25.19816779379452,4.081017154115653,3.509564916880269,0.3043334912479385,293.9970773618626,34.566603797704005
1,2026-07-25T05:22:16.000278Z,75.46529301369587,12.189405212010271,64.02423164248466,24.347807014205987,4.022843031911719,3.66273099261657,0.30801425485140166,315.99649914177724,34.59472069168837
1,2026-07-25T05:22:17.000272Z,75.46528509826729,12.1894317521114,63.75997532531619,10.819929792620801,4.02422999856307,3.8165216534287976,0.3070961771396816,341.6909650395708,32.93034453092078
1,2026-07-25T05:22:18.000267Z,75.46528979664065,12.189459125802776,63.29514173604548,9.887398936847758,3.9745328577461887,3.7427372777730916,0.3041830906979225,7.981464350774182,28.153359515730212
1,2026-07-25T05:22:19.000261Z,75.46530714990503,12.189478908318371,62.932262087240815,7.631202417371712,3.9401953133880827,3.943180959456088,0.29527588878357097,32.56437109775287,26.229532590208404
1,2026-07-25T05:22:20.000255Z,75.46534196579411,12.189507963039802,62.59144095517695,4.74865161794611,3.9081160422176824,5.032395344322562,0.30794592108785956,49.41872696875843,14.492676230293533
1,2026-07-25T05:22:21.000249Z,75.46538330020647,12.189526164476947,62.559317409060895,4.748651616992466,3.901823133427951,5.751923111147215,0.30775138677526537,61.264809907407745,12.408842850604152
1,2026-07-25T05:22:22.000243Z,75.46543047805976,12.189533553918587,62.62175373733044,10.916909013012978,3.8768133806568104,6.110078619270687,0.307912309528376,73.24503890330134,11.307462270417679
1,2026-07-25T05:22:23.000238Z,75.46548467732443,12.189540223186958,62.6514087934047,4.748651577127754,3.8703215069264916,6.367114911051426,0.30785181071631545,81.93827379189696,10.151080349339221
1,2026-07-25T05:22:24.000231Z,75.46553894785403,12.189540260007835,62.83933671191335,4.748651583463074,3.8206275769464733,6.170398918363089,0.30749312266696266,87.89743347374349,8.211371970474543
1,2026-07-25T05:22:25.000227Z,75.46558886425525,12.189539364572958,63.33187624998391,4.748651564915649,3.768780790491717,5.668437418566656,0.3073225289411369,93.17413022974506,7.457002438847685
1,2026-07-25T05:22:26.000220Z,75.46563516058748,12.18953617803178,64.39246911555529,4.74865156092816,3.6809470067223065,5.298220565422762,0.3069558033985366,94.71222785112218,7.726438554740944
1,2026-07-25T05:22:27.000215Z,75.46568350446078,12.189532339456793,64.6702627055347,4.748651575109768,3.722350019379278,5.48470791433919,0.3067242954994404,95.3308045460488,7.4921835102377
1,2026-07-25T05:22:28.000210Z,75.46572790867245,12.189530350485432,65.21449769474566,4.7486515686836634,3.722572018707362,5.243697494572634,0.30667600852071114,96.20356657185039,7.524949906312682
1,2026-07-25T05:22:29.000203Z,75.46577714286101,12.189526646179333,65.73291951883584,4.74865162278011,3.812085406355495,5.4377303335662335,0.30731015044493554,96.47405736578366,7.5076095366394044
1,2026-07-25T05:22:30.000198Z,75.4658315839555,12.189522458227,66.21003128774464,4.7486516313232485,3.8716781685486263,5.73457681425807,0.30739145478193725,96.4112441073414,7.624750895617366
1,2026-07-25T05:22:31.000192Z,75.46587995460028,12.189519045449602,66.65292674303055,4.748651652451432,3.8541455069045782,5.554223563118534,0.3072939489359358,95.22423328871038,7.444772869684716
1,2026-07-25T05:22:32.000187Z,75.46592975083195,12.189513884726688,67.05763069167733,4.7486517083225905,3.8124407786621135,5.3981566376657435,0.3078012373816391,96.33799195259417,7.257052661195407
1,2026-07-25T05:22:33.000182Z,75.46597668689927,12.18950781766896,67.46421770006418,4.74865171379146,3.7422440685161167,5.201287316734168,0.3075355788225671,97.37142837380131,7.267399093556297
1,2026-07-25T05:22:34.000175Z,75.46602445408412,12.189501481131723,68.06409779097885,4.74865171160477,3.763257840420919,5.163172936199323,0.3070408792282661,97.51371831348266,7.261387942063779
1,2026-07-25T05:22:35.000170Z,75.46607464256074,12.18949473669083,68.53652635216713,4.748651753790272,3.7878325697715893,5.292953501911894,0.30772480418566456,97.3069252300331,7.25684343255046
1,2026-07-25T05:22:36.000165Z,75.46612927126348,12.189492488032547,68.2987084845081,4.748651766481504,3.812757593743208,5.494336595177352,0.3078831352131904,96.68785112468623,7.258056548568353
1,2026-07-25T05:22:37.000159Z,75.46617552864687,12.189488060847728,68.3254489498213,4.748651763766126,3.8105356485920803,5.348846390641461,0.3077544956624357,95.19627338972772,7.257300317044894
1,2026-07-25T05:22:38.000153Z,75.46622300619192,12.189486428311914,68.40836452040821,4.7486518012289665,3.927280075674999,5.235652944984026,0.3076144110114628,92.13836325881441,7.28449218760688
1,2026-07-25T05:22:39.000147Z,75.46626718960601,12.189485561595209,68.62457925919443,4.748651818119865,3.977498311143838,5.187090040219454,0.30778939463342025,91.93641692241083,7.367140251912834
1,2026-07-25T05:22:40.000142Z,75.46631055835965,12.18948276145283,68.795494845137,4.748651832824901,4.090508710470836,5.072077215848553,0.3078492491118523,93.4215510322579,7.3897248682634595
1,2026-07-25T05:22:41.000136Z,75.46635600749434,12.189484304306482,69.12338748853654,4.748651823364652,4.162257387633504,5.060010970371148,0.30717284820012386,87.84346720528615,7.494624756111415
1,2026-07-25T05:22:42.000130Z,75.46640622874021,12.18948222269469,69.28274989221245,4.748651888051474,4.405347437732141,5.07329329732841,0.3079544569357975,91.24622175744778,7.351392131177154
1,2026-07-25T05:22:43.000125Z,75.46644986479852,12.189482808967389,69.51645714882761,4.7486518558854725,4.4952391274071495,4.870561392065404,0.3077882742629271,90.31303984644379,7.50711784638662
1,2026-07-25T05:22:44.000119Z,75.46649172210299,12.18948102801733,69.81338857952505,4.74865183630492,4.439694633288543,4.6417888447187075,0.3077896429539581,92.10521736850804,8.3957670712565
1,2026-07-25T05:22:45.000114Z,75.46652612993394,12.189478216994258,70.27801466267556,4.748651782624775,4.39840281435321,4.033983239197815,0.30648674139236054,91.95080572818212,15.28270401645228
1,2026-07-25T05:22:46.000108Z,75.46655830412007,12.189474453951311,70.52976951282471,4.7486517573997835,4.413881540342993,3.65661296496009,0.3077583825237961,93.4615166582742,13.973931005432997
1,2026-07-25T05:22:47.000103Z,75.46658882331691,12.189471112087773,70.76016057375818,4.748651735961964,4.4463325652874515,3.3941385948077554,0.3076834670580863,93.09373401202602,15.258556104796158
1,2026-07-25T05:22:48.000098Z,75.46661614444386,12.189469358358282,70.90097555704415,4.748651714620916,4.45772947940325,3.137378987521611,0.30764698027801096,90.60797055654999,17.31337669898469
1,2026-07-25T05:22:49.000091Z,75.46664234047874,12.189469358066795,70.94446812942624,4.748651685302037,4.424131943514097,2.8420240662199867,0.3074171032865008,85.63682212848407,20.39306152510343
1,2026-07-25T05:22:50.000086Z,75.46666521356892,12.189469609296266,71.06972232926637,8.291838587960136,4.393726582960148,2.316189625914596,0.3074269139148657,82.85200063249464,26.190763264840875
1,2026-07-25T05:22:51.000080Z,75.46668281212801,12.189470096301214,70.86176765989512,8.146535825403285,4.3868253328998446,1.8319675845301795,0.307392636486044,82.86684084482039,29.370285118705418
1,2026-07-25T05:22:52.000075Z,75.46669687576225,12.189469802761867,70.93781961873174,8.10964347415345,4.408574386906268,1.3839732383234975,0.3071072362798331,92.53063201904297,37.95026405669804
1,2026-07-25T05:22:53.000069Z,75.4667135889655,12.189470614303119,71.07406713068485,7.931147904654754,4.391591551036386,1.8086229062867474,0.30667674373356796,92.53063201904297,14.555847058139863
1,2026-07-25T05:22:54.000064Z,75.46673407689198,12.18946983636328,71.14266570284963,7.918053788367451,4.414610818540548,1.9439208012675306,0.30732541857283546,92.53063201904297,12.816240368926064
1,2026-07-25T05:22:55.000058Z,75.46675268178811,12.189469057437698,71.1910660089925,7.914574435821114,4.420873130996335,2.06730453697455,0.3070317853798993,92.53063201904297,12.403724812395524
1,2026-07-25T05:22:56.000052Z,75.46677421482204,12.18946691519516,71.3345139613375,8.070510926655176,4.436439773804628,2.5004774495208513,0.30616947647172793,92.53063201904297,14.193805015928485
1,2026-07-25T05:22:57.000047Z,75.4667968607582,12.189465318390202,71.44711424782872,8.161063856804754,4.432206701198174,2.547047695667443,0.30743384288893844,92.0994873046875,10.370940677689871
1,2026-07-25T05:22:58.000041Z,75.46682103663866,12.189463150731488,71.51998246833682,8.31147525577143,4.426833693412628,2.700017470127822,0.3073280388597311,92.0994873046875,9.96530469017376
1,2026-07-25T05:22:59.000036Z,75.46684707015969,12.189463329870295,71.41083677951247,8.181701104925493,4.45758056209838,2.7346551560969625,0.3073015917197332,92.0994873046875,9.945771588703376
1,2026-07-25T05:23:00.000030Z,75.46687152618377,12.18946202992095,71.40417259186506,8.230218921042127,4.443212388944374,2.6325147853773316,0.30718431280376224,92.0994873046875,10.32626539784543
1,2026-07-25T05:23:01.000025Z,75.4668940597204,12.18945901709149,71.46440414804965,8.485610095503876,4.454852594228448,2.4018250852693304,0.307283981690227,92.0994873046875,10.584161203582632
1,2026-07-25T05:23:02.000019Z,75.46691986943435,12.189456291841584,71.49984695576131,8.693905606755193,4.533079845278945,2.390054042330843,0.30698420062826376,92.0994873046875,12.933592050936332
1,2026-07-25T05:23:03.000014Z,75.46694031680826,12.189457180309683,71.5867885965854,8.5051791321354,4.581331037940844,2.2787112246372243,0.30731453368193523,92.0994873046875,11.756270285905734
1,2026-07-25T05:23:04.000008Z,75.46695755237346,12.18945846744186,71.81856745108962,8.283621934979905,4.650333809533253,2.006883276525046,0.30204844438542594,92.0994873046875,18.319725830272333
1,2026-07-25T05:23:05.000002Z,75.46697429213854,12.189461063834813,72.41239553131163,7.91216514398709,4.7016026948915295,1.7633393574916167,0.30217451726450556,92.0994873046875,180.0
1,2026-07-25T05:23:05.999997Z,75.46699476159316,12.189465319184364,72.79176939837635,4.748651670873129,4.720204097378512,2.192715420732115,0.3067263815529103,92.0994873046875,180.0
1,2026-07-25T05:23:06.999992Z,75.46701668873443,12.189474205046341,73.19928359426558,4.748651657782355,4.612468980566958,2.474297881748178,0.3078076037658331,92.0994873046875,180.0
1,2026-07-25T05:23:07.999986Z,75.46703669916732,12.18949000841017,73.65930447168648,4.748651652240127,4.524298958585447,2.7136938496135876,0.308005491582155,92.0994873046875,180.0
1,2026-07-25T05:23:08.999980Z,75.46705322933612,12.189505224030261,73.71283933147788,4.7486516244048955,4.459264467068702,2.495937601153692,0.30801555190346563,92.0994873046875,180.0
1,2026-07-25T05:23:09.999975Z,75.46706799041336,12.189526734968277,73.827326932922,4.748651625929065,4.362940696417957,3.0036038721325347,0.30801554631757894,27.914319706314988,11.928051668441666
1,2026-07-25T05:23:10.999969Z,75.46707989852088,12.189559674808008,73.75874145515263,4.748651628163395,4.308598870716424,3.8108905463299725,0.3071056377507919,19.678995354500643,12.240324416943023
1,2026-07-25T05:23:11.999963Z,75.46708850941252,12.18959897326919,73.93899302836508,4.748651627467385,4.278918093313934,4.26815721736722,0.3064970757327655,14.235709646813943,10.700264074958922
1,2026-07-25T05:23:12.999958Z,75.46709440457148,12.189633647380953,73.90804750286043,4.7486516060288215,4.258849768615972,3.872805357558282,0.3080155249688923,10.482040403240791,8.088053650839415
1,2026-07-25T05:23:13.999953Z,75.46709975856103,12.189665641823382,73.87431221734732,4.748651600643236,4.194463339311278,3.538001332749596,0.30800586388520346,9.197459419864089,8.3474437719904
1,2026-07-25T05:23:14.999947Z,75.46710651480335,12.189692338886806,73.95107845123857,4.748651598680604,4.140060413881205,3.0346829247548106,0.30800402450841635,8.697444967959013,11.265796730838106
1,2026-07-25T05:23:15.999942Z,75.46711149350796,12.189709303881116,74.2389789223671,4.748651570538139,4.108661320787641,1.7513844460507644,0.3079802490768203,9.039515618447755,26.273092419936745
1,2026-07-25T05:23:16.999937Z,75.46711330935483,12.189714790224299,74.73783810902387,4.748651540406133,4.079093722183026,0.45485878379183475,0.30797932693588287,12.657252311706543,62.364954499917786
1,2026-07-25T05:23:17.999930Z,75.4671150931099,12.189714995350183,74.6991893146187,4.748651530763644,4.13154639315959,0.02856139207421803,0.30796103680868936,12.657252311706543,180.0
1,2026-07-25T05:23:18.999925Z,75.46711817998717,12.189715473023208,74.8349352767691,4.748651532195927,4.339604665128219,0.08402081345484975,0.30796322059664905,12.657252311706543,180.0
1,2026-07-25T05:23:19.999919Z,75.46712078915664,12.189715720148133,75.05662875343114,4.748651532655549,4.343073356983911,0.08993548448327668,0.3079531355991666,12.657252311706543,180.0
1,2026-07-25T05:23:20.999914Z,75.46712500277009,12.189716785913745,74.92306552547961,4.748651532455564,4.321310379404267,0.07966620145389415,0.3079422897959693,12.657252311706543,180.0
1,2026-07-25T05:23:21.999908Z,75.4671256853949,12.189716873424487,74.97150623332709,4.748651531648053,4.302189915351221,0.05520753904976907,0.30790833724572014,12.657252311706543,180.0
1,2026-07-25T05:23:22.999902Z,75.46712882443849,12.189719334174288,74.86474001221359,4.748651539483908,4.327307157746737,0.3464089865245005,0.30789460673172836,12.657252311706543,72.01629557072029
1,2026-07-25T05:23:23.999897Z,75.46713135047855,12.189720043689222,75.12356543261558,4.748651533465892,4.3272940219844385,0.12036866894487733,0.30789002596306697,12.657252311706543,180.0
1,2026-07-25T05:23:24.999892Z,75.46713279121643,12.189720635399244,75.02319167274982,4.748651530806645,4.371923052998784,0.023288497293022258,0.30789678682579336,12.657252311706543,180.0
1,2026-07-25T05:23:25.999886Z,75.46713492847698,12.189721415302404,75.06286160741001,4.748651531092027,4.39277666977425,0.03314443411755903,0.30789993529278725,12.657252311706543,180.0
1,2026-07-25T05:23:26.999881Z,75.46713726498051,12.189722501036323,74.93836564943194,4.748651531229703,4.421169885106297,0.036394598316332696,0.3079134677312522,12.657252311706543,180.0
1,2026-07-25T05:23:27.999875Z,75.46713818096295,12.189724018221963,74.9785621240735,4.748651537561209,4.456223953628847,0.21566818382040615,0.3078923853063171,12.657252311706543,115.67340506538349
1,2026-07-25T05:23:28.999869Z,75.46714239716835,12.189733215150593,75.13811931852251,4.748651571988493,4.4764940608664245,1.2251537242217927,0.3078034331859048,12.657252311706543,23.43431127292956
1,2026-07-25T05:23:29.999863Z,75.46714773665555,12.189751905346053,75.38000263925642,4.74865160580125,4.4809489747480695,2.205325314671413,0.3077660588781619,12.657252311706543,14.439873326764271
1,2026-07-25T05:23:30.999859Z,75.46715374209899,12.189779771554036,75.70166562870145,4.7486516444629645,4.440957850225499,3.1939374318260354,0.3077952273009724,10.974504069731559,13.534339085461765
1,2026-07-25T05:23:31.999853Z,75.46715907560453,12.189807613297738,76.14307083003223,4.748651641936045,4.346673938269047,3.1059247468487685,0.30783618118446987,12.590686172361801,8.119657195139531
1,2026-07-25T05:23:32.999847Z,75.46716584982019,12.189831439102475,76.43459226749837,4.748651628076551,4.399010146423568,2.6860229178864428,0.3078157396743171,13.070770062695802,10.817296989280978
1,2026-07-25T05:23:33.999843Z,75.46716874983484,12.189851563753539,76.56783152837306,4.748651606172482,4.440122081852762,2.1197314674561607,0.30770613310357187,12.59455889437107,14.075737669840601
1,2026-07-25T05:23:34.999836Z,75.46717364608045,12.189866508882332,76.87963789887726,4.748651595728848,4.512741526561108,1.6995510366610136,0.3079308821574668,12.99915932472121,18.49772532592256
1,2026-07-25T05:23:35.999830Z,75.46718130059453,12.189880450113868,76.8440209319815,4.748651596238917,4.489936768715086,1.858467031982463,4.066067103006297,25.874715051561108,176.32276191004462
1,2026-07-25T05:23:36.999825Z,75.46718758579061,12.189902913465023,77.08194810990244,4.748651595493872,4.4974923403570095,2.351684638285075,3.112045139603495,17.47288867273038,106.76262244596022
1,2026-07-25T05:23:37.999819Z,75.46719887084802,12.189929596330682,77.35202787164599,4.74865162793162,4.954049855587249,2.9157711968238655,2.7070321831738333,15.512625149275836,73.96117161060477
1,2026-07-25T05:23:38.999814Z,75.46721975086231,12.189965741953444,77.45685632154346,4.748651661645862,5.140720386516817,3.583429129350651,1.9437966733869105,19.365005828768552,43.86245723415229
1,2026-07-25T05:23:39.999808Z,75.46723724758927,12.189994182428046,78.3733649449423,4.748651671011702,5.241542305256261,3.3441139553810526,0.9246430865193037,23.87681630364857,22.319444336015163
1,2026-07-25T05:23:40.999803Z,75.46724677196589,12.190028883433818,79.72467603161931,4.748651723135779,5.641219708525505,3.486810361227796,0.8926756257002292,19.612077425240667,20.470577610791317
1,2026-07-25T05:23:41.999801Z,75.46725218297915,12.190066622818051,80.69688432849944,4.748651760797789,5.781763295350428,3.796547882207788,0.8942779193831522,12.753314070960657,18.91258685054601
1,2026-07-25T05:23:42.999792Z,75.46726306966362,12.19010641776438,81.56866718456149,4.748651765072602,5.644560351511578,4.0897215813734595,1.6990737645707672,10.078382164262775,33.075877292472974
1,2026-07-25T05:23:43.999786Z,75.46728846410836,12.190149920056221,81.9955579424277,4.748651816333601,5.427892724470048,4.830295961215928,2.700444736349174,18.151630551784653,44.82292234459512
1,2026-07-25T05:23:44.999780Z,75.46730251837619,12.190187039190246,82.3147947518155,7.7631055364695225,5.330090374235212,4.45144254209312,2.7035101051716546,18.093675215972265,48.60037342657945
1,2026-07-25T05:23:45.999775Z,75.46732763848192,12.190227137677857,83.4919904358685,9.325818423915013,5.213496577954673,4.777910200949304,2.6998734388003554,22.657242712142985,44.504267527648246
1,2026-07-25T05:23:46.999769Z,75.46734808603453,12.190269526548176,83.22558024059981,9.965240050460565,5.157806893722776,4.992487003255765,2.712328640535406,21.92615193882289,43.920579737862845
1,2026-07-25T05:23:47.999763Z,75.46736053369308,12.1903141992243,84.45040027610958,9.501159960060953,4.991944160612458,5.013358914018868,2.7067287320239948,17.886442267483588,42.98198753904071
1,2026-07-25T05:23:48.999758Z,75.46737898580551,12.190356755652616,84.78481372725219,9.755520424317497,4.869094841050246,5.0895702587932945,2.7082541972875513,17.21275059796094,42.63793845276135
1,2026-07-25T05:23:49.999753Z,75.46741254125904,12.190394003447606,84.13439588528126,11.835547445671798,4.686901488883281,4.926484177592168,2.702330211892371,25.777980782557965,44.40448035885072
1,2026-07-25T05:23:50.999747Z,75.46745064608159,12.19042117879432,84.14855478983372,14.811604849579359,4.735062104630562,4.617924781292049,2.709519926590707,38.6234983588273,47.340208146986654
1,2026-07-25T05:23:51.999858Z,75.46745233808306,12.190471872591798,84.35547635424882,12.9343904987837,4.590647491252448,4.419699949324578,2.704173696506494,25.689412570126553,49.20819656074866
1,2026-07-25T05:23:52.999840Z,75.46745243020459,12.19054726833764,84.22095630969852,9.882900987717898,5.047490235262838,5.447398213696335,2.6908836132902785,11.995952114706714,39.93093335881237
1,2026-07-25T05:23:53.999840Z,75.46741964598726,12.190616795225088,84.33837860450149,4.748651479746739,5.390208495261156,6.444623974318278,2.703993469590466,353.1497266353465,33.96075088258166
1,2026-07-25T05:23:54.999829Z,75.46741104121135,12.190673650633185,84.55799690634012,4.748651525041513,5.477175905426072,6.375991215177343,2.709547565036687,348.85335192972843,34.39556722897219
1,2026-07-25T05:23:55.999819Z,75.4673912183731,12.19072508802275,85.64758886396885,4.748651599438131,5.321678062856179,6.3713088328608105,2.7138007726991265,340.8866903829677,34.46649609051901
1,2026-07-25T05:23:56.999820Z,75.46738526213488,12.190770371341122,86.78257566411048,4.74865166060719,5.366673755195205,5.673349982003144,2.7082413582695737,339.6723435636522,38.54611279260719
1,2026-07-25T05:23:57.999813Z,75.46737420701065,12.190817544921616,87.57698638923466,4.748651601449883,5.134777035662247,5.113853096367089,2.7027646639293392,337.7915448246784,42.4317608114785
1,2026-07-25T05:23:58.999808Z,75.46737409239238,12.190855904937289,87.66487882938236,4.748651566164081,5.262287584096618,4.3248002602953335,2.7029166263544195,338.7371152937284,50.2481283221408
1,2026-07-25T05:23:59.999810Z,75.46737068076355,12.190897611714396,88.46648599114269,4.748651544289844,5.3799195566403055,3.9248701453702113,2.701435747359471,339.9923877380974,54.7048629712423
1,2026-07-25T05:24:00.999811Z,75.46736614149296,12.190925671463196,88.23466852866113,4.748651493593183,5.418581311158942,3.0605078381920303,2.7061020143805106,339.46536730886993,69.76323256242905
1,2026-07-25T05:24:01.999812Z,75.46737318158621,12.190951859286974,88.44925892539322,4.748651521682516,6.188434504281095,1.6709707035855168,2.670447449750181,347.9609149393149,104.70943821144621
1,2026-07-25T05:24:02.999820Z,75.46737555465566,12.190959388817548,88.32666784059256,4.748651528332291,5.406356247423526,0.6168136652737664,4.0327895657417026,345.3271484375,180.0
1,2026-07-25T05:24:03.999821Z,75.46737756657764,12.190970661295124,88.31828316766769,4.748651531060992,5.30409079298278,0.37898745813091006,4.044690186529841,345.3271484375,180.0
1,2026-07-25T05:24:04.999824Z,75.46738274436215,12.190976137352756,87.27666045259684,4.748651530327361,5.205338043307262,0.14978671737874524,4.039110504924827,345.3271484375,180.0
1,2026-07-25T05:24:05.999833Z,75.46738564346128,12.190983098779332,86.7995072370395,4.748651530065199,5.087373232371282,0.19821117688056827,4.050085618234041,345.3271484375,180.0
1,2026-07-25T05:24:06.999837Z,75.46738557407444,12.190982810391661,86.76909070648253,4.748651530191761,5.078329240092832,0.0,4.024736805689425,345.3271484375,180.0
1,2026-07-25T05:24:07.999838Z,75.46738557823043,12.190998244658156,86.68355559092015,4.748651529666326,5.028759531204574,0.32842857800984293,4.04771561850864,345.3271484375,180.0
1,2026-07-25T05:24:08.999840Z,75.46738519673038,12.190998269064494,86.52589170727879,4.748651530068481,4.972075283129388,0.04418030667441524,4.041601027986888,345.3271484375,180.0
1,2026-07-25T05:24:09.999842Z,75.46738507461862,12.191002538591377,86.41973413992673,7.533713365363491,4.95234055338017,0.4084137230432465,4.0248700358706175,345.3271484375,180.0
1,2026-07-25T05:24:10.999842Z,75.46738225349002,12.191021764926138,86.38755777291954,7.787543299987363,4.8889008874783295,1.6285576427219943,4.0372806281529705,345.3271484375,180.0
1,2026-07-25T05:24:11.999844Z,75.46737784707628,12.191045980591976,85.98485790658742,8.012933670396093,5.0974490272565145,2.5486422740047723,2.781812919839948,345.3271484375,88.39417068328372
1,2026-07-25T05:24:12.999844Z,75.46737111249662,12.191078440496048,85.4821867570281,8.22352767509977,5.505962861898879,3.4970748031341348,2.698941137524498,348.6498415864817,62.10534687282354
1,2026-07-25T05:24:13.999844Z,75.46736395835829,12.191109703693598,85.29565638396889,8.35253255633357,5.4847249305897945,3.4358613057491754,2.698488938043481,348.37089947380395,62.71643296060007
1,2026-07-25T05:24:14.999844Z,75.46735748639358,12.19114698432024,85.07433210499585,8.7339928792487,5.40888228204176,3.976706813548456,2.701142626859638,348.6140472564855,54.55032543796573
1,2026-07-25T05:24:15.999843Z,75.46734879102732,12.19119275644147,84.9516030587256,9.1195148266088,5.239952064298152,4.791988775165721,2.6995823179410334,348.8371485355924,45.516387918989054
1,2026-07-25T05:24:16.999843Z,75.46733783696126,12.191237874816526,84.95388433616608,9.236335749516618,5.4395771261771655,4.937041252284309,2.2225680501107683,348.243690176064,36.09782236854663
1,2026-07-25T05:24:17.999842Z,75.46732753499586,12.191282601736802,84.74107635393739,9.417100696857604,5.515401016013321,5.009948923167018,2.211750730562164,347.803055718268,33.868905185318894
1,2026-07-25T05:24:18.999840Z,75.46731584952158,12.191326524500257,84.70485942065716,9.42123473882969,5.531465773784273,4.895862765581169,2.219902481158953,346.59777000882667,34.71903844330456
1,2026-07-25T05:24:19.999839Z,75.46730994162738,12.191375217677713,84.17134289816022,10.19360486415473,5.571096791873203,5.477057591231337,2.1674457534899556,347.8934362196985,31.385337124372032
1,2026-07-25T05:24:20.999838Z,75.46730033121634,12.191432290394944,83.57111082598567,10.787761515437692,5.711025840197842,6.301662387235445,2.1009524562944137,348.2387139760539,26.243926557443736
1,2026-07-25T05:24:21.999836Z,75.46728998647812,12.19148908595139,83.37829791661352,11.292623302580072,5.998378874006056,6.45637500473611,2.0741116475846857,348.6278474499493,25.449246208422302
1,2026-07-25T05:24:22.999834Z,75.46727690592031,12.191545903173859,83.59320550691336,11.495273900551403,6.1511950220063945,6.425434484026525,2.061289197148535,347.97154612273914,25.922737651600535
1,2026-07-25T05:24:23.999831Z,75.46726351676591,12.191599815741748,83.72185113001615,12.996601369414668,5.141356727824869,6.186991187465012,2.6929087133966756,346.06543007514233,35.26783961454347
1,2026-07-25T05:24:24.999829Z,75.46725009868113,12.191658352926284,83.92763014975935,14.115155168879811,5.246460325517863,6.451801898887524,2.703067646682347,346.44085641557854,33.934972787833686
1,2026-07-25T05:24:25.999826Z,75.46722382138195,12.191717816401606,84.66199855785817,13.910978816004318,5.181388147584832,6.975874563979921,2.7020254019165306,341.51981381748925,31.371535108368874
1,2026-07-25T05:24:26.999824Z,75.46720163339997,12.191781931059657,84.64638814609498,14.342103047164086,5.034423521803392,7.3508061293137885,2.7044097937741145,340.3044772407047,29.798394647475792
1,2026-07-25T05:24:27.999822Z,75.46717102457416,12.191841973127486,84.82444724533707,13.717949628347247,5.044539593368769,7.337068049404569,2.7015452768128783,337.2772000944001,29.81500548205891
1,2026-07-25T05:24:28.999819Z,75.46714508450081,12.191901766157724,84.72956694941968,13.585302736070533,5.074503292648838,7.173716785514373,2.701497713607105,337.39540786733056,30.501660539672688
1,2026-07-25T05:24:29.999815Z,75.467121745201,12.191954087696196,85.03015705011785,13.384426602848542,5.178509997479971,6.390952650989837,2.701618080356082,337.82323700993504,34.22537561878771
1,2026-07-25T05:24:30.999812Z,75.46710394158552,12.191991439901505,84.97789042815566,13.067360011367724,5.324533130115135,4.9469406538646625,2.702227720266948,336.51864539688745,44.17982688587343
1,2026-07-25T05:24:31.999810Z,75.46708881582244,12.192017497748761,84.76313383877277,12.57131098921966,5.577111616366655,3.6144756084603333,2.700656905529418,334.5515649807667,60.30100714064468
1,2026-07-25T05:24:32.999807Z,75.46707742430631,12.192038540271014,84.65720787644386,12.306230717153387,5.779113310108217,2.810072053430027,2.695411901970407,332.8807147260285,77.30626552793348
1,2026-07-25T05:24:33.999803Z,75.46706646696867,12.19205531980462,84.56374777667224,11.897121678487256,5.96421145695507,2.254644831934164,2.7013707684295087,330.8289508892792,95.68535511542979
1,2026-07-25T05:24:34.999800Z,75.46706272482776,12.19207108212561,84.04197749774903,12.204161059005232,6.227057704358137,1.8045272384121247,2.699237385352046,335.34444460707743,121.1740194451394
1,2026-07-25T05:24:35.999797Z,75.46705841942789,12.192083360427198,83.8392387572676,12.296600101560465,6.336400255130085,1.4338327850874801,2.699614255902858,337.722588027619,150.50588013840286
1,2026-07-25T05:24:36.999793Z,75.46705496589064,12.19208642453547,84.50073618255556,12.068592245994061,4.973761550629273,0.621599114621088,4.07582907803427,337.4551696777344,180.0
1,2026-07-25T05:24:37.999789Z,75.46705345328715,12.19208827873583,84.90255610644817,11.991535413898896,4.902506203216698,0.2393081825118786,4.055908379142853,337.4551696777344,180.0
1,2026-07-25T05:24:38.999786Z,75.46705326727165,12.192089249132161,85.14771235920489,12.015120231440036,4.853844588913485,0.1066237844001208,4.062850475851995,337.4551696777344,180.0
1,2026-07-25T05:24:39.999781Z,75.46705371554525,12.192089052597966,85.19817626662552,12.0536757343569,4.810743097761257,0.0,4.059480278256617,337.4551696777344,180.0
1,2026-07-25T05:24:40.999778Z,75.46705371554525,12.192089052597966,85.19817626662552,12.053675980471914,4.810078690590684,0.0,4.062018089307482,337.4551696777344,180.0
1,2026-07-25T05:24:41.999774Z,75.46705371554525,12.192089052597966,85.19817626662552,12.053675980471914,4.773032604245746,0.0,4.072134546668122,337.4551696777344,180.0
1,2026-07-25T05:24:42.999770Z,75.46705371554525,12.192089052597966,85.19817626662552,12.053675980471914,5.773814562277708,0.0,1.0948635840611451,337.4551696777344,180.0
1,2026-07-25T05:24:43.999767Z,75.46704875266217,12.192092201053756,84.81679016537964,11.670136560216996,5.425932294150472,0.053897589574538086,1.3374668602520632,337.4551696777344,180.0
1,2026-07-25T05:24:44.999762Z,75.46704884688752,12.192091974790499,84.81726983934641,11.670003903720506,5.4459099130030575,0.0,1.3382730960008884,337.4551696777344,180.0
1,2026-07-25T05:24:45.999759Z,75.46704884688752,12.192091974790499,84.81726983934641,11.670004088168323,5.36685186784927,0.0,1.3388551256967463,337.4551696777344,180.0
1,2026-07-25T05:24:46.999754Z,75.46704884688752,12.192091974790499,84.81726983934641,11.670004088168323,5.317601614092214,0.0,1.337059453750025,337.4551696777344,180.0
1,2026-07-25T05:24:47.999750Z,75.4670431448481,12.192098298127023,84.59817463345826,11.3498498118684,5.250023398454107,0.32944862526659785,1.338600312620786,337.4551696777344,180.0
1,2026-07-25T05:24:48.999747Z,75.46704156129509,12.192101804059075,85.16996660642326,11.338864547576168,5.064261813609682,0.3373539654882494,1.3474087503102243,337.4551696777344,180.0
1,2026-07-25T05:24:49.999742Z,75.467040028522,12.192097278324962,85.3637327933684,10.975553897177656,5.027741474184888,0.08736022530593945,1.3479842377941402,337.4551696777344,180.0
1,2026-07-25T05:24:50.999738Z,75.4670378329974,12.192096815164861,85.7508760727942,10.723224361313733,4.965118887244163,0.08953163620464807,1.3465720977518587,337.4551696777344,180.0
1,2026-07-25T05:24:51.999734Z,75.46703645983591,12.192098153591512,85.80770671088248,10.637915023788633,5.068695492423249,0.14012122575728267,1.293101022095196,337.4551696777344,180.0
1,2026-07-25T05:24:52.999730Z,75.46703704539772,12.19209670938518,85.93530422542244,10.635394839418783,4.936529743328349,0.05638022659170131,1.339033468209293,337.4551696777344,180.0
1,2026-07-25T05:24:53.999725Z,75.46703730686426,12.192096528825406,85.93003254849464,10.654947481829106,4.9668359528445105,0.0,1.3385609878908178,337.4551696777344,180.0
1,2026-07-25T05:24:54.999721Z,75.46703730686426,12.192096528825406,85.93003254849464,10.654947643774292,5.0013166427181135,0.0,1.330407947461108,337.4551696777344,180.0
1,2026-07-25T05:24:55.999716Z,75.46703702751822,12.192092217461466,86.3247566819191,10.433463985655044,5.30942833570111,0.0,1.073450743046132,337.4551696777344,180.0
1,2026-07-25T05:24:56.999713Z,75.46703674059512,12.192090911447488,86.6156851388514,10.345020748787913,4.93291931904268,0.08037622718075767,1.3345501858096727,337.4551696777344,180.0
1,2026-07-25T05:24:57.999708Z,75.46703966443049,12.19208648779703,87.4096829276532,10.456580928575145,4.941223650329174,0.050958832542323036,1.3408871373681392,337.4551696777344,180.0
1,2026-07-25T05:24:58.999704Z,75.46703620960102,12.192087994743915,87.59825788531452,10.159089192081787,4.97986872679812,0.3365634224642689,1.2386545097941895,337.4551696777344,180.0
1,2026-07-25T05:24:59.999699Z,75.46703590619407,12.192085390348334,87.83110408764333,10.011084578644235,4.87687629139161,0.18750488635441037,1.3425958550990742,337.4551696777344,180.0
1,2026-07-25T05:25:00.999695Z,75.46703301047229,12.192085232879379,87.91611305624247,9.698473871853363,4.8672173603894775,0.2432508926763823,1.3402784428341956,337.4551696777344,180.0
1,2026-07-25T05:25:01.999691Z,75.46703655525573,12.19208421495204,87.7552178055048,10.027237240686325,4.8506987225482945,0.09820531866187936,1.3403506876913642,337.4551696777344,180.0
1,2026-07-25T05:25:02.999686Z,75.46703253889184,12.192083756422102,88.1176725057885,9.582953403930787,4.923980566491489,0.0,1.1292453571890224,337.4551696777344,180.0
1,2026-07-25T05:25:03.999683Z,75.46703256798226,12.192083289973196,88.228838423267,9.565250037155034,4.850647263057651,0.05488744890931518,1.3174954513417456,337.4551696777344,180.0
1,2026-07-25T05:25:04.999678Z,75.46703275035604,12.192083117346352,88.22253161668777,9.576809125641347,4.8438094712796245,0.0,1.306480783808178,337.4551696777344,180.0
1,2026-07-25T05:25:05.999673Z,75.46703275035604,12.192083117346352,88.22253161668777,9.576809085056164,4.841471524621512,0.0,1.3062470374408148,337.4551696777344,180.0
1,2026-07-25T05:25:06.999669Z,75.46703228933093,12.192080807315854,88.59723266493529,9.425279830690108,4.82777219979883,0.04107013739958759,1.328075844174565,337.4551696777344,180.0
1,2026-07-25T05:25:07.999665Z,75.46703200731895,12.192082350245762,88.37352180760354,9.46423103950284,4.7235636794360225,0.1769701636021206,1.3050114447120587,337.4551696777344,180.0
1,2026-07-25T05:25:08.999659Z,75.46703358925015,12.192080581484976,88.41479704063386,9.552408176707454,4.675991345623238,0.016697017561519863,1.3076728621591878,337.4551696777344,180.0
1,2026-07-25T05:25:09.999655Z,75.4670334403709,12.192081290025362,88.50467199459672,9.56825071457349,4.648318759222342,0.14386973171248785,1.303464859649987,337.4551696777344,180.0
1,2026-07-25T05:25:10.999651Z,75.46703403695201,12.192080962421144,88.49536549951881,4.748651530191761,5.103771314411545,0.0,0.9333132791003044,313.8964385196022,180.0
1,2026-07-25T05:25:11.999646Z,75.4670315879779,12.192084580227323,88.29296246636659,4.748651533741059,4.820485468356534,0.2907081059185648,1.3076922960604314,313.89643778549555,180.0
1,2026-07-25T05:25:12.999642Z,75.46703569071968,12.192085220120514,88.10059130098671,4.748651532428022,4.835784021094661,0.13160220177973853,1.3069763254439195,313.8964379096689,180.0
1,2026-07-25T05:25:13.999637Z,75.46702857721881,12.192093725952805,88.12965999636799,4.748651543973294,4.918953369453502,0.7083979139067127,1.067545748676565,318.4459561903314,122.06622698815073
1,2026-07-25T05:25:14.999633Z,75.4670250387058,12.19210685116871,87.80152002070099,4.748651568931086,5.321654284626474,1.11271859116033,0.8901250413541681,334.25240217096376,63.11682474129317
1,2026-07-25T05:25:15.999629Z,75.46701612385867,12.192127828197103,87.78274287190288,4.748651597549714,5.533145554054493,1.9077627845139433,0.8954771306214476,335.64384915901616,37.99005701915354
1,2026-07-25T05:25:16.999624Z,75.46700744477371,12.192149122981196,87.67327573429793,4.7486516090387045,5.332099336948316,2.221508813738247,0.8947743091785222,336.99404804954906,32.608312919672755
1,2026-07-25T05:25:17.999619Z,75.46699881057512,12.192168514530376,87.44433576241136,4.748651603967404,5.166649603002944,2.2558787541922536,0.8960060320653102,337.8111874461799,32.08430009326866
1,2026-07-25T05:25:18.999614Z,75.46698854133759,12.192192821426755,87.66783095244318,4.74865160465287,5.138877287642141,2.629719777613617,0.8976891763910647,339.65503162865525,27.65698597010039
1,2026-07-25T05:25:19.999611Z,75.46697796805468,12.192224366167201,88.06044048909098,4.748651628629516,5.040593422146168,3.213636152514117,0.8954685473934474,342.7589456540994,22.53772125069092
1,2026-07-25T05:25:20.999606Z,75.46696004318176,12.19225946869152,87.72858776524663,4.7486516516414685,4.994367347765727,3.8259907204177033,0.8978233589911306,338.0304099923001,19.014359670927533
1,2026-07-25T05:25:21.999601Z,75.46693974029348,12.192299824856823,87.56582992058247,4.748651671057289,4.952449848378457,4.520215640298694,0.9003147067493095,337.20271120120964,16.138835030131958
1,2026-07-25T05:25:22.999597Z,75.46691964127119,12.192345754951491,87.61166944447905,4.748651675071609,4.962042439017872,5.099431772008901,0.8976745485414058,337.97445186901206,14.260631246774592
1,2026-07-25T05:25:23.999592Z,75.46689899270685,12.192391430323008,87.79388830903918,4.748651695557015,4.93974564853388,5.337180875455217,0.8955286997294714,336.89359846160545,13.592413371854716
1,2026-07-25T05:25:24.999588Z,75.46687549258992,12.192438555171021,88.07299120351672,4.748651712406101,4.927292338441984,5.585334072188067,0.8970901810687888,335.1819658440114,13.00837711599197
1,2026-07-25T05:25:25.999584Z,75.46685053999674,12.192488214941482,88.26531879976392,4.7486517253575355,4.915991879887418,5.85959592234251,0.8966142782298124,334.5831791128391,12.384105259048452
1,2026-07-25T05:25:26.999579Z,75.46682292608503,12.1925352226598,88.15858400892466,10.5127397271509,4.878777171132586,5.908567326809508,0.8952229954463501,332.32688199606696,12.266027833938422
1,2026-07-25T05:25:27.999574Z,75.4667963755938,12.192576025842229,88.17193176131696,10.960086907864994,4.823942253370372,5.533792277161895,0.8971158357674888,329.7847407438789,13.12313167593524
1,2026-07-25T05:25:28.999570Z,75.46676842032052,12.192614124193787,88.53194127697498,11.089665135260727,4.842875784259503,5.286011591287458,0.8963187508882047,326.4872102794493,13.721079719087347
1,2026-07-25T05:25:29.999565Z,75.46674278620874,12.192653938724103,88.57719340641052,11.566710204742263,4.795614517705852,5.18885533235168,0.8968750017504103,326.7179109083745,13.994836369161838
1,2026-07-25T05:25:30.999561Z,75.46671700763505,12.192693842888094,88.6526015335694,12.078333081345171,4.757428346948464,5.173450537448714,0.895369306896448,327.1377132043974,14.015872562071083
1,2026-07-25T05:25:31.999556Z,75.46668688105419,12.192728727859581,89.14661860372871,11.84010438381545,4.714605136400368,5.095450579918942,0.8986964373071885,323.89403592108033,14.272958744407006
1,2026-07-25T05:25:32.999552Z,75.46665688006394,12.192768175732501,89.30542671773583,11.937928015181203,4.717514650430851,5.243787047496397,0.898919963853222,323.02554489584855,13.877946799236307
1,2026-07-25T05:25:33.999547Z,75.46662339311808,12.192805451055841,89.58736887108535,11.491631824834622,4.791547142433786,5.3645642561041,0.8998504258686577,320.5720211337555,13.578717085534228
1,2026-07-25T05:25:34.999542Z,75.46659191411,12.192845711031524,89.65950381476432,11.516077448584078,4.870138870694616,5.454290324613301,0.8991875733040753,321.6403579406177,13.353849862504998
1,2026-07-25T05:25:35.999538Z,75.46656102822311,12.19288350621971,89.71820475254208,11.41857813959273,4.942341302064312,5.382716722506351,0.90730973786808,321.0308241221611,13.651595493276073
1,2026-07-25T05:25:36.999534Z,75.46653051100427,12.192922735369525,89.36488615069538,11.456459510017057,4.973527619699332,5.391706045928709,0.9059341776368923,321.87880621063823,13.61430718644049
1,2026-07-25T05:25:37.999529Z,75.4664992134279,12.19296162144478,89.817562376149,11.399462474667109,5.019899276352182,5.391966822615905,0.9042373020641636,321.2519734341153,13.580966464549169
1,2026-07-25T05:25:38.999527Z,75.46646916797192,12.193001401459924,90.14625908993185,11.533741899908785,5.069207695063801,5.336635946368608,0.8971197720517078,322.22982049690575,13.609149183425453
1,2026-07-25T05:25:39.999520Z,75.4664415618587,12.193038752053821,90.61895013973117,11.664228006005033,5.122883738497387,5.164805998391854,0.8947569986670981,322.7153159782496,14.010330219532234
1,2026-07-25T05:25:40.999515Z,75.46641099747825,12.193074515799642,91.02159384638071,11.414242042062957,5.039604150022114,4.976711602381496,2.6018250642299408,321.3094829625465,41.78130224197775
1,2026-07-25T05:25:41.999510Z,75.46638306810357,12.193105339337087,91.32893311977386,11.054755877157596,4.892497961625181,4.601273898886873,2.6954815671769037,319.16671346265207,46.84501811777279
1,2026-07-25T05:25:42.999509Z,75.46635745011075,12.193129665999814,91.74687558971345,10.446551620216306,4.925491580991926,3.96332887489258,2.6959686286394025,316.70086217350223,53.872938938304124
1,2026-07-25T05:25:43.999502Z,75.46633171194892,12.19315367207025,92.1988499769941,9.799277195179034,4.978193587889326,3.869564275480568,2.6877438919916403,315.9930371171604,53.76186897067902
1,2026-07-25T05:25:44.999497Z,75.46630335388392,12.19318012408779,92.78398910909891,9.088853793867722,4.956320806723256,4.066015938915274,2.6843856218961273,314.12550310870324,50.38741904621429
1,2026-07-25T05:25:45.999492Z,75.466275409307,12.193206602773007,93.44168045837432,8.417861354297251,4.916747365722174,4.13908356189517,2.678852477762755,312.64561094989347,48.66563550036265
1,2026-07-25T05:25:46.999490Z,75.46624580109605,12.193231923733686,94.28677165415138,7.514181331963259,4.902825008471353,4.186060119558897,2.6645954804379812,310.4820819377287,46.876488821237494
1,2026-07-25T05:25:47.999483Z,75.46621504234652,12.193253680392287,95.03520910535008,4.748651527735305,5.103422264697711,4.123030547056582,2.2744270721306408,307.6681063965681,35.15312633545674
1,2026-07-25T05:25:48.999478Z,75.46618501931034,12.193271114248912,95.1197485215962,9.649712690719568,5.18666751239245,3.934679898693379,2.3015142442679175,303.7919549869783,37.72005159583684
1,2026-07-25T05:25:49.999474Z,75.46615556935431,12.193289510356152,95.45712297037244,10.174400872643272,5.19768198993302,3.7764009894639203,2.3293845473927837,301.60252181112224,37.55732881418636
1,2026-07-25T05:25:50.999472Z,75.4661248586061,12.193305601773776,95.71884220652282,10.39544897977402,5.218627659624293,3.6805025298650107,2.3370994344995744,299.0980867711799,35.102294261375086
1,2026-07-25T05:25:51.999465Z,75.46609633987835,12.193321309126274,96.0937111871317,10.681292805809209,5.223529947475628,3.5113157374038346,2.347858503480481,297.86176966898165,33.96952731505861
1,2026-07-25T05:25:52.999460Z,75.46606774846745,12.193334254860488,96.3922777408734,10.667227278162617,5.240233873323234,3.3495538965750744,2.3674021833891317,296.6524373815578,35.034326515645205
1,2026-07-25T05:25:53.999460Z,75.46604009749151,12.193348393601854,96.63440842553973,10.73039691336494,5.209772987674657,3.2920695303454037,2.3925120505894455,296.49642413561526,37.98403092605768
1,2026-07-25T05:25:54.999455Z,75.4660120467999,12.193361819080453,96.81393869966269,10.699047564738697,5.182712716053496,3.298239378160068,2.4002098139461787,296.2267342412313,41.25889434209433
1,2026-07-25T05:25:55.999447Z,75.46598469799557,12.193376875823239,97.12559843342751,10.82551420795023,5.163995075680497,3.3857406096219855,2.398883962676768,296.77939734143,42.72404101352045
1,2026-07-25T05:25:56.999442Z,75.46595358953074,12.193390268921888,97.26583632733673,10.59746101393797,5.157964462292132,3.5445421393615715,2.366758318577968,296.4696901747802,43.53026547551627
1,2026-07-25T05:25:57.999318Z,75.46592163225776,12.193405843321482,97.54944422189146,10.559836854744324,5.143592276318693,3.7407196681913866,2.3640473673240043,296.8922305043156,42.18481848504058
1,2026-07-25T05:25:58.999311Z,75.46588941355513,12.193425572841138,98.17623919062316,10.939184677323185,5.147307733373272,3.995623353980878,2.326289519689207,298.826201410885,39.54339959258644
1,2026-07-25T05:25:59.999309Z,75.46585528553233,12.193445683054346,98.4837624207139,11.259322578143092,5.13978139302389,4.239054086335814,2.2981785984225773,300.0846744894064,37.73125374401806
1,2026-07-25T05:26:00.999321Z,75.46581607143834,12.193466924580243,98.66535706631839,11.43388050396464,5.138156802868796,4.626105402461702,2.2615410315518623,300.5757647442142,35.6224318534029
1,2026-07-25T05:26:01.999336Z,75.46577554772374,12.193490035690248,98.89571714494377,11.507774828117437,5.117974146666183,4.909083520191612,2.220675281925164,301.19961478864167,33.88498576219911
1,2026-07-25T05:26:02.999350Z,75.4657379555146,12.193512027239288,99.1512559922412,11.012886571673791,5.09240155090918,4.750405275908638,2.2354105762653234,302.0320659807214,35.60291881853321
1,2026-07-25T05:26:03.999368Z,75.46570201365599,12.193537279088192,99.31187450699508,10.934688427318155,5.093368615197998,4.7636771467338175,2.2332081266420976,303.9821394937871,36.57881011390291
1,2026-07-25T05:26:04.999385Z,75.46566932068282,12.193563210585502,99.3910260265693,11.140429138334317,5.099558483142159,4.498830194914393,2.2696197298904774,306.1298645674391,40.03643725870084
1,2026-07-25T05:26:05.999405Z,75.46563749880004,12.193589929961751,99.5276483790949,11.470673550786051,5.0841778603588335,4.510229765879064,2.2709903155294935,308.24227463729915,40.14027943868706
1,2026-07-25T05:26:06.999427Z,75.46560467964748,12.193618839479473,99.5740901241079,11.937759208737623,5.06436922577525,4.69634129562158,2.2520660635158367,310.2043605470376,38.43318428893378
1,2026-07-25T05:26:07.999448Z,75.46557220917582,12.193650732256087,99.75508607644588,12.115820794470073,4.9958073676569645,4.851337429214045,2.2206537983776222,312.13010007001975,36.27509149318809
1,2026-07-25T05:26:08.999468Z,75.46553883232909,12.193683978691732,99.84082082659006,11.734709328434457,4.911227534113384,5.049394982626908,2.213074220804613,313.67285943038013,35.09387311640287
1,2026-07-25T05:26:09.999486Z,75.46550549862391,12.193720254828275,100.04533848073334,11.689391816192314,5.005702694781017,5.281918078112589,2.188193830095475,315.5968268780076,33.11515508923533
1,2026-07-25T05:26:10.999506Z,75.46547164028138,12.193758604856027,100.08550194185227,11.75939746312341,5.050726834937785,5.540110628155612,2.1633810814166816,316.8741192720955,31.391119506183394
1,2026-07-25T05:26:11.999524Z,75.46543324962416,12.193797042509683,100.20308912545443,11.44923050000195,5.0906985557871,5.899665910697908,2.131388390264791,316.597355259636,29.2276388558206
1,2026-07-25T05:26:12.999546Z,75.465390031085,12.193836373111974,99.97676128335297,10.11929541021823,5.117750255164506,6.327620584718734,2.093022159316188,315.94263272398257,26.80070817548007
1,2026-07-25T05:26:13.999562Z,75.46534533643828,12.193878088392887,99.75541736930609,9.187546408288005,5.132785190289762,6.70833784160068,2.0609309413632264,315.51278949201776,24.893010220200562
1,2026-07-25T05:26:14.999580Z,75.46529976703751,12.193921966438324,99.59346090629697,8.519353214324298,5.113844460065325,6.99648280289711,2.036675034924143,315.58291250321054,23.580079957321075
1,2026-07-25T05:26:15.999593Z,75.4652523964821,12.193968279406217,99.45849138777703,7.942788678593699,5.093804186749763,7.2864952146900155,2.014507473067865,316.1169669406039,22.393608316963203
1,2026-07-25T05:26:16.999608Z,75.46520647914585,12.194018202353291,99.31562898214906,7.733446324835392,5.088827781629216,7.384076536238661,2.0036630489640985,317.7626906292231,21.985420725299804
1,2026-07-25T05:26:17.999620Z,75.4651663907966,12.194067196515165,99.43601851630956,7.924244415592864,5.019505627553508,7.070185273299509,2.026954110166716,320.17401771650225,23.197733346093816
1,2026-07-25T05:26:18.999633Z,75.46512901262662,12.19412039351186,99.60348666552454,8.634803427600312,5.024216748230351,7.112495227193507,2.0259205380411665,323.2326643082764,23.03995102012565
1,2026-07-25T05:26:19.999644Z,75.4650926351614,12.19417602811651,99.64505048561841,8.817215257755487,5.037020047504296,7.276681146404925,2.00518203040144,326.2432881903401,22.327974276922554
1,2026-07-25T05:26:20.999654Z,75.46505902332274,12.194234457114263,99.4915734520182,9.427919892496543,5.032944500199193,7.499886531115975,1.99902139014828,329.2782733623737,21.59282638734218
1,2026-07-25T05:26:21.999664Z,75.46502692770655,12.194295774333611,99.48321199044585,9.215068704389784,5.025193665290281,7.716606463712504,1.9841627468280087,331.39161719900557,20.834240220344697
1,2026-07-25T05:26:22.999672Z,75.4649953867399,12.194361146569168,99.32985319849104,8.697389397779501,4.9593384731251575,8.023353816938116,1.9634605525400617,333.57951131434925,19.81859548726031
1,2026-07-25T05:26:23.999681Z,75.46496670171125,12.194428969986696,99.14115027803928,8.588594339622063,4.969331603176305,8.290602887286461,1.9482396376731124,335.7776915401616,19.008357830255544
1,2026-07-25T05:26:24.999688Z,75.46493705982483,12.194501485408212,99.03758033923805,8.62167480282501,5.024810255321671,8.634809625198743,1.9267113786028804,337.0913335337078,18.03460329207078
1,2026-07-25T05:26:25.999694Z,75.46490698912449,12.194574898625577,98.9592018648982,8.685463741679104,5.009043029948149,8.902488077488941,1.9197055661716589,338.1076734180837,17.461844248321675
1,2026-07-25T05:26:26.999699Z,75.46487754364232,12.194652100329737,98.85069584473968,8.98262608270119,5.05707428680325,9.205175219714931,1.89424340674261,339.15475794980614,16.660345274648936
1,2026-07-25T05:26:27.999706Z,75.46484845462963,12.194732276554214,98.66353355813771,9.60909125114725,5.0892174848652925,9.479500319423117,1.8803907311052976,339.8341867747233,16.067293304696907
1,2026-07-25T05:26:28.999710Z,75.46481801963752,12.194814619516604,98.47933192364872,10.179200622043354,5.093344979567281,9.770584528366662,1.8667748269014997,340.2377765349976,15.477321390754067
1,2026-07-25T05:26:29.999714Z,75.4647853224266,12.1949003966128,98.38687954004854,10.649222793233335,5.095671549188576,10.117976625887499,1.8513010141268988,339.8366584638085,14.819803507591061
1,2026-07-25T05:26:30.999721Z,75.46474877965667,12.194985904823234,98.18266696110368,10.467234982203816,5.110959295382038,10.384730995009193,1.839486039015517,338.3309914982064,14.352681949699978
1,2026-07-25T05:26:31.999722Z,75.46470907560699,12.195072570202974,98.10672465991229,9.903111320146468,5.144215698072378,10.564572258682496,1.8319757583984948,336.86132604585623,14.050790453380689
1,2026-07-25T05:26:32.999726Z,75.46466458495873,12.195156827488903,98.02227195445448,8.70209111512421,5.213790064183983,10.626529523359766,1.8295998377149463,334.9761026038154,13.944416775263578
1,2026-07-25T05:26:33.999728Z,75.46462214239338,12.195245305699911,98.41730654519051,8.446574355096567,5.246550448032617,10.641056416317427,1.8276817171362647,334.0572149143326,13.861833590522432
1,2026-07-25T05:26:34.999731Z,75.46457751875347,12.195332855507194,99.2491599675268,7.919516891586162,5.22709748976531,10.629154288372918,1.828670538116719,333.16495948234444,13.816562001771912
1,2026-07-25T05:26:35.999733Z,75.46453397112658,12.195417062801722,99.75898774620146,4.7486515371334255,5.489851215227385,10.487562543866037,1.8302592512501752,333.05503630946566,13.928200026618349
1,2026-07-25T05:26:36.999734Z,75.46448841576873,12.195498246466865,100.36839636601508,7.811254646241233,5.59384816269972,10.276378270432875,1.8390278659697494,332.0071096662822,14.26368647055931
1,2026-07-25T05:26:37.999736Z,75.4644446267243,12.195578793877397,100.77395012788475,7.86908996376004,4.646676189968764,10.146167764978403,2.6605238234183926,331.3748794945858,21.232684736168633
1,2026-07-25T05:26:38.999737Z,75.46440022805433,12.195656296438278,101.46826571319252,7.697139066827557,4.581664271967862,9.952494375874371,2.698310636811503,330.2314017066958,21.949412377609498
1,2026-07-25T05:26:39.999737Z,75.46435485909429,12.195730930594145,101.55898417439312,4.748651570373736,4.584154407693366,9.624119247635358,2.695742792757981,329.7085635817302,22.684430380665805
1,2026-07-25T05:26:40.999740Z,75.464316713591,12.195805584069277,102.50525873620063,4.748651560323043,4.549788000285192,9.429949192741251,2.6951761014283826,331.01868492232904,23.113934181262643
1,2026-07-25T05:26:41.999739Z,75.4642769150783,12.19587786202962,102.99559708498418,4.748651590851539,4.556241482469143,9.287052495773889,2.6956824193240485,331.7967866698309,23.468123352865426
1,2026-07-25T05:26:42.999739Z,75.4642358090965,12.195947380410043,103.42882675584406,4.748651632370968,4.608949841116847,9.113413204943349,2.695116039149077,331.8523983482106,23.904875580744097
1,2026-07-25T05:26:43.999738Z,75.46419733985582,12.196016121172425,104.08118927944452,4.748651689311961,4.613419076384375,8.828241542389176,2.6904002507999936,332.1294522870812,24.589410383081386
1,2026-07-25T05:26:44.999738Z,75.46416070810464,12.196080812821387,105.15511851105839,4.7486516857890555,4.635427946238402,8.481213294203197,2.7272970340821785,331.452746414673,25.94079800750051
1,2026-07-25T05:26:45.999738Z,75.46412615291742,12.196143908125455,106.19197839219123,4.748651721096492,4.707127577898887,8.092550438861275,2.686118113264826,330.9760132275959,26.746392176963784
1,2026-07-25T05:26:46.999738Z,75.46410085809457,12.196204202303338,106.70243804808706,7.844554837894083,4.775060760788466,7.515252608408697,2.6867095884318184,333.01568526357073,28.810942540460484
1,2026-07-25T05:26:47.999737Z,75.4640698893648,12.19625663508226,107.85274187661707,7.865823005842901,4.823434246989122,6.9696071028134945,2.6859452949308174,331.5644720501024,30.913008940907996
1,2026-07-25T05:26:48.999736Z,75.46403588991294,12.196302152664595,108.61401503905654,4.748651747088335,4.9287294889238265,6.470299152010209,2.6838827073635363,328.74128257566946,33.14903679101449
1,2026-07-25T05:26:49.999735Z,75.4640097549504,12.196349242277556,108.9404907822609,4.748651781066555,4.976867858487746,6.071479251921057,1.6537825019087709,329.5618752141135,21.843804045674837
1,2026-07-25T05:26:50.999735Z,75.46399274873511,12.196389328891177,109.54136551637203,8.167032092604321,5.202401514205231,5.381331479994921,0.9037332115748175,332.1145222627675,13.485770263841408
1,2026-07-25T05:26:51.999734Z,75.46398072605687,12.196426274619329,109.70814614091069,7.649005997901939,5.244173525319951,4.8299854795732955,0.8936392257081074,336.39178733741505,14.914435524262812
1,2026-07-25T05:26:52.999732Z,75.46396400920408,12.196460945753651,110.44436395540833,4.7486517930133765,5.191449186845705,4.588031057273707,0.8924303139815827,337.0754788401339,15.631533769383715
1,2026-07-25T05:26:53.999731Z,75.46394991276019,12.196498505116155,110.97679490689188,4.748651775506149,5.07339157818579,4.532974936541034,2.1508873841958804,338.4154352613338,36.899498875619926
1,2026-07-25T05:26:54.999729Z,75.46393583905251,12.19653707707684,111.52163526788354,4.748651732246733,4.977668208729491,4.517330211077067,2.6832176467359785,338.6268673294308,46.10439915514714
1,2026-07-25T05:26:55.999727Z,75.46392415154452,12.196575851061423,111.79951352719218,4.748651721317521,4.91604254944881,4.504915565364351,2.690341125237194,340.9755268262644,47.33359973126208
1,2026-07-25T05:26:56.999726Z,75.46391471060352,12.196616964902528,112.28562131244689,4.748651733562231,4.924013154301038,4.6694677356136225,2.694507197310166,343.23153039216163,45.9056029075498
1,2026-07-25T05:26:57.999724Z,75.46390223091421,12.196654141174978,113.17160226684064,4.748651731465731,4.952377711002898,4.551635518317867,2.6824598570150084,342.8404661121992,45.739273844227604
1,2026-07-25T05:26:58.999723Z,75.4638922624383,12.19669575567602,113.33484647795558,4.74865175407455,5.188982046482342,4.671272978530292,2.692391926814087,344.57373900715805,45.55190744701152
1,2026-07-25T05:26:59.999721Z,75.46388219655651,12.196736741211648,114.00020627956837,4.748651760248382,5.24693202235488,4.761812369880709,2.6887125643276444,346.5074115748414,44.59768747431948
1,2026-07-25T05:27:00.999718Z,75.46387783057034,12.196777475715365,114.62845438718796,4.748651753147507,5.340203987340233,4.7152068198273005,2.6881394139126074,351.0521300119592,45.03498394872583
1,2026-07-25T05:27:01.999716Z,75.46387347437275,12.19681788973861,115.158602418378,4.748651774568412,5.395846431755378,4.607434189901209,2.686241040494476,353.07335513350563,45.78017692624027
1,2026-07-25T05:27:02.999715Z,75.4638739300966,12.196860413800763,115.48612928763032,8.280633531366915,5.461987257851659,4.7213831423386585,2.690511741417231,357.0561653710653,45.19945655418176
1,2026-07-25T05:27:03.999712Z,75.46387965571328,12.196904052253677,115.81004825886339,9.740652325257901,5.460129228712022,4.841685145642382,2.697516320196268,1.7925686659957998,44.201471240371
1,2026-07-25T05:27:04.999711Z,75.463883251581,12.196946733961934,115.93066957686096,4.748651766159791,5.476697649965766,4.804015700450981,2.6934855098509254,3.204503655812197,44.74026031687116
1,2026-07-25T05:27:05.999707Z,75.46388745792747,12.196990589350516,115.97418923769146,4.748651746484181,5.44146316748649,4.905011217853294,2.6993353373081677,3.8242322355604923,44.18560449146444
1,2026-07-25T05:27:06.999705Z,75.46388896294036,12.197036750205594,116.0265915831551,4.7486517541917035,5.425654310977725,5.079344043350413,2.697910860115019,3.122111764038897,42.80493882489695
1,2026-07-25T05:27:07.999703Z,75.46388968960066,12.197083790652723,116.51812976971269,4.7486517426542285,5.412060753492473,5.236415538027346,2.6978868449925355,1.6145172644089971,41.573035696954676
1,2026-07-25T05:27:08.999700Z,75.46388865219,12.197131542075399,116.77889601606876,4.74865171541266,5.3956471829783075,5.299739557175951,2.700316004519368,359.6465432758687,41.190480975275925
1,2026-07-25T05:27:09.999698Z,75.46388651908146,12.197178790227367,116.88673529215157,4.74865169313531,5.345845352529558,5.3007482127266226,2.7004920358252082,357.9973887885228,41.21841111273138
1,2026-07-25T05:27:10.999696Z,75.46388321196095,12.19722654829166,117.00433883816004,7.638354958883912,5.365477451793796,5.321381115939223,2.7007917682116815,356.2100457286186,41.06049565833856
1,2026-07-25T05:27:11.999694Z,75.46387596106007,12.197274384199343,117.24705140665174,7.809796053146334,5.353147080431907,5.345328959378518,2.699647653156803,353.35419385329106,40.869619951517045
1,2026-07-25T05:27:12.999691Z,75.46386728375057,12.197321722283085,117.52827530540526,7.949146824770959,5.346518110911783,5.334683547514322,2.699456548256363,351.0954302711235,40.932297535861096
1,2026-07-25T05:27:13.999688Z,75.46385604296178,12.197368962695323,117.75779588893056,7.799328070846523,5.306736074109184,5.346935383973069,2.700134456284793,348.4001008741034,40.85932695169389
1,2026-07-25T05:27:14.999686Z,75.46384186735548,12.197416206555273,117.89996441733092,4.748651681390024,5.2503646536727535,5.408862712878953,2.6919483351624063,345.88276322788886,40.278512376086546
1,2026-07-25T05:27:15.999683Z,75.46382864495592,12.19746340790022,117.97696388978511,7.62271219110027,5.188714012179613,5.41544538646871,2.700655388451149,344.93845075199806,40.3822264915986
1,2026-07-25T05:27:16.999681Z,75.46381425097105,12.19751297303587,118.15736796613783,7.789077536806791,5.164897754921802,5.628597442257735,2.694299452481332,344.1498714659781,38.66041837831222
1,2026-07-25T05:27:17.999677Z,75.46380052550282,12.19756369764678,118.71906755212694,8.06800283549571,5.1260205449419844,5.723966432412701,2.6976080202335684,344.25110604179366,38.03744909829798
1,2026-07-25T05:27:18.999675Z,75.46378439860698,12.197613983985176,119.02789514418691,8.069938719117362,5.519482452156269,5.849765541629669,2.1365722552585265,343.6530615314458,29.25923371435383
1,2026-07-25T05:27:19.999673Z,75.46377043432494,12.197667247838153,119.49808421730995,8.411669157401453,5.987363049156708,5.945982890077199,2.116805557041523,343.7432991114429,27.5178413975201
1,2026-07-25T05:27:20.999670Z,75.4637556305468,12.197719443448946,120.01586342230439,8.624560179659941,6.199232227455672,5.924119892230957,2.116048159615289,343.6904614610796,26.65448413989263
1,2026-07-25T05:27:21.999666Z,75.4637417957844,12.19777026321123,120.59447517059743,8.894905555366657,6.21394688962299,5.818873628596196,2.123620031115485,343.6913281731373,26.374706120262683
1,2026-07-25T05:27:22.999664Z,75.46372671188415,12.197819017274226,120.8959305966273,8.956882827146627,6.049791326210797,5.671353039589444,2.1350617946315804,343.27471752069056,26.40819132476525
1,2026-07-25T05:27:23.999662Z,75.46371383610459,12.197863917910434,121.38649219460785,9.124655549183462,5.799990417907995,5.361476019175962,2.162117753360611,343.24377521097097,27.377564045636685
1,2026-07-25T05:27:24.999659Z,75.46370022383066,12.19790669671987,121.66985078994185,9.137954683139094,5.551406677519528,5.110094331147875,2.1858197410105253,342.68770387098306,28.297064104569102
1,2026-07-25T05:27:25.999656Z,75.4636832242735,12.197946189869217,122.29302700422704,8.667239923922452,5.627429481733558,4.862570052971671,2.211950759656226,340.9294885041033,29.47078835708037
1,2026-07-25T05:27:26.999654Z,75.46367068487469,12.197989615377418,123.18752531986684,8.82006121224937,5.527635547690863,4.76406372201393,2.2174221607100795,341.11636913447614,28.619715793721937
1,2026-07-25T05:27:27.999650Z,75.46365467022655,12.19803597663347,124.12135989684612,8.881549466328062,5.564630235042025,4.913235695258091,2.204640916331241,341.25750048012134,27.646915926132944
1,2026-07-25T05:27:28.999648Z,75.46363837274451,12.19807993606181,124.4811982838437,8.91477648169477,5.544863631132041,4.981473645302503,2.201575876132119,341.1487409730951,28.38846389116327
1,2026-07-25T05:27:29.999645Z,75.46361846015587,12.198127687795113,124.66774999909103,8.714255159662512,5.650305946622703,5.230520792161599,2.180743502889984,340.41413498258737,28.56532355752507
1,2026-07-25T05:27:30.999642Z,75.46359882552208,12.198170834988943,124.77184433490038,8.383938051162255,5.798329322653591,5.279468602129431,2.176199480957647,339.3780141073188,29.145577801027848
1,2026-07-25T05:27:31.999639Z,75.46357474950375,12.198216328006245,125.32939367182553,7.675058465055378,5.893602416639172,5.3340329505915465,2.175429049818507,337.53725591636265,28.977745577928108
1,2026-07-25T05:27:32.999637Z,75.46355389674281,12.198260177804897,125.4601316479966,7.583721527965092,5.93883065710188,5.2633975825684125,2.1817939755235534,336.9998392413071,29.793826630732127
1,2026-07-25T05:27:33.999634Z,75.46353121945255,12.198301865740255,125.65775877423584,4.7486518707502485,6.0331885978389135,5.16815485082863,2.191575136317688,336.249608846656,31.300521606322242
1,2026-07-25T05:27:34.999631Z,75.46351175290062,12.198344252985178,125.75830419547856,4.748651844050272,6.142083369971762,5.020016684819244,2.2079561791450586,336.47570382974345,33.13738810630209
1,2026-07-25T05:27:35.999628Z,75.46349185399767,12.198385738488657,126.01882594078779,4.748651827770125,6.2740882561065625,4.956835583215457,2.2146498924488576,336.30877883766493,32.45829028053479
1,2026-07-25T05:27:36.999625Z,75.46347197302178,12.198426667721602,126.37194300815463,4.748651808564737,6.3302122958487494,4.935681898825654,2.2153305050836174,335.5809717837406,32.48809151755242
1,2026-07-25T05:27:37.999622Z,75.4634512720026,12.198467186758151,126.63646836858243,7.540245635275439,6.33019369737466,4.878912856211705,2.2189006051947295,334.28806385475315,32.441730614232384
1,2026-07-25T05:27:38.999619Z,75.46342965250128,12.198504906541663,127.29372022207826,4.748651752297813,6.263453781546629,4.648085330428895,2.2412860903089733,332.9480476475577,34.06654581413831
1,2026-07-25T05:27:39.999616Z,75.46340875076781,12.198542215517573,127.56272326502949,4.748651711938046,6.13813933749463,4.535186196700604,2.260597327161784,332.2007734780881,35.46095104399708
1,2026-07-25T05:27:40.999613Z,75.46339067220141,12.198579949521745,127.84078141953796,4.748651716168892,6.102114757165027,4.5010788829608925,2.265700241843188,332.8377356924115,37.063485424585586
1,2026-07-25T05:27:41.999611Z,75.46337080311682,12.198617723699908,128.07050527911633,4.7486517164342645,6.131777996298916,4.535637812920746,2.2644534306134627,333.04538845965214,38.247824636742266
1,2026-07-25T05:27:42.999608Z,75.46335203505389,12.198656407478143,128.2048666505143,7.685929455739489,6.162921443187275,4.658024281877141,2.2519840996041482,333.6767068416035,38.11118420831736
1,2026-07-25T05:27:43.999604Z,75.46333473227709,12.198696225605392,128.48045183252543,8.120294282036113,6.124838056732143,4.697017900689953,2.248072371100109,334.6829045731262,37.82260073645613
1,2026-07-25T05:27:44.999602Z,75.4633149570294,12.198736125603979,129.12012169416994,8.550032349423194,6.037720568160322,4.782791724992416,2.2360698757316833,333.9944392405481,35.85298387454054
1,2026-07-25T05:27:45.999598Z,75.46329340985321,12.198775453530704,129.61284701153636,8.712190915073235,5.97511798192759,4.863545117701784,2.229168694131606,332.7872888163743,35.947810154904815
1,2026-07-25T05:27:46.999596Z,75.4632705679763,12.198813864535413,129.9149278756231,8.717924186443065,5.930934941432722,4.811682653460823,2.2363657078231602,331.4105117460233,36.92254374516675
1,2026-07-25T05:27:47.999592Z,75.46324868305902,12.19885150150064,130.42959331721067,8.795131046641755,5.876800562403658,4.733242918208665,2.2424799987673265,330.6640859490634,37.78609887780824
1,2026-07-25T05:27:48.999590Z,75.46322667710726,12.19888854528757,130.41628148593009,8.829432758301115,5.833422414889223,4.624794876139217,2.2524637209703404,330.29509969586036,38.912145143924306
1,2026-07-25T05:27:49.999587Z,75.46320703336951,12.198923870028223,130.24572305940092,8.912248447685856,5.80500090495065,4.412195727566993,2.2753829885267685,330.6252920290306,41.76187633245849
1,2026-07-25T05:27:50.999584Z,75.46319016341438,12.198957818816073,130.2037415029481,9.23302116073943,5.791334462525525,4.1453608418365935,2.307421277884579,331.6425358264833,45.012938233748045
1,2026-07-25T05:27:51.999581Z,75.46317376570175,12.198990041485994,130.2053175084293,9.499429705866772,5.769907192952046,3.9492620304968655,2.3454459832839736,332.2615039762365,47.88690307612127
1,2026-07-25T05:27:52.999578Z,75.46315816825889,12.199020477787855,130.2094353074208,9.740329376071562,5.667942838106116,3.7663596644080783,2.354012768854513,332.67254889870907,50.463184492606345
1,2026-07-25T05:27:53.999575Z,75.46314144049764,12.199049186979996,130.34769757743925,9.768612884946394,5.564535385547081,3.638031233524151,2.370004030488338,331.60236844242235,52.75245162802789
1,2026-07-25T05:27:54.999573Z,75.46312083662127,12.199074302217847,130.4885584274307,9.2040189044932,5.434109103997589,3.4902377237762257,2.3881033172787065,326.0836243965167,55.42754740116052
1,2026-07-25T05:27:55.999569Z,75.46309420018993,12.199092457536388,130.40296646393836,7.636767543493247,5.291680247996011,3.28868207232594,2.40585729327175,313.99173550115756,59.03944959386857
1,2026-07-25T05:27:56.999567Z,75.46307304585916,12.199106783165798,130.47966227587312,4.748651612545728,5.334366369074757,2.864057944973151,2.4609129145332487,308.9621755571756,68.42883528362528
1,2026-07-25T05:27:57.999564Z,75.46305158159461,12.199117197632962,130.57963991351426,4.748651608180728,5.378260485711592,2.570441154247676,2.498564439160088,304.00038971697194,76.89391596552245
1,2026-07-25T05:27:58.999560Z,75.46303569559542,12.199123199192902,130.5078349346295,4.748651582526825,5.390044811886293,1.8350790185402226,2.5318752803778626,329.7579040527344,107.66059676125704
1,2026-07-25T05:27:59.999557Z,75.46302915338464,12.19912512306785,130.31723263394088,4.748651544658345,4.424016706401476,0.810650445234766,3.7622596438616815,329.7579040527344,180.0
1,2026-07-25T05:28:00.999555Z,75.4630285983501,12.199124945353148,130.31584998220205,4.7486515319987745,4.321464534436274,0.10243920332669136,3.743086480798124,329.7579040527344,180.0
1,2026-07-25T05:28:01.999552Z,75.46302842929863,12.19912514888414,130.1987353488803,4.748651530458726,4.382055438582306,0.015421597347914312,3.742783203050531,340.7486267089844,180.0
1,2026-07-25T05:28:02.999923Z,75.46302738238036,12.19912538298349,130.08644066751003,4.748651530278393,4.382255102639775,0.004983429970550462,3.7426008166765574,340.7486267089844,180.0
1,2026-07-25T05:28:03.999928Z,75.46302708488872,12.199126438751268,129.97531520854682,4.748651530191761,4.3759602891095755,0.0,3.7436180850515672,340.7486267089844,180.0
1,2026-07-25T05:28:04.999925Z,75.46302708488872,12.199126438751268,129.97531520854682,4.748651530191762,4.376005185102666,0.0,3.7426209337785825,340.7486267089844,180.0
1,2026-07-25T05:28:05.999936Z,75.46302708488872,12.199126438751268,129.97531520854682,4.748651530191761,4.356197709136583,0.0,3.7425155509716093,340.7486267089844,180.0
1,2026-07-25T05:28:06.999946Z,75.46302708488872,12.199126438751268,129.97531520854682,4.748651530191761,4.345187347531315,0.0,3.74250857721844,340.7486267089844,180.0
1,2026-07-25T05:28:07.999949Z,75.46302708488872,12.199126438751268,129.97531520854682,4.748651530191762,4.323683221805429,0.0,3.757084697618805,340.7486267089844,180.0
1,2026-07-25T05:28:08.999961Z,75.46302708488872,12.199126438751268,129.97531520854682,4.748651530191761,4.245214289964532,0.0,3.7583422690599733,340.7486267089844,180.0
1,2026-07-25T05:28:09.999973Z,75.46302708488872,12.199126438751268,129.97531520854682,4.7486515301917605,4.2197896796401935,0.0,3.742508236388308,340.7486267089844,180.0
1,2026-07-25T05:28:10.999976Z,75.46302708488872,12.199126438751268,129.97531520854682,4.748651530191761,4.20239234852039,0.0,3.7426221341167327,340.7486267089844,180.0
1,2026-07-25T05:28:11.999986Z,75.46302708488872,12.199126438751268,129.97531520854682,4.748651530191761,4.186924142272291,0.0,3.742446092951229,340.7486267089844,180.0
1,2026-07-25T05:28:12.999997Z,75.46302708488872,12.199126438751268,129.97531520854682,4.748651530191761,4.168043583207044,0.0,3.7423613294656115,340.7486267089844,180.0
1,2026-07-25T05:28:14.000000Z,75.46302708488872,12.199126438751268,129.97531520854682,4.748651530191762,4.151519304250081,0.0,3.7422593300762834,340.7486267089844,180.0
1,2026-07-25T05:28:15.000015Z,75.46302708488872,12.199126438751268,129.97531520854682,4.748651530191761,4.138659205063947,0.0,3.742256004926755,340.7486267089844,180.0
1,2026-07-25T05:28:16.000031Z,75.46302708488872,12.199126438751268,129.97531520854682,4.748651530191762,4.120470114261343,0.0,3.7423264747837246,340.7486267089844,180.0
1,2026-07-25T05:28:17.000041Z,75.46302708488872,12.199126438751268,129.97531520854682,4.748651530191761,4.1057287278714245,0.0,3.7424201867010707,340.7486267089844,180.0
1,2026-07-25T05:28:18.000047Z,75.46302708488872,12.199126438751268,129.97531520854682,4.748651530191762,4.088715284919011,0.0,3.7557463506595297,340.7486267089844,180.0
1,2026-07-25T05:28:19.000052Z,75.46302708488872,12.199126438751268,129.97531520854682,4.748651530191761,4.075853520900562,0.0,3.7485939504085968,340.7486267089844,180.0
1,2026-07-25T05:28:20.000057Z,75.46302708488872,12.199126438751268,129.97531520854682,4.748651530191762,4.066268395131384,0.0,3.740046037235127,340.7486267089844,180.0
1,2026-07-25T05:28:21.000061Z,75.46301980528081,12.199128997267417,130.0244134524837,4.748651530304409,4.054893124379426,0.010289867939529698,3.742328080916637,340.7486267089844,180.0
1,2026-07-25T05:28:22.000066Z,75.46301986269154,12.19912897197614,130.02298167999834,4.7486515301917605,4.03695347104681,0.0,3.745785432208792,340.7486267089844,180.0
1,2026-07-25T05:28:23.000070Z,75.46301986269154,12.19912897197614,130.02298167999834,4.748651530191761,4.024161514648625,0.0,3.7451743639641424,340.7486267089844,180.0
1,2026-07-25T05:28:24.000073Z,75.46301986269154,12.19912897197614,130.02298167999834,4.7486515301917605,4.019218952589442,0.0,3.742579120356545,340.7486267089844,180.0
1,2026-07-25T05:28:25.000075Z,75.46301986269154,12.19912897197614,130.02298167999834,4.748651530191761,4.012161647679381,0.0,3.764665576193604,340.7486267089844,180.0
1,2026-07-25T05:28:26.000078Z,75.46301986269154,12.19912897197614,130.02298167999834,4.748651530191761,4.00528374342397,0.0,3.7560149886065295,340.7486267089844,180.0
1,2026-07-25T05:28:27.000080Z,75.46301986269154,12.19912897197614,130.02298167999834,4.748651530191761,3.9998142411455557,0.0,3.742196484497201,340.7486267089844,180.0
1,2026-07-25T05:28:28.000083Z,75.46301986269154,12.19912897197614,130.02298167999834,4.748651530191761,3.990067527367929,0.0,3.7422866974753215,340.7486267089844,180.0
1,2026-07-25T05:28:29.000085Z,75.46301986269154,12.19912897197614,130.02298167999834,4.748651530191761,3.974846478477893,0.0,3.765802884579562,340.7486267089844,180.0
1,2026-07-25T05:28:30.000086Z,75.46301986269154,12.19912897197614,130.02298167999834,4.748651530191762,3.97309929940856,0.0,3.7422577856344605,340.7486267089844,180.0
1,2026-07-25T05:28:31.000087Z,75.46301986269154,12.19912897197614,130.02298167999834,4.748651530191761,3.966078804972508,0.0,3.7422347225084294,340.7486267089844,180.0
1,2026-07-25T05:28:32.000088Z,75.46301986269154,12.19912897197614,130.02298167999834,4.748651530191761,3.9592412581991163,0.0,3.7422999538460235,340.7486267089844,180.0
1,2026-07-25T05:28:33.000089Z,75.46301986269154,12.19912897197614,130.02298167999834,4.748651530191761,3.952299183807696,0.0,3.7422858783697954,340.7486267089844,180.0
1,2026-07-25T05:28:34.000090Z,75.46301986269154,12.19912897197614,130.02298167999834,4.748651530191762,3.945594653673403,0.0,3.742344585697709,340.7486267089844,180.0
1,2026-07-25T05:28:35.000090Z,75.46301986269154,12.19912897197614,130.02298167999834,4.748651530191761,3.9351167426275953,0.0,3.745239982830551,340.7486267089844,180.0
1,2026-07-25T05:28:36.000090Z,75.46301986269154,12.19912897197614,130.02298167999834,4.748651530191761,3.9307268281136896,0.0,3.742203273656268,340.7486267089844,180.0
1,2026-07-25T05:28:37.000091Z,75.46301986269154,12.19912897197614,130.02298167999834,4.748651530191761,3.9233239637981323,0.0,3.74237668269284,340.7486267089844,180.0
1,2026-07-25T05:28:38.000090Z,75.46301986269154,12.19912897197614,130.02298167999834,4.748651530191761,3.9174411996870906,0.0,3.7423026120199694,340.7486267089844,180.0
1,2026-07-25T05:28:39.000090Z,75.46301986269154,12.19912897197614,130.02298167999834,4.748651530191762,3.909862289641414,0.0,3.742446175785368,340.7486267089844,180.0
1,2026-07-25T05:28:40.000091Z,75.46301986269154,12.19912897197614,130.02298167999834,4.748651530191762,3.903132741300845,0.0,3.741932230220819,340.7486267089844,180.0
1,2026-07-25T05:28:41.000089Z,75.46301986269154,12.19912897197614,130.02298167999834,4.7486515301917605,3.8968214140403017,0.0,3.7422348925860494,340.7486267089844,180.0
1,2026-07-25T05:28:42.000089Z,75.46301986269154,12.19912897197614,130.02298167999834,4.748651530191761,3.8905245501479375,0.0,3.7417835507292376,340.7486267089844,180.0
1,2026-07-25T05:28:43.000088Z,75.46301986269154,12.19912897197614,130.02298167999834,4.748651530191761,3.885575732908617,0.0,3.741717271750975,340.7486267089844,180.0
1,2026-07-25T05:28:44.000088Z,75.46301986269154,12.19912897197614,130.02298167999834,4.748651530191761,3.8810839160047643,0.0,3.7423386255971245,340.7486267089844,180.0
1,2026-07-25T05:28:45.000087Z,75.46301986269154,12.19912897197614,130.02298167999834,4.748651530191762,3.8757156647132116,0.0,3.7425103130522883,340.7486267089844,180.0
1,2026-07-25T05:28:46.000087Z,75.46301986269154,12.19912897197614,130.02298167999834,4.748651530191761,3.871852118730691,0.0,3.742163425106029,340.7486267089844,180.0
1,2026-07-25T05:28:47.000085Z,75.46301986269154,12.19912897197614,130.02298167999834,4.748651530191761,3.86607158472691,0.0,3.742435907873861,340.7486267089844,180.0
1,2026-07-25T05:28:48.000084Z,75.46301986269154,12.19912897197614,130.02298167999834,4.748651530191761,3.8595467998799116,0.0,3.7438959329608497,340.7486267089844,180.0
1,2026-07-25T05:28:49.000082Z,75.46301986269154,12.19912897197614,130.02298167999834,4.748651530191762,3.8548146529615126,0.0,3.7421854186005863,340.7486267089844,180.0
1,2026-07-25T05:28:50.000082Z,75.46301986269154,12.19912897197614,130.02298167999834,4.748651530191761,3.850741810080698,0.0,3.7422580646785666,340.7486267089844,180.0
1,2026-07-25T05:28:51.000080Z,75.46301986269154,12.19912897197614,130.02298167999834,4.748651530191761,3.8459543762582853,0.0,3.742404793400999,340.7486267089844,180.0
1,2026-07-25T05:28:52.000079Z,75.46301986269154,12.19912897197614,130.02298167999834,4.748651530191761,3.8419460405809716,0.0,3.7422734284905976,340.7486267089844,180.0
1,2026-07-25T05:28:53.000077Z,75.46301986269154,12.19912897197614,130.02298167999834,4.748651530191761,3.8389974843599877,0.0,3.742754719819744,340.7486267089844,180.0
1,2026-07-25T05:28:54.000077Z,75.46301986269154,12.19912897197614,130.02298167999834,4.748651530191761,3.8363941943500084,0.0,3.7421224519357867,340.7486267089844,180.0
1,2026-07-25T05:28:55.000075Z,75.46301986269154,12.19912897197614,130.02298167999834,4.748651530191761,3.8328106368859998,0.0,3.74245342891638,340.7486267089844,180.0
1,2026-07-25T05:28:56.000073Z,75.46301986269154,12.19912897197614,130.02298167999834,4.748651530191761,3.8295299730549566,0.0,3.7422192714819196,340.7486267089844,180.0
1,2026-07-25T05:28:57.000072Z,75.46301986269154,12.19912897197614,130.02298167999834,4.748651530191762,3.8252985170430156,0.0,3.742318439049004,340.7486267089844,180.0
1,2026-07-25T05:28:58.000070Z,75.46301986269154,12.19912897197614,130.02298167999834,4.748651530191761,3.821997842211426,0.0,3.74232074047337,340.7486267089844,180.0
1,2026-07-25T05:28:59.000068Z,75.46301986269154,12.19912897197614,130.02298167999834,4.748651530191761,3.818106973266102,0.0,3.7422783581417414,340.7486267089844,180.0
1,2026-07-25T05:29:00.000067Z,75.46301986269154,12.19912897197614,130.02298167999834,4.7486515301917605,3.8147112041705014,0.0,3.742250669052896,340.7486267089844,180.0
1,2026-07-25T05:29:01.000065Z,75.46301986269154,12.19912897197614,130.02298167999834,4.748651530191762,3.810471779051845,0.0,3.7460587515653705,340.7486267089844,180.0
1,2026-07-25T05:29:02.000064Z,75.46301986269154,12.19912897197614,130.02298167999834,4.748651530191761,3.8093584802147937,0.0,3.742180357150825,340.7486267089844,180.0
1,2026-07-25T05:29:03.000062Z,75.46301986269154,12.19912897197614,130.02298167999834,4.748651530191762,3.8065875696206026,0.0,3.7419188257853038,340.7486267089844,180.0
1,2026-07-25T05:29:04.000060Z,75.46301986269154,12.19912897197614,130.02298167999834,4.7486515301917605,3.8026602282540756,0.0,3.7420224654927985,340.7486267089844,180.0
1,2026-07-25T05:29:05.000058Z,75.46301986269154,12.19912897197614,130.02298167999834,4.748651530191761,3.7985583517833956,0.0,3.742316121974048,340.7486267089844,180.0
1,2026-07-25T05:29:06.000056Z,75.46300955643565,12.199128696874874,129.70240890607238,4.748651530263692,3.7882508094011076,0.011443076558207073,3.7427891613113267,340.7486267089844,180.0
1,2026-07-25T05:29:07.000054Z,75.46300943730817,12.19912865086991,129.6960538746789,4.74865153025034,3.7597930448249905,0.00899684231931287,3.7424117959526333,340.7486267089844,180.0
1,2026-07-25T05:29:08.000052Z,75.46300918019958,12.199128419401333,129.65037883911282,4.748651530245331,3.7211063123805843,0.007793699818159511,3.743118053255912,340.7486267089844,180.0
1,2026-07-25T05:29:09.000051Z,75.46300923579416,12.199128393452318,129.6491161333397,4.748651530191761,3.7622691026706594,0.0,3.7356917797976434,340.7486267089844,180.0
1,2026-07-25T05:29:10.000048Z,75.4630089879125,12.199128471328063,129.59631555434316,4.748651530242943,3.783294354317791,0.006124565487767372,3.743349272252686,340.7486267089844,180.0
1,2026-07-25T05:29:11.000046Z,75.46300782524617,12.199128654739557,129.50535792298615,4.748651530896296,3.6825312146390496,0.09861734410235602,4.075351643085178,340.7486267089844,180.0
1,2026-07-25T05:29:12.000044Z,75.46300841921138,12.199128655977777,129.41911232843995,4.748651530191761,3.681414173404027,0.0,4.062248248905713,340.7486267089844,180.0
1,2026-07-25T05:29:13.000042Z,75.46300837273677,12.199129049660973,129.4155943132937,4.748651531602338,3.785427941884548,0.16448140764705504,4.0619017271273705,340.7486267089844,180.0
1,2026-07-25T05:29:14.000040Z,75.46301047703408,12.19912575238711,129.35139750596136,4.74865153134696,3.853595257500164,0.12457753364410058,4.04446451852704,340.7486267089844,180.0
1,2026-07-25T05:29:15.000039Z,75.46300939810193,12.19912171765885,129.155682772398,4.748651532249244,3.862472914974219,0.17380841456987542,4.050463465178949,340.7486267089844,180.0
1,2026-07-25T05:29:16.000036Z,75.4630059798377,12.19912067443245,128.83900443278253,4.74865153423985,4.059940930885088,0.18135334136567655,1.364906507471546,340.7486267089844,180.0
1,2026-07-25T05:29:17.000035Z,75.46300657184103,12.199123158909952,128.39923332445323,4.748651535199722,4.004274475689131,0.1686239640490202,1.3472895917475833,340.7486267089844,180.0
1,2026-07-25T05:29:18.000032Z,75.46300430960409,12.1991216582099,128.07478790543973,4.748651534277067,4.072056942901555,0.12351761530652915,1.3518337976461066,340.7486267089844,180.0
1,2026-07-25T05:29:19.000030Z,75.46300809706989,12.19912295159251,128.366222826764,4.748651530191761,4.06116053400975,0.0,1.352816415150132,340.7486267089844,180.0
1,2026-07-25T05:29:20.000028Z,75.46300809706989,12.19912295159251,128.366222826764,4.748651530191761,4.265211290043354,0.0,1.3369040532527523,340.7486267089844,180.0
1,2026-07-25T05:29:21.000025Z,75.46300809706989,12.19912295159251,128.366222826764,4.748651530191761,4.309211915512525,0.0,1.3363887162222938,340.7486267089844,180.0
1,2026-07-25T05:29:22.000024Z,75.46301445412679,12.199126838775483,129.37190085370094,4.748651533635911,4.293572207334643,0.09975640528660926,1.346794493092128,340.7486267089844,180.0
1,2026-07-25T05:29:23.000021Z,75.46301424164523,12.199131433944142,129.54160884208977,4.7486515459464025,4.3266225513692165,0.42079833279679385,1.3457326982092874,340.7486267089844,180.0
1,2026-07-25T05:29:24.000019Z,75.46300875688665,12.19913431957356,129.57296937238425,4.748651547431091,4.0911011420152015,0.7283277081041077,4.06179739161717,340.7486267089844,180.0
1,2026-07-25T05:29:25.000018Z,75.46299940002652,12.199133713489688,129.61697126924992,4.748651530191761,4.176515425207261,0.0,4.068659459794841,340.7486267089844,180.0
1,2026-07-25T05:29:26.000015Z,75.46297460643186,12.19913707886137,129.08077347278595,4.74865158093194,4.556017649398999,1.5926554578522767,1.097486932726686,340.7486267089844,180.0
1,2026-07-25T05:29:27.000013Z,75.46294693330125,12.199144557576473,129.02518420293927,4.748651616286602,4.857407419192663,2.444213960715981,0.9006685455510607,340.7486267089844,180.0
1,2026-07-25T05:29:28.000010Z,75.4629137862718,12.199148872045578,128.71400696225464,4.7486516410262025,5.000867320371492,3.121958254604481,0.8989800549094829,340.7486267089844,180.0
1,2026-07-25T05:29:29.000009Z,75.46286900747675,12.199152850924968,128.38703947793692,4.748651650399906,4.89666877685948,4.161544530928881,0.8990904859787197,340.7486267089844,180.0
1,2026-07-25T05:29:30.000006Z,75.46281903701555,12.199160945681914,127.29673204664141,4.748651673905732,4.626665215594755,4.932433058358114,0.9106605842975422,278.5521339095725,14.846442611979189
1,2026-07-25T05:29:31.000004Z,75.46276385905053,12.199168762440243,127.4566491683945,4.7486517168561555,4.619977843255447,5.552316359766502,0.9166466930454145,278.6227390682887,13.358389377590587
1,2026-07-25T05:29:32.000002Z,75.46271248346356,12.199177728799265,127.87238967698067,4.748651738580134,4.521663009036795,5.673730244708024,2.179126338975307,278.86745254377075,31.119321222447965
1,2026-07-25T05:29:33.000000Z,75.4626601926276,12.199171486236766,127.36864409595728,4.748651698535038,4.43005046326338,5.584265103664,2.734263420074738,269.80759357989024,39.62065294389095
1,2026-07-25T05:29:33.999998Z,75.46258476125385,12.19916711323589,126.83824223745614,4.7486517526516625,4.419150855445116,6.659490660830895,2.7353920698655965,270.12912747947007,33.20959212780003
1,2026-07-25T05:29:34.999995Z,75.46251834296152,12.199168626079654,126.5763708781451,4.748651778381377,4.470178573013641,6.83052259515003,2.727265833660803,273.4183492487883,32.28954847747662
1,2026-07-25T05:29:35.999994Z,75.46245003530814,12.199162685911363,126.38154941610992,4.748651777287426,4.713837316728384,7.056080493506816,2.731007291533362,271.3589544543736,31.32206870055473
1,2026-07-25T05:29:36.999990Z,75.4623691795388,12.19916602075162,126.7571987984702,4.748651962802885,5.194700973656206,7.88821340238499,2.70669709197299,271.7289353946313,27.791547112000618
1,2026-07-25T05:29:37.999989Z,75.46229066237875,12.199164695551604,126.6640316573903,4.74865204789615,5.361069020860758,8.178544652421554,2.7024454808927136,270.11495697041653,26.7657968034204
1,2026-07-25T05:29:38.999986Z,75.46220769740611,12.199169603762693,125.93971002940089,4.748652081503448,5.521856382135841,8.571838939774967,2.6948794799923763,271.692644611585,25.44797573686918
1,2026-07-25T05:29:39.999985Z,75.46212419480416,12.199173688069612,125.49694018345326,4.748652051655628,5.474761230659675,8.815331490056915,2.6963281341034535,271.3287835609455,24.746817006486577
1,2026-07-25T05:29:40.999982Z,75.46204381982788,12.199178797915586,125.38787238392979,4.74865192924793,5.311532139032376,8.631736490197776,2.6977605828934665,271.71165324552754,25.29099458433554
1,2026-07-25T05:29:41.999980Z,75.46196522816341,12.199182181095097,124.85723315458745,4.748651851348919,5.266197588247027,8.43472359290351,2.696884581277389,272.03431152345615,25.86689020186609
1,2026-07-25T05:29:42.999977Z,75.46188672958908,12.199186385919983,123.95100912172347,4.7486518078433475,5.202336921068215,8.357663935189079,2.6954129647480607,272.46112847024546,26.076215857198285
1,2026-07-25T05:29:43.999975Z,75.4618064483816,12.199192372781967,123.46057077217847,4.748651807164255,5.092013304174277,8.457292697548096,2.6964333205154705,272.6578301193616,25.791675237004466
1,2026-07-25T05:29:44.999974Z,75.4617272121099,12.19919647596113,122.94942549429834,4.748651790785296,4.998150171109682,8.447368318793814,2.6954257241230493,273.04852632837657,25.804587854472903
1,2026-07-25T05:29:45.999971Z,75.46164838911331,12.199202472779943,122.27768378984183,4.7486517858360315,4.961387765746543,8.475725925143404,2.694684181484823,273.8467637988439,25.70435930472118
1,2026-07-25T05:29:46.999969Z,75.46156929057643,12.199205839108073,121.69171671848744,4.748651793240294,4.872110002005674,8.477763784950254,2.6972503966609813,272.7231693804757,25.726507702124067
1,2026-07-25T05:29:47.999966Z,75.46148958033159,12.199207401425685,121.41364609543234,4.74865181267338,4.786851437050882,8.511779128881454,2.69793694258685,271.6304471117367,25.632558571296858
1,2026-07-25T05:29:48.999965Z,75.46141305709995,12.199208875855449,121.23802772071213,4.7486518319208715,4.718109663765078,8.41391157449459,2.6979208387740035,270.9483050468076,25.93224079255693
1,2026-07-25T05:29:49.999962Z,75.46133200541011,12.199207254420978,120.658959957771,4.748651827207286,4.648447584787295,8.43598671773537,2.698254988266224,270.4882018161814,25.868647265219543
1,2026-07-25T05:29:50.999960Z,75.46125382786101,12.199208343618213,120.26404707599431,4.748651821888003,4.572395059516688,8.416831589454949,2.6979556689848905,271.22935790861675,25.916219784116503
1,2026-07-25T05:29:51.999958Z,75.46117059716792,12.199205968260125,119.67339212540537,4.748651796655925,4.746741360959363,8.60000273239756,2.695086599984564,271.0392595644905,25.32881342579299
1,2026-07-25T05:29:52.999955Z,75.46108829246626,12.19920574814518,119.27711384464055,4.74865179810907,4.903814459185713,8.722266939259447,2.6949031652417577,271.1266408944657,24.9801325724645
1,2026-07-25T05:29:53.999953Z,75.46100674282592,12.199205224439734,118.8874073382467,4.748651805265753,4.980217625061022,8.801558728245004,2.6955379074691335,270.6316158501957,24.74596798194922
1,2026-07-25T05:29:54.999951Z,75.4609227746251,12.199204648317863,118.53022151067853,4.7486521070748235,6.1647566577538715,9.031294363177649,1.9002665053186902,270.21406838760146,16.603066770707738
1,2026-07-25T05:29:55.999949Z,75.46083781986661,12.199205218152308,118.23662034980953,4.748652212777047,6.266983664554357,9.20419104211545,1.8910915363883818,270.47352971869816,16.2250951851675
1,2026-07-25T05:29:56.999947Z,75.46075175603288,12.199205880535054,118.02539876662195,4.748652303325332,6.3012135164161025,9.31187173597804,1.8887175873973634,270.53953506358863,16.160776036376706
1,2026-07-25T05:29:57.999945Z,75.46066795320507,12.19920512473528,117.4494482697919,4.748652359374212,6.393344242652465,9.13027430063401,1.8953252738568966,270.26451901906626,16.505791065365045
1,2026-07-25T05:29:58.999943Z,75.46058406651787,12.1992039860307,116.77434015646577,4.748652236691267,6.301832480854432,9.00002792952735,1.907152550376135,269.5900449565645,16.81880597012045
1,2026-07-25T05:29:59.999939Z,75.46049966985876,12.199196665778095,116.48256944864988,4.748652241270723,6.108242205857465,8.950845817261627,1.9057583047740427,267.84600898819,16.928785408246924
1,2026-07-25T05:30:00.999938Z,75.46041661521166,12.199188371366153,116.07273087091744,4.748652163265128,6.248223066590816,8.8591692040385,1.9096494153672514,266.2626508240952,17.226401768533375
1,2026-07-25T05:30:01.999936Z,75.46033547054648,12.199179706197873,115.79740678332746,4.748652070825554,6.108640495115628,8.776477865941251,1.9145958016759301,265.1321992059959,17.473249336912517
1,2026-07-25T05:30:02.999933Z,75.46025647449935,12.199170227518952,115.68598993960768,4.748652012405065,6.024064959921171,8.68618363153101,1.9201479156777852,263.76626777894364,17.73932030483301
1,2026-07-25T05:30:03.999931Z,75.46017879647859,12.199159547822415,115.40804100874811,4.748651918382077,5.902727038963962,8.628628504745363,1.9223652533154076,262.44169984829114,17.844945675989024
1,2026-07-25T05:30:04.999929Z,75.46010088565569,12.199147642788278,115.36880245152861,4.748651836816757,5.8936562891715525,8.593130207074017,1.9259729306235773,261.5088801842181,18.021900754492414
1,2026-07-25T05:30:05.999927Z,75.46002329560784,12.199134813884923,115.26247480418533,4.7486518383215754,5.848047543142143,8.59214400886247,1.9276847808225428,260.79339070475896,18.00096605337402
1,2026-07-25T05:30:06.999925Z,75.45994403336917,12.199123078598918,115.02735018916428,4.748651827162665,5.835016521175229,8.695343942107744,1.92126973116669,260.9721586236194,17.695795664135282
1,2026-07-25T05:30:07.999923Z,75.45986311663772,12.1991122495838,114.79841045476496,4.748651758919432,5.829235638347492,8.848840990034432,1.9125580518828076,261.3063303707321,17.369564536370497
1,2026-07-25T05:30:09.000489Z,75.45978169738011,12.199101675577927,114.53506897762418,4.748651663725394,5.762855261945228,8.91299449120713,1.9115285651656584,261.7183457069313,17.236139360328107
1,2026-07-25T05:30:10.000495Z,75.45970109207528,12.199093167944454,114.22077883873135,4.748651651355766,5.698071951412552,8.886140323067831,1.9105338628882076,262.7420463515809,17.268624014352152
1,2026-07-25T05:30:11.000492Z,75.4596197038522,12.199088658669842,114.08341940492392,4.74865168222919,5.647598335345764,8.870890241890319,1.9109881637113302,264.51570267870335,17.35189239128882
1,2026-07-25T05:30:12.000503Z,75.4595382425205,12.199085062992905,114.0439219204709,4.748651692354711,5.606569804791134,8.823737511757754,1.9129976021943782,265.934211806514,17.518837444649556
1,2026-07-25T05:30:13.000505Z,75.45945845866206,12.19908345809756,113.83886119630188,4.748651679794421,5.567309728294992,8.706093777976005,1.91937916579001,267.1050011111072,17.81331146053344
1,2026-07-25T05:30:14.000501Z,75.45937886362547,12.199081025249853,113.68646993301809,4.748651683066085,5.521806604117284,8.605052217179052,1.9244246821449495,267.64806129474204,18.066050684393762
1,2026-07-25T05:30:15.000503Z,75.45930089373664,12.199078494787749,113.49278730526567,4.748651708711519,5.475643745852445,8.491408092657487,1.931766681150386,267.7655826250566,18.384908689639442
1,2026-07-25T05:30:16.000506Z,75.45922407385103,12.19907563634753,113.23630680236965,4.748651738993443,5.398616005151366,8.353283548953527,1.940681974791337,267.57980374806493,18.77219823794401
1,2026-07-25T05:30:17.000500Z,75.45914893039325,12.199074608824601,113.01416653115302,4.748651773442589,5.319036944762187,8.196417579868534,1.9503485399015605,267.82834065729367,19.23872282077748
1,2026-07-25T05:30:18.000501Z,75.4590754843155,12.199071226931162,112.74525928962976,4.748651798739653,5.2393257217094,8.035578265397316,1.961809082400573,267.50781568478436,19.727016699285958
1,2026-07-25T05:30:19.000507Z,75.45900483469102,12.199067301053889,112.29341534059495,4.748651781066367,5.115285747098069,7.789087705010873,1.9777077330898303,267.1244451985118,20.505045344982673
1,2026-07-25T05:30:20.000498Z,75.45893601092732,12.19906306324922,112.17861227877438,4.748651758349878,5.097388439454334,7.590918142298512,1.9901387269549073,266.7129197670007,21.174700811271666
1,2026-07-25T05:30:21.000499Z,75.45886544097927,12.199059427355916,112.03521682228893,4.748651729149455,5.161153081967832,7.440312280718527,1.9998574678817116,266.4104067165046,21.778601771023258
1,2026-07-25T05:30:22.000501Z,75.45879860167508,12.199055525169685,112.0015173908323,4.748651692194617,5.3076252771235755,7.193789265277369,2.0162044618452417,265.88972644791465,22.709517919992578
1,2026-07-25T05:30:23.000495Z,75.45873466783942,12.199048898919402,111.94728880282491,4.748651655195372,5.362329795859909,6.912120170229103,2.036988842601675,264.9010074250338,23.877023899637045
1,2026-07-25T05:30:24.000491Z,75.4586784831791,12.199043579309347,112.21830634213984,4.748651635404606,5.333759386333404,6.16012724343611,2.092210612369076,264.6019829470411,27.43914907165116
1,2026-07-25T05:30:25.000487Z,75.45863521878425,12.199040041300083,112.14981259498745,4.748651598714444,5.300183339732306,4.859127209660737,2.2091505238800604,264.8220236078278,36.79217357920503
1,2026-07-25T05:30:26.000484Z,75.45860715235399,12.199038046525542,112.2059517763555,4.748651578003972,5.21716933288387,3.330700018179424,2.3827386207318644,264.6969998129017,57.75795757005402
1,2026-07-25T05:30:27.000480Z,75.45859283474135,12.199036828841647,112.02977607212961,4.74865155878549,5.195310625260197,1.8712059676317443,2.530856501001935,265.3081285809865,109.31494748945528
1,2026-07-25T05:30:28.000476Z,75.45859199644688,12.199036761076057,111.93197952955961,4.748651534786719,4.288997606798584,0.4389310616151826,3.7423462287272478,267.74365234375,180.0
1,2026-07-25T05:30:29.000472Z,75.45859358375068,12.19903698282886,111.9191504092887,4.748651530341071,4.251770943180447,0.013968017484347462,3.7436429062110608,267.74365234375,180.0
1,2026-07-25T05:30:30.000469Z,75.45859258503782,12.199037013729024,111.77834726311266,4.748651530737866,4.234309427205921,0.049715757239013864,3.743570877297808,267.74365234375,180.0
1,2026-07-25T05:30:31.000466Z,75.45859334217916,12.19903768097875,111.96987190190703,4.748651530351758,4.217775191598423,0.013483155426091582,3.7649805080517393,267.74365234375,180.0
1,2026-07-25T05:30:32.000463Z,75.4585934134377,12.19903929380755,112.19763107597828,4.7486515302822205,4.198090323034152,0.008137905499160252,3.7441922616193786,267.74365234375,180.0
1,2026-07-25T05:30:33.000460Z,75.45859296851799,12.199040222481313,111.97718510590494,4.748651530277643,4.190926329151141,0.00841200978490353,3.7434491767028493,267.5479431152344,180.0
1,2026-07-25T05:30:34.000456Z,75.45859144395033,12.19903962774359,111.73727094847709,4.7486515303632855,4.181158849011344,0.017428346320993184,3.7436901970110936,267.74365234375,180.0
1,2026-07-25T05:30:35.000454Z,75.45859121672477,12.199039416992742,111.49353838060051,4.7486515304492185,4.170506840306193,0.02676355818965977,3.742944577070892,267.74365234375,180.0
1,2026-07-25T05:30:36.000451Z,75.45859121790748,12.199039773288323,111.5542864408344,4.748651530463329,4.1740846818578925,0.02631174171515443,3.7431811132476334,267.5479431152344,180.0
1,2026-07-25T05:30:37.000448Z,75.45859130183092,12.199039835175679,111.55091603845358,4.748651530191761,4.174409876184759,0.0,3.76187876391978,267.74365234375,180.0
1,2026-07-25T05:30:38.000444Z,75.45859312682259,12.199040051403168,111.56026579998434,4.74865153041028,4.194310469149393,0.022357054847624586,3.743685219465111,267.74365234375,180.0
1,2026-07-25T05:30:39.000442Z,75.45859291080467,12.19903931174365,111.55603259429336,4.7486515301917605,4.21521845180718,0.0,3.729898843440411,267.74365234375,180.0
1,2026-07-25T05:30:40.000438Z,75.45859291080467,12.19903931174365,111.55603259429336,4.7486515301917605,4.2242092377548,0.0,3.7440616393796895,267.74365234375,180.0
1,2026-07-25T05:30:41.000436Z,75.45859291080467,12.19903931174365,111.55603259429336,4.748651530191761,4.23996526224703,0.0,3.7435691085429714,267.74365234375,180.0
1,2026-07-25T05:30:42.000432Z,75.45859291080467,12.19903931174365,111.55603259429336,4.748651530191761,4.128931698549934,0.0,3.7437165986715004,267.74365234375,180.0
1,2026-07-25T05:30:43.000430Z,75.45859291080467,12.19903931174365,111.55603259429336,4.748651530191761,4.102580898160784,0.0,3.743784048281701,267.74365234375,180.0
1,2026-07-25T05:30:44.000427Z,75.45859291080467,12.19903931174365,111.55603259429336,4.748651530191762,4.083528781500949,0.0,3.747987803028043,267.74365234375,180.0
1,2026-07-25T05:30:45.000423Z,75.45859291080467,12.19903931174365,111.55603259429336,4.748651530191761,4.076230441586659,0.0,3.742944626553592,267.74365234375,180.0
1,2026-07-25T05:30:46.000421Z,75.45858955444453,12.199037747440205,111.62535990029573,4.748651532445841,4.062228783549646,0.33472618337929755,3.7458757369317857,267.74365234375,180.0
1,2026-07-25T05:30:47.000417Z,75.45857920522197,12.19903672003969,111.67642820067704,4.748651537059269,4.04813423099985,1.0260145768420779,3.743273367442779,267.74365234375,180.0
1,2026-07-25T05:30:48.000416Z,75.45855980507129,12.199035571242025,111.6759945070371,4.748651543275898,4.035629933417451,1.9310755364235965,3.7438646863886165,267.5479431152344,157.08682469752242
1,2026-07-25T05:30:49.000412Z,75.458537091617,12.199033929971074,111.65530614368618,4.748651551339951,4.424231093245408,2.3050929790539954,2.534207222951421,267.5479431152344,89.07136650140457
1,2026-07-25T05:30:50.000410Z,75.45851749851818,12.199032805683391,111.64188380446285,4.7486515538233744,4.7091751463767775,2.1993650702398764,2.533524015746442,266.4644470214844,93.31264461429988
1,2026-07-25T05:30:51.000407Z,75.45849268304427,12.19903344127099,111.74157732352614,4.748651547023908,4.0417597721391045,2.7165508719208726,3.6388725709664893,266.4644470214844,108.45578720099282
1,2026-07-25T05:30:52.000404Z,75.45847145612417,12.199025946106929,112.36466707848012,4.748651558580783,4.306464578767385,2.496753369015485,2.676762606851262,266.4644470214844,75.99162298733663
1,2026-07-25T05:30:53.000402Z,75.4584269669182,12.199028664566262,112.5244622156024,4.748651583256677,4.647557098380176,4.00270824117947,2.6921220702328696,266.8041222859787,52.371453371355116
1,2026-07-25T05:30:54.000398Z,75.45838654280763,12.199025051964407,112.28351522702724,4.748651578262761,4.545129741552672,4.178914871665438,2.700785756810901,265.9728936709597,52.36734655634697
1,2026-07-25T05:30:55.000396Z,75.45834314656926,12.199020072559541,112.26044544484466,4.74865159377751,4.554142524331025,4.528539867912529,1.0346552539784963,264.6838574486356,18.512745275269303
1,2026-07-25T05:30:56.000394Z,75.45830214559297,12.199018582477015,112.11063881963491,4.7486515937950475,4.5789231626317335,4.548547783016149,0.9000841889346719,266.0640196830392,16.025107917099774
1,2026-07-25T05:30:57.000391Z,75.45825822336002,12.199016984171143,111.94578777253628,4.748651592994318,4.603820550902888,4.73064365437737,0.9047683608888804,267.1159951851509,15.483412576214542
1,2026-07-25T05:30:58.000388Z,75.45820822674386,12.19900937353174,111.53874376602471,4.748651654870957,4.447641983248419,5.149172230480964,0.9189516053983064,263.6949851500499,14.434140087520708
1,2026-07-25T05:30:59.000386Z,75.4581573999481,12.198991317008225,111.89981917012483,4.748651728507778,4.319644629006052,5.505324137781664,0.9187036578203541,256.2494351326216,13.52242510503857
1,2026-07-25T05:31:00.000383Z,75.45810699374235,12.1989706785984,112.01082271616906,4.74865179314015,4.177917076117493,5.734834589968804,0.9210685036629576,250.81379959498776,13.014462256746956
1,2026-07-25T05:31:01.000380Z,75.45804077898069,12.198966055122924,111.33793278969824,4.748651919126011,4.657601016119023,6.352153033085974,0.9245697200023216,256.745622509423,11.77184687943487
1,2026-07-25T05:31:02.000378Z,75.45797586107841,12.198961572148084,111.33051386103034,4.748651959699788,4.850761539585267,6.711386050095055,0.9149690371731265,261.1562223758506,11.031413296874014
1,2026-07-25T05:31:03.000374Z,75.45791566637492,12.19895722727199,110.98425855766982,4.748651970404724,4.829065313123253,6.60898285629216,0.9222831919397008,263.26729595047726,11.277366832539453
1,2026-07-25T05:31:04.000372Z,75.45785251423624,12.198943253051699,110.59580833744258,4.748651960071428,4.6605300721103635,6.923482269245057,2.681753044750156,260.6796013467023,31.165668037887624
1,2026-07-25T05:31:05.000369Z,75.45778651093501,12.198929328518,110.03944552503526,4.748651980669251,4.583241790893602,7.175917755833421,2.709718068676311,258.5897528713506,30.381227843854226
1,2026-07-25T05:31:06.000367Z,75.45772479912493,12.198916502528704,110.83024927321821,4.748651811987211,4.3426176750455525,7.0980597268211,2.7076350752248715,257.48199163038623,30.887520887798658
1,2026-07-25T05:31:07.000364Z,75.45765527113659,12.198905039467972,110.9570807190612,4.74865176915667,4.275267711324196,7.4763120844947855,2.704797161177988,258.32914845136224,29.31317407452033
1,2026-07-25T05:31:08.000362Z,75.45758351621825,12.198887309065706,110.72118896711618,4.7486517632810985,4.098288979710712,7.8863770877626695,2.708061180827179,257.14641812223545,27.819665671582833
1,2026-07-25T05:31:09.000359Z,75.45751095558185,12.198868450990298,110.67960780952126,4.7486518200019,4.2686540302581015,8.121600374773825,2.708450994715912,256.3576762023825,27.020019256555685
1,2026-07-25T05:31:10.000356Z,75.45743345568738,12.19885027400999,110.99285047966987,4.748651850811333,4.380352227423966,8.42312707785936,2.7074367803107937,256.1917321548219,26.044150927301363
1,2026-07-25T05:31:11.000354Z,75.45735538157147,12.198830794683097,111.06310782767832,4.74865187856963,4.449985733539193,8.60931551595777,2.7058392895264403,255.4710173964047,25.466001694307053
1,2026-07-25T05:31:12.000352Z,75.45727552497274,12.198811492910238,111.09047190286219,4.748651860867788,4.481523932197501,8.655867221049922,2.705358289303483,256.21526212318025,25.32460178778448
1,2026-07-25T05:31:13.000348Z,75.4571939399222,12.19879139028599,110.6421228935942,4.748651850531141,4.474526671867757,8.858028500534466,2.7094277166305174,256.93277966797996,24.784328305312634
1,2026-07-25T05:31:14.000346Z,75.45711449556642,12.198778100080027,111.31414936669171,4.748651705754838,4.4505039595659825,8.793094013074377,2.7018986142198806,258.0914185517184,24.893988113334547
1,2026-07-25T05:31:15.000344Z,75.45703173710396,12.198765269837711,111.36204227618873,4.748651624376229,4.4671466521787915,8.874534730735151,2.7019831008441377,259.5756105325088,24.668019483033163
1,2026-07-25T05:31:16.000341Z,75.45694973217577,12.198755302431385,111.3005500426516,4.748651559116045,4.503410565981648,8.904582642795187,2.701357614003031,261.25912193716306,24.579609140342875
1,2026-07-25T05:31:17.000338Z,75.45686764194372,12.198746399560395,111.60064763110131,4.748651500059062,4.5496353307012045,9.000142083693635,2.7008639763322595,262.80373786506584,24.310970793340587
1,2026-07-25T05:31:18.000336Z,75.45678569337551,12.198740321255956,111.98906111903489,4.74865146900256,4.542506339029308,8.878191056852446,2.7031843294001354,263.68819542996147,24.66563972255708
1,2026-07-25T05:31:19.000333Z,75.45670691184786,12.19873463711823,112.39847486186773,4.74865144084208,4.512680535342368,8.637072720777955,2.7038909729744787,264.1664459037785,25.365401354547338
1,2026-07-25T05:31:20.000330Z,75.45662699207568,12.198730047253544,112.5136182019487,4.7486514187575315,4.552005617244547,8.552727411671473,2.7029217042934266,264.8770948722489,25.60741007514487
1,2026-07-25T05:31:21.000329Z,75.4565466033422,12.198730680562782,113.28764368779957,4.748651352920618,4.593281423651438,8.585903816531816,2.701216376009343,267.0276955005072,25.48845865249977
1,2026-07-25T05:31:22.000325Z,75.45646731665225,12.198727211840014,114.06077498756349,4.748651302982501,4.634473751817291,8.716320887024903,2.7001751582036886,267.66278565224843,25.096211001559038
1,2026-07-25T05:31:23.000322Z,75.45639057020664,12.1987199344641,114.11895320843905,4.748651325888565,4.629530562828617,8.523207996910772,2.702660844976053,266.86891193421326,25.692990723138614
1,2026-07-25T05:31:24.000320Z,75.45631589621277,12.198714527895042,114.28800152055919,4.748651367147231,4.621158130768561,8.246041425181945,2.7041836828161,266.17354477050344,26.571992347697147
1,2026-07-25T05:31:25.000317Z,75.45624220775187,12.198711999546287,114.57313724048436,4.7486513876711,4.858200387050444,7.957954104268777,1.9745345726316277,266.08906559016424,20.10428765762657
1,2026-07-25T05:31:26.000319Z,75.45617020188993,12.198703307952742,114.4971462925896,4.748651420150703,4.778687718362412,7.728732673576297,1.9866928170013773,265.71642466435856,20.828597919695756
1,2026-07-25T05:31:27.000312Z,75.45610699740055,12.198693367537238,114.96961344219744,4.7486513998749125,4.64650062894208,6.887340312689068,2.0571168058535814,264.47366973080597,24.195926710473564
1,2026-07-25T05:31:28.000309Z,75.45605232129309,12.198686220576539,115.24904112331569,4.748651436017639,4.60508643949459,5.740593661723192,2.1349593536032105,263.63775821329443,30.12006959244584
1,2026-07-25T05:31:29.000308Z,75.4560102672616,12.19867460888666,115.61347156390548,4.748651482531449,4.4852113583203135,4.317907412470113,2.275818233387572,261.532226797213,42.64873209320937
1,2026-07-25T05:31:30.000305Z,75.45598407415744,12.198672776490008,115.96154316607863,4.7486515024495315,4.458116717440906,2.8805911220913893,2.448822879138074,263.23927606485836,68.58216667140312
1,2026-07-25T05:31:31.000304Z,75.45596800403516,12.198664543145634,117.09260968957096,4.748651532567672,4.445535557674644,1.5303002356789925,2.536535984304165,254.0264275046487,125.47378255583358
1,2026-07-25T05:31:32.000300Z,75.45596013558212,12.198661152436198,118.14947308413684,4.748651532716393,4.070011506194454,0.9063104084007714,3.744201137614377,265.48895263671875,180.0
1,2026-07-25T05:31:33.000297Z,75.4559503727891,12.198655525279264,118.14721842389554,4.748651533898847,4.0098927332486,1.079411556845795,3.744988947929231,265.48895263671875,180.0
1,2026-07-25T05:31:34.000295Z,75.45594858973746,12.198651752561853,118.491803846322,4.748651533347971,3.9458581241694906,0.9844136921361866,3.7448027802589965,265.48895263671875,180.0
1,2026-07-25T05:31:35.000292Z,75.45594672824089,12.198655604161289,117.96540500409901,4.748651538666766,3.986234229571386,0.8398132346127222,3.745108919500183,265.48895263671875,180.0
1,2026-07-25T05:31:36.000292Z,75.45595299709865,12.198666501431587,117.84080360643566,4.748651544441536,4.182065843052951,0.6716315036544053,3.7401843500215484,264.50958251953125,180.0
1,2026-07-25T05:31:37.000287Z,75.45594634261973,12.19866715295036,118.31249851267785,4.748651556126769,4.2855961188392016,1.0111264041960097,3.7399899189296963,265.48895263671875,180.0
1,2026-07-25T05:31:38.000284Z,75.45592724153052,12.198667185297648,118.51431456767023,4.748651584535827,4.393040115604195,1.887351889000758,3.739349315623764,265.48895263671875,160.26444355997177
1,2026-07-25T05:31:39.000281Z,75.45589841078687,12.19867038098546,118.87246595043689,4.748651579626533,4.541036984356795,2.7904222676705346,2.497274520225076,264.50958251953125,72.13082895817425
1,2026-07-25T05:31:40.000280Z,75.45587113315072,12.198664999890248,118.22129029408097,4.748651607500384,4.880754970890218,2.8589647057309837,2.4675530480859336,265.48895263671875,69.60649954913212
1,2026-07-25T05:31:41.000276Z,75.45583947270333,12.198662697983538,118.27142942231148,4.748651626051118,5.1099355072602055,3.3606890746604847,2.429726506008155,264.96786485805654,58.14466159070289
1,2026-07-25T05:31:42.000274Z,75.45580261662028,12.198662813004598,118.5082836933434,4.748651656681384,5.3894644639654965,4.106945666772259,2.339562923406324,265.05982162328746,45.61244425911078
1,2026-07-25T05:31:43.000272Z,75.45575994193682,12.19866047210585,118.78208630625159,4.748651689487942,5.696501676822811,4.878907294888519,2.23160062611411,264.9371379482492,36.68541830279787
1,2026-07-25T05:31:44.000269Z,75.45571167122606,12.198652776162856,118.43088103737682,4.74865170671544,5.7022482757347985,5.57859834548315,2.1601879384726232,264.51821793060117,31.30428197600772
1,2026-07-25T05:31:45.000266Z,75.45565729329196,12.198645098729187,118.09263633470982,4.748651729587933,5.657545976497934,6.0531768314799175,2.1144212735523764,263.85706508866394,28.050742726884305
1,2026-07-25T05:31:46.000264Z,75.45560197219588,12.198642955947903,117.88194972835481,4.7486517408083975,5.598981389939705,6.078686183067013,2.1152914590179823,264.30022869343804,28.128047934567434
1,2026-07-25T05:31:47.000261Z,75.45554244272748,12.19863780787444,117.82366818934679,4.748651758120869,5.298651871492515,6.416316231700863,2.091799046483639,264.52316508502213,26.412929616972534
1,2026-07-25T05:31:48.000260Z,75.45547979113046,12.198631586728776,117.90576352924109,4.748651754006261,4.985613646288875,6.752854625249873,2.047411744022344,264.37813654640337,24.56506709292989
1,2026-07-25T05:31:49.000257Z,75.45541649394416,12.198626710018898,118.45204811543226,4.748651739096667,4.57616206351857,7.027706722891471,2.032838925084108,264.45714195455173,23.41187162447537
1,2026-07-25T05:31:50.000254Z,75.455352696345,12.19861984925961,118.42428755853325,4.74865172717573,4.146060946281851,7.239422705407361,2.030969217867992,264.0834783239948,22.71608917716254
1,2026-07-25T05:31:51.000251Z,75.45528699568746,12.198611257907759,118.90565683320165,4.748651721190277,3.8986744602375265,7.483795495307619,2.0369983664441875,263.6862173792341,22.037609344348738
1,2026-07-25T05:31:52.000249Z,75.45522429303576,12.19860526372611,119.10993931349367,4.74865171848028,3.719895617981281,7.613163547149892,2.0108227678517463,263.7644545534148,21.387514485244765
1,2026-07-25T05:31:53.000249Z,75.45515335007917,12.198607730216255,119.22287906520069,4.74865172570469,3.591813275701648,7.822997999093178,1.998562676842457,265.1412377638176,20.674167705964734
1,2026-07-25T05:31:54.000243Z,75.45507886108794,12.198578815762527,119.5174033055082,4.748651798990866,4.107360722625753,8.104144720115718,1.9826220470044504,262.92405027502514,19.786496532583552
1,2026-07-25T05:31:55.000241Z,75.45499305235799,12.198579074570425,119.66762226168066,4.748651781395021,3.9603002845900646,8.198031901112929,1.9686390893124246,264.8572567960615,19.438399726754305
1,2026-07-25T05:31:56.000242Z,75.45491168825868,12.198585316823147,119.80227789655328,4.748651779881636,3.8433817535849544,8.275308487424688,1.9652800254390153,267.07881935866413,19.24115447108189
1,2026-07-25T05:31:57.000236Z,75.45482923126268,12.198583718450566,120.27075576223433,4.74865179048401,3.7095402933399386,8.477884627995588,1.957390549799563,268.008279279966,18.693717408686712
1,2026-07-25T05:31:58.000234Z,75.45475208052942,12.198578963444822,120.52815059758723,4.74865176521291,3.5393255785518702,8.502250970756709,1.9534762045324126,267.9860911996426,18.58851550467823
1,2026-07-25T05:31:59.000231Z,75.4546706207555,12.198568806879054,120.85409247130156,4.74865174872477,3.310076450839843,8.624792659050843,1.949661551388525,267.5491830822059,18.295814653969412
1,2026-07-25T05:32:00.000229Z,75.45459044144691,12.198563573580305,121.24432561732829,4.748651734488547,3.1414576473641125,8.718146089627087,1.9468651619713013,268.28370656813706,18.085272231204446
1,2026-07-25T05:32:01.000226Z,75.454500639617,12.198565380523878,121.64100878499448,4.7486517372084895,3.013999727438699,8.914599013842105,1.9374628466950656,269.30916030912624,17.56244583818598
1,2026-07-25T05:32:02.000226Z,75.45441266547863,12.198565073387865,121.82880764920264,4.748651710090198,3.0,9.036300402952627,1.934179073488939,269.9112442853318,17.334374679812836
1,2026-07-25T05:32:03.000221Z,75.4543197915578,12.198557592368186,122.19883006997406,4.748651693908366,3.0,9.241526622193698,1.9302115482923397,270.2342231106001,16.891884087881397
1,2026-07-25T05:32:04.000219Z,75.4542325063757,12.198558057770681,122.98208955489099,4.748651686635054,3.0,9.116626055341696,1.9216342219291918,271.0255951923508,17.032964073466527
1,2026-07-25T05:32:05.000216Z,75.45414633711349,12.19857454038303,123.65175022929907,4.748651699674573,3.0234819317115247,9.058907020432212,1.9097053705645586,273.343978530218,17.04165337986385
1,2026-07-25T05:32:06.000214Z,75.45405753590254,12.198585457725807,124.1360806953162,4.748651714272796,3.111350191203638,9.159979948623882,1.9070351772591678,274.8413463908182,16.838521863774254
1,2026-07-25T05:32:07.000211Z,75.45397295315473,12.198594821086356,124.25530203804374,4.748651719417601,3.129263316170981,9.228899990500373,1.9091706886633473,276.2132783268095,16.75462306837129
1,2026-07-25T05:32:08.000208Z,75.45388734961936,12.198609801987997,124.9663637438789,4.748651779749869,3.315371241818102,9.433723534969392,1.9042070743064312,278.7100532974777,16.347368679771712
1,2026-07-25T05:32:09.000206Z,75.45380411863222,12.198616637514034,125.14641715120524,4.748651777915079,3.376930058089944,9.595010758898418,1.8992100857837944,280.5146601009688,16.03720184361226
1,2026-07-25T05:32:10.000204Z,75.45371955345438,12.198621424294789,125.87778985965997,4.748651843042542,3.7085445437996825,9.686670269549714,1.8895847507663457,280.25231707870944,15.797078336486523
1,2026-07-25T05:32:11.000200Z,75.4536338994379,12.198636780458326,126.14448197837919,4.748651884552693,3.7158798390734,9.846513890062756,1.9009556847033757,279.9793645897887,15.643171526685258
1,2026-07-25T05:32:12.000198Z,75.45354293221183,12.198653946301738,126.06594241969287,4.748651905407284,3.6323769764786005,10.077683723595145,1.8762988543145582,279.52380167176415,15.071229986251048
1,2026-07-25T05:32:13.000196Z,75.45344720395268,12.198676028822042,125.92045059334487,4.748651929812822,3.650071286822942,10.307078217772517,1.8397227175377273,279.4352641639651,14.407268228823881
1,2026-07-25T05:32:14.000193Z,75.45335236002119,12.198695577737327,125.70277793053538,4.7486519481765175,3.606467136951015,10.437799262096314,1.8349949245267503,279.07441855291205,14.115310009489855
1,2026-07-25T05:32:15.000820Z,75.45325761042461,12.198711644925734,125.57779475022107,4.74865196427646,3.5818707500141587,10.59150478533014,1.848433641602495,279.058525970092,13.964189196165716
1,2026-07-25T05:32:16.000826Z,75.45316701875488,12.198735054533513,125.68298289552331,4.748651975119372,3.626524915083676,10.598580994304445,1.8485409886633208,279.66251483406546,13.99650202606888
1,2026-07-25T05:32:17.000824Z,75.4530733526412,12.198765388077964,125.43221343588084,4.748651960556758,3.560230530538708,10.654268352782601,1.8471924503640904,281.27135890160656,13.947670849242085
1,2026-07-25T05:32:18.000824Z,75.45297794319231,12.198794371733353,125.13296175096184,4.748651963857239,3.505255491347324,10.696415344191639,1.8459166009549397,282.92195477532164,13.828178527883608
1,2026-07-25T05:32:19.000825Z,75.45287969794285,12.198816298793336,124.83397430274636,4.748651984507169,3.493361410848949,10.638958040100452,1.8477851082723176,283.20194566547644,13.905427291833405
1,2026-07-25T05:32:20.000804Z,75.4527721452788,12.19884373909395,124.29573244322091,4.7486520363460745,3.69396938527642,10.748966269688287,1.8353130382658767,282.76673330703284,13.72943956878061
1,2026-07-25T05:32:21.000803Z,75.45267323091933,12.198871285936402,123.94567629508674,4.748652026298466,3.659653973617651,10.581275934794064,1.843132576758862,282.5219842180876,13.961864202263996
1,2026-07-25T05:32:22.000800Z,75.45257474062038,12.198898572877022,123.13632745295763,4.748652011647272,3.6028338075760704,10.474109166311319,1.8494046353777562,282.9961292952906,14.158840401696397
1,2026-07-25T05:32:23.000789Z,75.45247734366102,12.198925975918074,123.1743427561596,4.748652013597576,3.5996943170185367,10.374203243244477,1.8522883191824229,283.1506837583282,14.373598591992009
1,2026-07-25T05:32:24.000787Z,75.4523876474997,12.198950090033323,123.32452296279371,4.748651963091725,3.440744620988669,10.02835009425809,1.8708927624237275,283.3516223985731,15.025031570754576
1,2026-07-25T05:32:25.000781Z,75.45230583789476,12.198980800363865,123.30129330605268,4.748651912318173,3.227611171981204,9.692767820787399,1.8880448641737393,283.81461094141366,15.74961923663091
1,2026-07-25T05:32:26.000765Z,75.45222021789438,12.199017722190618,123.09500742144883,4.74865189677189,3.1610258469442742,9.333916365188568,1.9072091804041058,284.78901008532455,16.52880175521072
1,2026-07-25T05:32:27.000735Z,75.4521333218431,12.199037324187817,123.22750024590641,4.748651862677483,3.16164672231984,8.72123596371003,1.9203839429326912,284.41588184879663,17.8344758012316
1,2026-07-25T05:32:28.000698Z,75.45206186238924,12.199053580928691,123.47464957553893,4.7486517836820425,3.0647117753887763,7.696440323804152,2.007893023397387,284.7231912971039,21.12670572164612
1,2026-07-25T05:32:29.000655Z,75.4519930715177,12.199065624152174,123.4407145017758,4.748651711805575,3.0,6.715852772906042,2.0761305121220626,285.19716537218227,25.038368344582082
1,2026-07-25T05:32:30.000647Z,75.45193719659008,12.199062616908405,123.30229043588042,4.748651621406986,3.0,5.424929866255237,2.2061269388428184,283.66597000668537,32.94362899633903
1,2026-07-25T05:32:31.000640Z,75.4519011433338,12.199065328014031,123.34861866477877,4.748651582933902,3.0,3.9946578349358224,2.34014520106896,282.91399440647365,47.46100662622501
1,2026-07-25T05:32:32.000632Z,75.45189805014435,12.199066285020352,123.53229289967567,4.748651544259301,3.0,2.4150376021006017,2.5388341790185947,268.3526611328125,85.1035254007251
1,2026-07-25T05:32:33.000628Z,75.45189653636817,12.19908721925528,123.38099166471511,9.803369947172643,3.0,1.904431188114205,2.5749959886294014,268.3526611328125,109.45235011784439
1,2026-07-25T05:32:34.000619Z,75.45189252572209,12.199115746881462,123.36576350033283,13.128802410102194,3.0,2.0774516445092237,2.585462513599795,305.1783452394865,100.50241623915282
1,2026-07-25T05:32:35.000615Z,75.45189985121648,12.199135869615043,123.43744705896825,13.897017210095237,3.0,2.020138057673564,2.58351445088148,318.1408904931761,102.69333775737414
1,2026-07-25T05:32:36.000609Z,75.45190468357019,12.199145143591053,123.19706651568413,14.851827555349917,3.0,1.9100971949393983,2.5915444805587318,325.4909398142724,102.88681845632797
1,2026-07-25T05:32:37.000604Z,75.45190201113327,12.199156370769689,123.09985911566764,16.03292718271195,3.0,1.9208514758674133,2.5840440991809643,329.18352829043107,96.27157829328765
1,2026-07-25T05:32:38.000598Z,75.45191685804704,12.199139967919107,122.53136227000505,14.274996777142421,3.0,1.5140408457135894,2.5771503056241896,333.1391470402915,86.71837865423818
1,2026-07-25T05:32:39.000589Z,75.45190406836475,12.199173464212809,122.87382511328906,17.813047594527212,3.0,1.8803117929380888,2.5792768078883315,336.1535793306582,70.46754738378146
1,2026-07-25T05:32:40.000583Z,75.45190990959397,12.199164944450692,123.02077458705753,16.905494719734822,3.0,1.6182665143363337,2.580932333849983,337.1794970977485,68.48451306353746
1,2026-07-25T05:32:41.000581Z,75.4519156279937,12.199151240657903,123.09627367462963,17.17399207285865,3.0,1.3650431659745301,3.764956349618204,268.3526611328125,180.0
1,2026-07-25T05:32:42.000572Z,75.451920247846,12.199135212838073,123.03535016160458,15.297873894597657,3.0,1.0449295909472882,3.771638712378178,268.3526611328125,180.0
1,2026-07-25T05:32:43.000567Z,75.45192991662178,12.199104337292725,122.7325719948858,11.681245319950833,3.0,0.7739989706195726,3.77016008599222,268.3526611328125,180.0
1,2026-07-25T05:32:44.000562Z,75.45191862198925,12.199096867443927,122.09226098749787,10.851044790792864,3.0,1.623274024887308,3.7401611356835183,268.3526611328125,180.0
1,2026-07-25T05:32:45.000560Z,75.45190882594014,12.19907978913229,121.93508509267122,8.900311135277038,3.0,1.5954277330159115,3.7692345306022332,268.3526611328125,180.0
1,2026-07-25T05:32:46.000553Z,75.4518821094194,12.199064974578496,121.73203081917018,4.748651548754076,3.0,2.353631345860317,3.079629778023745,291.67028158341424,102.08676933149981
1,2026-07-25T05:32:47.000550Z,75.45184566812524,12.199054352317626,121.61978707462549,4.748651563386094,3.0,3.8037845979596434,2.388829125373241,274.55369232999965,50.11989619957895
1,2026-07-25T05:32:48.000543Z,75.45180981502051,12.19903099460698,120.81248059216887,4.748651636108484,4.436183116675426,4.208177145327493,2.311402176055989,270.472091838332,42.90449500700085
1,2026-07-25T05:32:49.000538Z,75.4517672533455,12.199022838022985,120.59539126232266,4.748651690441627,5.101163453946014,4.674702777369116,2.2748401836861496,269.154923785438,37.943306902858644
1,2026-07-25T05:32:50.000537Z,75.45171742500716,12.199018185721842,120.46281035616994,4.748651784217832,5.315380779544825,5.382900179968562,2.2055155939438342,268.0519098016166,32.32053185972955
1,2026-07-25T05:32:51.000530Z,75.45165754436252,12.199014620783567,120.13221624586731,4.748651786623498,5.008456775813778,6.225169180623161,2.1339889159376053,267.20703272391165,26.73696855987556
1,2026-07-25T05:32:52.000526Z,75.45159166811904,12.199011428227267,119.32118555158377,4.748651739672203,4.330472527466038,6.864968442742808,2.062084662531747,266.48918158843355,22.938424583904922
1,2026-07-25T05:32:53.000521Z,75.45151675406451,12.199008077918965,118.53843983449042,4.748651702417722,3.685997684438056,7.801201804698534,1.998600343312885,265.65179026816804,19.54935298484769
1,2026-07-25T05:32:54.000519Z,75.4514291681016,12.199001589097902,117.19252768903971,4.748651662691175,3.145677062516209,8.906407828276091,1.9349390126768393,263.2268977525551,17.007715246461707
1,2026-07-25T05:32:55.000516Z,75.45134616914706,12.198989275249179,116.65381393581629,4.748651637185972,3.0,9.51855576877155,1.8906056997223597,259.5167298686656,15.416270401193165
1,2026-07-25T05:32:56.000509Z,75.45128279152748,12.198967135058842,115.34708996489644,4.7486516365034825,3.0,9.720185954075772,1.9048090381528486,256.6849849463123,15.121828019995505
1,2026-07-25T05:32:57.000505Z,75.45121928404433,12.198955152486642,114.60205319803208,4.7486516102863,3.0,9.3629176126795,1.922841955228641,256.49833211588526,15.742729442251935
1,2026-07-25T05:32:58.000501Z,75.45114075619271,12.198931350696695,113.50020094122738,4.8417428422533915,3.0,9.18925439061288,1.945252259475186,256.916945718075,16.499546000301958
1,2026-07-25T05:32:59.000497Z,75.45105998221135,12.198919709526669,112.92067743185908,5.152657621841807,3.0,8.899479104657782,1.9748467603600002,259.8046511807491,17.467732047844077
1,2026-07-25T05:33:00.000496Z,75.4509790001029,12.198866867831939,112.389403690584,4.748651598650945,3.0,8.617618288592652,1.989872806911845,259.64921661396306,18.130036433830448
1,2026-07-25T05:33:01.000490Z,75.45089921816901,12.198857693869318,111.85319454781711,4.748651578368628,3.0,8.015791546903126,2.0138556610260676,263.9329358669139,19.98616943703841
1,2026-07-25T05:33:02.000488Z,75.4508454621263,12.198856392340296,111.78994619846344,4.748651550691198,3.0,7.061307328137163,2.095872399697619,268.28135836794587,23.964853033553023
1,2026-07-25T05:33:03.000484Z,75.450773309914,12.198864235837222,111.80275614652783,4.748651530988476,3.0,7.0784507164527515,2.112846790886657,279.0382803874538,24.16037558971649
1,2026-07-25T05:33:04.000478Z,75.450662272003,12.198877782781189,111.69865405373275,4.74865150383928,3.0,7.981519665619553,2.066404176557418,286.2819267045221,20.96024888742108
1,2026-07-25T05:33:05.000474Z,75.45054553635106,12.198894295376673,111.78533903416246,4.748651480277181,3.0,9.110259354881785,1.9854404956896647,289.5236457096239,17.65886483180274
1,2026-07-25T05:33:06.000470Z,75.4504223418469,12.198935049890235,110.99649214185774,4.774609539224037,3.0,10.095829846164884,1.8981299496958715,290.5767752564568,15.233866414033347
1,2026-07-25T05:33:07.000468Z,75.45031524987554,12.198968849995964,110.94410933088511,4.8158971236294015,3.0,10.703697775686399,1.8930740455811026,288.5689335497809,14.327286786702738
1,2026-07-25T05:33:08.000463Z,75.45019824347649,12.199008495758893,110.50559410266578,4.748651492701278,3.0,11.369930307255979,1.829507922674215,281.64994346050463,13.037341280490715
1,2026-07-25T05:33:09.000460Z,75.45008440649673,12.199005297595239,110.1907090228051,4.74865149119155,3.0,11.741314446043106,1.8189470433857267,273.29336151008033,12.552111273355079
1,2026-07-25T05:33:10.000456Z,75.44999722506932,12.198999889524424,109.61609105952084,4.748651518779222,3.0,11.61654890953072,1.8257488020661,265.44814103879764,12.729834217513073
1,2026-07-25T05:33:11.000452Z,75.44988016931063,12.198998034840248,109.75955219287425,4.748651514837984,3.0,11.578802147505378,1.823801019436447,258.5985930830056,12.7515946343739
1,2026-07-25T05:33:12.000448Z,75.44978069524244,12.198952719612114,110.12566843535751,4.74865152807559,3.0,11.118596472741292,1.8242024090984685,251.68054905408457,13.277455430035664
1,2026-07-25T05:33:13.000446Z,75.44967552995311,12.198927569694112,110.81793897785246,4.979204119732547,3.0,10.89621375728236,1.861468932660545,250.73655624791883,13.769629984372742
1,2026-07-25T05:33:14.000442Z,75.44956047216512,12.198938897092551,111.66436280682683,4.748651525360537,3.4363496871699972,10.879011831777166,1.8607252402769572,254.33937979580134,13.73903929336994
1,2026-07-25T05:33:15.000438Z,75.44947142152756,12.19891572804456,112.75482788868248,4.7486515423835005,3.158542693398663,10.342016423462068,1.8820368690160827,254.3462200075468,14.439992999303007
1,2026-07-25T05:33:16.000436Z,75.44937592012842,12.19888468298524,113.83114637900144,4.748651546375455,3.0,10.018479796342445,1.8970120752341262,252.9356767121319,15.04493728510628
1,2026-07-25T05:33:17.000431Z,75.4492992003862,12.198863650336486,114.25892020948231,4.748651562006862,3.0,9.194987737706414,1.9335336417607218,252.4535351865881,16.667962873986035
1,2026-07-25T05:33:18.000428Z,75.44923125773647,12.198847577225754,114.89364360645413,4.748651566542412,3.0,8.554146674657371,1.9712194152597644,252.43566248224738,18.260598201700276
1,2026-07-25T05:33:19.000424Z,75.44917575709557,12.198832365822952,115.41164556518197,4.7486515696424165,3.0,7.93661006268621,1.996927218818116,252.51075365051287,19.956293692919047
1,2026-07-25T05:33:20.000421Z,75.4491228039739,12.198823890785677,116.10340243205428,4.748651567290468,3.0,7.331257110832184,2.0376139728304117,253.88770648379764,22.052696753685776
1,2026-07-25T05:33:21.000418Z,75.44908171714063,12.198776234073593,116.2172393258661,4.7486515767334865,3.0,7.006042426928456,2.062180486975728,249.9927989145712,23.418362733045857
1,2026-07-25T05:33:22.000414Z,75.44902991295336,12.198748392429978,116.64932422805578,4.7486515751194425,3.0,6.782848008539314,2.0815396165239175,249.33338519369858,24.47786250001949
1,2026-07-25T05:33:23.000411Z,75.448961037804,12.19872676516628,116.9601062964648,4.870046528604879,3.0,6.848185363618408,2.0863279957576784,249.76716153096874,24.436310918562523
1,2026-07-25T05:33:24.000407Z,75.44889695533573,12.198701527703284,117.53559996932745,5.066826014607759,3.0,6.875301601626644,2.102187746473696,249.64785191919418,24.399257344388108
1,2026-07-25T05:33:25.000403Z,75.44883622955008,12.198673128698761,117.5427392795682,4.938907165094006,3.0,6.883415486687292,2.089813483616864,249.13589353723756,24.395253430504667
1,2026-07-25T05:33:26.000400Z,75.44877588947043,12.198647068410695,117.5979153830558,4.76749674873362,3.0,6.731810067985723,2.0823803995128127,249.29588933451745,24.999356171155835
1,2026-07-25T05:33:27.000397Z,75.44870915913569,12.198624131549492,117.77267896663398,4.748651614532047,3.0,6.779287096288481,2.097917060025962,250.00737754262286,25.065668105588912
1,2026-07-25T05:33:28.000393Z,75.44864981904618,12.19861346250762,117.89747458696365,4.748651617392217,3.0,6.603680032890869,2.1286215607910557,251.57215363493162,26.088208699060527
1,2026-07-25T05:33:29.000391Z,75.44857984621378,12.198595121676236,117.6572254281491,4.816791842748,3.0,6.568048040266535,2.1177275621705003,252.6416579994327,25.953011023133087
1,2026-07-25T05:33:30.000387Z,75.44852410253277,12.198550198144693,117.5506576411426,4.748651722167555,3.0,6.460592686202014,2.127547189121316,250.7974407531527,25.924895377009733
1,2026-07-25T05:33:31.000384Z,75.44846011716966,12.198516737653591,117.5175650017336,4.7486517339308145,3.0182657282590406,6.144735610855393,2.145405095862314,249.46965113975162,27.024124152535947
1,2026-07-25T05:33:32.000380Z,75.44839938028662,12.198485239212033,117.29495939426124,4.748651703613806,3.0,5.630993475458545,2.2120221195182657,247.3839617728068,30.373450339081234
1,2026-07-25T05:33:33.000378Z,75.44835694453512,12.198466968319108,117.02439597807825,4.748651647986835,3.0,4.7574876923973815,2.304487961446755,247.61568268728328,37.40283019342034
1,2026-07-25T05:33:34.000374Z,75.44833007183927,12.198456119064968,117.09755890537053,4.748651597441765,3.0,3.4755370548322233,2.4524630403621304,248.63441973762556,53.31847561638392
1,2026-07-25T05:33:35.000370Z,75.44831244509454,12.19844844331547,116.90392048284411,4.748651563808646,3.0,2.2000041396268153,2.597986877664046,249.54125214905895,79.9979671944962
1,2026-07-25T05:33:36.000367Z,75.4482959018317,12.198444572896532,116.965052745305,5.223912536710172,3.0,0.9817050569853939,3.633815817896203,247.65786743164062,180.0
1,2026-07-25T05:33:37.000364Z,75.4482837048817,12.198442123687622,116.80521559622139,5.666348950346858,3.0,0.12299409811756795,3.7521040290645415,247.5009765625,180.0
1,2026-07-25T05:33:38.000360Z,75.44826602059854,12.19843659501446,116.90464564040303,6.0883029393461126,3.0,0.2580171107267164,3.8128679991898453,247.5009765625,180.0
1,2026-07-25T05:33:39.000357Z,75.44823860989034,12.198430962181009,117.00486219767481,6.347457715455463,3.0,0.22563998789290843,3.783812503020477,247.5009765625,180.0
1,2026-07-25T05:33:40.000354Z,75.44822163611018,12.198423231887878,117.04586208891124,6.903805581921017,3.0,0.13954198209198276,3.804080434460797,247.5009765625,180.0
1,2026-07-25T05:33:41.000351Z,75.44821977561425,12.198436942668696,117.11073901504278,7.2658187678650386,3.0,0.14746967620328783,3.7754869071274624,247.5009765625,180.0
1,2026-07-25T05:33:42.000348Z,75.448213351458,12.198436805713905,117.19597785919905,7.924508471650463,3.0,0.09982081562887639,3.8109780515566225,247.5009765625,180.0
1,2026-07-25T05:33:43.000344Z,75.44821501770244,12.198437853038365,117.15369708649814,8.449046609507334,3.0,0.0,3.7795238845152923,247.5009765625,180.0
1,2026-07-25T05:33:44.000341Z,75.44817984967086,12.198430511258639,117.39977822545916,7.749275038807466,3.0,0.18208131274309478,3.780833039793474,247.5009765625,180.0
1,2026-07-25T05:33:45.000337Z,75.4481644496356,12.198428965457946,117.39164155814797,8.174766710826235,3.0,0.3407851139155824,3.755002528096754,247.5009765625,180.0
1,2026-07-25T05:33:46.000334Z,75.44814805894416,12.198427717182083,117.39662289526314,8.48334847958136,3.0,0.5064592960364889,5.7018096986435935,247.5009765625,180.0
1,2026-07-25T05:33:47.000331Z,75.4481711001096,12.198442675340324,117.26788873132318,8.47710701536149,3.0,0.0893679871944142,2.0587412649543104,247.5009765625,180.0
1,2026-07-25T05:33:48.000327Z,75.4481715387705,12.198442843222933,117.26199081074446,8.318495482469416,3.0,0.0,1.6009824566925286,247.5009765625,180.0
1,2026-07-25T05:33:49.000323Z,75.4481715387705,12.198442843222933,117.26199081074446,8.257096093369473,3.0,0.0,1.5088158005811234,247.5009765625,180.0
1,2026-07-25T05:33:50.000320Z,75.4481715387705,12.198442843222933,117.26199081074446,8.236468230520185,3.0,0.0,1.5434763391187756,247.5009765625,180.0
1,2026-07-25T05:33:51.000317Z,75.4481715387705,12.198442843222933,117.26199081074446,8.101057029296113,3.0,0.0,1.518567862216935,247.5009765625,180.0
1,2026-07-25T05:33:52.000314Z,75.4481715387705,12.198442843222933,117.26199081074446,7.866942501116224,3.0,0.0,1.4285450766890515,247.5009765625,180.0
1,2026-07-25T05:33:53.000311Z,75.4481715387705,12.198442843222933,117.26199081074446,7.254311713262409,3.0,0.0,1.4137975561535152,247.5009765625,180.0
1,2026-07-25T05:33:54.000307Z,75.4481715387705,12.198442843222933,117.26199081074446,6.8712411973602965,3.0,0.0,1.4131310348123165,247.5009765625,180.0
1,2026-07-25T05:33:55.000304Z,75.4481715387705,12.198442843222933,117.26199081074446,6.550331491113769,3.0,0.0,1.3405595524962717,247.5009765625,180.0
1,2026-07-25T05:33:56.000300Z,75.4481715387705,12.198442843222933,117.26199081074446,6.234741083928432,3.0,0.0,1.4060164716042773,247.5009765625,180.0
1,2026-07-25T05:33:57.000297Z,75.4481715387705,12.198442843222933,117.26199081074446,5.141703309637322,3.0,0.0,1.2300022038900233,247.5009765625,180.0
1,2026-07-25T05:33:58.000294Z,75.4481715387705,12.198442843222933,117.26199081074446,4.748651530191761,3.0,0.0,1.122618926494844,247.5009765625,180.0
1,2026-07-25T05:33:59.000291Z,75.4481715387705,12.198442843222933,117.26199081074446,4.748651530191761,3.0,0.0,1.2132674073405303,247.5009765625,180.0
1,2026-07-25T05:34:00.000287Z,75.4481715387705,12.198442843222933,117.26199081074446,4.748651530191761,3.0,0.0,1.2089127010953784,247.5009765625,180.0
1,2026-07-25T05:34:01.000285Z,75.4482250407866,12.198280562893219,116.69152189418674,4.748651545448055,3.0,1.247909525075283,3.831405320694747,247.5009765625,180.0
1,2026-07-25T05:34:02.000281Z,75.4482161940347,12.198259473019206,116.86155651975423,4.748651547942768,3.0,1.45490234664342,3.8393959383560907,242.0991668701172,180.0
1,2026-07-25T05:34:03.000277Z,75.44820690783159,12.198244301068558,116.98986186645925,4.8321121500649635,3.0,1.0498790849609714,3.8727918277181574,242.0991668701172,180.0
1,2026-07-25T05:34:04.000274Z,75.44817490230102,12.198237525953113,117.20976941101253,4.74865154640374,3.0,1.3614137634821528,3.7987912301828697,242.0991668701172,180.0
1,2026-07-25T05:34:05.000270Z,75.44815297697808,12.198212912396972,116.91958798840642,4.949492605731194,3.0,2.167609915416599,3.025142333875956,242.96383666992188,112.86251617814757
1,2026-07-25T05:34:06.000268Z,75.44809391487608,12.198192907328608,116.98502296768129,4.9084478543636125,3.0,3.7202490021161636,2.7364116253183135,244.37942612120634,59.55968556937772
1,2026-07-25T05:34:07.000264Z,75.448041831292,12.19817993993881,117.42746078781784,5.073819497943274,3.0,4.727213183060853,2.6775113830542914,246.54456641350296,45.87327264368033
1,2026-07-25T05:34:08.000261Z,75.44799881611887,12.198186857734868,117.31906822696328,4.74865161101962,3.0,4.758965069656231,2.3644477017496035,249.76618419778765,40.24851410773006
1,2026-07-25T05:34:09.000258Z,75.447934470224,12.198176702387522,117.75254281330854,4.74865163067085,3.0,5.786921679115574,2.262983358802979,250.9790797544215,31.587790968986003
1,2026-07-25T05:34:10.000255Z,75.44788427772038,12.198162405016905,117.88632400427014,4.7486516339323925,3.0,6.309242480086807,2.2652425477109532,252.88321481142108,29.076346810389776
1,2026-07-25T05:34:11.000251Z,75.44781850993758,12.198156746069488,118.48491675499827,4.74865163037412,3.0,6.495009579755669,2.3139575618182087,254.2588393229109,28.75954243292197
1,2026-07-25T05:34:12.000248Z,75.44773566328676,12.198148598003314,118.57746918033808,4.7486516359706945,3.0,6.94302995840995,2.2204768987626227,255.0604399284864,25.80572786027182
1,2026-07-25T05:34:13.000245Z,75.44765640755242,12.198138171830315,118.83591659925878,4.748651629492813,3.0,7.254852552700519,2.1653743586357326,253.52970899967104,24.021059611774973
1,2026-07-25T05:34:14.000241Z,75.44758179083667,12.198133132449863,119.00435018818825,4.748651616588346,3.0,7.4650754588022705,2.162539365112598,252.61531779972944,23.316484419093356
1,2026-07-25T05:34:15.000238Z,75.44748011265287,12.198136633222763,119.13021534029394,4.748651596182371,3.0,8.216207854758911,2.1870917532636023,254.75929058542215,21.426306419575525
1,2026-07-25T05:34:16.000235Z,75.44739955305451,12.198165138694169,119.10377910081297,4.748651575186829,3.0,7.956913486924065,2.1686608224864683,260.10132527050666,21.898736207229184
1,2026-07-25T05:34:17.000232Z,75.44731311670539,12.198177076467914,119.64812124986202,4.901830702676718,3.0,8.065427977848522,2.1666195980426353,261.91733917431554,21.582941546845444
1,2026-07-25T05:34:18.000228Z,75.44721603989221,12.198183515242976,119.64170017465949,5.375820876298049,3.0,8.572909318432385,2.1607366983727134,264.1465615364691,20.299288799437004
1,2026-07-25T05:34:19.000225Z,75.44715989852739,12.198189010939082,120.46797270979732,5.561686524004416,3.0,8.18525292383958,2.172525436987101,265.1166527294952,21.297968280896367
1,2026-07-25T05:34:20.000221Z,75.44709197952392,12.198196048575488,120.39550116937608,9.960184046184997,3.0,8.295114210828112,2.191915986509904,267.08290260526354,21.284844311436945
1,2026-07-25T05:34:21.000749Z,75.44702780137969,12.198201548385954,120.58881534542888,11.59635324241901,3.0,7.981428094853132,2.1865795267057893,268.48983730720545,22.13237454420316
1,2026-07-25T05:34:22.000754Z,75.4469758914156,12.198226419185799,120.74129546899348,11.122346742629293,3.0,7.353100052074432,2.2285026786078608,273.2064505160555,24.50806712942374
1,2026-07-25T05:34:23.000751Z,75.44688644102347,12.198270351451557,121.74716657306999,7.040201938913603,3.0,7.444848354966431,2.260028727965503,278.32131994137353,24.48818865408582
1,2026-07-25T05:34:24.000751Z,75.4467986092697,12.19831615452385,121.65093579422683,7.441268631678719,3.0,7.591909061203449,2.299931245946082,283.79372693000226,24.48695959207862
1,2026-07-25T05:34:25.000747Z,75.44673038222652,12.198339584239985,121.3957531908527,7.494471521155371,3.0,7.222415885897893,2.3198857606362915,286.9683713291902,25.98367082472461
1,2026-07-25T05:34:26.000733Z,75.44665668560981,12.198374830988204,121.54900969751179,7.7600522649028285,3.0,7.444996578744645,2.313111685911447,290.77307851535863,25.140266171734485
1,2026-07-25T05:34:27.000725Z,75.44660696791699,12.198402365666118,122.04146825056523,7.543339506861746,3.0,7.6237063499415845,2.258091477630894,291.5078169771253,23.946454520778403
1,2026-07-25T05:34:28.000717Z,75.44653334764945,12.198450665162,122.01668349094689,7.6908915113826355,3.0,8.128430881097994,2.2489875192546527,292.44623709856455,22.3957910698204
1,2026-07-25T05:34:29.000701Z,75.44647511754195,12.19851144090688,122.07812852505594,7.652185267344196,3.0,8.373503594674652,2.210328454283454,296.14823201557346,21.372482222712502
1,2026-07-25T05:34:30.000697Z,75.44642196640015,12.198542254972667,122.59754019789398,7.590764278635584,3.0,8.19324519246068,2.213122565906734,296.8250266729117,21.861934579548976
1,2026-07-25T05:34:31.000694Z,75.44635675119352,12.198573264781606,122.70415483880788,12.149431148474013,3.0,8.042247707790912,2.1841721030006602,296.07494948603295,21.98951167117225
1,2026-07-25T05:34:32.000682Z,75.44634369829875,12.198596491852888,122.51105957012624,7.452606063331206,3.0,7.3935770692494645,2.2324531387554236,296.9094046697084,24.46568285345763
1,2026-07-25T05:34:33.000677Z,75.44629263871595,12.198618769306325,122.51537799276412,13.479452458330895,3.0,7.2101538914691625,2.228015199255852,296.2146668790958,25.032023511594456
1,2026-07-25T05:34:34.000673Z,75.44625366396086,12.198637633895704,122.18139918986708,15.01966820236055,3.0,7.057514067068261,2.2467852607511536,297.1970880475456,25.770529840116673
1,2026-07-25T05:34:35.000661Z,75.44625546552528,12.198604012261612,122.0799937909469,17.672054550807875,3.0,6.122937776525166,2.309548451608304,295.65767629529114,30.436202364780275
1,2026-07-25T05:34:36.000649Z,75.4462453481433,12.198608795960867,121.96186652779579,18.081300413396402,3.0,5.56271115484096,2.353727047470784,297.30001441238386,33.73794770935773
1,2026-07-25T05:34:37.000639Z,75.44621925319514,12.198651837663672,121.25132069550455,17.737115297921505,3.0,5.657010548953458,2.3452330956717504,302.2758683546233,32.63281958216179
1,2026-07-25T05:34:38.000629Z,75.44615441694384,12.198742652055872,120.94424341339618,16.827100369901018,3.0,6.342404869033653,2.272648395619701,307.8412408047207,28.051643550335513
1,2026-07-25T05:34:39.000619Z,75.44608435562054,12.198849300470034,120.28542590420693,15.198907729214984,3.0,7.425789595649533,2.187075949078763,311.9443160571552,22.991105216931576
1,2026-07-25T05:34:40.000609Z,75.44603708827496,12.198947060135389,119.98567857127637,7.829279236772636,3.0,8.084731116372145,2.1651346701943046,315.8641080846106,20.937298872349608
1,2026-07-25T05:34:41.000600Z,75.4460523017976,12.19898681746754,119.33389814384282,7.504910894312903,3.0,7.391841149468608,2.1774843772483945,319.9346753052487,22.97576336558284
1,2026-07-25T05:34:42.000591Z,75.446025425325,12.199061950710632,119.38305864762515,8.192145534736158,3.0,7.039277755131637,2.230826188215328,325.69715878782426,24.919104089317422
1,2026-07-25T05:34:43.000583Z,75.44600695854282,12.199134998229171,118.62749103084207,8.8852058595159,3.0,6.571933237246083,2.322035944354719,330.7580290786453,27.6249444941637
1,2026-07-25T05:34:44.000575Z,75.44600221761156,12.19916323860157,117.7709517935291,9.451681682977476,3.0,5.780678946859478,2.339090279558545,333.15168153652905,30.41800741389608
1,2026-07-25T05:34:45.000567Z,75.44596247715161,12.199226586852093,116.8029762879014,10.185058247325918,3.0,6.030683139989753,2.3474291167911128,333.00081992149893,29.405854163803752
1,2026-07-25T05:34:46.000559Z,75.44591261581743,12.199304537956477,116.16811491083354,10.917944187852623,3.0,6.612588712533766,2.3275176740350707,332.309467081504,27.469647984165952
1,2026-07-25T05:34:47.000552Z,75.44587985137171,12.199364192622342,115.61312239896506,12.019512966092808,3.0,6.824531446292528,2.3668366210960694,331.96810283257184,27.292332836983398
1,2026-07-25T05:34:48.000545Z,75.44584695311178,12.199427261972847,115.81222478393465,13.125143254772716,3.0,6.8408377340041895,2.4710585614361675,331.3130522620501,28.8643057898529
1,2026-07-25T05:34:49.000537Z,75.44582688185207,12.199495634858932,114.98940715845674,14.282743266105951,3.0,6.570136865190407,2.6102287772552697,331.1551038859275,31.545818376843982
1,2026-07-25T05:34:50.000533Z,75.44576867222602,12.199508750371011,114.77359224110842,14.927778683682357,3.0,5.850698163525659,2.7997758516003866,324.96268045384403,37.47762286997393
1,2026-07-25T05:34:51.000525Z,75.44575976456633,12.19954537352447,114.8254757868126,16.38763423547415,3.0,4.806098400281382,2.966846495519649,324.7832611023947,47.49424770756361
1,2026-07-25T05:34:52.000519Z,75.44575211063855,12.199568318189284,113.19496477209032,17.924242460515917,3.0,3.7071012537712233,2.9688886855337744,324.3331283481019,54.45541250308742
1,2026-07-25T05:34:53.000511Z,75.44574363109845,12.199588870308505,112.67761756852269,19.410667042265597,3.0,2.967967755367274,2.8988651422999117,324.91074845437066,60.770795825282235
1,2026-07-25T05:34:54.000506Z,75.44574971740484,12.19958490836082,111.5872961031273,20.92313950741839,3.0,2.2599102348842584,2.6487096067199016,326.15789794921875,60.94795243939789
1,2026-07-25T05:34:55.000500Z,75.44573113889197,12.199604208275758,111.0072514032945,22.442899315262192,3.0,2.035885660451546,2.6591673632896544,326.15789794921875,67.56246993589409
1,2026-07-25T05:34:56.000494Z,75.44570758500683,12.199621612677172,110.79522333666682,23.999130679796778,3.0,1.9196133530870787,2.7487222994158285,326.15789794921875,75.89637701419312
1,2026-07-25T05:34:57.000488Z,75.4458386516644,12.199439746938998,110.50976631604135,23.631710356434265,3.0,0.6492041315291869,3.6731649005393363,326.15789794921875,180.0
1,2026-07-25T05:34:58.000482Z,75.44580961607198,12.199485737777847,110.22054637409747,25.390050760576532,3.0,0.6400323357300233,3.717771477422396,326.15789794921875,180.0
1,2026-07-25T05:34:59.000477Z,75.44575388215831,12.199353249053342,109.88497528340667,22.55082362338352,3.0,0.4600126228243063,3.6881572395933166,326.0438232421875,180.0
1,2026-07-25T05:35:00.044523Z,75.44572876177787,12.199373294521815,109.55532768927515,22.608639324888532,3.0,0.5508840128796483,3.661144290833801,326.0443420410156,180.0
1,2026-07-25T05:35:01.035207Z,75.4456784971409,12.199421864526874,109.00534346885979,21.61905057556534,3.0,0.8775135783956399,3.578186840672375,326.0443420410156,180.0
1,2026-07-25T05:35:02.038583Z,75.44562367220796,12.199472254612635,108.67345321271569,21.294665248356974,3.0,1.3469677318019937,3.5328505201335734,326.0443420410156,180.0
1,2026-07-25T05:35:03.036708Z,75.44561052218793,12.19949026904349,108.67909197509289,21.532139752843168,3.0,1.483269965976517,3.5124848881120525,326.1584167480469,180.0
1,2026-07-25T05:35:04.038816Z,75.44558872441,12.199520023654985,108.1069650016725,21.921517172307507,3.0,1.7123348247277959,3.4984725931957694,323.57770569570437,151.35623087184413
1,2026-07-25T05:35:05.036188Z,75.44563007847606,12.199635130280734,108.39863629918545,17.22465469786011,3.0,2.7398519890856035,2.679501323848045,342.7355104410912,72.03573166091311
1,2026-07-25T05:35:06.032678Z,75.44560439275324,12.199737212037729,108.74385467916727,16.872969329730342,3.0,3.636829749027688,2.657073703890763,344.3884832078736,56.52616034572245
1,2026-07-25T05:35:07.033867Z,75.44558088468331,12.199792342871417,108.85530998464674,17.179776255751793,3.0,3.9788673042959184,2.6457038303555205,343.9751991163102,52.90373465168897
1,2026-07-25T05:35:08.034543Z,75.44556833659617,12.199832035726963,109.62004738301039,17.44225062830767,3.0,4.0388947441721195,2.6582097645730833,343.375091755947,53.24922324946446
1,2026-07-25T05:35:09.035685Z,75.44555451962691,12.199873479360829,109.5290177417919,17.81374684345759,3.0,4.111566457227875,2.679511899931357,343.1896316887627,52.710510004774825
1,2026-07-25T06:06:12.993181Z,75.36250558098695,12.272396979287556,114.5938270939514,18.761885354499107,26.174219131469727,0.0,0.5576231184228415,-1.0,-1.0
1,2026-07-25T06:06:14.001391Z,75.36240541427232,12.27258774436242,65.2999262176454,10.529909087895145,11.903332710266112,0.0,0.3525391604514522,-1.0,-1.0
1,2026-07-25T06:06:15.001392Z,75.36250419636058,12.272428310568962,47.058226853609085,8.80654816320357,3.7544920032509084,0.5434882522028008,1.625592769892701,-1.0,-1.0
1,2026-07-25T06:06:16.001389Z,75.36246982010371,12.2724982816754,46.88689820095897,4.748651530191762,4.027759375060514,0.29411147713171354,1.42261114102797,-1.0,-1.0
1,2026-07-25T06:06:17.001399Z,75.36244604665386,12.272535838414786,45.66126978863031,4.748651530191761,4.7665714496292395,0.12901110109001757,0.8168865168512685,-1.0,-1.0
1,2026-07-25T06:06:18.001249Z,75.36241503966468,12.27259010752532,46.4328833296895,4.748651530191761,5.639964085913851,0.33794907794032375,1.1141791518484845,-1.0,-1.0
1,2026-07-25T06:06:19.001173Z,75.36240203421066,12.272605974561715,46.30090442765504,4.748651530191761,6.187356259406823,0.2608659209718488,1.1137256927452508,-1.0,-1.0
1,2026-07-25T06:06:20.001104Z,75.36240626839633,12.272619108366818,45.13640886824578,4.748651527569846,6.0252820780248415,0.6255485159021849,1.155374653627281,43.868419714712296,149.65106385761538
1,2026-07-25T06:06:21.001037Z,75.36241705872648,12.272635467353748,45.445583895780146,4.748651517787298,5.631684945972238,1.4713148021215925,1.142333002130051,60.34721375204304,62.898146317387926
1,2026-07-25T06:06:22.000970Z,75.3624324647258,12.2726557515786,45.84071699064225,4.748651538545685,5.295623843114278,2.1152567422404713,1.157277615210281,57.68178411978613,44.330539479972686
1,2026-07-25T06:06:23.000914Z,75.36245849502744,12.272672630985642,45.82495488226414,4.74865153764189,4.92027502067301,2.7217209314300295,1.1549806366533393,61.37561439125876,34.384401935287286
1,2026-07-25T06:06:24.000857Z,75.36248461822545,12.272690194494018,45.63868922367692,4.748651536378015,4.470420867944457,3.155774190431381,1.1598513234316232,62.20931148382339,29.780541424210156
1,2026-07-25T06:06:25.000799Z,75.36251604114176,12.272704280908874,45.629182824864984,4.748651535566379,4.166995255870871,3.5558548144776045,1.1626095183695708,63.78207440961941,26.49276781686938
1,2026-07-25T06:06:26.000753Z,75.36255841612821,12.272716934965008,45.43201189022511,4.748651535523787,3.9358124945015693,4.534074893142924,1.1590428500688656,66.9135360151082,20.71322339461591
1,2026-07-25T06:06:27.000706Z,75.36260579766999,12.272746874106806,45.17460238188505,4.7486515508219025,3.724076996409294,5.218102346674002,1.163344584200577,60.158091638018654,18.064770802275763
1,2026-07-25T06:06:28.000664Z,75.36264617371278,12.272783952711984,44.80494627729058,4.748651580603295,3.6621960456821636,5.2168702849414785,1.1615087951648804,53.47389823656686,18.040394932669294
1,2026-07-25T06:06:29.000625Z,75.36268258003363,12.272834055925955,44.59272134490311,4.748651611283026,3.5714076391758245,5.577048477536084,1.1700138909419189,45.253177533627806,16.999009277082504
1,2026-07-25T06:06:30.000588Z,75.36270849111946,12.272875427199745,43.659636775031686,4.748651593573731,3.4395421001405047,5.105966538466324,1.158351071976916,44.24330861676279,18.382002474067516
1,2026-07-25T06:06:31.000554Z,75.36274254935668,12.272914094525046,43.195985838770866,4.748651593463766,3.2699773588531706,5.416743607521599,1.160737639325511,44.23320361732355,17.363162515865334
1,2026-07-25T06:06:32.000521Z,75.36278519244452,12.272963042691531,42.32332399580628,4.748651586025878,3.2230352666197435,6.361887161292862,1.1551370000337813,43.158147587546644,14.711941870837542
1,2026-07-25T06:06:33.000491Z,75.36284173379667,12.2730061001404,41.24868561234325,13.612079873788547,4.808180486284865,7.008777821519778,0.9006054108381502,43.602433541384855,10.390760579796114
1,2026-07-25T06:06:34.000462Z,75.36289187014808,12.273046885402303,40.87568712979555,14.844461231765852,4.743654093622316,6.9745848012540375,0.8997972139286049,47.08084917164762,10.433421980349411
1,2026-07-25T06:06:35.000434Z,75.36294352334342,12.273089553887115,40.46928790770471,16.291312263296824,4.560565028827299,7.118901720427051,0.9129712052314835,49.3710840557568,10.369342821114623
1,2026-07-25T06:06:36.000408Z,75.36299506948407,12.273135781439487,40.27406900562346,16.450340540241125,4.52527139787919,7.371636939223008,0.9057992472954125,49.01095372060234,9.9396342981077
1,2026-07-25T06:06:37.000383Z,75.36305218707591,12.27318350565759,40.39239268749952,16.921416319140157,4.427842474485308,7.801381568226177,0.9271539446133127,49.04244000817405,9.628793216054216
1,2026-07-25T06:06:38.000359Z,75.36310390549234,12.27323416289802,39.98855730891228,16.751739586510197,4.726051555465453,7.819102886456053,0.9050033540844429,46.9541656716931,9.3731300678747
1,2026-07-25T06:06:39.000337Z,75.36314878030626,12.273269973300248,39.7888983534649,17.276841396441696,4.717198105562841,6.917260785450954,0.9153454590621354,47.42262825941658,10.716456797691722
1,2026-07-25T06:06:40.000316Z,75.36318388573042,12.27331019050132,38.94198336545378,16.696959715120578,4.48113492744346,6.270881381543941,0.9214258017397822,43.034841806541834,11.875040774617727
1,2026-07-25T06:06:41.000295Z,75.3632217479153,12.273348867385225,39.29728013090789,16.43012730647194,4.359540905049501,6.113067478144321,0.9218124607271344,41.92369084014595,12.205392642783817
1,2026-07-25T06:06:42.000275Z,75.36325853993135,12.273389964459788,39.37985366862267,15.867449560221054,4.359883699624353,5.98322793753064,0.9008479430457564,41.65406356027908,12.197648031205405
1,2026-07-25T06:06:43.000258Z,75.36329214971285,12.273431691584033,39.446637510322034,15.001226206986901,4.389521684588386,5.870102945973294,0.9079856905153839,40.961991402448234,12.533414435051887
1,2026-07-25T06:06:44.000241Z,75.36333254633271,12.273468024783478,39.73729448672384,15.123280498814713,4.426494692785671,5.913818034894421,0.9065850864423708,45.840073922467575,12.419092750555956
1,2026-07-25T06:06:45.000223Z,75.36338001021173,12.273503605867424,40.868954251520336,15.864995744846654,4.541474788214172,6.2175823464498645,0.8969447174092848,50.91840080008568,11.649512990258222
1,2026-07-25T06:06:46.000207Z,75.36342884077584,12.273540644754158,41.74622881133109,16.59160059981931,4.561988444668037,6.460846995128841,0.897579561542272,53.17759618418426,11.20403599456789
1,2026-07-25T06:06:47.000192Z,75.3634755751863,12.273586120172443,42.49284983891994,16.44310273149902,4.504121203608378,6.831070671527921,0.8990102599416097,49.90857132808718,10.623598750555413
1,2026-07-25T06:06:48.000176Z,75.36352059853347,12.273643181678377,41.954571548849344,15.184723933565852,4.463782423251044,7.313211262833988,0.8996565924092977,44.305505226976244,9.96794267869529
1,2026-07-25T06:06:49.000163Z,75.36356714409564,12.273694422115533,41.40860206261277,14.585828198722226,4.439262102069738,7.522549182375728,0.904772015680575,43.417339278676074,9.730896248315487
1,2026-07-25T06:06:50.000149Z,75.36361785424971,12.273738695247742,41.844415412284434,14.86152800065304,4.59986897868221,7.488812357374722,0.9030846854901284,47.3845696814791,9.768212459607778
1,2026-07-25T06:06:51.000136Z,75.36366583453406,12.27378952863457,41.48906723409891,14.381712328994702,4.638726240063359,7.477735733595916,0.8964971109270169,47.16282498818003,9.709963214323283
1,2026-07-25T06:06:52.000124Z,75.36370525755521,12.273836692687112,41.52579333819449,13.534395540104743,4.657694632283687,6.942442311985615,0.8999458557009369,45.55917794544228,10.502688970933175
1,2026-07-25T06:06:53.000112Z,75.36373736989981,12.27387694570174,41.422657208517194,12.690140246734549,4.692355616726253,6.111991930515432,0.904647745905051,44.53415277582019,11.989591074366007
1,2026-07-25T06:06:54.000100Z,75.36376549528353,12.273909433225624,41.21452684607357,12.18307126678728,4.691897771611483,5.272466756101422,0.9065207063415678,44.86329705069948,13.92079264715855
1,2026-07-25T06:06:55.000089Z,75.36379736594694,12.273938717519224,41.359091240912676,12.240594014901003,4.730193359390252,5.015002466180172,0.8983794071301792,47.07072799552148,14.512917157800182
1,2026-07-25T06:06:56.000078Z,75.36383854926409,12.273976968180765,41.468973791226745,12.280549620229973,4.700097072849185,5.596457858464699,0.899779179487669,46.97400576598959,13.027362035507524
1,2026-07-25T06:06:57.000069Z,75.36387874320995,12.274018286660104,41.21740457415581,12.661709748763203,4.7030882857306,6.008655423324521,0.8984831441997193,45.85302512955524,12.112022659695667
1,2026-07-25T06:06:58.000058Z,75.3639251069636,12.27405969696952,41.35486333724111,13.627172211582785,4.66074828128483,6.528663209971613,0.9004932685974553,47.12127352686214,11.176090757439814
1,2026-07-25T06:06:59.000048Z,75.36396544784922,12.274100868000776,41.88130610436201,13.42223997780449,4.569026418073265,6.4789764887616,0.9147180685537083,45.5285763894356,11.434631160970143
1,2026-07-25T06:07:00.000040Z,75.36400671467464,12.274142686196273,41.749421244487166,13.231536671671613,4.564594534997624,6.426866946917594,0.911330744839682,44.30786698792739,11.489520339751193
1,2026-07-25T06:07:01.000030Z,75.36404151757993,12.274174856681814,42.085997878573835,13.304873274762784,4.645956703591469,5.762617773238475,0.9087348182495752,45.35086618756143,12.771258986253025
1,2026-07-25T06:07:02.000021Z,75.36407556872867,12.27420721985523,42.16627533920109,13.302459124986193,4.701146367598475,5.4526774841502474,0.906200950192737,45.783872130878976,13.459231636534096
1,2026-07-25T06:07:03.000013Z,75.36411625435292,12.274246706022131,41.99939428828657,13.284122930677677,4.73136630300992,5.965906124298032,0.899752915076509,46.29691566420254,12.22019718692683
1,2026-07-25T06:07:04.000004Z,75.36415930434787,12.274288702065547,42.19731982797384,13.236081652053663,4.656924069958978,6.3691325108477495,0.9089112438296233,45.942607278850204,11.562188833098716
1,2026-07-25T06:07:04.999996Z,75.36419953196359,12.274325731626435,41.68855927232653,13.32668750250591,4.801552289203845,6.064821083630625,0.7277299962531826,46.22256287915247,9.723459417876914
1,2026-07-25T06:07:05.999988Z,75.36422528452131,12.274365571927767,41.66201295237988,12.034966731046538,4.803491909195638,5.2208185934040605,0.692785102496479,38.20853502465096,10.751946595799229
1,2026-07-25T06:07:06.999980Z,75.36425400104096,12.2743730879309,42.018131440505385,12.008192905130219,4.733585882009013,3.457692258152178,0.6778179296130272,51.57086351371023,15.798837349594526
1,2026-07-25T06:07:07.999973Z,75.36426272695729,12.274384219277463,42.462247970514,13.442536379924398,4.6340145026700315,2.072283065673681,0.6800971399304712,48.3964702504904,25.48497975402417
1,2026-07-25T06:07:08.999966Z,75.36426797926012,12.274400679436477,44.20324470195919,12.481880224218676,4.683623756369303,1.7500713446702723,1.3987532684520827,29.123873955481173,48.678240931304636
1,2026-07-25T06:07:09.999958Z,75.36426709722066,12.274444351914617,44.57152570039034,8.758698182402933,4.373778257306171,3.1734701103783123,0.9568552849388576,4.787744790096192,23.14473307151048
1,2026-07-25T06:07:10.999951Z,75.36424145485427,12.274469595536782,46.28541199397296,4.7486517122828875,4.735291367837135,3.144469928200807,0.860583239287183,337.43562168623413,19.961276905676307
1,2026-07-25T06:07:11.999945Z,75.36419703349966,12.274492213833572,48.42297970503569,4.748651878046087,4.656615420197291,4.177539230263257,0.881103679589349,308.9037641741728,15.968974033669358
1,2026-07-25T06:07:12.999937Z,75.36413800244546,12.274514853431752,49.21021416410804,4.74865212394549,4.686586969713447,5.453425017463633,0.924224869628536,295.5186871825627,13.334479879185997
1,2026-07-25T06:07:13.999931Z,75.36408565624309,12.274540469252116,50.20004693232477,4.748652099465464,4.382021893902752,5.676378885358699,0.9224688462289018,294.3594315131544,12.959575933600606
1,2026-07-25T06:07:14.999925Z,75.36404639609077,12.27456995569673,50.92989551369101,4.74865201504166,4.254029968587915,5.372479157184929,0.915976767467095,298.5446515256258,13.587504013954586
1,2026-07-25T06:07:15.999918Z,75.36400517195811,12.274613067705753,51.261910107918084,4.748651949280241,3.9450174180020112,5.481384217838738,0.9386680461795351,308.22515156079567,13.716014106420248
1,2026-07-25T06:07:16.999915Z,75.36396756798167,12.274642611930881,51.692630061879754,4.748651836459314,3.565834257954703,5.0873310108878105,0.9800373085610008,309.6418488351206,15.45518793322458
1,2026-07-25T06:07:17.999906Z,75.36394000472768,12.274624254013734,52.67889626324177,4.748651651299797,3.3631821491461023,3.095569603885585,0.9603298762493193,288.2453692471431,24.175492611624176
