time,lat,lon,elevation,accuracy,bearing,speed,satellites,provider,hdop,vdop,pdop,geoidheight,ageofdgpsdata,dgpsid,activity,battery,annotation,timestamp_ms,time_offset,distance,starttimestamp_ms,profile_name,battery_charging
2026-07-25T02:42:17.710Z,12.036875000000002,75.35993666666667,-46.300000000000004,7.2,0.0,0.0,5,gps,2.37,1.00,2.57,-89.7,,,,70,,1784947337710,2026-07-25T08:12:17.710+05:30,0.0,1784947326179,Default Profile,false
2026-07-25T02:42:23.000Z,12.036905,75.35994666666667,-17.10000000000001,5.1,0.0,0.0,11,gps,0.95,0.85,1.27,-89.7,,,,70,,1784947343000,2026-07-25T08:12:23.000+05:30,3.5086378985814783,1784947326179,Default Profile,false
2026-07-25T02:42:28.000Z,12.036985,75.35996333333333,-7.700000000000003,3.0,0.0,0.0,16,gps,0.89,0.79,1.19,-89.7,,,,70,,1784947348000,2026-07-25T08:12:28.000+05:30,12.587005510567124,1784947326179,Default Profile,false
2026-07-25T02:42:34.000Z,12.036928333333332,75.35997833333333,-26.800000000000004,2.3,64.84,1.0464302,20,gps,0.66,0.78,1.02,-89.7,,,,70,,1784947354000,2026-07-25T08:12:34.000+05:30,19.095781199391944,1784947326179,Default Profile,false
2026-07-25T02:42:39.000Z,12.036959999999999,75.36002833333333,-32.6,2.2,22.47,1.1637869,22,gps,0.61,0.76,0.97,-89.7,,,,70,,1784947359000,2026-07-25T08:12:39.000+05:30,25.573830997077366,1784947326179,Default Profile,false
2026-07-25T02:42:45.000Z,12.037094999999999,75.36007666666666,-35.2,2.0,354.22,1.9801364,25,gps,0.54,0.92,1.07,-89.7,,,,70,,1784947365000,2026-07-25T08:12:45.000+05:30,41.478792155335036,1784947326179,Default Profile,false
2026-07-25T02:42:51.000Z,12.037180000000001,75.36011333333333,-37.7,1.9,28.08,1.8885158,27,gps,0.52,0.63,0.82,-89.7,,,,70,,1784947371000,2026-07-25T08:12:51.000+05:30,51.73707275877156,1784947326179,Default Profile,false
2026-07-25T02:42:56.000Z,12.037241666666667,75.36020166666667,-39.1,1.8,78.58,1.954915,25,gps,0.55,0.99,1.13,-89.7,,,,70,,1784947376000,2026-07-25T08:12:56.000+05:30,63.539563657946054,1784947326179,Default Profile,false
2026-07-25T02:43:02.000Z,12.037246666666666,75.36034333333333,-41.1,2.1,98.93,2.4212534,25,gps,0.54,0.71,0.89,-89.7,,,,70,,1784947382000,2026-07-25T08:13:02.000+05:30,78.95584225998397,1784947326179,Default Profile,false
2026-07-25T02:43:08.000Z,12.037271666666667,75.36045333333333,-40.300000000000004,2.3,80.86,2.1633775,25,gps,0.53,0.68,0.86,-89.7,,,,70,,1784947388000,2026-07-25T08:13:08.000+05:30,91.23709156627307,1784947326179,Default Profile,false
2026-07-25T02:43:14.000Z,12.037285,75.36053,-37.5,2.3,123.0,1.6208602,26,gps,0.52,0.68,0.86,-89.7,,,,70,,1784947394000,2026-07-25T08:13:14.000+05:30,99.70538467493735,1784947326179,Default Profile,false
2026-07-25T02:43:20.000Z,12.037176666666669,75.360545,-35.800000000000004,2.2,163.53,1.8555737,28,gps,0.50,0.68,0.85,-89.7,,,,70,,1784947400000,2026-07-25T08:13:20.000+05:30,111.86144953458083,1784947326179,Default Profile,false
2026-07-25T02:43:26.000Z,12.036980000000002,75.36061333333333,-34.6,2.4,169.98,3.1634827,26,gps,0.53,0.99,1.12,-89.7,,,,70,,1784947406000,2026-07-25T08:13:26.000+05:30,134.95793509555455,1784947326179,Default Profile,false
2026-07-25T02:43:32.000Z,12.036673333333333,75.36069833333333,-32.800000000000004,2.5,169.87,4.6402206,27,gps,0.51,0.68,0.85,-89.7,,,,70,,1784947412000,2026-07-25T08:13:32.000+05:30,170.28840360534738,1784947326179,Default Profile,false
2026-07-25T02:43:37.000Z,12.036381666666667,75.36079833333334,-35.1,2.2,165.37,5.816361,27,gps,0.55,1.03,1.17,-89.7,,,,70,,1784947417000,2026-07-25T08:13:37.000+05:30,204.49500214478957,1784947326179,Default Profile,false
2026-07-25T02:43:43.000Z,12.036041666666666,75.36092166666667,-38.5,2.5,160.46,6.47675,24,gps,0.57,0.77,0.95,-89.7,,,,70,,1784947423000,2026-07-25T08:13:43.000+05:30,244.6099740618335,1784947326179,Default Profile,false
2026-07-25T02:43:49.000Z,12.035644999999999,75.361,-40.1,2.5,166.31,6.552414,23,gps,0.59,1.19,1.33,-89.7,,,,70,,1784947429000,2026-07-25T08:13:49.000+05:30,289.53241405678017,1784947326179,Default Profile,false
2026-07-25T02:43:55.000Z,12.035395000000001,75.36104,-41.5,2.5,179.36,5.2898,25,gps,0.56,0.72,0.91,-89.7,,,,70,,1784947435000,2026-07-25T08:13:55.000+05:30,317.6694399249502,1784947326179,Default Profile,false
2026-07-25T02:44:01.000Z,12.035314999999999,75.36100166666667,-43.400000000000006,2.3,246.76,2.3286033,26,gps,0.52,0.68,0.86,-89.7,,,,70,,1784947441000,2026-07-25T08:14:01.000+05:30,327.4934063239878,1784947326179,Default Profile,false
2026-07-25T02:44:07.000Z,12.035395000000001,75.36082333333334,-40.800000000000004,2.5,313.08,2.1489654,25,gps,0.54,0.91,1.06,-89.7,,,,70,,1784947447000,2026-07-25T08:14:07.000+05:30,348.83009821852096,1784947326179,Default Profile,false
2026-07-25T02:44:13.000Z,12.035621666666668,75.36052,-41.800000000000004,2.7,312.34,5.1425896,21,gps,0.67,0.78,1.03,-89.7,,,,70,,1784947453000,2026-07-25T08:14:13.000+05:30,390.3444339397605,1784947326179,Default Profile,false
2026-07-25T02:44:19.000Z,12.035918333333333,75.36024,-43.5,2.3,313.69,6.675947,26,gps,0.52,0.71,0.88,-89.7,,,,70,,1784947459000,2026-07-25T08:14:19.000+05:30,435.23774615399344,1784947326179,Default Profile,false
2026-07-25T02:44:25.000Z,12.036200000000001,75.35998,-45.6,2.3,318.19,5.9491596,25,gps,0.54,0.72,0.90,-89.7,,,,70,,1784947465000,2026-07-25T08:14:25.000+05:30,477.43275866849217,1784947326179,Default Profile,false
2026-07-25T02:44:31.000Z,12.036464999999998,75.35978666666666,-50.300000000000004,2.4,323.11,4.311313,23,gps,0.60,1.19,1.34,-89.7,,,,70,,1784947471000,2026-07-25T08:14:31.000+05:30,513.6313416902083,1784947326179,Default Profile,false
2026-07-25T02:44:37.000Z,12.036673333333333,75.35964,-50.5,2.2,324.24,4.3627853,24,gps,0.58,1.18,1.32,-89.7,,,,70,,1784947477000,2026-07-25T08:14:37.000+05:30,541.7569394752608,1784947326179,Default Profile,false
2026-07-25T02:44:43.000Z,12.036830000000002,75.35951166666668,-47.400000000000006,2.3,323.28,3.368857,27,gps,0.51,0.95,1.08,-89.7,,,,70,,1784947483000,2026-07-25T08:14:43.000+05:30,564.0785162384251,1784947326179,Default Profile,false
2026-07-25T02:44:49.000Z,12.036975,75.35938833333333,-41.800000000000004,2.2,328.37,3.8341658,27,gps,0.51,0.95,1.08,-89.7,,,,70,,1784947489000,2026-07-25T08:14:49.000+05:30,585.0512429763589,1784947326179,Default Profile,false
2026-07-25T02:44:54.000Z,12.03717,75.35922333333333,-38.7,2.1,320.59,6.062913,25,gps,0.55,1.02,1.16,-89.7,,,,70,,1784947494000,2026-07-25T08:14:54.000+05:30,613.1960742433724,1784947326179,Default Profile,false
2026-07-25T02:45:00.000Z,12.037456666666666,75.35895166666666,-39.300000000000004,2.4,312.66,6.1004877,22,gps,0.66,0.74,0.99,-89.7,,,,70,,1784947500000,2026-07-25T08:15:00.000+05:30,656.6576017315854,1784947326179,Default Profile,false
2026-07-25T02:45:06.000Z,12.037560000000001,75.35888,-39.400000000000006,2.2,324.29,0.0,23,gps,0.60,0.73,0.94,-89.7,,,,70,,1784947506000,2026-07-25T08:15:06.000+05:30,670.5416138393618,1784947326179,Default Profile,false
2026-07-25T02:45:11.000Z,12.03757,75.35887166666666,-39.400000000000006,1.1,316.63,2.095949,22,gps,0.61,0.76,0.97,-89.7,,,,70,,1784947511000,2026-07-25T08:15:11.000+05:30,671.9760887504474,1784947326179,Default Profile,false
2026-07-25T02:45:17.000Z,12.037718333333332,75.35874666666668,-40.6,1.9,320.74,4.5393353,25,gps,0.54,1.03,1.17,-89.7,,,,70,,1784947517000,2026-07-25T08:15:17.000+05:30,693.3498738871232,1784947326179,Default Profile,false
2026-07-25T02:45:22.000Z,12.037918333333334,75.35857666666668,-42.0,1.9,323.16,5.748418,25,gps,0.58,0.71,0.92,-89.7,,,,70,,1784947522000,2026-07-25T08:15:22.000+05:30,722.2697401152745,1784947326179,Default Profile,false
2026-07-25T02:45:28.000Z,12.03817,75.35837666666666,-45.7,1.9,320.74,5.9959993,27,gps,0.51,0.69,0.86,-89.7,,,,70,,1784947528000,2026-07-25T08:15:28.000+05:30,757.7121878527473,1784947326179,Default Profile,false
2026-07-25T02:45:34.000Z,12.038485,75.358115,-48.6,2.0,321.23,7.5411954,28,gps,0.50,0.66,0.83,-89.7,,,,69,,1784947534000,2026-07-25T08:15:34.000+05:30,802.8408977902621,1784947326179,Default Profile,false
2026-07-25T02:45:40.000Z,12.038856666666668,75.35782666666667,-51.300000000000004,2.0,321.2,8.580935,24,gps,0.55,0.68,0.87,-89.7,,,,69,,1784947540000,2026-07-25T08:15:40.000+05:30,854.7173077003714,1784947326179,Default Profile,false
2026-07-25T02:45:46.000Z,12.039238333333333,75.35753,-54.900000000000006,2.2,322.27,8.798147,25,gps,0.55,0.92,1.08,-89.7,,,,69,,1784947546000,2026-07-25T08:15:46.000+05:30,908.0273194039127,1784947326179,Default Profile,false
2026-07-25T02:45:52.000Z,12.039670000000001,75.35722333333334,-57.900000000000006,2.2,325.18,10.053555,24,gps,0.57,1.09,1.23,-89.7,,,,69,,1784947552000,2026-07-25T08:15:52.000+05:30,966.4749195185713,1784947326179,Default Profile,false
2026-07-25T02:45:58.000Z,12.040103333333331,75.35691,-58.1,2.1,324.83,9.208381,23,gps,0.58,1.11,1.25,-89.7,,,,69,,1784947558000,2026-07-25T08:15:58.000+05:30,1025.4903900096745,1784947326179,Default Profile,false
2026-07-25T02:46:03.000Z,12.040449999999998,75.35663500000001,-60.300000000000004,2.0,324.55,9.474492,24,gps,0.57,1.06,1.20,-89.7,,,,69,,1784947563000,2026-07-25T08:16:03.000+05:30,1074.2784940968647,1784947326179,Default Profile,false
2026-07-25T02:46:09.000Z,12.04085833333333,75.35631666666667,-59.900000000000006,2.4,321.17,9.018448,22,gps,0.63,1.10,1.27,-89.7,,,,69,,1784947569000,2026-07-25T08:16:09.000+05:30,1131.3749447331936,1784947326179,Default Profile,false
2026-07-25T02:46:15.000Z,12.041265,75.35602833333334,-60.300000000000004,2.3,324.39,8.578876,24,gps,0.60,1.09,1.25,-89.7,,,,69,,1784947575000,2026-07-25T08:16:15.000+05:30,1186.4019277752493,1784947326179,Default Profile,false
2026-07-25T02:46:21.000Z,12.041646666666669,75.35581833333335,-60.2,2.6,339.23,7.4289856,23,gps,0.64,0.74,0.97,-89.7,,,,69,,1784947581000,2026-07-25T08:16:21.000+05:30,1234.5956770531166,1784947326179,Default Profile,false
2026-07-25T02:46:27.000Z,12.041948333333334,75.35572499999999,-59.2,2.7,342.6,4.7091937,23,gps,0.67,0.74,1.00,-89.7,,,,69,,1784947587000,2026-07-25T08:16:27.000+05:30,1269.6414431088413,1784947326179,Default Profile,false
2026-07-25T02:46:32.000Z,12.042075,75.355695,-54.300000000000004,2.6,2.92,2.5725818,24,gps,0.63,1.09,1.26,-89.7,,,,69,,1784947592000,2026-07-25T08:16:32.000+05:30,1284.0990376796176,1784947326179,Default Profile,false
2026-07-25T02:46:37.000Z,12.042196666666666,75.35571166666666,-47.900000000000006,2.4,355.82,2.7558227,30,gps,0.49,0.80,0.93,-89.7,,,,69,,1784947597000,2026-07-25T08:16:37.000+05:30,1297.7486235794333,1784947326179,Default Profile,false
2026-07-25T02:46:43.000Z,12.042390000000001,75.35578333333333,-41.800000000000004,2.2,7.28,3.4378297,29,gps,0.49,0.84,0.98,-89.7,,,,69,,1784947603000,2026-07-25T08:16:43.000+05:30,1320.615428145345,1784947326179,Default Profile,false
2026-07-25T02:46:49.000Z,12.042571666666667,75.35576833333333,-38.5,2.0,355.43,1.2559222,29,gps,0.50,0.66,0.82,-89.7,,,,69,,1784947609000,2026-07-25T08:16:49.000+05:30,1340.881594645209,1784947326179,Default Profile,false
2026-07-25T02:46:55.000Z,12.042585,75.35577666666667,-37.1,2.0,355.43,0.0,29,gps,0.48,0.64,0.80,-89.7,,,,69,,1784947615000,2026-07-25T08:16:55.000+05:30,1342.619224152719,1784947326179,Default Profile,false
2026-07-25T02:47:01.000Z,12.042585,75.35577666666667,-37.1,1.6,355.43,0.0,27,gps,0.50,0.65,0.82,-89.7,,,,69,,1784947621000,2026-07-25T08:17:01.000+05:30,1342.619224152719,1784947326179,Default Profile,false
2026-07-25T02:47:07.000Z,12.042585,75.35577666666667,-37.1,1.0,355.43,0.0,30,gps,0.48,0.61,0.78,-89.7,,,,69,,1784947627000,2026-07-25T08:17:07.000+05:30,1342.619224152719,1784947326179,Default Profile,false
2026-07-25T02:47:13.000Z,12.042585,75.35577666666667,-37.1,1.5,355.43,0.0,30,gps,0.49,0.61,0.78,-89.7,,,,69,,1784947633000,2026-07-25T08:17:13.000+05:30,1342.619224152719,1784947326179,Default Profile,false
2026-07-25T02:47:18.000Z,12.042585,75.35577666666667,-37.1,1.0,355.43,0.0,28,gps,0.50,0.62,0.80,-89.7,,,,69,,1784947638000,2026-07-25T08:17:18.000+05:30,1342.619224152719,1784947326179,Default Profile,false
2026-07-25T02:47:24.000Z,12.042585,75.35577666666667,-37.1,1.0,355.43,0.0,25,gps,0.55,0.71,0.90,-89.7,,,,69,,1784947644000,2026-07-25T08:17:24.000+05:30,1342.619224152719,1784947326179,Default Profile,false
2026-07-25T02:47:30.000Z,12.042585,75.35577666666667,-37.1,1.3,355.43,0.0,27,gps,0.54,0.68,0.87,-89.7,,,,69,,1784947650000,2026-07-25T08:17:30.000+05:30,1342.619224152719,1784947326179,Default Profile,false
2026-07-25T02:47:36.000Z,12.042585,75.35577666666667,-37.1,1.0,355.43,0.0,28,gps,0.52,0.68,0.85,-89.7,,,,69,,1784947656000,2026-07-25T08:17:36.000+05:30,1342.619224152719,1784947326179,Default Profile,false
2026-07-25T02:47:42.000Z,12.042585,75.35577666666667,-37.1,1.0,355.43,0.0,29,gps,0.50,0.66,0.82,-89.7,,,,69,,1784947662000,2026-07-25T08:17:42.000+05:30,1342.619224152719,1784947326179,Default Profile,false
2026-07-25T02:47:48.000Z,12.042585,75.35577666666667,-37.1,1.3,355.43,0.0,30,gps,0.48,0.61,0.78,-89.7,,,,69,,1784947668000,2026-07-25T08:17:48.000+05:30,1342.619224152719,1784947326179,Default Profile,false
2026-07-25T02:47:54.000Z,12.042638333333333,75.35579666666666,-37.900000000000006,1.4,9.86,1.7809389,28,gps,0.50,0.63,0.81,-89.7,,,,69,,1784947674000,2026-07-25T08:17:54.000+05:30,1348.9358714988298,1784947326179,Default Profile,false
2026-07-25T02:48:00.000Z,12.042806666666669,75.35581499999999,-40.0,2.2,7.38,2.1484506,28,gps,0.49,0.82,0.96,-89.7,,,,69,,1784947680000,2026-07-25T08:18:00.000+05:30,1367.759563681885,1784947326179,Default Profile,false
2026-07-25T02:48:06.000Z,12.042848333333332,75.35581333333333,-40.1,2.3,114.12,0.0,28,gps,0.50,0.67,0.84,-89.7,,,,69,,1784947686000,2026-07-25T08:18:06.000+05:30,1372.3962294166706,1784947326179,Default Profile,false
2026-07-25T02:48:12.000Z,12.0431,75.35582166666667,-41.0,2.2,2.61,4.033878,30,gps,0.47,0.82,0.95,-89.7,,,,69,,1784947692000,2026-07-25T08:18:12.000+05:30,1400.3949557164572,1784947326179,Default Profile,false
2026-07-25T02:48:18.000Z,12.043243333333331,75.35583333333334,-39.0,2.2,7.25,1.0114292,28,gps,0.49,0.66,0.82,-89.7,,,,69,,1784947698000,2026-07-25T08:18:18.000+05:30,1416.3833130603941,1784947326179,Default Profile,false
2026-07-25T02:48:24.000Z,12.043338333333335,75.35581333333333,-35.6,1.9,11.8,1.1308447,30,gps,0.47,0.63,0.79,-89.7,,,,69,,1784947704000,2026-07-25T08:18:24.000+05:30,1427.1684104278631,1784947326179,Default Profile,false
2026-07-25T02:48:30.000Z,12.043356666666666,75.35585166666667,-35.0,2.0,11.8,0.0,25,gps,0.52,0.69,0.86,-89.7,,,,69,,1784947710000,2026-07-25T08:18:30.000+05:30,1431.8088273667056,1784947326179,Default Profile,false
2026-07-25T02:48:36.000Z,12.043379999999997,75.35595833333333,-35.5,2.0,111.81,2.0712423,25,gps,0.53,0.69,0.87,-89.7,,,,69,,1784947716000,2026-07-25T08:18:36.000+05:30,1443.6951869867783,1784947326179,Default Profile,false
2026-07-25T02:48:42.000Z,12.043356666666666,75.35607833333333,-34.300000000000004,2.2,105.87,0.0,14,gps,0.83,0.77,1.13,-89.7,,,,69,,1784947722000,2026-07-25T08:18:42.000+05:30,1457.0003143886565,1784947326179,Default Profile,false
2026-07-25T02:48:48.000Z,12.043356666666666,75.35607833333333,-34.300000000000004,1.1,105.87,0.0,19,gps,0.65,0.71,0.96,-89.7,,,,69,,1784947728000,2026-07-25T08:18:48.000+05:30,1457.0003143886565,1784947326179,Default Profile,false
2026-07-25T02:48:54.000Z,12.043356666666666,75.35607833333333,-34.300000000000004,1.7,105.87,0.0,16,gps,0.72,0.74,1.03,-89.7,,,,69,,1784947734000,2026-07-25T08:18:54.000+05:30,1457.0003143886565,1784947326179,Default Profile,false
2026-07-25T02:49:00.000Z,12.043356666666666,75.35607833333333,-34.300000000000004,2.4,105.87,0.0,15,gps,0.74,0.74,1.05,-89.7,,,,69,,1784947740000,2026-07-25T08:19:00.000+05:30,1457.0003143886565,1784947326179,Default Profile,false
2026-07-25T02:49:06.000Z,12.043356666666666,75.35607833333333,-34.300000000000004,1.1,105.87,0.0,15,gps,0.74,0.74,1.05,-89.7,,,,69,,1784947746000,2026-07-25T08:19:06.000+05:30,1457.0003143886565,1784947326179,Default Profile,false
2026-07-25T02:49:12.000Z,12.043356666666666,75.35607833333333,-34.300000000000004,1.1,105.87,0.0,16,gps,0.73,0.73,1.03,-89.7,,,,69,,1784947752000,2026-07-25T08:19:12.000+05:30,1457.0003143886565,1784947326179,Default Profile,false
2026-07-25T02:49:18.000Z,12.043313333333334,75.35615166666666,-35.6,2.2,88.92,2.1391857,16,gps,0.72,0.74,1.03,-89.7,,,,69,,1784947758000,2026-07-25T08:19:18.000+05:30,1466.3177802688829,1784947326179,Default Profile,false
2026-07-25T02:49:24.000Z,12.043344999999999,75.35638666666667,-34.900000000000006,2.8,80.37,5.0226593,17,gps,0.70,0.74,1.02,-89.7,,,,69,,1784947764000,2026-07-25T08:19:24.000+05:30,1492.1148921204456,1784947326179,Default Profile,false
2026-07-25T02:49:29.000Z,12.043370000000001,75.35670333333334,-37.300000000000004,2.6,85.44,7.0444884,21,gps,0.59,1.00,1.16,-89.7,,,,69,,1784947769000,2026-07-25T08:19:29.000+05:30,1526.6636275396247,1784947326179,Default Profile,false
2026-07-25T02:49:35.000Z,12.043344999999999,75.35715833333333,-42.300000000000004,2.6,103.52,5.7437854,23,gps,0.55,0.97,1.11,-89.7,,,,69,,1784947775000,2026-07-25T08:19:35.000+05:30,1576.2217787300933,1784947326179,Default Profile,false
2026-07-25T02:49:40.000Z,12.043266666666666,75.357465,-43.5,2.6,106.72,5.653194,19,gps,0.64,0.74,0.98,-89.7,,,,69,,1784947780000,2026-07-25T08:19:40.000+05:30,1610.6897507031667,1784947326179,Default Profile,false
2026-07-25T02:49:46.000Z,12.043235000000001,75.35790999999999,-46.7,2.5,99.76,7.373396,20,gps,0.61,0.74,0.96,-89.7,,,,69,,1784947786000,2026-07-25T08:19:46.000+05:30,1659.2103541032302,1784947326179,Default Profile,false
2026-07-25T02:49:52.000Z,12.043145,75.35831333333334,-45.900000000000006,2.4,106.68,6.594621,19,gps,0.64,0.75,0.98,-89.7,,,,69,,1784947792000,2026-07-25T08:19:52.000+05:30,1704.1990711053004,1784947326179,Default Profile,false
2026-07-25T02:49:58.000Z,12.043080000000002,75.35867,-44.1,2.5,93.7,6.2435803,23,gps,0.57,0.68,0.88,-89.7,,,,69,,1784947798000,2026-07-25T08:19:58.000+05:30,1743.6533945320705,1784947326179,Default Profile,false
2026-07-25T02:50:04.000Z,12.043020000000002,75.35909,-42.900000000000006,2.4,96.32,8.029667,24,gps,0.55,0.65,0.85,-89.7,,,,69,,1784947804000,2026-07-25T08:20:04.000+05:30,1789.8121094583128,1784947326179,Default Profile,false
2026-07-25T02:50:09.000Z,12.043020000000002,75.35939833333333,-44.800000000000004,2.3,99.16,6.548296,22,gps,0.59,0.68,0.90,-89.7,,,,69,,1784947809000,2026-07-25T08:20:09.000+05:30,1823.3426384444201,1784947326179,Default Profile,false
2026-07-25T02:50:15.000Z,12.042975000000002,75.35973166666666,-46.900000000000006,2.2,93.4,6.6085186,22,gps,0.57,0.70,0.90,-89.7,,,,69,,1784947815000,2026-07-25T08:20:15.000+05:30,1859.9355877658968,1784947326179,Default Profile,false
2026-07-25T02:50:20.000Z,12.042971666666665,75.36007333333333,-48.300000000000004,2.0,94.42,6.9868393,22,gps,0.57,0.70,0.90,-89.7,,,,69,,1784947820000,2026-07-25T08:20:20.000+05:30,1897.0928939506114,1784947326179,Default Profile,false
2026-07-25T02:50:26.000Z,12.042901666666667,75.36050666666667,-47.7,2.4,97.27,7.927237,22,gps,0.57,0.70,0.90,-89.7,,,,69,,1784947826000,2026-07-25T08:20:26.000+05:30,1944.8553962548726,1784947326179,Default Profile,false
2026-07-25T02:50:32.000Z,12.042894999999998,75.36091333333334,-47.800000000000004,2.1,95.61,7.873191,20,gps,0.59,0.72,0.93,-89.7,,,,69,,1784947832000,2026-07-25T08:20:32.000+05:30,1989.0856778574478,1784947326179,Default Profile,false
2026-07-25T02:50:37.000Z,12.042801666666666,75.36127333333334,-48.5,2.2,115.0,8.184083,22,gps,0.57,0.70,0.90,-89.7,,,,69,,1784947837000,2026-07-25T08:20:37.000+05:30,2029.5871029888433,1784947326179,Default Profile,false
2026-07-25T02:50:43.000Z,12.042589999999999,75.36163166666667,-50.300000000000004,2.3,122.84,7.749143,21,gps,0.61,0.70,0.92,-89.7,,,,69,,1784947843000,2026-07-25T08:20:43.000+05:30,2075.1113530792964,1784947326179,Default Profile,false
2026-07-25T02:50:48.000Z,12.042430000000001,75.36196666666666,-51.0,2.5,113.68,7.363616,21,gps,0.61,0.97,1.15,-89.7,,,,69,,1784947848000,2026-07-25T08:20:48.000+05:30,2115.654050559391,1784947326179,Default Profile,false
2026-07-25T02:50:54.000Z,12.042288333333333,75.36234166666667,-54.0,2.4,107.66,7.501047,20,gps,0.67,1.14,1.32,-89.7,,,,69,,1784947854000,2026-07-25T08:20:54.000+05:30,2159.3712311691315,1784947326179,Default Profile,false
2026-07-25T02:51:00.000Z,12.042173333333334,75.36273,-55.5,2.5,108.45,7.1124315,19,gps,0.72,1.16,1.36,-89.7,,,,69,,1784947860000,2026-07-25T08:21:00.000+05:30,2203.49526408765,1784947326179,Default Profile,false
2026-07-25T02:51:06.000Z,12.042108333333333,75.36314666666667,-50.6,2.5,97.97,7.4804583,20,gps,0.67,1.14,1.32,-89.7,,,,69,,1784947866000,2026-07-25T08:21:06.000+05:30,2249.379760554949,1784947326179,Default Profile,false
2026-07-25T02:51:12.000Z,12.042033333333332,75.36356,-46.0,2.4,99.64,7.810395,23,gps,0.56,0.98,1.13,-89.7,,,,69,,1784947872000,2026-07-25T08:21:12.000+05:30,2295.096050237727,1784947326179,Default Profile,false
2026-07-25T02:51:17.000Z,12.04198,75.36391333333333,-46.800000000000004,2.2,98.01,7.8222337,22,gps,0.57,0.99,1.14,-89.7,,,,69,,1784947877000,2026-07-25T08:21:17.000+05:30,2333.975323219785,1784947326179,Default Profile,false
2026-07-25T02:51:23.000Z,12.04191,75.36434666666668,-45.1,2.2,99.7,7.872162,22,gps,0.60,1.10,1.26,-89.7,,,,69,,1784947883000,2026-07-25T08:21:23.000+05:30,2381.7379971958235,1784947326179,Default Profile,false
2026-07-25T02:51:29.000Z,12.041836666666665,75.36473833333334,-42.7,1.9,94.89,6.738229,25,gps,0.53,0.84,0.99,-89.7,,,,69,,1784947889000,2026-07-25T08:21:29.000+05:30,2425.104545704931,1784947326179,Default Profile,false
2026-07-25T02:51:35.000Z,12.041816666666668,75.36500833333334,-38.300000000000004,2.1,105.21,1.6290958,26,gps,0.51,0.83,0.98,-89.7,,,,69,,1784947895000,2026-07-25T08:21:35.000+05:30,2454.5506441725865,1784947326179,Default Profile,false
2026-07-25T02:51:41.000Z,12.041821666666666,75.36500166666666,-38.400000000000006,1.7,105.21,0.0,25,gps,0.52,0.64,0.83,-89.7,,,,69,,1784947901000,2026-07-25T08:21:41.000+05:30,2455.4642714980823,1784947326179,Default Profile,false
2026-07-25T02:51:47.000Z,12.041806666666666,75.36515,-36.900000000000006,2.0,97.04,4.010201,26,gps,0.52,0.62,0.81,-89.7,,,,69,,1784947907000,2026-07-25T08:21:47.000+05:30,2471.6812484846,1784947326179,Default Profile,false
2026-07-25T02:51:52.000Z,12.041763333333332,75.36540333333333,-36.1,1.8,98.24,6.163284,25,gps,0.53,0.84,0.99,-89.7,,,,69,,1784947912000,2026-07-25T08:21:52.000+05:30,2499.648984696085,1784947326179,Default Profile,false
2026-07-25T02:51:58.000Z,12.041696666666667,75.36582333333334,-36.300000000000004,2.1,94.28,8.055918,26,gps,0.52,0.92,1.06,-89.7,,,,69,,1784947918000,2026-07-25T08:21:58.000+05:30,2545.9208816073756,1784947326179,Default Profile,false
2026-07-25T02:52:04.000Z,12.041651666666667,75.36629166666667,-39.7,3.1,102.05,8.678217,19,gps,0.67,0.77,1.03,-89.7,,,,69,,1784947924000,2026-07-25T08:22:04.000+05:30,2597.096504697496,1784947326179,Default Profile,false
2026-07-25T02:52:10.000Z,12.041651666666667,75.36680166666666,-38.400000000000006,3.0,89.6,9.031316,17,gps,0.71,0.78,1.06,-89.7,,,,69,,1784947930000,2026-07-25T08:22:10.000+05:30,2652.5580946597956,1784947326179,Default Profile,false
2026-07-25T02:52:15.000Z,12.04165,75.36719666666666,-37.7,2.9,90.4,6.694477,21,gps,0.60,0.77,0.98,-89.7,,,,69,,1784947935000,2026-07-25T08:22:15.000+05:30,2695.5140397359187,1784947326179,Default Profile,false
2026-07-25T02:52:20.000Z,12.041646666666669,75.36751833333332,-37.300000000000004,2.6,86.27,7.0177226,20,gps,0.62,0.78,1.00,-89.7,,,,68,,1784947940000,2026-07-25T08:22:20.000+05:30,2730.4966798105697,1784947326179,Default Profile,false
2026-07-25T02:52:26.000Z,12.041663333333334,75.36782166666667,-36.5,2.5,92.3,4.197045,24,gps,0.54,0.71,0.90,-89.7,,,,68,,1784947946000,2026-07-25T08:22:26.000+05:30,2763.5356560478303,1784947326179,Default Profile,false
2026-07-25T02:52:31.000Z,12.04167,75.36791833333334,-36.1,2.5,74.69,2.108302,23,gps,0.57,0.74,0.94,-89.7,,,,68,,1784947951000,2026-07-25T08:22:31.000+05:30,2774.0740877281364,1784947326179,Default Profile,false
2026-07-25T02:52:37.000Z,12.041701666666665,75.36792666666666,-35.900000000000006,2.7,42.98,0.0,25,gps,0.54,0.69,0.88,-89.7,,,,68,,1784947957000,2026-07-25T08:22:37.000+05:30,2777.710008370996,1784947326179,Default Profile,false
2026-07-25T02:52:42.000Z,12.041701666666665,75.36792666666666,-35.900000000000006,2.8,42.98,0.0,21,gps,0.58,0.72,0.92,-89.7,,,,68,,1784947962000,2026-07-25T08:22:42.000+05:30,2777.710008370996,1784947326179,Default Profile,false
2026-07-25T02:52:47.000Z,12.041701666666665,75.36792666666666,-35.900000000000006,3.0,42.98,0.0,21,gps,0.59,0.75,0.95,-89.7,,,,68,,1784947967000,2026-07-25T08:22:47.000+05:30,2777.710008370996,1784947326179,Default Profile,false
2026-07-25T02:52:53.000Z,12.041743333333333,75.36811666666668,-34.7,2.7,81.27,3.552098,22,gps,0.59,0.73,0.94,-89.7,,,,68,,1784947973000,2026-07-25T08:22:53.000+05:30,2798.8852413015256,1784947326179,Default Profile,false
2026-07-25T02:52:59.000Z,12.0418,75.368315,-32.900000000000006,2.3,50.27,3.2453237,26,gps,0.55,0.69,0.88,-89.7,,,,68,,1784947979000,2026-07-25T08:22:59.000+05:30,2821.3551872995454,1784947326179,Default Profile,false
2026-07-25T02:53:05.000Z,12.04206,75.36836833333334,-35.6,2.6,356.05,5.5615735,25,gps,0.61,0.69,0.92,-89.7,,,,68,,1784947985000,2026-07-25T08:23:05.000+05:30,2850.841901223804,1784947326179,Default Profile,false
2026-07-25T02:53:11.000Z,12.042286666666666,75.36844166666667,-35.5,2.5,5.84,4.4394794,20,gps,0.74,0.75,1.06,-89.7,,,,68,,1784947991000,2026-07-25T08:23:11.000+05:30,2877.277656373193,1784947326179,Default Profile,false
2026-07-25T02:53:17.000Z,12.042378333333334,75.36844500000001,-40.5,2.4,332.43,0.0,24,gps,0.69,0.72,1.00,-89.7,,,,68,,1784947997000,2026-07-25T08:23:17.000+05:30,2887.4769683579175,1784947326179,Default Profile,false
2026-07-25T02:53:23.000Z,12.042375,75.36844833333333,-40.300000000000004,1.1,332.43,0.0,25,gps,0.65,0.69,0.95,-89.7,,,,68,,1784948003000,2026-07-25T08:23:23.000+05:30,2887.9954107066847,1784947326179,Default Profile,false
2026-07-25T02:53:29.000Z,12.042375,75.36844833333333,-40.300000000000004,2.0,332.43,0.0,24,gps,0.66,0.71,0.97,-89.7,,,,68,,1784948009000,2026-07-25T08:23:29.000+05:30,2887.9954107066847,1784947326179,Default Profile,false
2026-07-25T02:53:35.000Z,12.042375,75.36844833333333,-40.300000000000004,1.1,332.43,0.0,24,gps,0.66,0.71,0.97,-89.7,,,,68,,1784948015000,2026-07-25T08:23:35.000+05:30,2887.9954107066847,1784947326179,Default Profile,false
2026-07-25T02:53:41.000Z,12.042375,75.36844833333333,-40.300000000000004,1.0,332.43,0.0,23,gps,0.67,0.71,0.98,-89.7,,,,68,,1784948021000,2026-07-25T08:23:41.000+05:30,2887.9954107066847,1784947326179,Default Profile,false
2026-07-25T02:53:47.000Z,12.042375,75.36844833333333,-40.300000000000004,1.0,332.43,0.0,25,gps,0.59,0.68,0.90,-89.7,,,,68,,1784948027000,2026-07-25T08:23:47.000+05:30,2887.9954107066847,1784947326179,Default Profile,false
2026-07-25T02:53:53.000Z,12.042536666666669,75.36848166666667,-42.800000000000004,2.1,18.71,4.402934,25,gps,0.58,0.98,1.14,-89.7,,,,68,,1784948033000,2026-07-25T08:23:53.000+05:30,2906.333762317589,1784947326179,Default Profile,false
2026-07-25T02:53:59.000Z,12.042819999999999,75.36858833333334,-43.300000000000004,2.3,12.9,6.2785816,27,gps,0.53,0.92,1.06,-89.7,,,,68,,1784948039000,2026-07-25T08:23:59.000+05:30,2939.9065790526547,1784947326179,Default Profile,false
2026-07-25T02:54:05.000Z,12.043178333333334,75.36871833333333,-42.400000000000006,2.3,15.63,7.1752276,27,gps,0.55,0.95,1.10,-89.7,,,,68,,1784948045000,2026-07-25T08:24:05.000+05:30,2982.1850879071244,1784947326179,Default Profile,false
2026-07-25T02:54:11.000Z,12.043555,75.36882166666666,-40.900000000000006,2.2,13.8,7.2735395,26,gps,0.57,0.90,1.07,-89.7,,,,68,,1784948051000,2026-07-25T08:24:11.000+05:30,3025.549782289402,1784947326179,Default Profile,false
2026-07-25T02:54:17.000Z,12.043921666666666,75.36896166666666,-39.900000000000006,2.5,17.76,7.8654704,28,gps,0.58,0.84,1.02,-89.7,,,,68,,1784948057000,2026-07-25T08:24:17.000+05:30,3069.07106944189,1784947326179,Default Profile,false
2026-07-25T02:54:23.000Z,12.044355,75.36906333333333,-40.1,2.6,10.7,8.324602,25,gps,0.57,0.91,1.07,-89.7,,,,68,,1784948063000,2026-07-25T08:24:23.000+05:30,3118.507668899979,1784947326179,Default Profile,false
2026-07-25T02:54:29.000Z,12.044821666666667,75.36911833333333,-41.7,2.4,9.73,8.304528,23,gps,0.61,0.73,0.95,-89.7,,,,68,,1784948069000,2026-07-25T08:24:29.000+05:30,3170.7421950632142,1784947326179,Default Profile,false
2026-07-25T02:54:35.000Z,12.045201666666665,75.36921333333333,-45.1,2.8,10.73,7.984371,22,gps,0.69,0.73,1.00,-89.7,,,,68,,1784948075000,2026-07-25T08:24:35.000+05:30,3214.2408750938994,1784947326179,Default Profile,false
2026-07-25T02:54:41.000Z,12.045586666666669,75.36927666666666,-44.800000000000004,2.5,6.68,6.7366843,26,gps,0.61,0.67,0.90,-89.7,,,,68,,1784948081000,2026-07-25T08:24:41.000+05:30,3257.6013972412384,1784947326179,Default Profile,false
2026-07-25T02:54:47.000Z,12.045988333333332,75.36928833333333,-42.800000000000004,2.6,354.66,7.8124537,23,gps,0.65,0.94,1.14,-89.7,,,,68,,1784948087000,2026-07-25T08:24:47.000+05:30,3302.282708683737,1784947326179,Default Profile,false
2026-07-25T02:54:53.000Z,12.046433333333335,75.36919166666667,-42.0,2.9,349.26,8.545933,22,gps,0.69,0.74,1.01,-89.7,,,,68,,1784948093000,2026-07-25T08:24:53.000+05:30,3352.8687552193232,1784947326179,Default Profile,false
2026-07-25T02:54:58.000Z,12.046798333333333,75.36917666666666,-41.2,2.7,357.18,8.641671,22,gps,0.67,1.10,1.29,-89.7,,,,68,,1784948098000,2026-07-25T08:24:58.000+05:30,3393.4876697618874,1784947326179,Default Profile,false
2026-07-25T02:55:04.000Z,12.047328333333333,75.36914,-37.5,2.3,5.83,9.687587,28,gps,0.54,0.81,0.97,-89.7,,,,68,,1784948104000,2026-07-25T08:25:04.000+05:30,3452.5557165671244,1784947326179,Default Profile,false
2026-07-25T02:55:09.000Z,12.047701666666667,75.36927833333333,-35.7,2.5,24.32,8.671011,27,gps,0.59,0.84,1.03,-89.7,,,,68,,1784948109000,2026-07-25T08:25:09.000+05:30,3496.7100752958386,1784947326179,Default Profile,false
2026-07-25T02:55:15.000Z,12.048118333333331,75.36947333333333,-32.800000000000004,2.6,22.66,9.450814,25,gps,0.64,0.87,1.09,-89.7,,,,68,,1784948115000,2026-07-25T08:25:15.000+05:30,3547.6634973102564,1784947326179,Default Profile,false
2026-07-25T02:55:21.000Z,12.048505,75.36977499999999,-29.800000000000004,3.1,41.53,8.265924,17,gps,0.72,0.76,1.05,-89.7,,,,68,,1784948121000,2026-07-25T08:25:21.000+05:30,3601.744578272616,1784947326179,Default Profile,false
2026-07-25T02:55:27.000Z,12.048859999999998,75.370075,-28.1,3.5,42.75,5.9604836,16,gps,0.73,0.80,1.08,-89.7,,,,68,,1784948127000,2026-07-25T08:25:27.000+05:30,3652.9550492945714,1784947326179,Default Profile,false
2026-07-25T02:55:32.000Z,12.048893333333334,75.37012166666666,-28.0,3.5,42.26,1.2528338,14,gps,0.96,0.79,1.24,-89.7,,,,68,,1784948132000,2026-07-25T08:25:32.000+05:30,3659.239277009006,1784947326179,Default Profile,false
2026-07-25T02:55:38.000Z,12.048861666666669,75.37012833333333,-27.300000000000004,3.7,42.26,0.0,14,gps,0.92,0.79,1.22,-89.7,,,,68,,1784948138000,2026-07-25T08:25:38.000+05:30,3662.834306422369,1784947326179,Default Profile,false
2026-07-25T02:55:44.000Z,12.04894,75.37015333333333,-28.300000000000004,3.0,25.69,2.4696372,17,gps,0.71,1.14,1.34,-89.7,,,,68,,1784948144000,2026-07-25T08:25:44.000+05:30,3671.9589845201003,1784947326179,Default Profile,false
2026-07-25T02:55:49.000Z,12.049053333333331,75.37024333333333,-28.800000000000004,2.8,48.55,3.1948807,16,gps,0.71,0.73,1.02,-89.7,,,,68,,1784948149000,2026-07-25T08:25:49.000+05:30,3687.9151584645174,1784947326179,Default Profile,false
2026-07-25T02:55:55.000Z,12.049291666666667,75.37047,-23.400000000000006,2.9,41.59,5.942468,16,gps,0.84,0.82,1.17,-89.7,,,,68,,1784948155000,2026-07-25T08:25:55.000+05:30,3724.1076407538667,1784947326179,Default Profile,false
2026-07-25T02:56:00.000Z,12.049540000000002,75.370625,-19.0,2.9,31.53,7.6647286,19,gps,0.88,1.12,1.42,-89.7,,,,68,,1784948160000,2026-07-25T08:26:00.000+05:30,3756.4589566944783,1784947326179,Default Profile,false
2026-07-25T02:56:06.000Z,12.049914999999999,75.37086166666667,-17.700000000000003,2.7,36.39,7.9519434,19,gps,0.68,0.74,1.00,-89.7,,,,68,,1784948166000,2026-07-25T08:26:06.000+05:30,3805.4598613557514,1784947326179,Default Profile,false
2026-07-25T02:56:11.000Z,12.05026,75.37111499999999,-15.100000000000009,2.8,36.05,8.877414,19,gps,0.73,1.16,1.37,-89.7,,,,68,,1784948171000,2026-07-25T08:26:11.000+05:30,3852.6890059960383,1784947326179,Default Profile,false
2026-07-25T02:56:16.000Z,12.050598333333335,75.37136000000001,-12.200000000000003,3.0,35.53,8.880503,20,gps,0.67,0.74,1.00,-89.7,,,,68,,1784948176000,2026-07-25T08:26:16.000+05:30,3898.7884159625532,1784947326179,Default Profile,false
2026-07-25T02:56:22.000Z,12.050978333333335,75.37162166666667,-11.200000000000003,2.9,36.49,8.46718,20,gps,0.66,0.75,1.00,-89.7,,,,68,,1784948182000,2026-07-25T08:26:22.000+05:30,3949.7303740521133,1784947326179,Default Profile,false
2026-07-25T02:56:28.000Z,12.051314999999999,75.37191833333333,-8.900000000000006,2.8,43.65,7.0161786,15,gps,0.83,0.83,1.18,-89.7,,,,68,,1784948188000,2026-07-25T08:26:28.000+05:30,3999.148864268965,1784947326179,Default Profile,false
2026-07-25T02:56:34.000Z,12.05154,75.37219333333334,-5.400000000000006,2.9,51.59,6.3197594,15,gps,0.84,1.35,1.59,-89.7,,,,68,,1784948194000,2026-07-25T08:26:34.000+05:30,4038.139024469464,1784947326179,Default Profile,false
2026-07-25T02:56:40.000Z,12.051791666666668,75.37246333333333,-3.299999999999997,2.8,51.74,6.4201303,17,gps,0.89,1.21,1.51,-89.7,,,,68,,1784948200000,2026-07-25T08:26:40.000+05:30,4078.6997348006607,1784947326179,Default Profile,false
2026-07-25T02:56:45.000Z,12.052021666666667,75.37267333333332,-2.1000000000000085,2.7,46.82,6.6496964,17,gps,0.78,1.27,1.49,-89.7,,,,68,,1784948205000,2026-07-25T08:26:45.000+05:30,4112.986270643026,1784947326179,Default Profile,false
2026-07-25T02:56:51.000Z,12.052283333333332,75.372975,1.2000000000000028,2.9,41.24,7.774879,17,gps,0.73,1.08,1.31,-89.7,,,,68,,1784948211000,2026-07-25T08:26:51.000+05:30,4156.834966063757,1784947326179,Default Profile,false
2026-07-25T02:56:57.000Z,12.052693333333332,75.37335333333334,2.200000000000003,2.9,39.25,10.621293,19,gps,0.73,1.16,1.37,-89.7,,,,68,,1784948217000,2026-07-25T08:26:57.000+05:30,4218.243896710549,1784947326179,Default Profile,false
2026-07-25T02:57:02.000Z,12.053056666666665,75.37368333333333,1.0,3.0,38.88,10.481289,18,gps,0.75,1.16,1.38,-89.7,,,,68,,1784948222000,2026-07-25T08:27:02.000+05:30,4272.28082152925,1784947326179,Default Profile,false
2026-07-25T02:57:08.000Z,12.05362,75.37389333333334,-2.0,2.9,13.68,10.771077,19,gps,0.77,1.07,1.32,-89.7,,,,68,,1784948228000,2026-07-25T08:27:08.000+05:30,4338.9534134777505,1784947326179,Default Profile,false
2026-07-25T02:57:14.000Z,12.054250000000001,75.37392833333334,-7.700000000000003,3.0,8.57,10.161646,17,gps,0.91,1.28,1.57,-89.7,,,,68,,1784948234000,2026-07-25T08:27:14.000+05:30,4409.109532642571,1784947326179,Default Profile,false
2026-07-25T02:57:20.000Z,12.054828333333335,75.374045,-14.400000000000006,2.8,10.92,9.959875,22,gps,0.71,1.09,1.30,-89.7,,,,68,,1784948240000,2026-07-25T08:27:20.000+05:30,4474.656739968684,1784947326179,Default Profile,false
2026-07-25T02:57:25.000Z,12.055161666666667,75.37413333333333,-16.10000000000001,2.4,10.97,5.443702,23,gps,0.60,0.72,0.94,-89.7,,,,68,,1784948245000,2026-07-25T08:27:25.000+05:30,4512.946167361766,1784947326179,Default Profile,false
2026-07-25T02:57:31.000Z,12.055280000000002,75.37410333333334,-18.0,2.9,319.12,1.8004984,18,gps,0.82,0.79,1.13,-89.7,,,,68,,1784948251000,2026-07-25T08:27:31.000+05:30,4526.502611964146,1784947326179,Default Profile,false
2026-07-25T02:57:36.000Z,12.055383333333335,75.37416666666667,-19.5,3.1,22.36,3.693132,17,gps,0.81,0.78,1.12,-89.7,,,,68,,1784948256000,2026-07-25T08:27:36.000+05:30,4539.898679961155,1784947326179,Default Profile,false
2026-07-25T02:57:42.000Z,12.055736666666666,75.37428833333334,-20.400000000000006,2.9,19.61,8.35806,18,gps,0.80,0.77,1.11,-89.7,,,,68,,1784948262000,2026-07-25T08:27:42.000+05:30,4581.355376868254,1784947326179,Default Profile,false
2026-07-25T02:57:47.000Z,12.056149999999999,75.37445666666667,-17.60000000000001,2.7,19.93,10.666074,17,gps,0.96,1.46,1.75,-89.7,,,,68,,1784948267000,2026-07-25T08:27:47.000+05:30,4630.827046293439,1784947326179,Default Profile,false
2026-07-25T02:57:53.000Z,12.05682,75.37471000000001,-18.799999999999997,2.7,19.49,13.649919,18,gps,0.89,1.28,1.56,-89.7,,,,68,,1784948273000,2026-07-25T08:27:53.000+05:30,4710.257728282834,1784947326179,Default Profile,false
2026-07-25T02:57:59.000Z,12.057375000000002,75.37486333333332,-24.400000000000006,2.9,11.87,7.515459,19,gps,0.71,0.74,1.02,-89.7,,,,68,,1784948279000,2026-07-25T08:27:59.000+05:30,4774.1837137445145,1784947326179,Default Profile,false
2026-07-25T02:58:05.000Z,12.057321666666667,75.37482,-22.400000000000006,2.6,348.67,0.0,21,gps,0.70,0.71,1.00,-89.7,,,,68,,1784948285000,2026-07-25T08:28:05.000+05:30,4781.758271692167,1784947326179,Default Profile,false
2026-07-25T02:58:11.000Z,12.057413333333333,75.37493666666666,-21.5,2.6,33.46,5.653194,22,gps,0.62,1.00,1.17,-89.7,,,,68,,1784948291000,2026-07-25T08:28:11.000+05:30,4798.03227209372,1784947326179,Default Profile,false
2026-07-25T02:58:17.000Z,12.057749999999999,75.37518166666668,-22.60000000000001,2.7,34.17,8.896974,20,gps,0.61,1.10,1.26,-89.7,,,,68,,1784948297000,2026-07-25T08:28:17.000+05:30,4843.980154587078,1784947326179,Default Profile,false
2026-07-25T02:58:22.000Z,12.058091666666666,75.37548833333334,-21.60000000000001,2.8,40.52,9.866711,17,gps,0.79,0.77,1.11,-89.7,,,,68,,1784948302000,2026-07-25T08:28:22.000+05:30,4894.531246051557,1784947326179,Default Profile,false
2026-07-25T02:58:28.000Z,12.058525000000001,75.37588333333333,-20.799999999999997,2.7,39.71,10.40305,16,gps,0.95,0.76,1.22,-89.7,,,,68,,1784948308000,2026-07-25T08:28:28.000+05:30,4959.081171185683,1784947326179,Default Profile,false
2026-07-25T02:58:34.000Z,12.058965,75.37620833333334,-19.299999999999997,3.1,38.04,10.015465,18,gps,0.86,0.76,1.14,-89.7,,,,68,,1784948314000,2026-07-25T08:28:34.000+05:30,5019.436049383479,1784947326179,Default Profile,false
2026-07-25T02:58:39.000Z,12.0593,75.37644333333333,-14.799999999999997,3.1,28.76,8.845501,16,gps,0.88,0.85,1.22,-89.7,,,,68,,1784948319000,2026-07-25T08:28:39.000+05:30,5064.609053425424,1784947326179,Default Profile,false
2026-07-25T02:58:45.000Z,12.059851666666669,75.37655,-11.799999999999997,2.9,14.85,7.9967246,19,gps,0.74,0.77,1.07,-89.7,,,,68,,1784948325000,2026-07-25T08:28:45.000+05:30,5127.038566926418,1784947326179,Default Profile,false
2026-07-25T02:58:51.000Z,12.060236666666666,75.37661833333333,-6.799999999999997,2.7,9.74,6.3326273,24,gps,0.59,0.70,0.91,-89.7,,,,68,,1784948331000,2026-07-25T08:28:51.000+05:30,5170.488701558413,1784947326179,Default Profile,false
2026-07-25T02:58:57.000Z,12.060495,75.37665666666666,-5.200000000000003,2.5,4.8,4.226384,25,gps,0.54,0.68,0.87,-89.7,,,,68,,1784948337000,2026-07-25T08:28:57.000+05:30,5199.514923550026,1784947326179,Default Profile,false
2026-07-25T02:59:03.000Z,12.060799999999999,75.37668833333333,-0.20000000000000284,2.6,7.37,6.554473,25,gps,0.60,0.67,0.90,-89.7,,,,68,,1784948343000,2026-07-25T08:29:03.000+05:30,5233.603740531385,1784947326179,Default Profile,false
2026-07-25T02:59:09.000Z,12.061219999999999,75.37675833333333,1.2000000000000028,2.6,7.76,8.390487,24,gps,0.65,0.73,0.98,-89.7,,,,68,,1784948349000,2026-07-25T08:29:09.000+05:30,5280.921860540382,1784947326179,Default Profile,false
2026-07-25T02:59:15.000Z,12.061741666666668,75.37684833333333,4.700000000000003,2.8,12.65,9.325737,24,gps,0.60,0.68,0.91,-89.7,,,,68,,1784948355000,2026-07-25T08:29:15.000+05:30,5339.748330463944,1784947326179,Default Profile,false
2026-07-25T02:59:21.000Z,12.062286666666667,75.37698,5.3999999999999915,2.9,18.22,9.881638,22,gps,0.65,0.71,0.97,-89.7,,,,68,,1784948361000,2026-07-25T08:29:21.000+05:30,5402.017893247351,1784947326179,Default Profile,false
2026-07-25T02:59:26.000Z,12.062648333333334,75.37707666666667,8.299999999999997,2.8,11.82,5.7118726,21,gps,0.63,1.01,1.19,-89.7,,,,68,,1784948366000,2026-07-25T08:29:26.000+05:30,5443.584444755163,1784947326179,Default Profile,false
2026-07-25T02:59:32.000Z,12.062714999999999,75.37711833333333,8.200000000000003,2.6,352.31,0.0,21,gps,0.67,0.72,0.98,-89.7,,,,68,,1784948372000,2026-07-25T08:29:32.000+05:30,5452.272415262505,1784947326179,Default Profile,false
2026-07-25T02:59:38.000Z,12.062706666666667,75.37712,8.399999999999991,1.1,352.31,0.0,20,gps,0.73,0.77,1.06,-89.7,,,,68,,1784948378000,2026-07-25T08:29:38.000+05:30,5453.216596435141,1784947326179,Default Profile,false
2026-07-25T02:59:44.000Z,12.062855000000003,75.37721333333334,8.899999999999991,2.6,27.02,5.140016,18,gps,0.68,1.23,1.41,-89.7,,,,68,,1784948384000,2026-07-25T08:29:44.000+05:30,5472.582858354495,1784947326179,Default Profile,false
2026-07-25T02:59:50.000Z,12.063188333333335,75.37744166666667,7.800000000000011,2.7,26.39,8.602552,20,gps,0.66,1.14,1.32,-89.6,,,,68,,1784948390000,2026-07-25T08:29:50.000+05:30,5517.195468249342,1784947326179,Default Profile,false
2026-07-25T02:59:56.000Z,12.063645000000001,75.377765,5.300000000000011,2.7,36.73,11.09072,19,gps,0.68,1.14,1.33,-89.6,,,,68,,1784948396000,2026-07-25T08:29:56.000+05:30,5578.958473418928,1784947326179,Default Profile,false
2026-07-25T03:00:02.000Z,12.064211666666665,75.37820833333333,5.6000000000000085,3.0,39.82,13.856837,18,gps,0.71,1.30,1.49,-89.6,,,,68,,1784948402000,2026-07-25T08:30:02.000+05:30,5658.295103408052,1784947326179,Default Profile,false
2026-07-25T03:00:07.000Z,12.064741666666665,75.37864833333333,7.400000000000006,3.2,38.7,15.393798,16,gps,0.72,0.80,1.08,-89.6,,,,68,,1784948407000,2026-07-25T08:30:07.000+05:30,5734.204872534872,1784947326179,Default Profile,false
2026-07-25T03:00:12.000Z,12.065276666666668,75.37914500000001,6.900000000000006,3.1,40.32,16.119556,18,gps,0.66,0.79,1.03,-89.6,,,,68,,1784948412000,2026-07-25T08:30:12.000+05:30,5814.552378398701,1784947326179,Default Profile,false
2026-07-25T03:00:18.000Z,12.06593,75.37970166666668,-4.199999999999989,2.8,44.37,14.512078,16,gps,0.72,0.79,1.07,-89.6,,,,68,,1784948418000,2026-07-25T08:30:18.000+05:30,5909.112688304178,1784947326179,Default Profile,false
2026-07-25T03:00:24.000Z,12.066489999999998,75.38025333333333,-6.799999999999997,3.5,45.32,13.311232,9,gps,1.05,0.91,1.39,-89.6,,,,68,,1784948424000,2026-07-25T08:30:24.000+05:30,5995.57609843843,1784947326179,Default Profile,false
2026-07-25T03:00:29.000Z,12.067028333333333,75.380755,-17.099999999999994,3.5,43.15,12.223108,12,gps,0.87,0.85,1.22,-89.6,,,,68,,1784948429000,2026-07-25T08:30:29.000+05:30,6076.563391549502,1784947326179,Default Profile,false
2026-07-25T03:00:35.000Z,12.067446666666667,75.38116666666666,-14.799999999999997,3.1,44.49,11.34036,15,gps,0.79,0.79,1.12,-89.6,,,,68,,1784948435000,2026-07-25T08:30:35.000+05:30,6141.120202897181,1784947326179,Default Profile,false
2026-07-25T03:00:41.000Z,12.067810000000001,75.38157833333334,-10.5,2.9,44.27,9.799796,19,gps,0.64,0.70,0.95,-89.6,,,,68,,1784948441000,2026-07-25T08:30:41.000+05:30,6201.419570054396,1784947326179,Default Profile,false
2026-07-25T03:00:47.000Z,12.068188333333334,75.38193166666666,-9.799999999999997,2.7,46.41,8.774984,20,gps,0.63,0.73,0.96,-89.6,,,,68,,1784948447000,2026-07-25T08:30:47.000+05:30,6258.392561130998,1784947326179,Default Profile,false
2026-07-25T03:00:53.000Z,12.068311666666666,75.38212,-11.0,2.8,64.96,1.2399658,18,gps,0.70,1.16,1.35,-89.6,,,,68,,1784948453000,2026-07-25T08:30:53.000+05:30,6283.0392564689855,1784947326179,Default Profile,false
2026-07-25T03:00:59.000Z,12.06831,75.38213,-11.299999999999997,2.6,64.96,0.0,16,gps,0.69,0.79,1.05,-89.6,,,,68,,1784948459000,2026-07-25T08:30:59.000+05:30,6284.142310296961,1784947326179,Default Profile,false
2026-07-25T03:01:05.000Z,12.068346666666665,75.38213333333333,-10.299999999999997,2.8,64.96,0.14566639,16,gps,0.73,0.79,1.08,-89.6,,,,68,,1784948465000,2026-07-25T08:31:05.000+05:30,6288.235537140973,1784947326179,Default Profile,false
2026-07-25T03:01:11.000Z,12.068428333333335,75.382375,-7.799999999999997,3.3,64.09,6.455646,14,gps,0.92,0.83,1.24,-89.6,,,,68,,1784948471000,2026-07-25T08:31:11.000+05:30,6316.038538449375,1784947326179,Default Profile,false
2026-07-25T03:01:16.000Z,12.068523333333333,75.38279666666668,-7.299999999999997,3.4,74.57,9.482213,11,gps,1.16,0.89,1.46,-89.6,,,,68,,1784948476000,2026-07-25T08:31:16.000+05:30,6363.090574965847,1784947326179,Default Profile,false
2026-07-25T03:01:22.000Z,12.068828333333332,75.38344833333333,-4.8999999999999915,3.8,68.06,12.052735,10,gps,1.56,2.23,2.72,-89.6,,,,68,,1784948482000,2026-07-25T08:31:22.000+05:30,6441.648791228307,1784947326179,Default Profile,false
2026-07-25T03:01:28.000Z,12.069098333333333,75.38428833333334,-4.5,4.0,72.2,14.982019,9,gps,1.24,0.94,1.56,-89.6,,,,68,,1784948488000,2026-07-25T08:31:28.000+05:30,6537.795596514257,1784947326179,Default Profile,false
2026-07-25T03:01:34.000Z,12.069385,75.38505166666667,-8.299999999999997,3.8,69.37,14.673186,11,gps,1.13,1.67,2.02,-89.6,,,,68,,1784948494000,2026-07-25T08:31:34.000+05:30,6626.7084949186565,1784947326179,Default Profile,false
2026-07-25T03:01:40.000Z,12.069703333333333,75.385695,-11.0,3.4,64.69,12.699226,15,gps,0.80,0.79,1.12,-89.6,,,,68,,1784948500000,2026-07-25T08:31:40.000+05:30,6705.108267700349,1784947326179,Default Profile,false
2026-07-25T03:01:46.000Z,12.069979999999997,75.38620666666667,-9.399999999999991,3.1,53.96,9.117274,15,gps,0.78,0.79,1.11,-89.6,,,,68,,1784948506000,2026-07-25T08:31:46.000+05:30,6768.68415987305,1784947326179,Default Profile,false
2026-07-25T03:01:51.000Z,12.070150000000002,75.38631333333333,-12.099999999999994,2.6,40.37,1.2826878,19,gps,0.69,1.05,1.26,-89.6,,,,68,,1784948511000,2026-07-25T08:31:51.000+05:30,6790.861979722188,1784947326179,Default Profile,false
2026-07-25T03:01:57.000Z,12.070148333333334,75.38631333333333,-11.199999999999989,1.2,40.37,0.0,29,gps,0.50,0.64,0.81,-89.6,,,,68,,1784948517000,2026-07-25T08:31:57.000+05:30,6791.047304600053,1784947326179,Default Profile,false
2026-07-25T03:02:03.000Z,12.070381666666666,75.38656166666667,-14.099999999999994,2.2,45.24,8.119743,29,gps,0.50,0.82,0.95,-89.6,,,,68,,1784948523000,2026-07-25T08:32:03.000+05:30,6828.494949741251,1784947326179,Default Profile,false
2026-07-25T03:02:09.000Z,12.070775,75.38695666666668,-14.399999999999991,2.2,44.5,10.993952,28,gps,0.51,0.83,0.97,-89.6,,,,68,,1784948529000,2026-07-25T08:32:09.000+05:30,6889.794846785169,1784947326179,Default Profile,false
2026-07-25T03:02:15.000Z,12.0712,75.38742833333335,-15.699999999999989,2.2,51.42,11.724342,28,gps,0.51,0.81,0.96,-89.6,,,,68,,1784948535000,2026-07-25T08:32:15.000+05:30,6959.535013750474,1784947326179,Default Profile,false
2026-07-25T03:02:20.000Z,12.071515,75.38785666666666,-13.199999999999989,2.3,51.51,10.351064,25,gps,0.56,1.03,1.18,-89.6,,,,68,,1784948540000,2026-07-25T08:32:20.000+05:30,7017.811166555121,1784947326179,Default Profile,false
2026-07-25T03:02:26.000Z,12.071845,75.38821333333334,-9.299999999999997,2.2,48.3,8.194378,28,gps,0.51,0.85,0.99,-89.6,,,,68,,1784948546000,2026-07-25T08:32:26.000+05:30,7071.201779540379,1784947326179,Default Profile,false
2026-07-25T03:02:32.000Z,12.072138333333331,75.38854333333333,-3.299999999999997,2.3,49.26,8.97727,29,gps,0.50,0.81,0.95,-89.6,,,,68,,1784948552000,2026-07-25T08:32:32.000+05:30,7119.693628636286,1784947326179,Default Profile,false
2026-07-25T03:02:38.000Z,12.072471666666669,75.38891666666667,-0.19999999999998863,2.1,42.33,8.958225,29,gps,0.48,0.78,0.92,-89.6,,,,68,,1784948558000,2026-07-25T08:32:38.000+05:30,7174.663999245715,1784947326179,Default Profile,false
2026-07-25T03:02:44.000Z,12.072821666666668,75.38932,3.9000000000000057,2.3,57.79,9.551701,25,gps,0.51,0.81,0.96,-89.6,,,,68,,1784948564000,2026-07-25T08:32:44.000+05:30,7233.298796123476,1784947326179,Default Profile,false
2026-07-25T03:02:50.000Z,12.073018333333334,75.389815,8.200000000000003,2.8,71.19,9.029257,19,gps,0.60,0.97,1.14,-89.6,,,,68,,1784948570000,2026-07-25T08:32:50.000+05:30,7291.395758089266,1784947326179,Default Profile,false
2026-07-25T03:02:56.000Z,12.073110000000002,75.39028833333333,12.800000000000011,2.7,88.47,8.070845,20,gps,0.59,0.68,0.90,-89.6,,,,68,,1784948576000,2026-07-25T08:32:56.000+05:30,7343.863488478856,1784947326179,Default Profile,false
2026-07-25T03:03:02.000Z,12.073231666666667,75.39079166666667,15.0,2.4,62.74,8.872782,22,gps,0.56,0.86,1.02,-89.6,,,,68,,1784948582000,2026-07-25T08:33:02.000+05:30,7400.240945884784,1784947326179,Default Profile,false
2026-07-25T03:03:08.000Z,12.07363,75.39120333333334,15.800000000000011,2.2,44.75,10.632102,27,gps,0.50,0.80,0.94,-89.6,,,,68,,1784948588000,2026-07-25T08:33:08.000+05:30,7463.2134703239535,1784947326179,Default Profile,false
2026-07-25T03:03:14.000Z,12.074076666666667,75.39161333333332,16.200000000000003,2.5,41.35,10.762327,29,gps,0.48,0.60,0.77,-89.6,,,,68,,1784948594000,2026-07-25T08:33:14.000+05:30,7529.954164132787,1784947326179,Default Profile,false
2026-07-25T03:03:20.000Z,12.074551666666666,75.39191666666667,18.400000000000006,2.5,15.12,10.981084,29,gps,0.50,0.76,0.91,-89.6,,,,68,,1784948600000,2026-07-25T08:33:20.000+05:30,7592.224319849237,1784947326179,Default Profile,false
2026-07-25T03:03:26.000Z,12.07515833333333,75.39204833333334,14.900000000000006,2.0,9.62,10.481803,28,gps,0.51,0.79,0.94,-89.6,,,,68,,1784948606000,2026-07-25T08:33:26.000+05:30,7661.185072121378,1784947326179,Default Profile,false
2026-07-25T03:03:32.000Z,12.075416666666667,75.39210166666666,14.900000000000006,2.3,13.75,0.0,26,gps,0.53,0.82,0.98,-89.6,,,,68,,1784948612000,2026-07-25T08:33:32.000+05:30,7690.489961476151,1784947326179,Default Profile,false
2026-07-25T03:03:37.000Z,12.075408333333334,75.3921,15.900000000000006,2.3,13.75,0.0,27,gps,0.51,0.61,0.80,-89.6,,,,68,,1784948617000,2026-07-25T08:33:37.000+05:30,7691.434140999846,1784947326179,Default Profile,false
2026-07-25T03:03:43.000Z,12.075465000000001,75.39212833333333,16.30000000000001,2.0,26.62,2.899945,28,gps,0.49,0.60,0.78,-89.6,,,,68,,1784948623000,2026-07-25T08:33:43.000+05:30,7698.448025603761,1784947326179,Default Profile,false
2026-07-25T03:03:49.000Z,12.07577,75.39223333333332,17.200000000000003,2.2,23.68,8.133126,29,gps,0.48,0.59,0.76,-89.6,,,,68,,1784948629000,2026-07-25T08:33:49.000+05:30,7734.232668259999,1784947326179,Default Profile,false
2026-07-25T03:03:54.000Z,12.076166666666666,75.39241833333334,17.80000000000001,2.4,24.95,9.961934,26,gps,0.52,0.84,0.98,-89.6,,,,68,,1784948634000,2026-07-25T08:33:54.000+05:30,7782.710529317474,1784947326179,Default Profile,false
2026-07-25T03:04:00.000Z,12.076848333333333,75.392685,12.400000000000006,2.4,22.32,14.519284,28,gps,0.51,0.62,0.80,-89.6,,,,68,,1784948640000,2026-07-25T08:34:00.000+05:30,7863.8651452744525,1784947326179,Default Profile,false
2026-07-25T03:04:06.000Z,12.077650000000002,75.39298833333334,9.5,2.4,19.65,15.514242,24,gps,0.53,0.67,0.85,-89.6,,,,68,,1784948646000,2026-07-25T08:34:06.000+05:30,7958.912585837008,1784947326179,Default Profile,false
2026-07-25T03:04:11.000Z,12.078288333333335,75.39323833333333,7.900000000000006,2.4,18.86,14.696349,27,gps,0.49,0.62,0.79,-89.6,,,,68,,1784948651000,2026-07-25T08:34:11.000+05:30,8034.9192629074305,1784947326179,Default Profile,false
2026-07-25T03:04:17.000Z,12.079025000000001,75.39349333333332,7.400000000000006,2.3,12.51,14.6366415,25,gps,0.52,0.65,0.84,-89.6,,,,68,,1784948657000,2026-07-25T08:34:17.000+05:30,8121.398289234002,1784947326179,Default Profile,false
2026-07-25T03:04:23.000Z,12.079731666666666,75.39357166666667,4.900000000000006,2.3,5.56,11.99972,27,gps,0.51,0.87,1.01,-89.6,,,,68,,1784948663000,2026-07-25T08:34:23.000+05:30,8200.436310533878,1784947326179,Default Profile,false
2026-07-25T03:04:29.000Z,12.08039,75.39375666666666,2.9000000000000057,2.5,20.64,11.815964,29,gps,0.50,0.63,0.80,-89.6,,,,68,,1784948669000,2026-07-25T08:34:29.000+05:30,8276.353119788173,1784947326179,Default Profile,false
2026-07-25T03:04:35.000Z,12.081011666666665,75.39392833333333,-2.299999999999997,2.4,4.81,12.606062,26,gps,0.54,0.91,1.06,-89.6,,,,68,,1784948675000,2026-07-25T08:34:35.000+05:30,8347.955060948887,1784947326179,Default Profile,false
2026-07-25T03:04:40.000Z,12.081616666666665,75.393935,-4.799999999999997,2.4,357.7,13.612859,26,gps,0.53,0.68,0.86,-89.6,0.0,0,,68,,1784948680000,2026-07-25T08:34:40.000+05:30,8415.231896832283,1784947326179,Default Profile,false
2026-07-25T03:04:46.000Z,12.082263333333334,75.39406333333334,-8.699999999999989,2.7,22.12,10.824609,25,gps,0.53,0.67,0.85,-89.6,0.0,0,,68,,1784948686000,2026-07-25T08:34:46.000+05:30,8488.479370480623,1784947326179,Default Profile,false
2026-07-25T03:04:52.000Z,12.082586666666668,75.39420166666667,-7.5,2.5,24.25,4.0199804,27,gps,0.51,0.64,0.82,-89.6,0.0,0,,68,,1784948692000,2026-07-25T08:34:52.000+05:30,8527.451902718227,1784947326179,Default Profile,false
2026-07-25T03:04:58.000Z,12.082858333333336,75.39431333333333,-7.599999999999994,2.2,20.52,6.9935308,29,gps,0.50,0.81,0.95,-89.6,0.0,0,,68,,1784948698000,2026-07-25T08:34:58.000+05:30,8560.008640945707,1784947326179,Default Profile,false
2026-07-25T03:05:04.000Z,12.083285,75.39459333333333,-8.799999999999997,2.3,37.95,10.029363,25,gps,0.53,0.87,1.02,-89.6,0.0,0,,68,,1784948704000,2026-07-25T08:35:04.000+05:30,8616.38008681131,1784947326179,Default Profile,false
2026-07-25T03:05:10.000Z,12.083761666666666,75.39495666666667,-12.699999999999989,2.3,36.29,10.111203,25,gps,0.55,0.91,1.06,-89.6,0.0,0,,68,,1784948710000,2026-07-25T08:35:10.000+05:30,8682.486121922895,1784947326179,Default Profile,false
2026-07-25T03:05:16.000Z,12.084235000000001,75.39527166666667,-11.599999999999994,2.3,32.27,10.248119,24,gps,0.56,0.95,1.10,-89.6,0.0,0,,68,,1784948716000,2026-07-25T08:35:16.000+05:30,8745.28131981997,1784947326179,Default Profile,false
2026-07-25T03:05:22.000Z,12.084708333333333,75.39555333333332,-8.699999999999989,2.6,30.77,9.883697,25,gps,0.55,0.99,1.13,-89.6,0.0,0,,67,,1784948722000,2026-07-25T08:35:22.000+05:30,8806.175477020104,1784947326179,Default Profile,false
2026-07-25T03:05:27.000Z,12.085095,75.39577,-4.299999999999997,2.3,27.53,9.273235,25,gps,0.55,0.99,1.13,-89.6,0.0,0,,67,,1784948727000,2026-07-25T08:35:27.000+05:30,8855.201960435232,1784947326179,Default Profile,false
2026-07-25T03:05:33.000Z,12.085380000000002,75.39585666666667,-3.799999999999997,2.9,3.03,3.425991,17,gps,0.72,0.78,1.06,-89.6,0.0,0,,67,,1784948733000,2026-07-25T08:35:33.000+05:30,8888.263872826046,1784947326179,Default Profile,false
2026-07-25T03:05:39.000Z,12.085351666666668,75.39585833333334,-2.8999999999999915,2.6,2.03,0.0,19,gps,0.61,0.75,0.96,-89.6,0.0,0,,67,,1784948739000,2026-07-25T08:35:39.000+05:30,8891.419603241264,1784947326179,Default Profile,false
2026-07-25T03:05:44.000Z,12.085351666666668,75.39585833333334,-2.8999999999999915,1.1,2.03,0.0,19,gps,0.61,0.75,0.96,-89.6,0.0,0,,67,,1784948744000,2026-07-25T08:35:44.000+05:30,8891.419603241264,1784947326179,Default Profile,false
2026-07-25T03:05:50.000Z,12.085416666666667,75.395925,-2.299999999999997,2.2,32.07,2.8824444,18,gps,0.64,1.18,1.34,-89.6,0.0,0,,67,,1784948750000,2026-07-25T08:35:50.000+05:30,8901.65595254386,1784947326179,Default Profile,false
2026-07-25T03:05:56.000Z,12.085633333333332,75.39605833333333,-1.2999999999999972,2.6,31.89,5.1467075,22,gps,0.59,0.71,0.92,-89.6,0.0,0,,67,,1784948756000,2026-07-25T08:35:56.000+05:30,8929.773741276444,1784947326179,Default Profile,false
2026-07-25T03:06:02.000Z,12.085970000000001,75.39623333333334,-0.7999999999999972,2.6,29.51,6.9961042,20,gps,0.62,0.73,0.95,-89.6,0.0,0,,67,,1784948762000,2026-07-25T08:36:02.000+05:30,8971.76759038625,1784947326179,Default Profile,false
2026-07-25T03:06:08.000Z,12.086403333333331,75.39641666666667,-0.3999999999999915,2.3,22.75,8.4198265,24,gps,0.57,0.91,1.08,-89.6,0.0,0,,67,,1784948768000,2026-07-25T08:36:08.000+05:30,9023.91259777714,1784947326179,Default Profile,false
2026-07-25T03:06:14.000Z,12.086845000000002,75.396645,5.5,2.6,29.63,9.465227,25,gps,0.57,0.97,1.12,-89.6,0.0,0,,67,,1784948774000,2026-07-25T08:36:14.000+05:30,9078.942256365131,1784947326179,Default Profile,false
2026-07-25T03:06:20.000Z,12.087321666666666,75.396855,10.700000000000003,2.5,20.79,9.4065485,25,gps,0.56,0.95,1.10,-89.6,0.0,0,,67,,1784948780000,2026-07-25T08:36:20.000+05:30,9136.65418363992,1784947326179,Default Profile,false
2026-07-25T03:06:26.000Z,12.087768333333335,75.39700333333333,17.400000000000006,2.7,18.84,8.402326,22,gps,0.58,1.03,1.19,-89.6,0.0,0,,67,,1784948786000,2026-07-25T08:36:26.000+05:30,9188.874267658264,1784947326179,Default Profile,false
2026-07-25T03:06:31.000Z,12.08819,75.397085,21.0,2.7,12.35,8.731748,24,gps,0.57,0.70,0.90,-89.6,0.0,0,,67,,1784948791000,2026-07-25T08:36:31.000+05:30,9236.5948682733,1784947326179,Default Profile,false
2026-07-25T03:06:37.000Z,12.088691666666668,75.39717,20.700000000000003,2.5,15.32,8.853222,24,gps,0.56,0.69,0.89,-89.6,0.0,0,,67,,1784948797000,2026-07-25T08:36:37.000+05:30,9293.138070750425,1784947326179,Default Profile,false
2026-07-25T03:06:43.000Z,12.089104999999998,75.39732833333333,19.10000000000001,2.4,23.15,8.064668,25,gps,0.55,0.69,0.89,-89.6,0.0,0,,67,,1784948803000,2026-07-25T08:36:43.000+05:30,9342.21703868105,1784947326179,Default Profile,false
2026-07-25T03:06:49.000Z,12.089471666666668,75.39753,22.5,2.4,36.09,7.7115684,23,gps,0.58,0.71,0.92,-89.6,0.0,0,,67,,1784948809000,2026-07-25T08:36:49.000+05:30,9388.510732008368,1784947326179,Default Profile,false
2026-07-25T03:06:55.000Z,12.08978,75.39786333333333,26.400000000000006,2.5,47.09,8.229379,26,gps,0.55,0.85,1.01,-89.6,0.0,0,,67,,1784948815000,2026-07-25T08:36:55.000+05:30,9438.40078458574,1784947326179,Default Profile,false
2026-07-25T03:07:01.000Z,12.090101666666666,75.39823500000001,29.200000000000003,2.4,40.4,9.794134,29,gps,0.49,0.76,0.90,-89.6,0.0,0,,67,,1784948821000,2026-07-25T08:37:01.000+05:30,9492.367086095557,1784947326179,Default Profile,false
2026-07-25T03:07:07.000Z,12.090498333333334,75.39856333333334,35.10000000000001,2.6,28.31,9.363827,27,gps,0.51,0.64,0.82,-89.6,0.0,0,,67,,1784948827000,2026-07-25T08:37:07.000+05:30,9549.111138731167,1784947326179,Default Profile,false
2026-07-25T03:07:13.000Z,12.090953333333335,75.39872166666667,36.5,2.2,20.14,8.203128,26,gps,0.52,0.66,0.84,-89.6,0.0,0,,67,,1784948833000,2026-07-25T08:37:13.000+05:30,9602.553525564006,1784947326179,Default Profile,false
2026-07-25T03:07:19.000Z,12.091396666666666,75.39892333333334,37.2,2.1,30.37,8.637553,26,gps,0.51,0.83,0.98,-89.6,0.0,0,,67,,1784948839000,2026-07-25T08:37:19.000+05:30,9656.506495980053,1784947326179,Default Profile,false
2026-07-25T03:07:25.000Z,12.091685,75.39909333333334,37.900000000000006,2.3,20.01,3.0188458,27,gps,0.49,0.84,0.97,-89.6,0.0,0,,67,,1784948845000,2026-07-25T08:37:25.000+05:30,9693.514198168237,1784947326179,Default Profile,false
2026-07-25T03:07:31.000Z,12.09182,75.399175,37.900000000000006,1.9,32.87,5.008762,31,gps,0.45,0.71,0.85,-89.6,0.0,0,,67,,1784948851000,2026-07-25T08:37:31.000+05:30,9710.955072914623,1784947326179,Default Profile,false
2026-07-25T03:07:37.000Z,12.092096666666665,75.39937166666667,39.0,2.3,31.08,6.1076937,28,gps,0.47,0.77,0.90,-89.6,0.0,0,,67,,1784948857000,2026-07-25T08:37:37.000+05:30,9748.420494813392,1784947326179,Default Profile,false
2026-07-25T03:07:43.000Z,12.092406666666667,75.39960333333333,38.80000000000001,2.4,40.07,8.231953,27,gps,0.48,0.75,0.89,-89.6,0.0,0,,67,,1784948863000,2026-07-25T08:37:43.000+05:30,9791.113292241287,1784947326179,Default Profile,false
2026-07-25T03:07:49.000Z,12.092766666666668,75.399905,40.5,2.3,39.38,8.30144,27,gps,0.49,0.77,0.91,-89.6,0.0,0,,67,,1784948869000,2026-07-25T08:37:49.000+05:30,9842.86481909303,1784947326179,Default Profile,false
2026-07-25T03:07:55.000Z,12.092978333333333,75.40010333333333,40.5,2.2,37.74,1.3979856,24,gps,0.56,0.88,1.04,-89.6,0.0,0,,67,,1784948875000,2026-07-25T08:37:55.000+05:30,9874.786182482907,1784947326179,Default Profile,false
2026-07-25T03:08:01.000Z,12.093073333333333,75.40015166666667,40.0,2.2,34.49,3.4625363,24,gps,0.56,1.01,1.15,-89.6,0.0,0,,67,,1784948881000,2026-07-25T08:38:01.000+05:30,9886.584681578108,1784947326179,Default Profile,false
2026-07-25T03:08:07.000Z,12.093288333333332,75.40034666666666,40.80000000000001,2.4,42.32,6.71764,26,gps,0.53,0.84,1.00,-89.6,0.0,0,,67,,1784948887000,2026-07-25T08:38:07.000+05:30,9918.538675066364,1784947326179,Default Profile,false
2026-07-25T03:08:12.000Z,12.093585,75.400585,43.30000000000001,2.4,43.22,8.591743,25,gps,0.52,0.87,1.02,-89.6,0.0,0,,67,,1784948892000,2026-07-25T08:38:12.000+05:30,9960.487415391926,1784947326179,Default Profile,false
2026-07-25T03:08:18.000Z,12.093995,75.40095666666666,47.0,2.5,48.69,10.257384,27,gps,0.47,0.76,0.89,-89.6,0.0,0,,67,,1784948898000,2026-07-25T08:38:18.000+05:30,10021.408897874178,1784947326179,Default Profile,false
2026-07-25T03:08:24.000Z,12.094363333333336,75.40142999999999,44.900000000000006,2.5,53.82,10.494157,27,gps,0.48,0.70,0.85,-89.6,0.0,0,,67,,1784948904000,2026-07-25T08:38:24.000+05:30,10087.181304867096,1784947326179,Default Profile,false
2026-07-25T03:08:29.000Z,12.094668333333335,75.40183,47.099999999999994,2.7,48.1,11.171531,28,gps,0.48,0.70,0.84,-89.6,0.0,0,,67,,1784948909000,2026-07-25T08:38:29.000+05:30,10142.332294281787,1784947326179,Default Profile,false
2026-07-25T03:08:35.000Z,12.095113333333332,75.40224333333335,50.0,2.6,40.9,10.962039,27,gps,0.48,0.76,0.90,-89.6,0.0,0,,67,,1784948915000,2026-07-25T08:38:35.000+05:30,10209.175965651177,1784947326179,Default Profile,false
2026-07-25T03:08:40.000Z,12.0955,75.40255666666667,54.30000000000001,2.6,37.78,10.598645,27,gps,0.48,0.60,0.77,-89.6,0.0,0,,67,,1784948920000,2026-07-25T08:38:40.000+05:30,10264.032183705254,1784947326179,Default Profile,false
2026-07-25T03:08:46.000Z,12.095946666666668,75.40285999999999,56.80000000000001,2.4,35.75,9.357135,24,gps,0.52,0.80,0.96,-89.6,0.0,0,,67,,1784948926000,2026-07-25T08:38:46.000+05:30,10323.651962106132,1784947326179,Default Profile,false
2026-07-25T03:08:52.000Z,12.096371666666668,75.40313833333333,54.5,2.4,31.98,8.223202,22,gps,0.58,1.02,1.17,-89.6,0.0,0,,67,,1784948932000,2026-07-25T08:38:52.000+05:30,10379.768789588083,1784947326179,Default Profile,false
2026-07-25T03:08:57.000Z,12.096681666666665,75.40336833333335,54.30000000000001,2.5,33.2,8.75491,25,gps,0.53,0.89,1.04,-89.6,0.0,0,,67,,1784948937000,2026-07-25T08:38:57.000+05:30,10422.35468874431,1784947326179,Default Profile,false
2026-07-25T03:09:03.000Z,12.097108333333331,75.40370833333333,54.900000000000006,2.6,44.16,9.99745,22,gps,0.54,0.90,1.05,-89.6,0.0,0,,67,,1784948943000,2026-07-25T08:39:03.000+05:30,10482.499484404052,1784947326179,Default Profile,false
2026-07-25T03:09:08.000Z,12.097438333333333,75.40407166666667,52.400000000000006,2.7,42.62,11.50816,23,gps,0.55,0.68,0.87,-89.6,0.0,0,,67,,1784948948000,2026-07-25T08:39:08.000+05:30,10536.41619769259,1784947326179,Default Profile,false
2026-07-25T03:09:14.000Z,12.097851666666667,75.404515,54.599999999999994,2.6,45.05,11.39492,25,gps,0.51,0.65,0.83,-89.6,0.0,0,,67,,1784948954000,2026-07-25T08:39:14.000+05:30,10603.017786368066,1784947326179,Default Profile,false
2026-07-25T03:09:20.000Z,12.098153333333334,75.40482666666666,57.900000000000006,2.7,46.65,5.333037,22,gps,0.54,0.71,0.89,-89.6,0.0,0,,67,,1784948960000,2026-07-25T08:39:20.000+05:30,10650.698518640223,1784947326179,Default Profile,false
2026-07-25T03:09:25.000Z,12.098193333333333,75.40482999999999,58.5,2.8,34.45,1.1993028,19,gps,0.61,0.78,0.99,-89.6,0.0,0,,67,,1784948965000,2026-07-25T08:39:25.000+05:30,10655.161056623143,1784947326179,Default Profile,false
2026-07-25T03:09:31.000Z,12.098198333333334,75.40482166666668,59.80000000000001,2.8,34.45,0.0,22,gps,0.55,0.70,0.89,-89.6,0.0,0,,67,,1784948971000,2026-07-25T08:39:31.000+05:30,10656.224082189849,1784947326179,Default Profile,false
2026-07-25T03:09:37.000Z,12.098308333333334,75.40496333333334,65.1,2.2,46.38,5.5692945,27,gps,0.51,0.64,0.82,-89.6,0.0,0,,67,,1784948977000,2026-07-25T08:39:37.000+05:30,10675.892652762886,1784947326179,Default Profile,false
2026-07-25T03:09:42.000Z,12.098595,75.405175,66.5,2.2,42.12,8.147023,28,gps,0.49,0.63,0.80,-89.6,0.0,0,,67,,1784948982000,2026-07-25T08:39:42.000+05:30,10715.207949192043,1784947326179,Default Profile,false
2026-07-25T03:09:48.000Z,12.098988333333333,75.40547833333333,66.0,2.3,37.98,9.343753,27,gps,0.51,0.82,0.96,-89.6,0.0,0,,67,,1784948988000,2026-07-25T08:39:48.000+05:30,10769.985424882745,1784947326179,Default Profile,false
2026-07-25T03:09:53.000Z,12.099356666666665,75.40576666666666,63.0,2.3,39.42,10.595042,24,gps,0.52,0.66,0.84,-89.6,0.0,0,,67,,1784948993000,2026-07-25T08:39:53.000+05:30,10821.56273965015,1784947326179,Default Profile,false
2026-07-25T03:09:59.000Z,12.099839999999999,75.40617166666667,59.30000000000001,2.4,38.16,11.940011,25,gps,0.52,0.66,0.84,-89.6,0.0,0,,67,,1784948999000,2026-07-25T08:39:59.000+05:30,10891.042160924559,1784947326179,Default Profile,false
2026-07-25T03:10:05.000Z,12.10038,75.406645,54.30000000000001,2.4,40.41,12.70077,26,gps,0.52,0.65,0.84,-89.6,0.0,0,,67,,1784949005000,2026-07-25T08:40:05.000+05:30,10970.1235493682,1784947326179,Default Profile,false
2026-07-25T03:10:10.000Z,12.100806666666665,75.40704666666667,56.80000000000001,2.4,44.41,12.667314,22,gps,0.59,0.74,0.95,-89.6,0.0,0,,67,,1784949010000,2026-07-25T08:40:10.000+05:30,11034.606135562579,1784947326179,Default Profile,false
2026-07-25T03:10:16.000Z,12.101303333333332,75.407515,59.099999999999994,2.5,43.53,12.782097,25,gps,0.54,0.84,1.00,-89.6,0.0,0,,67,,1784949016000,2026-07-25T08:40:16.000+05:30,11109.724429109,1784947326179,Default Profile,false
2026-07-25T03:10:22.000Z,12.101806666666668,75.40794166666666,63.80000000000001,2.5,39.61,12.264286,19,gps,0.56,0.67,0.88,-89.6,0.0,0,,67,,1784949022000,2026-07-25T08:40:22.000+05:30,11182.418008534652,1784947326179,Default Profile,false
2026-07-25T03:10:28.000Z,12.10232,75.408325,65.4,2.4,41.24,10.839021,24,gps,0.50,0.63,0.81,-89.6,0.0,0,,67,,1784949028000,2026-07-25T08:40:28.000+05:30,11253.094317033214,1784947326179,Default Profile,false
2026-07-25T03:10:33.000Z,12.102658333333332,75.40863333333333,64.0,2.3,38.02,9.45905,25,gps,0.51,0.72,0.88,-89.6,0.0,0,,67,,1784949033000,2026-07-25T08:40:33.000+05:30,11303.484129453253,1784947326179,Default Profile,false
2026-07-25T03:10:38.000Z,12.102993333333332,75.40885499999999,65.5,2.4,35.98,8.647333,23,gps,0.52,0.73,0.90,-89.6,0.0,0,,67,,1784949038000,2026-07-25T08:40:38.000+05:30,11347.85091629345,1784947326179,Default Profile,false
2026-07-25T03:10:44.000Z,12.103203333333333,75.40900333333335,64.9,2.3,24.62,1.4021033,26,gps,0.50,0.75,0.90,-89.6,0.0,0,,67,,1784949044000,2026-07-25T08:40:44.000+05:30,11376.229702245239,1784947326179,Default Profile,false
2026-07-25T03:10:49.000Z,12.103201666666667,75.40902666666666,66.5,2.2,43.62,2.5185359,29,gps,0.47,0.58,0.75,-89.6,0.0,0,,67,,1784949049000,2026-07-25T08:40:49.000+05:30,11378.773337871706,1784947326179,Default Profile,false
2026-07-25T03:10:55.000Z,12.10341,75.40918833333333,66.9,2.1,32.27,6.1761518,28,gps,0.49,0.61,0.78,-89.6,0.0,0,,67,,1784949055000,2026-07-25T08:40:55.000+05:30,11407.852427286183,1784947326179,Default Profile,false
2026-07-25T03:11:01.000Z,12.103734999999999,75.409435,65.4,2.1,35.49,7.908707,30,gps,0.48,0.73,0.87,-89.6,0.0,0,,67,,1784949061000,2026-07-25T08:41:01.000+05:30,11452.85470352179,1784947326179,Default Profile,false
2026-07-25T03:11:06.000Z,12.104048333333333,75.40964666666667,65.20000000000002,1.9,33.4,8.896459,35,gps,0.42,0.66,0.79,-89.6,0.0,0,,67,,1784949066000,2026-07-25T08:41:06.000+05:30,11494.609942218096,1784947326179,Default Profile,false
2026-07-25T03:11:12.000Z,12.104444999999998,75.40995833333334,66.4,2.3,35.47,9.423019,34,gps,0.44,0.57,0.72,-89.6,0.0,0,,67,,1784949072000,2026-07-25T08:41:12.000+05:30,11550.230690299122,1784947326179,Default Profile,false
2026-07-25T03:11:17.000Z,12.104783333333334,75.410175,69.4,2.2,27.57,8.392546,30,gps,0.48,0.63,0.79,-89.6,0.0,0,,67,,1784949077000,2026-07-25T08:41:17.000+05:30,11594.618167801793,1784947326179,Default Profile,false
2026-07-25T03:11:23.000Z,12.105083333333335,75.41027333333334,72.30000000000001,2.0,348.57,2.1340384,32,gps,0.45,0.72,0.85,-89.6,0.0,0,,67,,1784949083000,2026-07-25T08:41:23.000+05:30,11629.647963317026,1784947326179,Default Profile,false
2026-07-25T03:11:29.000Z,12.105076666666665,75.41027666666668,73.6,1.7,348.57,0.0,34,gps,0.45,0.57,0.73,-89.6,0.0,0,,66,,1784949089000,2026-07-25T08:41:29.000+05:30,11630.473108570448,1784947326179,Default Profile,false
2026-07-25T03:11:34.000Z,12.105176666666667,75.41030500000001,75.70000000000002,2.0,8.27,4.084321,33,gps,0.47,0.58,0.74,-89.6,0.0,0,,66,,1784949094000,2026-07-25T08:41:34.000+05:30,11642.011410387344,1784947326179,Default Profile,false
2026-07-25T03:11:40.000Z,12.105439999999998,75.41031,78.20000000000002,2.0,354.67,5.950189,34,gps,0.45,0.56,0.72,-89.6,0.0,0,,66,,1784949100000,2026-07-25T08:41:40.000+05:30,11671.297786749525,1784947326179,Default Profile,false
2026-07-25T03:11:45.000Z,12.105711666666666,75.410265,77.6,2.3,357.0,7.1072845,30,gps,0.49,0.60,0.77,-89.6,0.0,0,,66,,1784949105000,2026-07-25T08:41:45.000+05:30,11701.899373724047,1784947326179,Default Profile,false
2026-07-25T03:11:51.000Z,12.10613,75.41013833333334,79.9,1.9,348.61,8.113566,32,gps,0.47,0.58,0.75,-89.6,0.0,0,,66,,1784949111000,2026-07-25T08:41:51.000+05:30,11750.411663522325,1784947326179,Default Profile,false
2026-07-25T03:11:57.000Z,12.106625000000001,75.41000166666666,84.1,1.9,345.35,8.943298,31,gps,0.50,0.58,0.77,-89.6,0.0,0,,66,,1784949117000,2026-07-25T08:41:57.000+05:30,11807.42346412026,1784947326179,Default Profile,false
2026-07-25T03:12:03.000Z,12.107114999999999,75.40989166666667,85.20000000000002,2.2,348.98,9.59751,31,gps,0.47,0.60,0.76,-89.6,0.0,0,,66,,1784949123000,2026-07-25T08:42:03.000+05:30,11863.206062516074,1784947326179,Default Profile,false
2026-07-25T03:12:09.000Z,12.107663333333335,75.40978666666666,85.5,2.4,353.35,10.81174,27,gps,0.56,0.78,0.96,-89.5,0.0,0,,66,,1784949129000,2026-07-25T08:42:09.000+05:30,11925.237428135766,1784947326179,Default Profile,false
2026-07-25T03:12:14.000Z,12.108193333333334,75.40971166666667,86.1,2.5,351.63,12.092369,29,gps,0.49,0.74,0.89,-89.5,0.0,0,,66,,1784949134000,2026-07-25T08:42:14.000+05:30,11984.732171405121,1784947326179,Default Profile,false
2026-07-25T03:12:20.000Z,12.108855000000002,75.40981166666667,81.19999999999999,2.3,16.79,13.773967,32,gps,0.45,0.58,0.74,-89.5,0.0,0,,66,,1784949140000,2026-07-25T08:42:20.000+05:30,12059.10510139536,1784947326179,Default Profile,false
2026-07-25T03:12:25.000Z,12.109478333333334,75.410015,74.19999999999999,2.2,19.75,14.586199,33,gps,0.44,0.58,0.72,-89.5,0.0,0,,66,,1784949145000,2026-07-25T08:42:25.000+05:30,12131.856629083188,1784947326179,Default Profile,false
2026-07-25T03:12:30.000Z,12.110081666666668,75.41020666666667,70.5,2.4,17.61,13.454839,33,gps,0.44,0.57,0.72,-89.5,0.0,0,,66,,1784949150000,2026-07-25T08:42:30.000+05:30,12202.105995787013,1784947326179,Default Profile,false
2026-07-25T03:12:35.000Z,12.110611666666667,75.41047666666667,70.1,2.1,34.12,13.301452,32,gps,0.45,0.59,0.74,-89.5,0.0,0,,66,,1784949155000,2026-07-25T08:42:35.000+05:30,12267.9453540843,1784947326179,Default Profile,false
2026-07-25T03:12:40.000Z,12.111123333333333,75.41082,68.6,2.3,31.39,13.379175,30,gps,0.49,0.64,0.81,-89.5,0.0,0,,66,,1784949160000,2026-07-25T08:42:40.000+05:30,12335.991910867539,1784947326179,Default Profile,false
2026-07-25T03:12:46.000Z,12.111711666666668,75.41120500000001,69.0,2.4,33.5,13.705508,28,gps,0.51,0.65,0.83,-89.5,0.0,0,,66,,1784949166000,2026-07-25T08:42:46.000+05:30,12413.656293736563,1784947326179,Default Profile,false
2026-07-25T03:12:52.000Z,12.112338333333332,75.41167166666668,69.5,2.3,43.65,13.92478,27,gps,0.52,0.65,0.83,-89.5,0.0,0,,66,,1784949172000,2026-07-25T08:42:52.000+05:30,12499.85215956645,1784947326179,Default Profile,false
2026-07-25T03:12:58.000Z,12.112870000000003,75.41217499999999,73.30000000000001,2.4,41.22,13.357041,25,gps,0.54,0.67,0.86,-89.5,0.0,0,,66,,1784949178000,2026-07-25T08:42:58.000+05:30,12580.409725414407,1784947326179,Default Profile,false
2026-07-25T03:13:03.000Z,12.113333333333333,75.41256,74.6,2.5,33.03,13.088871,27,gps,0.54,0.68,0.86,-89.5,0.0,0,,66,,1784949183000,2026-07-25T08:43:03.000+05:30,12646.790012036618,1784947326179,Default Profile,false
2026-07-25T03:13:09.000Z,12.113853333333335,75.41301666666666,72.69999999999999,2.5,57.12,12.040382,27,gps,0.54,0.67,0.86,-89.5,0.0,0,,66,,1784949189000,2026-07-25T08:43:09.000+05:30,12723.00200576158,1784947326179,Default Profile,false
2026-07-25T03:13:14.000Z,12.114125000000001,75.41353333333333,69.19999999999999,2.4,69.7,13.36888,25,gps,0.55,0.69,0.88,-89.5,0.0,0,,66,,1784949194000,2026-07-25T08:43:14.000+05:30,12786.780896208995,1784947326179,Default Profile,false
2026-07-25T03:13:20.000Z,12.114344999999998,75.41416666666667,72.30000000000001,2.1,65.08,10.963583,27,gps,0.51,0.66,0.84,-89.5,0.0,0,,66,,1784949200000,2026-07-25T08:43:20.000+05:30,12859.852584400558,1784947326179,Default Profile,false
2026-07-25T03:13:25.000Z,12.114548333333335,75.41443,72.0,2.5,33.75,5.375244,26,gps,0.55,0.70,0.89,-89.5,0.0,0,,66,,1784949205000,2026-07-25T08:43:25.000+05:30,12896.333117719496,1784947326179,Default Profile,false
2026-07-25T03:13:31.000Z,12.114781666666666,75.41453666666666,71.4,2.0,21.89,2.692512,31,gps,0.49,0.62,0.79,-89.5,0.0,0,,66,,1784949211000,2026-07-25T08:43:31.000+05:30,12924.75230673418,1784947326179,Default Profile,false
2026-07-25T03:13:37.000Z,12.114796666666667,75.414545,70.6,1.8,21.89,0.0,30,gps,0.50,0.62,0.80,-89.5,0.0,0,,66,,1784949217000,2026-07-25T08:43:37.000+05:30,12926.650406762581,1784947326179,Default Profile,false
2026-07-25T03:13:43.000Z,12.114796666666667,75.414545,70.6,1.0,21.89,0.0,29,gps,0.51,0.65,0.83,-89.5,0.0,0,,66,,1784949223000,2026-07-25T08:43:43.000+05:30,12926.650406762581,1784947326179,Default Profile,false
2026-07-25T03:13:49.000Z,12.114796666666667,75.414545,70.6,1.1,21.89,0.0,29,gps,0.49,0.62,0.79,-89.5,0.0,0,,66,,1784949229000,2026-07-25T08:43:49.000+05:30,12926.650406762581,1784947326179,Default Profile,false
2026-07-25T03:13:54.000Z,12.114928333333333,75.41464666666667,70.19999999999999,2.0,32.61,4.958319,30,gps,0.49,0.76,0.90,-89.5,0.0,0,,66,,1784949234000,2026-07-25T08:43:54.000+05:30,12944.994858454624,1784947326179,Default Profile,false
2026-07-25T03:14:00.000Z,12.115251666666666,75.41482500000001,71.30000000000001,2.3,28.19,8.163494,31,gps,0.50,0.79,0.93,-89.5,0.0,0,,66,,1784949240000,2026-07-25T08:44:00.000+05:30,12985.842368035846,1784947326179,Default Profile,false
2026-07-25T03:14:06.000Z,12.115635000000001,75.41515166666666,71.80000000000001,2.1,45.18,9.029257,28,gps,0.53,0.81,0.97,-89.5,0.0,0,,66,,1784949246000,2026-07-25T08:44:06.000+05:30,13041.323497383813,1784947326179,Default Profile,false
2026-07-25T03:14:12.000Z,12.116006666666665,75.41550833333334,74.1,2.4,38.43,8.979844,25,gps,0.58,0.97,1.14,-89.5,0.0,0,,66,,1784949252000,2026-07-25T08:44:12.000+05:30,13097.993996437826,1784947326179,Default Profile,false
2026-07-25T03:14:18.000Z,12.116414999999998,75.41581333333333,74.69999999999999,2.3,31.46,10.840565,25,gps,0.56,1.00,1.15,-89.5,0.0,0,,66,,1784949258000,2026-07-25T08:44:18.000+05:30,13154.217608724877,1784947326179,Default Profile,false
2026-07-25T03:14:23.000Z,12.116875,75.41620166666667,73.1,2.2,44.69,13.151153,25,gps,0.58,1.00,1.16,-89.5,0.0,0,,66,,1784949263000,2026-07-25T08:44:23.000+05:30,13220.540376388288,1784947326179,Default Profile,false
2026-07-25T03:14:29.000Z,12.117436666666666,75.416745,74.30000000000001,2.3,37.45,14.830691,29,gps,0.50,0.64,0.82,-89.5,0.0,0,,66,,1784949269000,2026-07-25T08:44:29.000+05:30,13306.50439229136,1784947326179,Default Profile,false
2026-07-25T03:14:35.000Z,12.11813,75.41719499999999,68.1,2.2,33.73,15.266147,29,gps,0.47,0.60,0.76,-89.5,0.0,0,,66,,1784949275000,2026-07-25T08:44:35.000+05:30,13397.812117700341,1784947326179,Default Profile,false
2026-07-25T03:14:40.000Z,12.11866,75.41757666666668,68.30000000000001,2.3,37.88,13.673081,31,gps,0.46,0.57,0.73,-89.5,0.0,0,,66,,1784949280000,2026-07-25T08:44:40.000+05:30,13469.887495152985,1784947326179,Default Profile,false
2026-07-25T03:14:46.000Z,12.119153333333335,75.41797166666667,69.6,2.3,42.07,8.314308,32,gps,0.47,0.69,0.83,-89.5,0.0,0,,66,,1784949286000,2026-07-25T08:44:46.000+05:30,13539.553217890996,1784947326179,Default Profile,false
2026-07-25T03:14:52.000Z,12.119226666666668,75.41806166666667,72.0,2.1,52.25,0.0,33,gps,0.45,0.57,0.73,-89.5,0.0,0,,66,,1784949292000,2026-07-25T08:44:52.000+05:30,13552.290135074338,1784947326179,Default Profile,false
2026-07-25T03:14:58.000Z,12.119348333333335,75.41816999999999,71.0,1.8,43.96,5.5579705,32,gps,0.46,0.69,0.83,-89.5,0.0,0,,66,,1784949298000,2026-07-25T08:44:58.000+05:30,13570.227218936643,1784947326179,Default Profile,false
2026-07-25T03:15:04.000Z,12.119584999999999,75.41846000000001,73.5,2.3,52.52,7.3970733,29,gps,0.50,0.79,0.93,-89.5,0.0,0,,66,,1784949304000,2026-07-25T08:45:04.000+05:30,13611.294749559263,1784947326179,Default Profile,false
2026-07-25T03:15:10.000Z,12.119865,75.41885666666667,74.4,2.2,54.16,9.2382345,29,gps,0.49,0.62,0.80,-89.5,0.0,0,,66,,1784949310000,2026-07-25T08:45:10.000+05:30,13664.483656524848,1784947326179,Default Profile,false
2026-07-25T03:15:16.000Z,12.120118333333334,75.41931833333334,70.19999999999999,2.3,79.73,9.308237,29,gps,0.48,0.75,0.89,-89.5,0.0,0,,66,,1784949316000,2026-07-25T08:45:16.000+05:30,13722.03905625414,1784947326179,Default Profile,false
2026-07-25T03:15:21.000Z,12.120203333333333,75.41969833333333,65.5,2.2,56.22,8.373501,29,gps,0.49,0.78,0.92,-89.5,0.0,0,,66,,1784949321000,2026-07-25T08:45:21.000+05:30,13764.418654769019,1784947326179,Default Profile,false
2026-07-25T03:15:27.000Z,12.1207,75.41987166666667,62.69999999999999,2.6,17.19,10.167823,27,gps,0.52,0.64,0.83,-89.5,0.0,0,,66,,1784949327000,2026-07-25T08:45:27.000+05:30,13822.771912212545,1784947326179,Default Profile,false
2026-07-25T03:15:33.000Z,12.121096666666665,75.42023,54.0,2.5,64.21,11.336757,29,gps,0.49,0.63,0.80,-89.5,0.0,0,,66,,1784949333000,2026-07-25T08:45:33.000+05:30,13881.619771821332,1784947326179,Default Profile,false
2026-07-25T03:15:38.000Z,12.121388333333334,75.42077833333333,43.099999999999994,2.4,57.39,12.89688,30,gps,0.46,0.59,0.75,-89.5,0.0,0,,66,,1784949338000,2026-07-25T08:45:38.000+05:30,13949.483462837467,1784947326179,Default Profile,false
2026-07-25T03:15:44.000Z,12.121795,75.421295,38.5,2.2,47.94,10.939906,32,gps,0.45,0.70,0.83,-89.5,0.0,0,,66,,1784949344000,2026-07-25T08:45:44.000+05:30,14021.593302234114,1784947326179,Default Profile,false
2026-07-25T03:15:50.000Z,12.122055,75.42161666666667,34.400000000000006,2.0,53.66,2.963256,26,gps,0.51,0.78,0.93,-89.5,0.0,0,,66,,1784949350000,2026-07-25T08:45:50.000+05:30,14066.96665859472,1784947326179,Default Profile,false
2026-07-25T03:15:56.000Z,12.122065000000001,75.42163666666667,32.900000000000006,1.9,53.66,0.0,26,gps,0.51,0.62,0.80,-89.5,0.0,0,,66,,1784949356000,2026-07-25T08:45:56.000+05:30,14069.4088010474,1784947326179,Default Profile,false
2026-07-25T03:16:01.000Z,12.122065000000001,75.42163666666667,32.900000000000006,1.0,53.66,0.0,27,gps,0.51,0.62,0.80,-89.5,0.0,0,,66,,1784949361000,2026-07-25T08:46:01.000+05:30,14069.4088010474,1784947326179,Default Profile,false
2026-07-25T03:16:07.000Z,12.122065000000001,75.42164666666666,33.0,1.1,47.18,1.695495,24,gps,0.57,0.69,0.89,-89.5,0.0,0,,66,,1784949367000,2026-07-25T08:46:07.000+05:30,14070.495956555715,1784947326179,Default Profile,false
2026-07-25T03:16:12.000Z,12.122173333333334,75.42176333333333,32.5,2.1,51.16,4.671104,27,gps,0.52,0.66,0.84,-89.5,0.0,0,,66,,1784949372000,2026-07-25T08:46:12.000+05:30,14087.98822798064,1784947326179,Default Profile,false
2026-07-25T03:16:18.000Z,12.122421666666666,75.42200833333332,32.099999999999994,2.2,43.5,6.793304,26,gps,0.53,0.64,0.83,-89.5,0.0,0,,66,,1784949378000,2026-07-25T08:46:18.000+05:30,14126.354081748808,1784947326179,Default Profile,false
2026-07-25T03:16:23.000Z,12.122806666666667,75.42221166666667,32.5,2.1,25.26,10.423125,28,gps,0.53,0.90,1.04,-89.5,0.0,0,,66,,1784949383000,2026-07-25T08:46:23.000+05:30,14174.534482501007,1784947326179,Default Profile,false
2026-07-25T03:16:28.000Z,12.123359999999998,75.42236333333334,30.099999999999994,1.8,14.66,11.854568,31,gps,0.48,0.61,0.77,-89.5,0.0,0,,66,,1784949388000,2026-07-25T08:46:28.000+05:30,14238.233359036989,1784947326179,Default Profile,false
2026-07-25T03:16:34.000Z,12.123874999999998,75.422595,28.200000000000003,2.0,39.91,9.916638,30,gps,0.49,0.59,0.76,-89.5,0.0,0,,66,,1784949394000,2026-07-25T08:46:34.000+05:30,14300.792452423299,1784947326179,Default Profile,false
2026-07-25T03:16:40.000Z,12.124196666666668,75.42316833333332,21.599999999999994,2.1,63.41,11.809787,25,gps,0.54,0.65,0.84,-89.5,0.0,0,,66,,1784949400000,2026-07-25T08:46:40.000+05:30,14372.655732476562,1784947326179,Default Profile,false
2026-07-25T03:16:46.000Z,12.124448333333332,75.42369833333333,14.0,2.1,63.86,7.7043624,28,gps,0.52,0.84,0.99,-89.5,0.0,0,,66,,1784949406000,2026-07-25T08:46:46.000+05:30,14436.710617325092,1784947326179,Default Profile,false
2026-07-25T03:16:52.000Z,12.124501666666667,75.42380833333333,9.0,1.9,62.92,0.0,28,gps,0.50,0.61,0.79,-89.5,0.0,0,,66,,1784949412000,2026-07-25T08:46:52.000+05:30,14450.058942044177,1784947326179,Default Profile,false
2026-07-25T03:16:57.000Z,12.124501666666667,75.42380833333333,9.0,1.0,62.92,0.0,30,gps,0.48,0.61,0.78,-89.5,0.0,0,,66,,1784949417000,2026-07-25T08:46:57.000+05:30,14450.058942044177,1784947326179,Default Profile,false
2026-07-25T03:17:03.000Z,12.124613333333333,75.42397833333332,7.700000000000003,1.9,54.14,6.252331,28,gps,0.50,0.80,0.94,-89.5,0.0,0,,66,,1784949423000,2026-07-25T08:47:03.000+05:30,14472.324181022646,1784947326179,Default Profile,false
2026-07-25T03:17:08.000Z,12.124826666666669,75.42424833333332,6.900000000000006,2.2,50.21,7.4917817,29,gps,0.49,0.61,0.78,-89.5,0.0,0,,66,,1784949428000,2026-07-25T08:47:08.000+05:30,14510.064168950512,1784947326179,Default Profile,false
2026-07-25T03:17:14.000Z,12.125026666666667,75.42456666666666,6.099999999999994,2.0,60.63,5.107589,25,gps,0.55,0.68,0.88,-89.5,0.0,0,,66,,1784949434000,2026-07-25T08:47:14.000+05:30,14551.20108014929,1784947326179,Default Profile,false
2026-07-25T03:17:20.000Z,12.125153333333333,75.42481333333333,8.400000000000006,2.1,53.13,5.3783326,26,gps,0.53,0.67,0.86,-89.5,0.0,0,,66,,1784949440000,2026-07-25T08:47:20.000+05:30,14581.491128201003,1784947326179,Default Profile,false
2026-07-25T03:17:26.000Z,12.125335,75.425075,13.299999999999997,2.3,47.51,5.9157023,30,gps,0.49,0.79,0.93,-89.5,0.0,0,,66,,1784949446000,2026-07-25T08:47:26.000+05:30,14616.380704971714,1784947326179,Default Profile,false
2026-07-25T03:17:31.000Z,12.12554,75.42527833333334,23.599999999999994,2.4,49.35,5.951733,27,gps,0.60,0.85,1.04,-89.5,0.0,0,,66,,1784949451000,2026-07-25T08:47:31.000+05:30,14648.133669677667,1784947326179,Default Profile,false
2026-07-25T03:17:36.000Z,12.125681666666667,75.42548833333333,29.900000000000006,2.5,63.01,4.9665546,24,gps,0.68,0.72,0.99,-89.5,0.0,0,,66,,1784949456000,2026-07-25T08:47:36.000+05:30,14675.870865653344,1784947326179,Default Profile,false
2026-07-25T03:17:42.000Z,12.125828333333335,75.42572833333334,36.8,2.2,80.66,5.217739,25,gps,0.58,0.67,0.89,-89.5,0.0,0,,66,,1784949462000,2026-07-25T08:47:42.000+05:30,14706.639839264371,1784947326179,Default Profile,false
2026-07-25T03:17:48.000Z,12.125843333333334,75.42608333333332,41.099999999999994,2.1,93.4,6.954412,29,gps,0.53,0.80,0.96,-89.5,0.0,0,,66,,1784949468000,2026-07-25T08:47:48.000+05:30,14745.269339374907,1784947326179,Default Profile,false
2026-07-25T03:17:53.000Z,12.125898333333335,75.42646333333333,33.400000000000006,2.2,94.12,7.3270707,27,gps,0.54,0.85,1.00,-89.5,0.0,0,,66,,1784949473000,2026-07-25T08:47:53.000+05:30,14787.030890986603,1784947326179,Default Profile,false
2026-07-25T03:17:59.000Z,12.125931666666668,75.42685833333333,35.3,2.0,83.66,5.8503327,28,gps,0.51,0.83,0.97,-89.5,0.0,0,,66,,1784949479000,2026-07-25T08:47:59.000+05:30,14830.132578225877,1784947326179,Default Profile,false
2026-07-25T03:18:04.000Z,12.125978333333334,75.42710666666667,38.0,2.1,69.38,5.0931764,29,gps,0.50,0.80,0.94,-89.5,0.0,0,,66,,1784949484000,2026-07-25T08:48:04.000+05:30,14857.624049743265,1784947326179,Default Profile,false
2026-07-25T03:18:09.000Z,12.126108333333331,75.42738666666668,41.80000000000001,2.0,54.31,6.680065,28,gps,0.51,0.81,0.96,-89.5,0.0,0,,66,,1784949489000,2026-07-25T08:48:09.000+05:30,14891.321889337205,1784947326179,Default Profile,false
2026-07-25T03:18:15.000Z,12.126311666666668,75.427705,46.599999999999994,2.1,55.14,6.471088,25,gps,0.57,0.87,1.04,-89.5,0.0,0,,66,,1784949495000,2026-07-25T08:48:15.000+05:30,14932.660213760531,1784947326179,Default Profile,false
2026-07-25T03:18:21.000Z,12.126523333333333,75.42796166666668,51.80000000000001,2.4,49.12,5.3474493,28,gps,0.51,0.63,0.81,-89.5,0.0,0,,66,,1784949501000,2026-07-25T08:48:21.000+05:30,14969.164244110736,1784947326179,Default Profile,false
2026-07-25T03:18:27.000Z,12.126805000000001,75.42814833333334,52.900000000000006,1.9,23.34,5.390171,30,gps,0.50,0.76,0.90,-89.5,0.0,0,,66,,1784949507000,2026-07-25T08:48:27.000+05:30,15006.483825675154,1784947326179,Default Profile,false
2026-07-25T03:18:32.000Z,12.127085,75.42827166666666,52.400000000000006,1.7,21.25,7.7115684,30,gps,0.50,0.75,0.90,-89.5,0.0,0,,66,,1784949512000,2026-07-25T08:48:32.000+05:30,15040.382743971815,1784947326179,Default Profile,false
2026-07-25T03:18:38.000Z,12.127518333333335,75.42851666666667,51.599999999999994,1.8,38.3,9.396255,32,gps,0.49,0.73,0.87,-89.5,0.0,0,,66,,1784949518000,2026-07-25T08:48:38.000+05:30,15095.438668772898,1784947326179,Default Profile,false
2026-07-25T03:18:43.000Z,12.127838333333333,75.42886666666666,53.0,2.0,54.2,9.202204,28,gps,0.53,0.62,0.81,-89.5,0.0,0,,66,,1784949523000,2026-07-25T08:48:43.000+05:30,15147.533589572316,1784947326179,Default Profile,false
2026-07-25T03:18:49.000Z,12.128118333333335,75.42928,51.599999999999994,2.0,59.06,8.807412,29,gps,0.51,0.80,0.95,-89.5,0.0,0,,66,,1784949529000,2026-07-25T08:48:49.000+05:30,15202.200719719089,1784947326179,Default Profile,false
2026-07-25T03:18:55.000Z,12.128405000000003,75.42967,51.0,2.2,49.35,9.675234,26,gps,0.55,0.85,1.01,-89.5,0.0,0,,66,,1784949535000,2026-07-25T08:48:55.000+05:30,15255.244746941453,1784947326179,Default Profile,false
2026-07-25T03:19:00.000Z,12.128758333333334,75.43000833333333,52.19999999999999,2.2,42.45,10.375256,27,gps,0.54,0.84,1.00,-89.5,0.0,0,,65,,1784949540000,2026-07-25T08:49:00.000+05:30,15309.063628406531,1784947326179,Default Profile,false
2026-07-25T03:19:06.000Z,12.129206666666668,75.43044833333333,52.099999999999994,2.0,44.77,11.421686,25,gps,0.55,0.89,1.05,-89.5,0.0,0,,65,,1784949546000,2026-07-25T08:49:06.000+05:30,15378.152805886462,1784947326179,Default Profile,false
2026-07-25T03:19:12.000Z,12.129678333333334,75.43091166666666,52.099999999999994,2.2,45.94,10.992408,28,gps,0.51,0.83,0.97,-89.5,0.0,0,,65,,1784949552000,2026-07-25T08:49:12.000+05:30,15450.87029399141,1784947326179,Default Profile,false
2026-07-25T03:19:17.000Z,12.130044999999999,75.43127333333334,50.69999999999999,2.0,42.49,11.864347,30,gps,0.49,0.79,0.93,-89.5,0.0,0,,65,,1784949557000,2026-07-25T08:49:17.000+05:30,15507.511179779176,1784947326179,Default Profile,false
2026-07-25T03:19:23.000Z,12.13062333333333,75.431635,48.69999999999999,2.2,20.88,12.427968,33,gps,0.47,0.57,0.74,-89.5,0.0,0,,65,,1784949563000,2026-07-25T08:49:23.000+05:30,15582.885949515176,1784947326179,Default Profile,false
2026-07-25T03:19:29.000Z,12.131253333333332,75.431955,53.69999999999999,2.5,34.12,11.267269,29,gps,0.50,0.61,0.79,-89.5,0.0,0,,65,,1784949569000,2026-07-25T08:49:29.000+05:30,15661.100958607762,1784947326179,Default Profile,false
2026-07-25T03:19:34.000Z,12.131535000000001,75.43219833333333,56.19999999999999,2.3,44.57,4.415802,31,gps,0.49,0.59,0.77,-89.5,0.0,0,,65,,1784949574000,2026-07-25T08:49:34.000+05:30,15702.097394658873,1784947326179,Default Profile,false
2026-07-25T03:19:40.000Z,12.131531666666667,75.43219833333333,57.900000000000006,1.8,44.29,0.0,30,gps,0.49,0.60,0.77,-89.5,0.0,0,,65,,1784949580000,2026-07-25T08:49:40.000+05:30,15702.468044414407,1784947326179,Default Profile,false
2026-07-25T03:19:45.000Z,12.131563333333334,75.43222,58.69999999999999,1.8,43.85,3.3606215,31,gps,0.48,0.59,0.76,-89.5,0.0,0,,65,,1784949585000,2026-07-25T08:49:45.000+05:30,15706.704394216848,1784947326179,Default Profile,false
2026-07-25T03:19:51.000Z,12.131728333333335,75.43245499999999,61.0,2.1,53.83,6.192108,32,gps,0.48,0.71,0.86,-89.5,0.0,0,,65,,1784949591000,2026-07-25T08:49:51.000+05:30,15738.157210959953,1784947326179,Default Profile,false
2026-07-25T03:19:57.000Z,12.132030000000002,75.432835,60.19999999999999,2.0,59.8,9.184189,29,gps,0.51,0.76,0.92,-89.5,0.0,0,,65,,1784949597000,2026-07-25T08:49:57.000+05:30,15791.371259296699,1784947326179,Default Profile,false
2026-07-25T03:20:02.000Z,12.132216666666666,75.43323166666667,58.30000000000001,2.3,78.4,9.194483,29,gps,0.49,0.60,0.77,-89.5,0.0,0,,65,,1784949602000,2026-07-25T08:50:02.000+05:30,15839.228886083021,1784947326179,Default Profile,false
2026-07-25T03:20:08.000Z,12.132286666666667,75.43372666666667,57.5,2.3,88.7,9.319561,28,gps,0.51,0.62,0.80,-89.5,0.0,0,,65,,1784949608000,2026-07-25T08:50:08.000+05:30,15893.601045701937,1784947326179,Default Profile,false
2026-07-25T03:20:13.000Z,12.132248333333333,75.434135,57.400000000000006,2.4,102.92,8.720939,26,gps,0.55,0.85,1.01,-89.5,0.0,0,,65,,1784949613000,2026-07-25T08:50:13.000+05:30,15938.195706904336,1784947326179,Default Profile,false
2026-07-25T03:20:19.000Z,12.13208,75.434585,59.099999999999994,2.0,118.84,9.284559,26,gps,0.55,0.88,1.04,-89.5,0.0,0,,65,,1784949619000,2026-07-25T08:50:19.000+05:30,15990.574491749221,1784947326179,Default Profile,false
2026-07-25T03:20:25.000Z,12.131805000000002,75.43504666666666,61.69999999999999,2.0,123.74,9.967596,25,gps,0.58,0.89,1.06,-89.5,0.0,0,,65,,1784949625000,2026-07-25T08:50:25.000+05:30,16049.344682192705,1784947326179,Default Profile,false
2026-07-25T03:20:30.000Z,12.131545000000001,75.43541166666667,66.9,1.9,124.73,9.87649,26,gps,0.55,0.64,0.84,-89.5,0.0,0,,65,,1784949630000,2026-07-25T08:50:30.000+05:30,16098.439587391797,1784947326179,Default Profile,false
2026-07-25T03:20:36.000Z,12.131243333333336,75.43580666666666,71.4,2.1,126.6,7.9725323,27,gps,0.55,0.82,0.98,-89.5,0.0,0,,65,,1784949636000,2026-07-25T08:50:36.000+05:30,16152.929295023105,1784947326179,Default Profile,false
2026-07-25T03:20:42.000Z,12.13101,75.43614333333333,75.69999999999999,2.1,116.15,6.6697707,26,gps,0.58,0.85,1.03,-89.5,0.0,0,,65,,1784949642000,2026-07-25T08:50:42.000+05:30,16197.792454475035,1784947326179,Default Profile,false
2026-07-25T03:20:47.000Z,12.130905,75.43639666666667,78.69999999999999,2.2,114.79,5.839524,28,gps,0.51,0.64,0.82,-89.5,0.0,0,,65,,1784949647000,2026-07-25T08:50:47.000+05:30,16227.70545602194,1784947326179,Default Profile,false
2026-07-25T03:20:53.000Z,12.130751666666667,75.43674833333333,81.80000000000001,2.3,114.72,6.5863857,29,gps,0.49,0.63,0.80,-89.5,0.0,0,,65,,1784949653000,2026-07-25T08:50:53.000+05:30,16269.565467805773,1784947326179,Default Profile,false
2026-07-25T03:20:59.000Z,12.130648333333333,75.43707666666666,87.4,2.1,89.26,4.5367618,29,gps,0.49,0.63,0.80,-89.5,0.0,0,,65,,1784949659000,2026-07-25T08:50:59.000+05:30,16307.063061658782,1784947326179,Default Profile,false
2026-07-25T03:21:04.000Z,12.130683333333332,75.43731833333332,92.1,2.1,68.93,4.634044,30,gps,0.48,0.61,0.78,-89.5,0.0,0,,65,,1784949664000,2026-07-25T08:51:04.000+05:30,16333.621832983392,1784947326179,Default Profile,false
2026-07-25T03:21:10.000Z,12.13086,75.43757666666667,98.0,2.1,50.83,5.2913446,32,gps,0.47,0.61,0.76,-89.5,0.0,0,,65,,1784949670000,2026-07-25T08:51:10.000+05:30,16367.894434841231,1784947326179,Default Profile,false
2026-07-25T03:21:16.000Z,12.131118333333331,75.43784833333333,102.5,1.9,43.5,7.8479695,34,gps,0.45,0.57,0.73,-89.5,0.0,0,,65,,1784949676000,2026-07-25T08:51:16.000+05:30,16409.093560674715,1784947326179,Default Profile,false
2026-07-25T03:21:22.000Z,12.131456666666669,75.43818166666667,105.19999999999999,2.1,45.27,7.8001003,33,gps,0.46,0.73,0.86,-89.5,0.0,0,,65,,1784949682000,2026-07-25T08:51:22.000+05:30,16461.328368709874,1784947326179,Default Profile,false
2026-07-25T03:21:28.000Z,12.131955000000001,75.43842,103.80000000000001,1.7,17.75,11.073734,34,gps,0.45,0.57,0.73,-89.5,0.0,0,,65,,1784949688000,2026-07-25T08:51:28.000+05:30,16522.49872596832,1784947326179,Default Profile,false
2026-07-25T03:21:34.000Z,12.132655,75.43852166666667,97.0,2.0,3.25,14.55583,34,gps,0.45,0.55,0.71,-89.5,0.0,0,,65,,1784949694000,2026-07-25T08:51:34.000+05:30,16601.115941559583,1784947326179,Default Profile,false
2026-07-25T03:21:39.000Z,12.13332,75.43868166666667,94.0,2.0,22.83,14.926945,32,gps,0.46,0.59,0.75,-89.5,0.0,0,,65,,1784949699000,2026-07-25T08:51:39.000+05:30,16677.07876915837,1784947326179,Default Profile,false
2026-07-25T03:21:45.000Z,12.133936666666667,75.43914833333334,93.30000000000001,2.0,47.79,13.765217,32,gps,0.47,0.58,0.75,-89.5,0.0,0,,65,,1784949705000,2026-07-25T08:51:45.000+05:30,16762.375784093838,1784947326179,Default Profile,false
2026-07-25T03:21:50.000Z,12.1343,75.43962,100.19999999999999,2.2,56.26,11.518969,32,gps,0.46,0.60,0.75,-89.5,0.0,0,,65,,1784949710000,2026-07-25T08:51:50.000+05:30,16827.654961220076,1784947326179,Default Profile,false
2026-07-25T03:21:56.000Z,12.134531666666666,75.44011,106.69999999999999,2.0,69.36,8.597405,32,gps,0.46,0.74,0.88,-89.5,0.0,0,,65,,1784949716000,2026-07-25T08:51:56.000+05:30,16886.82490116237,1784947326179,Default Profile,false
2026-07-25T03:22:02.000Z,12.134730000000001,75.44054333333334,108.30000000000001,1.8,55.93,8.66226,33,gps,0.45,0.54,0.70,-89.5,0.0,0,,65,,1784949722000,2026-07-25T08:52:02.000+05:30,16938.839453366414,1784947326179,Default Profile,false
2026-07-25T03:22:08.000Z,12.13499,75.44073166666666,107.9,2.1,0.23,4.756548,34,gps,0.44,0.56,0.71,-89.5,0.0,0,,65,,1784949728000,2026-07-25T08:52:08.000+05:30,16974.265476564386,1784947326179,Default Profile,false
2026-07-25T03:22:14.000Z,12.135271666666664,75.44064499999999,105.9,2.0,0.54,3.8233566,36,gps,0.43,0.54,0.69,-89.5,0.0,0,,65,,1784949734000,2026-07-25T08:52:14.000+05:30,17006.971776610477,1784947326179,Default Profile,false
2026-07-25T03:22:20.000Z,12.135359999999999,75.44067833333334,105.9,1.8,39.91,0.0,35,gps,0.43,0.53,0.69,-89.5,0.0,0,,65,,1784949740000,2026-07-25T08:52:20.000+05:30,17017.441111474076,1784947326179,Default Profile,false
2026-07-25T03:22:26.000Z,12.135359999999999,75.44067833333334,105.9,1.0,39.91,0.0,35,gps,0.43,0.53,0.69,-89.5,0.0,0,,65,,1784949746000,2026-07-25T08:52:26.000+05:30,17017.441111474076,1784947326179,Default Profile,false
2026-07-25T03:22:32.000Z,12.135359999999999,75.44067833333334,105.9,0.9,39.91,0.0,35,gps,0.43,0.53,0.69,-89.5,0.0,0,,65,,1784949752000,2026-07-25T08:52:32.000+05:30,17017.441111474076,1784947326179,Default Profile,false
2026-07-25T03:22:38.000Z,12.135359999999999,75.44067833333334,105.9,1.0,39.91,0.0,35,gps,0.43,0.53,0.69,-89.5,0.0,0,,65,,1784949758000,2026-07-25T08:52:38.000+05:30,17017.441111474076,1784947326179,Default Profile,false
2026-07-25T03:22:44.000Z,12.135359999999999,75.44067833333334,105.9,1.0,39.91,0.0,32,gps,0.46,0.55,0.72,-89.5,0.0,0,,65,,1784949764000,2026-07-25T08:52:44.000+05:30,17017.441111474076,1784947326179,Default Profile,false
2026-07-25T03:22:50.000Z,12.135388333333333,75.44071000000001,105.69999999999999,1.2,83.26,2.277131,34,gps,0.44,0.63,0.77,-89.5,0.0,0,,65,,1784949770000,2026-07-25T08:52:50.000+05:30,17022.10764265005,1784947326179,Default Profile,false
2026-07-25T03:22:56.000Z,12.135413333333334,75.44080333333333,105.9,1.6,70.37,2.4984617,33,gps,0.44,0.55,0.71,-89.5,0.0,0,,65,,1784949776000,2026-07-25T08:52:56.000+05:30,17032.62784399277,1784947326179,Default Profile,false
2026-07-25T03:23:02.000Z,12.135653333333334,75.44095999999999,105.5,1.7,9.57,7.667302,35,gps,0.43,0.53,0.68,-89.5,0.0,0,,65,,1784949782000,2026-07-25T08:53:02.000+05:30,17064.286137984935,1784947326179,Default Profile,false
2026-07-25T03:23:08.000Z,12.136161666666665,75.441075,102.0,1.6,14.83,10.213633,34,gps,0.44,0.55,0.71,-89.5,0.0,0,,65,,1784949788000,2026-07-25T08:53:08.000+05:30,17122.176236232426,1784947326179,Default Profile,false
2026-07-25T03:23:13.000Z,12.136648333333335,75.44119666666667,97.1,1.8,13.97,11.267269,32,gps,0.47,0.69,0.83,-89.5,0.0,0,,65,,1784949793000,2026-07-25T08:53:13.000+05:30,17177.88399870613,1784947326179,Default Profile,false
2026-07-25T03:23:19.000Z,12.13729,75.44131,88.5,2.0,3.56,11.612133,30,gps,0.51,0.79,0.94,-89.5,0.0,0,,65,,1784949799000,2026-07-25T08:53:19.000+05:30,17250.28997945618,1784947326179,Default Profile,false
2026-07-25T03:23:25.000Z,12.137963333333335,75.44126333333334,85.30000000000001,2.2,344.98,12.129944,28,gps,0.54,0.63,0.83,-89.5,0.0,0,,65,,1784949805000,2026-07-25T08:53:25.000+05:30,17325.332903658844,1784947326179,Default Profile,false
2026-07-25T03:23:31.000Z,12.138593333333331,75.44123833333333,81.5,2.2,6.18,11.820596,25,gps,0.58,0.65,0.87,-89.5,0.0,0,,65,,1784949811000,2026-07-25T08:53:31.000+05:30,17395.43840514848,1784947326179,Default Profile,false
2026-07-25T03:23:37.000Z,12.139148333333333,75.44150666666665,75.69999999999999,2.6,31.22,10.938362,21,gps,0.78,0.75,1.08,-89.5,0.0,0,,65,,1784949817000,2026-07-25T08:53:37.000+05:30,17463.69831844005,1784947326179,Default Profile,false
2026-07-25T03:23:42.000Z,12.139578333333334,75.44170333333334,71.5,2.5,21.82,8.0986395,22,gps,0.72,1.07,1.29,-89.5,0.0,0,,65,,1784949822000,2026-07-25T08:53:42.000+05:30,17516.074241451177,1784947326179,Default Profile,false
2026-07-25T03:23:48.000Z,12.1399,75.44180666666666,69.4,2.4,31.87,4.162044,26,gps,0.65,0.87,1.09,-89.5,0.0,0,,65,,1784949828000,2026-07-25T08:53:48.000+05:30,17553.564415406225,1784947326179,Default Profile,false
2026-07-25T03:23:53.000Z,12.139976666666666,75.44196833333334,63.69999999999999,2.2,118.74,3.202087,25,gps,0.55,0.87,1.03,-89.5,0.0,0,,65,,1784949833000,2026-07-25T08:53:53.000+05:30,17573.097408190537,1784947326179,Default Profile,false
2026-07-25T03:23:59.000Z,12.139479999999999,75.44187833333334,62.30000000000001,2.4,203.71,9.532141,29,gps,0.52,0.77,0.92,-89.5,0.0,0,,65,,1784949839000,2026-07-25T08:53:59.000+05:30,17629.184151056506,1784947326179,Default Profile,false
2026-07-25T03:24:05.000Z,12.139166666666664,75.44169666666667,61.0,2.3,198.69,4.388007,26,gps,0.59,0.64,0.87,-89.5,0.0,0,,65,,1784949845000,2026-07-25T08:54:05.000+05:30,17669.23302516204,1784947326179,Default Profile,false
2026-07-25T03:24:11.000Z,12.139050000000001,75.44185166666666,63.69999999999999,2.4,84.62,3.2978253,28,gps,0.53,0.60,0.80,-89.5,0.0,0,,65,,1784949851000,2026-07-25T08:54:11.000+05:30,17690.4982289955,1784947326179,Default Profile,false
2026-07-25T03:24:17.000Z,12.139373333333333,75.44215166666666,65.1,2.4,32.54,9.04264,28,gps,0.54,0.80,0.96,-89.5,0.0,0,,65,,1784949857000,2026-07-25T08:54:17.000+05:30,17739.038929993276,1784947326179,Default Profile,false
2026-07-25T03:24:23.000Z,12.139818333333334,75.44248166666667,65.5,2.2,32.09,8.206731,29,gps,0.51,0.61,0.80,-89.5,0.0,0,,65,,1784949863000,2026-07-25T08:54:23.000+05:30,17800.156606451223,1784947326179,Default Profile,false
2026-07-25T03:24:28.000Z,12.140288333333334,75.44256833333334,61.69999999999999,2.6,356.55,9.759133,27,gps,0.57,0.64,0.86,-89.5,0.0,0,,65,,1784949868000,2026-07-25T08:54:28.000+05:30,17853.260644261878,1784947326179,Default Profile,false
2026-07-25T03:24:34.000Z,12.140856666666666,75.442225,52.19999999999999,2.7,323.32,11.307933,22,gps,0.65,0.69,0.94,-89.5,0.0,0,,65,,1784949874000,2026-07-25T08:54:34.000+05:30,17926.65491786944,1784947326179,Default Profile,false
2026-07-25T03:24:40.000Z,12.141441666666667,75.44176333333333,39.19999999999999,2.8,317.5,11.476762,20,gps,0.83,1.34,1.57,-89.5,0.0,0,,65,,1784949880000,2026-07-25T08:54:40.000+05:30,18008.813829198087,1784947326179,Default Profile,false
2026-07-25T03:24:45.000Z,12.141879999999999,75.44138166666667,28.200000000000003,2.8,319.8,12.446498,22,gps,0.72,0.77,1.05,-89.5,0.0,0,,65,,1784949885000,2026-07-25T08:54:45.000+05:30,18072.822071957642,1784947326179,Default Profile,false
2026-07-25T03:24:51.000Z,12.142401666666668,75.440885,18.099999999999994,2.5,319.54,12.8382015,20,gps,0.86,0.75,1.14,-89.5,0.0,0,,65,,1784949891000,2026-07-25T08:54:51.000+05:30,18152.06750531684,1784947326179,Default Profile,false
2026-07-25T03:24:56.000Z,12.142863333333333,75.4405,11.400000000000006,2.2,326.98,12.968941,23,gps,0.71,0.73,1.02,-89.5,0.0,0,,65,,1784949896000,2026-07-25T08:54:56.000+05:30,18218.301127870633,1784947326179,Default Profile,false
2026-07-25T03:25:02.000Z,12.143441666666668,75.4401,5.299999999999997,2.1,319.41,12.297744,22,gps,0.73,0.95,1.20,-89.5,0.0,0,,65,,1784949902000,2026-07-25T08:55:02.000+05:30,18295.929966651278,1784947326179,Default Profile,false
2026-07-25T03:25:07.000Z,12.143781666666666,75.43971166666667,2.0999999999999943,2.1,301.99,10.89564,23,gps,0.72,0.91,1.16,-89.5,0.0,0,,65,,1784949907000,2026-07-25T08:55:07.000+05:30,18352.598961760137,1784947326179,Default Profile,false
2026-07-25T03:25:13.000Z,12.143838333333333,75.43917,-0.7999999999999972,2.4,274.03,9.113157,24,gps,0.64,0.91,1.11,-89.5,0.0,0,,65,,1784949913000,2026-07-25T08:55:13.000+05:30,18411.817925113923,1784947326179,Default Profile,false
2026-07-25T03:25:18.000Z,12.143885000000001,75.43885166666668,0.4000000000000057,2.4,282.35,3.487243,20,gps,0.88,1.22,1.50,-89.5,0.0,0,,65,,1784949918000,2026-07-25T08:55:18.000+05:30,18446.809774541358,1784947326179,Default Profile,false
2026-07-25T03:25:24.000Z,12.143901666666666,75.438795,-0.5999999999999943,2.2,284.69,3.328194,25,gps,0.55,0.88,1.04,-89.5,0.0,0,,65,,1784949924000,2026-07-25T08:55:24.000+05:30,18453.242555041077,1784947326179,Default Profile,false
2026-07-25T03:25:29.000Z,12.143953333333332,75.43851833333333,-0.20000000000000284,2.3,291.92,6.639402,26,gps,0.53,0.84,0.99,-89.5,0.0,0,,65,,1784949929000,2026-07-25T08:55:29.000+05:30,18483.861857030395,1784947326179,Default Profile,false
2026-07-25T03:25:35.000Z,12.144173333333333,75.43833833333333,-2.5999999999999943,2.4,20.02,5.0803084,27,gps,0.52,0.63,0.82,-89.5,0.0,0,,65,,1784949935000,2026-07-25T08:55:35.000+05:30,18515.18768305407,1784947326179,Default Profile,false
2026-07-25T03:25:41.000Z,12.144243333333334,75.43877666666667,-6.200000000000003,2.4,87.22,10.649603,23,gps,0.57,0.96,1.11,-89.5,0.0,0,,65,,1784949941000,2026-07-25T08:55:41.000+05:30,18563.46892312798,1784947326179,Default Profile,false
2026-07-25T03:25:47.000Z,12.144275,75.43939,-6.400000000000006,2.7,83.34,9.513611,20,gps,0.63,0.73,0.96,-89.5,0.0,0,,65,,1784949947000,2026-07-25T08:55:47.000+05:30,18630.23515765953,1784947326179,Default Profile,false
2026-07-25T03:25:52.000Z,12.144268333333333,75.43982,-12.0,2.5,110.92,9.821929,20,gps,0.63,0.74,0.97,-89.5,0.0,0,,65,,1784949952000,2026-07-25T08:55:52.000+05:30,18676.984827183955,1784947326179,Default Profile,false
2026-07-25T03:25:58.000Z,12.144038333333333,75.44029166666665,-16.400000000000006,2.6,112.14,10.371138,22,gps,0.59,0.86,1.04,-89.5,0.0,0,,65,,1784949958000,2026-07-25T08:55:58.000+05:30,18734.282457518137,1784947326179,Default Profile,false
2026-07-25T03:26:04.000Z,12.143813333333332,75.44097166666667,-24.200000000000003,2.2,100.89,12.277669,20,gps,0.64,0.70,0.95,-89.5,0.0,0,,65,,1784949964000,2026-07-25T08:56:04.000+05:30,18812.322096354335,1784947326179,Default Profile,false
2026-07-25T03:26:10.000Z,12.143775000000002,75.44162833333333,-32.0,2.6,76.25,10.423125,19,gps,0.73,1.03,1.26,-89.5,0.0,0,,65,,1784949970000,2026-07-25T08:56:10.000+05:30,18883.833301302075,1784947326179,Default Profile,false
2026-07-25T03:26:15.000Z,12.144071666666665,75.4421,-40.7,2.6,43.46,12.056853,24,gps,0.56,0.87,1.03,-89.5,0.0,0,,65,,1784949975000,2026-07-25T08:56:15.000+05:30,18944.80171694644,1784947326179,Default Profile,false
2026-07-25T03:26:21.000Z,12.144635000000001,75.44246333333334,-49.1,2.3,26.19,11.962659,29,gps,0.49,0.73,0.88,-89.5,0.0,0,,65,,1784949981000,2026-07-25T08:56:21.000+05:30,19018.85395107372,1784947326179,Default Profile,false
2026-07-25T03:26:27.000Z,12.145258333333334,75.442735,-58.0,2.1,18.59,11.670812,29,gps,0.50,0.80,0.94,-89.5,0.0,0,,65,,1784949987000,2026-07-25T08:56:27.000+05:30,19094.194611557174,1784947326179,Default Profile,false
2026-07-25T03:26:33.000Z,12.145851666666665,75.44286833333334,-60.9,2.1,5.51,10.43136,29,gps,0.50,0.61,0.78,-89.5,0.0,0,,65,,1784949993000,2026-07-25T08:56:33.000+05:30,19161.743608791687,1784947326179,Default Profile,false
2026-07-25T03:26:38.000Z,12.146315,75.44288166666666,-62.8,2.2,3.93,9.281986,30,gps,0.49,0.76,0.91,-89.5,0.0,0,,65,,1784949998000,2026-07-25T08:56:38.000+05:30,19213.28430874273,1784947326179,Default Profile,false
2026-07-25T03:26:44.000Z,12.146818333333332,75.44291666666666,-65.5,2.2,10.29,8.673069,29,gps,0.50,0.79,0.94,-89.5,0.0,0,,65,,1784950004000,2026-07-25T08:56:44.000+05:30,19269.381593715305,1784947326179,Default Profile,false
2026-07-25T03:26:50.000Z,12.147026666666667,75.44298,-65.6,2.0,24.95,0.0,29,gps,0.50,0.61,0.79,-89.5,0.0,0,,65,,1784950010000,2026-07-25T08:56:50.000+05:30,19293.548600915423,1784947326179,Default Profile,false
2026-07-25T03:26:56.000Z,12.147025000000001,75.44297833333333,-65.7,2.1,24.95,0.0,30,gps,0.49,0.61,0.78,-89.5,0.0,0,,65,,1784950016000,2026-07-25T08:56:56.000+05:30,19293.80777250643,1784947326179,Default Profile,false
2026-07-25T03:27:02.000Z,12.147025000000001,75.44297833333333,-65.7,2.1,24.95,0.0,29,gps,0.50,0.61,0.79,-89.5,0.0,0,,65,,1784950022000,2026-07-25T08:57:02.000+05:30,19293.80777250643,1784947326179,Default Profile,false
2026-07-25T03:27:07.000Z,12.147065000000001,75.443015,-66.6,2.1,44.22,3.1701741,29,gps,0.51,0.78,0.93,-89.5,0.0,0,,65,,1784950027000,2026-07-25T08:57:07.000+05:30,19299.780209552064,1784947326179,Default Profile,false
2026-07-25T03:27:13.000Z,12.147269999999999,75.44321166666667,-62.8,2.3,42.82,6.4108653,29,gps,0.49,0.81,0.95,-89.5,0.0,0,,65,,1784950033000,2026-07-25T08:57:13.000+05:30,19331.031761258706,1784947326179,Default Profile,false
2026-07-25T03:27:19.000Z,12.147469999999998,75.44348166666667,-54.5,2.2,51.57,6.3846145,25,gps,0.57,0.90,1.07,-89.5,0.0,0,,65,,1784950039000,2026-07-25T08:57:19.000+05:30,19367.855926145094,1784947326179,Default Profile,false
2026-07-25T03:27:24.000Z,12.147661666666666,75.44369499999999,-49.8,2.3,43.83,6.600283,23,gps,0.66,1.01,1.21,-89.5,0.0,0,,65,,1784950044000,2026-07-25T08:57:24.000+05:30,19399.35216148892,1784947326179,Default Profile,false
2026-07-25T03:27:30.000Z,12.147826666666667,75.44400999999999,-48.3,2.0,80.52,5.323772,25,gps,0.58,0.90,1.07,-89.5,0.0,0,,65,,1784950050000,2026-07-25T08:57:30.000+05:30,19438.19980875935,1784947326179,Default Profile,false
2026-07-25T03:27:36.000Z,12.147871666666667,75.44422,-46.4,2.4,76.84,4.278886,21,gps,0.67,1.01,1.21,-89.5,0.0,0,,65,,1784950056000,2026-07-25T08:57:36.000+05:30,19461.5698302245,1784947326179,Default Profile,false
2026-07-25T03:27:41.000Z,12.147910000000001,75.44443833333334,-45.0,2.4,84.22,5.536352,22,gps,0.63,0.73,0.96,-89.5,0.0,0,,65,,1784950061000,2026-07-25T08:57:41.000+05:30,19485.683478199007,1784947326179,Default Profile,false
2026-07-25T03:27:47.000Z,12.147943333333334,75.44475000000001,-46.8,2.4,97.92,5.1395016,23,gps,0.60,0.71,0.93,-89.5,0.0,0,,65,,1784950067000,2026-07-25T08:57:47.000+05:30,19519.765348660134,1784947326179,Default Profile,false
2026-07-25T03:27:53.000Z,12.14786,75.44505166666666,-46.1,2.4,107.88,4.5280113,21,gps,0.66,0.72,0.98,-89.5,0.0,0,,65,,1784950073000,2026-07-25T08:57:53.000+05:30,19553.84207113887,1784947326179,Default Profile,false
2026-07-25T03:27:59.000Z,12.147783333333333,75.44539499999999,-43.2,2.5,109.06,5.7005486,18,gps,0.82,0.78,1.13,-89.5,0.0,0,,65,,1784950079000,2026-07-25T08:57:59.000+05:30,19592.125372935712,1784947326179,Default Profile,false
2026-07-25T03:28:05.000Z,12.147649999999999,75.44564166666667,-38.8,2.8,104.82,4.732871,17,gps,0.96,0.87,1.30,-89.5,0.0,0,,65,,1784950085000,2026-07-25T08:58:05.000+05:30,19622.765156815483,1784947326179,Default Profile,false
2026-07-25T03:28:11.000Z,12.147698333333334,75.446035,-35.7,2.5,70.64,5.8920255,19,gps,0.84,0.82,1.18,-89.5,0.0,0,,65,,1784950091000,2026-07-25T08:58:11.000+05:30,19665.858945043004,1784947326179,Default Profile,false
2026-07-25T03:28:17.000Z,12.147853333333334,75.446375,-32.4,2.3,59.76,6.859703,24,gps,0.57,0.89,1.06,-89.5,0.0,0,,65,,1784950097000,2026-07-25T08:58:17.000+05:30,19706.63974402709,1784947326179,Default Profile,false
2026-07-25T03:28:22.000Z,12.148073333333333,75.44669166666667,-31.5,2.1,52.88,8.294234,26,gps,0.55,0.88,1.03,-89.5,0.0,0,,65,,1784950102000,2026-07-25T08:58:22.000+05:30,19748.8699761468,1784947326179,Default Profile,false
2026-07-25T03:28:28.000Z,12.148378333333335,75.44707833333334,-26.5,2.3,47.28,9.427652,29,gps,0.55,0.81,0.98,-89.5,0.0,0,,65,,1784950108000,2026-07-25T08:58:28.000+05:30,19802.878545783715,1784947326179,Default Profile,false
2026-07-25T03:28:34.000Z,12.148738333333332,75.44755,-23.599999999999994,2.3,52.44,11.267269,28,gps,0.60,0.86,1.05,-89.5,0.0,0,,65,,1784950114000,2026-07-25T08:58:34.000+05:30,19867.92679056337,1784947326179,Default Profile,false
2026-07-25T03:28:40.000Z,12.149129999999998,75.44806833333334,-20.099999999999994,2.5,58.76,12.334289,25,gps,0.74,1.01,1.25,-89.5,0.0,0,,65,,1784950120000,2026-07-25T08:58:40.000+05:30,19939.14127403405,1784947326179,Default Profile,false
2026-07-25T03:28:46.000Z,12.149428333333333,75.448645,-18.400000000000006,2.1,70.19,9.381328,28,gps,0.55,0.83,0.99,-89.5,0.0,0,,65,,1784950126000,2026-07-25T08:58:46.000+05:30,20010.063920029253,1784947326179,Default Profile,false
2026-07-25T03:28:52.000Z,12.149458333333333,75.44880333333334,-17.700000000000003,2.3,70.16,0.0,27,gps,0.51,0.62,0.80,-89.5,0.0,0,,65,,1784950132000,2026-07-25T08:58:52.000+05:30,20027.595735125393,1784947326179,Default Profile,false
2026-07-25T03:28:58.000Z,12.149458333333333,75.44880166666667,-17.799999999999997,1.0,70.16,0.0,29,gps,0.47,0.60,0.77,-89.5,0.0,0,,65,,1784950138000,2026-07-25T08:58:58.000+05:30,20027.776909084172,1784947326179,Default Profile,false
2026-07-25T03:29:04.000Z,12.149466666666667,75.448815,-17.400000000000006,1.3,74.57,2.3723547,29,gps,0.49,0.59,0.77,-89.5,0.0,0,,65,,1784950144000,2026-07-25T08:59:04.000+05:30,20029.497190711958,1784947326179,Default Profile,false
2026-07-25T03:29:10.000Z,12.149538333333332,75.44908000000001,-17.200000000000003,1.8,67.32,7.198905,28,gps,0.52,0.63,0.81,-89.5,0.0,0,,65,,1784950150000,2026-07-25T08:59:10.000+05:30,20059.385780874254,1784947326179,Default Profile,false
2026-07-25T03:29:15.000Z,12.149736666666668,75.44942666666667,-20.099999999999994,1.9,58.32,9.384416,26,gps,0.56,0.86,1.03,-89.5,0.0,0,,65,,1784950155000,2026-07-25T08:59:15.000+05:30,20103.0488051698,1784947326179,Default Profile,false
2026-07-25T03:29:21.000Z,12.150028333333333,75.44990166666666,-22.400000000000006,1.9,53.37,9.803399,25,gps,0.58,0.68,0.89,-89.5,0.0,0,,65,,1784950161000,2026-07-25T08:59:21.000+05:30,20164.023769449203,1784947326179,Default Profile,false
2026-07-25T03:29:27.000Z,12.150429999999998,75.45030833333334,-25.0,2.3,30.64,9.8929615,26,gps,0.58,0.90,1.07,-89.5,0.0,0,,65,,1784950167000,2026-07-25T08:59:27.000+05:30,20226.864906350736,1784947326179,Default Profile,false
2026-07-25T03:29:33.000Z,12.151001666666666,75.45057166666668,-28.299999999999997,2.0,32.06,12.413041,29,gps,0.54,0.79,0.95,-89.5,0.0,0,,65,,1784950173000,2026-07-25T08:59:33.000+05:30,20296.57933870425,1784947326179,Default Profile,false
2026-07-25T03:29:39.000Z,12.151514999999998,75.45101166666667,-27.1,2.1,42.07,11.854053,25,gps,0.62,0.99,1.17,-89.5,0.0,0,,65,,1784950179000,2026-07-25T08:59:39.000+05:30,20371.049495674746,1784947326179,Default Profile,false
2026-07-25T03:29:44.000Z,12.151836666666668,75.45130833333333,-24.5,2.6,36.1,8.814103,23,gps,0.67,0.74,1.00,-89.5,0.0,0,,65,,1784950184000,2026-07-25T08:59:44.000+05:30,20419.2086779857,1784947326179,Default Profile,false
2026-07-25T03:29:49.000Z,12.152065,75.451565,-22.799999999999997,2.4,54.49,7.291555,25,gps,0.60,0.98,1.15,-89.5,0.0,0,,65,,1784950189000,2026-07-25T08:59:49.000+05:30,20456.93223297004,1784947326179,Default Profile,false
2026-07-25T03:29:55.000Z,12.152288333333335,75.45195166666667,-18.700000000000003,2.4,59.48,9.028228,25,gps,0.56,0.67,0.87,-89.5,0.0,0,,65,,1784950195000,2026-07-25T08:59:55.000+05:30,20505.75218209373,1784947326179,Default Profile,false
2026-07-25T03:30:01.000Z,12.152578333333334,75.45242499999999,-13.900000000000006,2.4,58.19,10.134881,24,gps,0.58,0.68,0.89,-89.5,0.0,0,,65,,1784950201000,2026-07-25T09:00:01.000+05:30,20566.474766041723,1784947326179,Default Profile,false
2026-07-25T03:30:07.000Z,12.152991666666667,75.45285166666666,-10.5,2.5,36.37,8.660716,26,gps,0.62,0.66,0.91,-89.5,0.0,0,,65,,1784950207000,2026-07-25T09:00:07.000+05:30,20631.77004946944,1784947326179,Default Profile,false
2026-07-25T03:30:13.000Z,12.153161666666666,75.45294833333334,-12.0,2.3,23.36,0.0,28,gps,0.54,0.63,0.83,-89.5,0.0,0,,65,,1784950213000,2026-07-25T09:00:13.000+05:30,20653.397475380098,1784947326179,Default Profile,false
2026-07-25T03:30:18.000Z,12.153268333333331,75.45300833333334,-13.700000000000003,2.2,35.01,4.237193,30,gps,0.54,0.77,0.94,-89.5,0.0,0,,65,,1784950218000,2026-07-25T09:00:18.000+05:30,20666.933246423574,1784947326179,Default Profile,false
2026-07-25T03:30:24.000Z,12.153513333333335,75.45324833333333,-11.400000000000006,2.1,40.65,7.5200915,30,gps,0.52,0.78,0.94,-89.5,0.0,0,,65,,1784950224000,2026-07-25T09:00:24.000+05:30,20704.653084945963,1784947326179,Default Profile,false
2026-07-25T03:30:29.000Z,12.15378,75.45348666666668,-9.5,2.4,41.05,7.4089117,20,gps,0.73,1.02,1.26,-89.5,0.0,0,,65,,1784950229000,2026-07-25T09:00:29.000+05:30,20744.02867193095,1784947326179,Default Profile,false
2026-07-25T03:30:35.000Z,12.154136666666666,75.45370833333332,-7.5,2.6,24.01,6.757788,23,gps,0.70,1.13,1.33,-89.4,0.0,0,,65,,1784950235000,2026-07-25T09:00:35.000+05:30,20790.434296381965,1784947326179,Default Profile,false
2026-07-25T03:30:41.000Z,12.154523333333335,75.45388166666666,-7.700000000000003,2.3,27.32,6.0340886,22,gps,0.71,0.78,1.06,-89.4,0.0,0,,65,,1784950241000,2026-07-25T09:00:41.000+05:30,20837.376957130753,1784947326179,Default Profile,false
2026-07-25T03:30:47.000Z,12.154848333333332,75.45401833333334,-6.400000000000006,2.3,12.89,6.9955897,24,gps,0.68,0.92,1.15,-89.4,0.0,0,,65,,1784950247000,2026-07-25T09:00:47.000+05:30,20876.449714242342,1784947326179,Default Profile,false
2026-07-25T03:30:53.000Z,12.155318333333332,75.45393666666668,-4.200000000000003,2.3,335.57,10.088041,28,gps,0.64,0.84,1.05,-89.4,0.0,0,,65,,1784950253000,2026-07-25T09:00:53.000+05:30,20929.459935483203,1784947326179,Default Profile,false
2026-07-25T03:30:58.000Z,12.155793333333333,75.453675,-4.800000000000011,2.5,343.32,11.8535385,27,gps,0.57,0.63,0.84,-89.4,0.0,0,,65,,1784950258000,2026-07-25T09:00:58.000+05:30,20989.44943120043,1784947326179,Default Profile,false
2026-07-25T03:31:04.000Z,12.156401666666666,75.453835,-9.0,2.9,29.82,13.072915,21,gps,0.78,0.71,1.05,-89.4,0.0,0,,65,,1784950264000,2026-07-25T09:01:04.000+05:30,21059.293148745503,1784947326179,Default Profile,false
2026-07-25T03:31:09.000Z,12.156986666666667,75.45402833333333,-17.400000000000006,2.4,15.0,13.738451,28,gps,0.52,0.58,0.78,-89.4,0.0,0,,65,,1784950269000,2026-07-25T09:01:09.000+05:30,21127.652729899248,1784947326179,Default Profile,false
2026-07-25T03:31:15.000Z,12.157606666666668,75.45442666666666,-35.50000000000001,2.4,42.83,13.451236,26,gps,0.54,0.66,0.86,-89.4,0.0,0,,65,,1784950275000,2026-07-25T09:01:15.000+05:30,21209.06323794042,1784947326179,Default Profile,false
2026-07-25T03:31:21.000Z,12.158311666666668,75.45471833333333,-39.900000000000006,2.0,10.35,13.606167,29,gps,0.51,0.62,0.81,-89.4,0.0,0,,65,,1784950281000,2026-07-25T09:01:21.000+05:30,21293.624120626417,1784947326179,Default Profile,false
2026-07-25T03:31:27.000Z,12.158908333333333,75.45489666666667,-38.400000000000006,2.3,24.63,7.598844,30,gps,0.49,0.61,0.78,-89.4,0.0,0,,65,,1784950287000,2026-07-25T09:01:27.000+05:30,21362.74436734135,1784947326179,Default Profile,false
2026-07-25T03:31:33.000Z,12.158986666666665,75.45493333333334,-36.10000000000001,2.2,13.61,0.0,29,gps,0.50,0.61,0.79,-89.4,0.0,0,,65,,1784950293000,2026-07-25T09:01:33.000+05:30,21372.323222941377,1784947326179,Default Profile,false
2026-07-25T03:31:38.000Z,12.158986666666665,75.45493333333334,-36.10000000000001,2.2,13.61,0.0,28,gps,0.50,0.63,0.80,-89.4,0.0,0,,65,,1784950298000,2026-07-25T09:01:38.000+05:30,21372.323222941377,1784947326179,Default Profile,false
2026-07-25T03:31:44.000Z,12.159094999999999,75.45500833333334,-31.200000000000003,2.0,32.28,2.3419862,29,gps,0.51,0.81,0.96,-89.4,0.0,0,,65,,1784950304000,2026-07-25T09:01:44.000+05:30,21386.86876362473,1784947326179,Default Profile,false
2026-07-25T03:31:50.000Z,12.159108333333332,75.45502333333334,-28.800000000000004,2.1,32.28,0.0,28,gps,0.52,0.65,0.83,-89.4,0.0,0,,65,,1784950310000,2026-07-25T09:01:50.000+05:30,21389.07254477403,1784947326179,Default Profile,false
2026-07-25T03:31:56.000Z,12.159323333333335,75.45514,-27.10000000000001,2.0,26.4,5.664518,30,gps,0.51,0.77,0.92,-89.4,0.0,0,,65,,1784950316000,2026-07-25T09:01:56.000+05:30,21416.134808634208,1784947326179,Default Profile,false
2026-07-25T03:32:01.000Z,12.159633333333334,75.45524999999999,-27.60000000000001,2.0,11.32,7.191184,30,gps,0.51,0.77,0.92,-89.4,0.0,0,,65,,1784950321000,2026-07-25T09:02:01.000+05:30,21452.620161062117,1784947326179,Default Profile,false
2026-07-25T03:32:06.000Z,12.159931666666667,75.45530666666667,-27.500000000000007,2.3,9.79,6.5009418,28,gps,0.55,0.88,1.04,-89.4,0.0,0,,65,,1784950326000,2026-07-25T09:02:06.000+05:30,21486.36034022541,1784947326179,Default Profile,false
2026-07-25T03:32:12.000Z,12.160286666666666,75.45538,-24.60000000000001,2.3,20.53,7.6184034,29,gps,0.53,0.63,0.82,-89.4,0.0,0,,65,,1784950332000,2026-07-25T09:02:12.000+05:30,21526.63135417783,1784947326179,Default Profile,false
2026-07-25T03:32:18.000Z,12.160646666666667,75.45568,-22.400000000000006,2.1,49.22,9.786928,28,gps,0.53,0.78,0.94,-89.4,0.0,0,,65,,1784950338000,2026-07-25T09:02:18.000+05:30,21578.262977016475,1784947326179,Default Profile,false
2026-07-25T03:32:24.000Z,12.161135000000002,75.45612333333334,-22.60000000000001,2.1,36.89,13.427044,27,gps,0.55,0.81,0.98,-89.4,0.0,0,,65,,1784950344000,2026-07-25T09:02:24.000+05:30,21650.863294339742,1784947326179,Default Profile,false
2026-07-25T03:32:30.000Z,12.161925,75.45661166666667,-31.900000000000006,2.5,25.99,17.116058,22,gps,0.62,0.70,0.93,-89.4,0.0,0,,65,,1784950350000,2026-07-25T09:02:30.000+05:30,21753.49963789001,1784947326179,Default Profile,false
2026-07-25T03:32:35.000Z,12.162578333333332,75.45692333333334,-38.50000000000001,2.3,25.21,13.614403,28,gps,0.52,0.62,0.81,-89.4,0.0,0,,65,,1784950355000,2026-07-25T09:02:35.000+05:30,21833.657918287114,1784947326179,Default Profile,false
2026-07-25T03:32:41.000Z,12.163278333333334,75.45707999999999,-39.10000000000001,2.3,4.55,14.762234,33,gps,0.46,0.56,0.73,-89.4,0.0,0,,65,,1784950361000,2026-07-25T09:02:41.000+05:30,21913.33549515028,1784947326179,Default Profile,false
2026-07-25T03:32:47.000Z,12.164063333333335,75.45732,-40.60000000000001,2.4,19.76,13.647345,33,gps,0.46,0.56,0.73,-89.4,0.0,0,,65,,1784950367000,2026-07-25T09:02:47.000+05:30,22004.438534474775,1784947326179,Default Profile,false
2026-07-25T03:32:53.000Z,12.164754999999998,75.45752666666667,-47.2,2.5,21.56,11.688827,28,gps,0.54,0.82,0.98,-89.4,0.0,0,,65,,1784950373000,2026-07-25T09:02:53.000+05:30,22084.56197798344,1784947326179,Default Profile,false
2026-07-25T03:32:59.000Z,12.165213333333334,75.45794,-49.900000000000006,2.6,55.13,12.314729,27,gps,0.55,0.88,1.04,-89.4,0.0,0,,65,,1784950379000,2026-07-25T09:02:59.000+05:30,22152.50265714632,1784947326179,Default Profile,false
2026-07-25T03:33:05.000Z,12.165564999999999,75.458595,-54.50000000000001,2.5,66.41,13.122329,23,gps,0.61,1.07,1.23,-89.4,0.0,0,,65,,1784950385000,2026-07-25T09:03:05.000+05:30,22233.73143709764,1784947326179,Default Profile,false
2026-07-25T03:33:11.000Z,12.165593333333334,75.45931833333334,-58.900000000000006,2.6,107.94,13.392043,23,gps,0.58,0.95,1.11,-89.4,0.0,0,,65,,1784950391000,2026-07-25T09:03:11.000+05:30,22312.419264825563,1784947326179,Default Profile,false
2026-07-25T03:33:17.000Z,12.165423333333335,75.45989,-54.900000000000006,2.6,94.79,10.246575,22,gps,0.63,1.00,1.19,-89.4,0.0,0,,65,,1784950397000,2026-07-25T09:03:17.000+05:30,22377.369812693323,1784947326179,Default Profile,false
2026-07-25T03:33:23.000Z,12.165508333333332,75.460325,-55.2,2.6,67.29,7.3929553,22,gps,0.59,0.73,0.94,-89.4,0.0,0,,65,,1784950403000,2026-07-25T09:03:23.000+05:30,22425.58876034555,1784947326179,Default Profile,false
2026-07-25T03:33:29.000Z,12.16587,75.46068,-57.2,2.1,38.01,10.406654,29,gps,0.53,0.84,0.99,-89.4,0.0,0,,65,,1784950409000,2026-07-25T09:03:29.000+05:30,22481.322921797935,1784947326179,Default Profile,false
2026-07-25T03:33:35.000Z,12.166341666666664,75.46108166666666,-62.60000000000001,2.4,43.82,11.101014,27,gps,0.59,0.83,1.01,-89.4,0.0,0,,65,,1784950415000,2026-07-25T09:03:35.000+05:30,22549.564359469186,1784947326179,Default Profile,false
2026-07-25T03:33:41.000Z,12.166735000000001,75.46146666666667,-58.50000000000001,2.3,38.01,6.5956507,27,gps,0.55,0.63,0.84,-89.4,0.0,0,,65,,1784950421000,2026-07-25T09:03:41.000+05:30,22610.096937985483,1784947326179,Default Profile,false
2026-07-25T03:33:46.000Z,12.166789999999999,75.461445,-54.900000000000006,2.2,3.99,0.0,22,gps,0.62,0.69,0.93,-89.4,0.0,0,,65,,1784950426000,2026-07-25T09:03:46.000+05:30,22616.65045441454,1784947326179,Default Profile,false
2026-07-25T03:33:52.000Z,12.166781666666669,75.46144,-54.10000000000001,1.0,3.99,0.0,25,gps,0.59,0.68,0.90,-89.4,0.0,0,,65,,1784950432000,2026-07-25T09:03:52.000+05:30,22617.7247031245,1784947326179,Default Profile,false
2026-07-25T03:33:58.000Z,12.166846666666666,75.46154833333334,-51.2,2.1,53.78,4.1296163,29,gps,0.52,0.79,0.95,-89.4,0.0,0,,65,,1784950438000,2026-07-25T09:03:58.000+05:30,22631.54145128016,1784947326179,Default Profile,false
2026-07-25T03:34:04.000Z,12.16706,75.46176999999999,-46.2,2.2,44.78,5.775183,31,gps,0.49,0.75,0.90,-89.4,0.0,0,,65,,1784950444000,2026-07-25T09:04:04.000+05:30,22665.353593545802,1784947326179,Default Profile,false
2026-07-25T03:34:09.000Z,12.167291666666666,75.46201666666666,-44.800000000000004,2.2,52.08,7.934958,31,gps,0.50,0.76,0.91,-89.4,0.0,0,,65,,1784950449000,2026-07-25T09:04:09.000+05:30,22702.535133425157,1784947326179,Default Profile,false
2026-07-25T03:34:15.000Z,12.167579999999997,75.46239166666666,-46.800000000000004,1.9,57.62,6.66205,29,gps,0.51,0.75,0.91,-89.4,0.0,0,,65,,1784950455000,2026-07-25T09:04:15.000+05:30,22754.3946676575,1784947326179,Default Profile,false
2026-07-25T03:34:21.000Z,12.167781666666666,75.46271666666667,-47.50000000000001,1.9,50.69,6.9111753,30,gps,0.50,0.77,0.92,-89.4,0.0,0,,65,,1784950461000,2026-07-25T09:04:21.000+05:30,22796.237365485387,1784947326179,Default Profile,false
2026-07-25T03:34:26.000Z,12.167848333333332,75.4628,-47.00000000000001,2.4,40.86,0.0,27,gps,0.54,0.65,0.85,-89.4,0.0,0,,65,,1784950466000,2026-07-25T09:04:26.000+05:30,22807.942115626105,1784947326179,Default Profile,false
2026-07-25T03:34:32.000Z,12.167853333333335,75.46279833333332,-47.60000000000001,1.1,40.86,0.0,27,gps,0.61,0.65,0.89,-89.4,0.0,0,,65,,1784950472000,2026-07-25T09:04:32.000+05:30,22808.526861089096,1784947326179,Default Profile,false
2026-07-25T03:34:37.000Z,12.167853333333335,75.46279833333332,-47.60000000000001,1.1,40.86,0.0,28,gps,0.60,0.64,0.88,-89.4,0.0,0,,65,,1784950477000,2026-07-25T09:04:37.000+05:30,22808.526861089096,1784947326179,Default Profile,false
2026-07-25T03:34:43.000Z,12.167853333333335,75.46279833333332,-47.60000000000001,1.4,40.86,0.0,30,gps,0.52,0.60,0.79,-89.4,0.0,0,,65,,1784950483000,2026-07-25T09:04:43.000+05:30,22808.526861089096,1784947326179,Default Profile,false
2026-07-25T03:34:49.000Z,12.167853333333335,75.46279833333332,-47.60000000000001,1.7,40.86,0.0,30,gps,0.52,0.60,0.79,-89.4,0.0,0,,64,,1784950489000,2026-07-25T09:04:49.000+05:30,22808.526861089096,1784947326179,Default Profile,false
2026-07-25T03:34:55.000Z,12.167853333333335,75.46279833333332,-47.60000000000001,1.4,40.86,0.0,30,gps,0.52,0.60,0.79,-89.4,0.0,0,,64,,1784950495000,2026-07-25T09:04:55.000+05:30,22808.526861089096,1784947326179,Default Profile,false
2026-07-25T03:35:01.000Z,12.167853333333335,75.46279833333332,-47.60000000000001,1.0,40.86,0.0,28,gps,0.56,0.63,0.85,-89.4,0.0,0,,64,,1784950501000,2026-07-25T09:05:01.000+05:30,22808.526861089096,1784947326179,Default Profile,false
2026-07-25T03:35:07.000Z,12.167853333333335,75.46279833333332,-47.60000000000001,1.0,40.86,0.0,28,gps,0.54,0.63,0.83,-89.4,0.0,0,,64,,1784950507000,2026-07-25T09:05:07.000+05:30,22808.526861089096,1784947326179,Default Profile,false
2026-07-25T03:35:13.000Z,12.167853333333335,75.46279833333332,-47.60000000000001,1.0,40.86,0.0,28,gps,0.56,0.63,0.85,-89.4,0.0,0,,64,,1784950513000,2026-07-25T09:05:13.000+05:30,22808.526861089096,1784947326179,Default Profile,false
2026-07-25T03:35:18.000Z,12.167853333333335,75.46279833333332,-47.60000000000001,1.0,40.86,0.0,29,gps,0.55,0.63,0.84,-89.4,0.0,0,,64,,1784950518000,2026-07-25T09:05:18.000+05:30,22808.526861089096,1784947326179,Default Profile,false
2026-07-25T03:35:24.000Z,12.168016666666665,75.46287666666667,-44.800000000000004,1.9,23.25,3.811518,31,gps,0.51,0.77,0.92,-89.4,0.0,0,,64,,1784950524000,2026-07-25T09:05:24.000+05:30,22828.585537711155,1784947326179,Default Profile,false
2026-07-25T03:35:29.000Z,12.168261666666668,75.46293666666666,-40.60000000000001,2.0,4.79,5.4612026,33,gps,0.47,0.69,0.84,-89.4,0.0,0,,64,,1784950529000,2026-07-25T09:05:29.000+05:30,22856.598066017053,1784947326179,Default Profile,false
2026-07-25T03:35:35.000Z,12.16863,75.46294166666667,-39.300000000000004,2.2,352.2,6.8885274,33,gps,0.49,0.73,0.88,-89.4,0.0,0,,64,,1784950535000,2026-07-25T09:05:35.000+05:30,22897.558469758602,1784947326179,Default Profile,false
2026-07-25T03:35:40.000Z,12.168983333333331,75.46289666666667,-45.300000000000004,2.2,354.79,5.7968016,32,gps,0.50,0.73,0.88,-89.4,0.0,0,,64,,1784950540000,2026-07-25T09:05:40.000+05:30,22937.15065134612,1784947326179,Default Profile,false
2026-07-25T03:35:46.000Z,12.169303333333335,75.462955,-48.60000000000001,2.2,44.53,6.647123,33,gps,0.47,0.68,0.83,-89.4,0.0,0,,64,,1784950546000,2026-07-25T09:05:46.000+05:30,22973.293547884667,1784947326179,Default Profile,false
2026-07-25T03:35:51.000Z,12.169396666666668,75.46331833333333,-49.50000000000001,2.0,79.56,9.070435,28,gps,0.52,0.81,0.97,-89.4,0.0,0,,64,,1784950551000,2026-07-25T09:05:51.000+05:30,23014.1273751298,1784947326179,Default Profile,false
2026-07-25T03:35:57.000Z,12.169466666666665,75.463855,-49.900000000000006,2.0,77.87,10.088555,26,gps,0.58,0.91,1.08,-89.4,0.0,0,,64,,1784950557000,2026-07-25T09:05:57.000+05:30,23072.978015120345,1784947326179,Default Profile,false
2026-07-25T03:36:02.000Z,12.169585,75.46432833333333,-48.900000000000006,2.0,75.13,11.2065325,28,gps,0.53,0.66,0.85,-89.4,0.0,0,,64,,1784950562000,2026-07-25T09:06:02.000+05:30,23126.08345678366,1784947326179,Default Profile,false
2026-07-25T03:36:08.000Z,12.169794999999999,75.46486166666666,-47.2,2.0,59.54,8.630347,26,gps,0.56,0.67,0.88,-89.4,0.0,0,,64,,1784950568000,2026-07-25T09:06:08.000+05:30,23188.580917710085,1784947326179,Default Profile,false
2026-07-25T03:36:14.000Z,12.170106666666667,75.46512333333334,-42.7,2.5,37.18,6.9420586,24,gps,0.73,0.75,1.05,-89.4,0.0,0,,64,,1784950574000,2026-07-25T09:06:14.000+05:30,23233.41366589362,1784947326179,Default Profile,false
2026-07-25T03:36:19.000Z,12.170381666666666,75.46532333333333,-34.50000000000001,2.6,26.8,7.655978,24,gps,0.81,1.02,1.31,-89.4,0.0,0,,64,,1784950579000,2026-07-25T09:06:19.000+05:30,23270.932232294257,1784947326179,Default Profile,false
2026-07-25T03:36:25.000Z,12.170776666666665,75.4656,-32.300000000000004,2.4,39.51,9.32934,25,gps,0.77,1.05,1.30,-89.4,0.0,0,,64,,1784950585000,2026-07-25T09:06:25.000+05:30,23324.162827640823,1784947326179,Default Profile,false
2026-07-25T03:36:30.000Z,12.171133333333334,75.46586666666667,-31.700000000000003,2.6,35.17,9.721559,29,gps,0.59,0.78,0.98,-89.4,0.0,0,,64,,1784950590000,2026-07-25T09:06:30.000+05:30,23373.285495005177,1784947326179,Default Profile,false
2026-07-25T03:36:36.000Z,12.171611666666669,75.46600833333333,-30.900000000000006,2.5,2.58,8.512991,31,gps,0.52,0.61,0.80,-89.4,0.0,0,,64,,1784950596000,2026-07-25T09:06:36.000+05:30,23428.657899669546,1784947326179,Default Profile,false
2026-07-25T03:36:42.000Z,12.171841666666667,75.46602,-33.10000000000001,2.3,10.34,0.0,31,gps,0.50,0.60,0.78,-89.4,0.0,0,,64,,1784950602000,2026-07-25T09:06:42.000+05:30,23454.264152739655,1784947326179,Default Profile,false
2026-07-25T03:36:47.000Z,12.171840000000001,75.46601666666668,-33.2,1.2,10.34,0.0,32,gps,0.48,0.60,0.77,-89.4,0.0,0,,64,,1784950607000,2026-07-25T09:06:47.000+05:30,23454.671116151,1784947326179,Default Profile,false
2026-07-25T03:36:53.000Z,12.171840000000001,75.46601666666668,-33.2,1.1,10.34,0.0,32,gps,0.51,0.59,0.78,-89.4,0.0,0,,64,,1784950613000,2026-07-25T09:06:53.000+05:30,23454.671116151,1784947326179,Default Profile,false
2026-07-25T03:36:59.000Z,12.172055,75.46597333333334,-33.10000000000001,2.2,334.87,6.1957116,34,gps,0.48,0.71,0.86,-89.4,0.0,0,,64,,1784950619000,2026-07-25T09:06:59.000+05:30,23479.03760095268,1784947326179,Default Profile,false
2026-07-25T03:37:05.000Z,12.17243,75.46579666666666,-33.10000000000001,2.4,336.77,8.011137,28,gps,0.55,0.82,0.98,-89.4,0.0,0,,64,,1784950625000,2026-07-25T09:07:05.000+05:30,23524.944883908673,1784947326179,Default Profile,false
2026-07-25T03:37:11.000Z,12.17284,75.46561833333334,-31.60000000000001,2.4,342.49,7.326041,28,gps,0.55,0.82,0.98,-89.4,0.0,0,,64,,1784950631000,2026-07-25T09:07:11.000+05:30,23574.48453768891,1784947326179,Default Profile,false
2026-07-25T03:37:17.000Z,12.173138333333334,75.46553333333333,-31.700000000000003,2.4,343.28,4.908906,31,gps,0.51,0.75,0.90,-89.4,0.0,0,,64,,1784950637000,2026-07-25T09:07:17.000+05:30,23608.92024892938,1784947326179,Default Profile,false
2026-07-25T03:37:23.000Z,12.173438333333335,75.46543666666666,-29.10000000000001,2.1,345.62,5.5080423,33,gps,0.49,0.72,0.87,-89.4,0.0,0,,64,,1784950643000,2026-07-25T09:07:23.000+05:30,23643.894356607252,1784947326179,Default Profile,false
2026-07-25T03:37:28.000Z,12.173695000000002,75.46536666666665,-26.800000000000004,2.3,340.14,5.773639,31,gps,0.54,0.74,0.92,-89.4,0.0,0,,64,,1784950648000,2026-07-25T09:07:28.000+05:30,23673.43118820266,1784947326179,Default Profile,false
2026-07-25T03:37:34.000Z,12.174036666666666,75.46518166666667,-23.60000000000001,2.6,328.86,7.330159,29,gps,0.62,0.83,1.04,-89.4,0.0,0,,64,,1784950654000,2026-07-25T09:07:34.000+05:30,23716.41620834942,1784947326179,Default Profile,false
2026-07-25T03:37:40.000Z,12.174475,75.46504499999999,-23.60000000000001,2.2,349.54,8.944842,27,gps,0.62,0.81,1.02,-89.4,0.0,0,,64,,1784950660000,2026-07-25T09:07:40.000+05:30,23767.370091384153,1784947326179,Default Profile,false
2026-07-25T03:37:46.000Z,12.174968333333334,75.46493666666667,-20.80000000000001,2.3,342.05,8.951534,28,gps,0.57,0.78,0.97,-89.4,0.0,0,,64,,1784950666000,2026-07-25T09:07:46.000+05:30,23823.4758287568,1784947326179,Default Profile,false
2026-07-25T03:37:52.000Z,12.175385000000002,75.46458166666666,-15.600000000000009,2.5,310.76,8.73844,27,gps,0.59,0.87,1.05,-89.4,0.0,0,,64,,1784950672000,2026-07-25T09:07:52.000+05:30,23883.770820114867,1784947326179,Default Profile,false
2026-07-25T03:37:57.000Z,12.175678333333334,75.46435666666666,-11.5,2.6,329.45,7.0882397,26,gps,0.62,0.85,1.05,-89.4,0.0,0,,64,,1784950677000,2026-07-25T09:07:57.000+05:30,23924.538214619828,1784947326179,Default Profile,false
2026-07-25T03:38:03.000Z,12.175966666666666,75.46423666666666,-6.700000000000003,2.6,334.9,5.2697263,25,gps,0.66,0.88,1.10,-89.4,0.0,0,,64,,1784950683000,2026-07-25T09:08:03.000+05:30,23959.151025494935,1784947326179,Default Profile,false
2026-07-25T03:38:08.000Z,12.176184999999998,75.46414833333333,-4.6000000000000085,2.6,341.71,4.8430214,25,gps,0.71,0.98,1.21,-89.4,0.0,0,,64,,1784950688000,2026-07-25T09:08:08.000+05:30,23985.258189886557,1784947326179,Default Profile,false
2026-07-25T03:38:14.000Z,12.176430000000002,75.46409999999999,-0.5,2.5,5.83,1.8370436,28,gps,0.54,0.62,0.82,-89.4,0.0,0,,64,,1784950694000,2026-07-25T09:08:14.000+05:30,24013.002869041673,1784947326179,Default Profile,false
2026-07-25T03:38:20.000Z,12.176473333333336,75.46409,1.5999999999999943,2.3,347.09,2.8525906,27,gps,0.55,0.62,0.83,-89.4,0.0,0,,64,,1784950700000,2026-07-25T09:08:20.000+05:30,24017.942388646054,1784947326179,Default Profile,false
2026-07-25T03:38:26.000Z,12.176726666666665,75.46408,6.199999999999989,2.4,359.63,5.972322,28,gps,0.53,0.79,0.95,-89.4,0.0,0,,64,,1784950706000,2026-07-25T09:08:26.000+05:30,24046.13273224466,1784947326179,Default Profile,false
2026-07-25T03:38:31.000Z,12.177035,75.46406166666667,4.699999999999989,2.2,0.09,6.68933,30,gps,0.49,0.58,0.76,-89.4,0.0,0,,64,,1784950711000,2026-07-25T09:08:31.000+05:30,24080.47569557595,1784947326179,Default Profile,false
2026-07-25T03:38:37.000Z,12.17749,75.46414,2.0999999999999943,2.2,12.4,8.546448,28,gps,0.52,0.58,0.78,-89.4,0.0,0,,64,,1784950717000,2026-07-25T09:08:37.000+05:30,24131.780809240623,1784947326179,Default Profile,false
2026-07-25T03:38:43.000Z,12.177926666666668,75.46429499999999,2.0,2.5,36.06,8.336956,29,gps,0.57,0.83,1.01,-89.4,0.0,0,,64,,1784950723000,2026-07-25T09:08:43.000+05:30,24183.175691741424,1784947326179,Default Profile,false
2026-07-25T03:38:49.000Z,12.178248333333332,75.46450666666667,5.799999999999997,2.2,12.37,5.5672355,29,gps,0.58,0.77,0.97,-89.4,0.0,0,,64,,1784950729000,2026-07-25T09:08:49.000+05:30,24225.703715210082,1784947326179,Default Profile,false
2026-07-25T03:38:55.000Z,12.178318333333333,75.46452333333333,6.3999999999999915,2.3,17.79,0.0,32,gps,0.51,0.59,0.78,-89.4,0.0,0,,64,,1784950735000,2026-07-25T09:08:55.000+05:30,24233.695386867,1784947326179,Default Profile,false
2026-07-25T03:39:00.000Z,12.178421666666669,75.46453833333334,8.699999999999989,1.9,5.41,3.4460652,33,gps,0.49,0.71,0.86,-89.4,0.0,0,,64,,1784950740000,2026-07-25T09:09:00.000+05:30,24245.30062442483,1784947326179,Default Profile,false
2026-07-25T03:39:06.000Z,12.178711666666667,75.46454166666668,9.399999999999991,1.9,359.45,5.968719,33,gps,0.49,0.71,0.86,-89.4,0.0,0,,64,,1784950746000,2026-07-25T09:09:06.000+05:30,24277.54918845768,1784947326179,Default Profile,false
2026-07-25T03:39:11.000Z,12.178985,75.46453833333334,10.799999999999997,2.2,359.06,6.2729197,32,gps,0.52,0.73,0.90,-89.4,0.0,0,,64,,1784950751000,2026-07-25T09:09:11.000+05:30,24307.944627804343,1784947326179,Default Profile,false
2026-07-25T03:39:17.000Z,12.179399999999998,75.46451,11.0,2.0,353.48,8.193348,32,gps,0.52,0.73,0.90,-89.4,0.0,0,,64,,1784950757000,2026-07-25T09:09:17.000+05:30,24354.193169394726,1784947326179,Default Profile,false
2026-07-25T03:39:23.000Z,12.179861666666666,75.46446666666667,11.899999999999991,2.3,358.2,8.43115,31,gps,0.50,0.73,0.88,-89.4,0.0,0,,64,,1784950763000,2026-07-25T09:09:23.000+05:30,24405.743778544573,1784947326179,Default Profile,false
2026-07-25T03:39:28.000Z,12.180266666666666,75.46450166666666,14.699999999999989,2.0,4.74,9.199631,31,gps,0.47,0.57,0.74,-89.4,0.0,0,,64,,1784950768000,2026-07-25T09:09:28.000+05:30,24450.938117576472,1784947326179,Default Profile,false
2026-07-25T03:39:34.000Z,12.180778333333334,75.464585,14.799999999999997,2.1,17.05,8.536668,30,gps,0.50,0.57,0.76,-89.4,0.0,0,,64,,1784950774000,2026-07-25T09:09:34.000+05:30,24508.54933158449,1784947326179,Default Profile,false
2026-07-25T03:39:40.000Z,12.180964999999999,75.46466666666667,16.39999999999999,2.3,26.61,0.0,29,gps,0.52,0.60,0.79,-89.4,0.0,0,,64,,1784950780000,2026-07-25T09:09:40.000+05:30,24531.124082447357,1784947326179,Default Profile,false
2026-07-25T03:39:45.000Z,12.180956666666669,75.46466833333334,16.0,1.1,26.61,0.0,28,gps,0.56,0.63,0.84,-89.4,0.0,0,,64,,1784950785000,2026-07-25T09:09:45.000+05:30,24532.068248205975,1784947326179,Default Profile,false
2026-07-25T03:39:51.000Z,12.181048333333335,75.46476,17.799999999999997,1.8,52.39,4.20631,28,gps,0.54,0.79,0.96,-89.4,0.0,0,,64,,1784950791000,2026-07-25T09:09:51.000+05:30,24546.3217953653,1784947326179,Default Profile,false
2026-07-25T03:39:57.000Z,12.181116666666666,75.465005,20.69999999999999,2.3,82.84,4.3483734,26,gps,0.54,0.80,0.96,-89.4,0.0,0,,64,,1784950797000,2026-07-25T09:09:57.000+05:30,24574.014024890468,1784947326179,Default Profile,false
2026-07-25T03:40:02.000Z,12.181095000000001,75.4653,23.299999999999997,2.6,81.23,5.4560556,23,gps,0.58,0.65,0.87,-89.4,0.0,0,,64,,1784950802000,2026-07-25T09:10:02.000+05:30,24606.16838197789,1784947326179,Default Profile,false
2026-07-25T03:40:08.000Z,12.181365000000001,75.46548166666666,24.5,2.8,10.18,5.0139093,22,gps,0.66,1.04,1.23,-89.4,0.0,0,,64,,1784950808000,2026-07-25T09:10:08.000+05:30,24642.10230851863,1784947326179,Default Profile,false
2026-07-25T03:40:14.000Z,12.181883333333333,75.46513166666666,25.39999999999999,2.7,329.71,9.76428,22,gps,0.59,0.70,0.91,-89.4,0.0,0,,64,,1784950814000,2026-07-25T09:10:14.000+05:30,24711.160986122944,1784947326179,Default Profile,false
2026-07-25T03:40:19.000Z,12.182341666666666,75.46505499999999,25.19999999999999,2.8,1.83,8.877414,25,gps,0.57,0.87,1.04,-89.4,0.0,0,,64,,1784950819000,2026-07-25T09:10:19.000+05:30,24762.802080390153,1784947326179,Default Profile,false
2026-07-25T03:40:25.000Z,12.182831666666667,75.46533166666667,25.099999999999994,2.8,37.74,10.271282,25,gps,0.56,0.80,0.98,-89.4,0.0,0,,64,,1784950825000,2026-07-25T09:10:25.000+05:30,24825.035062000603,1784947326179,Default Profile,false
2026-07-25T03:40:30.000Z,12.18327,75.46563666666665,23.799999999999997,2.7,20.17,10.373197,20,gps,0.72,1.06,1.28,-89.4,0.0,0,,64,,1784950830000,2026-07-25T09:10:30.000+05:30,24883.9807653846,1784947326179,Default Profile,false
2026-07-25T03:40:36.000Z,12.183821666666665,75.46594833333333,18.5,2.5,20.06,10.927038,25,gps,0.61,0.92,1.10,-89.4,0.0,0,,64,,1784950836000,2026-07-25T09:10:36.000+05:30,24954.0552592153,1784947326179,Default Profile,false
2026-07-25T03:40:42.000Z,12.184431666666667,75.46615666666666,8.599999999999994,2.5,10.2,11.33161,25,gps,0.60,0.86,1.05,-89.4,0.0,0,,64,,1784950842000,2026-07-25T09:10:42.000+05:30,25025.56401138569,1784947326179,Default Profile,false
2026-07-25T03:40:48.000Z,12.185013333333332,75.46622666666667,-0.30000000000001137,2.0,5.96,8.945872,27,gps,0.54,0.63,0.83,-89.4,0.0,0,,64,,1784950848000,2026-07-25T09:10:48.000+05:30,25090.688348749864,1784947326179,Default Profile,false
2026-07-25T03:40:53.000Z,12.18537,75.46632166666667,-4.5,1.9,23.28,8.842928,30,gps,0.49,0.71,0.87,-89.4,0.0,0,,64,,1784950853000,2026-07-25T09:10:53.000+05:30,25131.66998292298,1784947326179,Default Profile,false
2026-07-25T03:40:59.000Z,12.18576,75.46657666666667,-5.200000000000003,2.0,56.86,8.44865,29,gps,0.51,0.74,0.90,-89.4,0.0,0,,64,,1784950859000,2026-07-25T09:10:59.000+05:30,25183.13628371198,1784947326179,Default Profile,false
2026-07-25T03:41:05.000Z,12.186039999999998,75.46697833333333,-8.100000000000009,2.0,30.38,8.337985,28,gps,0.52,0.61,0.80,-89.4,0.0,0,,64,,1784950865000,2026-07-25T09:11:05.000+05:30,25236.758015590083,1784947326179,Default Profile,false
2026-07-25T03:41:11.000Z,12.186524999999998,75.46706,-11.800000000000011,2.5,6.54,10.470994,25,gps,0.57,0.65,0.87,-89.4,0.0,0,,64,,1784950871000,2026-07-25T09:11:11.000+05:30,25291.41315087787,1784947326179,Default Profile,false
2026-07-25T03:41:16.000Z,12.186961666666665,75.46716833333333,-19.0,2.4,13.69,7.777453,24,gps,0.57,0.89,1.06,-89.4,0.0,0,,64,,1784950876000,2026-07-25T09:11:16.000+05:30,25341.375556545125,1784947326179,Default Profile,false
2026-07-25T03:41:22.000Z,12.187326666666669,75.46723333333333,-22.10000000000001,2.2,7.0,6.52256,26,gps,0.56,0.90,1.06,-89.4,0.0,0,,64,,1784950882000,2026-07-25T09:11:22.000+05:30,25382.571995428418,1784947326179,Default Profile,false
2026-07-25T03:41:27.000Z,12.187579999999999,75.46710833333333,-22.60000000000001,2.2,309.14,7.660096,28,gps,0.52,0.80,0.95,-89.4,0.0,0,,64,,1784950887000,2026-07-25T09:11:27.000+05:30,25413.846526125384,1784947326179,Default Profile,false
2026-07-25T03:41:33.000Z,12.187848333333333,75.466795,-17.400000000000006,2.1,321.53,7.1165495,26,gps,0.56,0.68,0.88,-89.4,0.0,0,,64,,1784950893000,2026-07-25T09:11:33.000+05:30,25459.124140164517,1784947326179,Default Profile,false
2026-07-25T03:41:39.000Z,12.188173333333335,75.46667166666666,-13.800000000000011,2.3,1.74,7.532445,30,gps,0.50,0.59,0.77,-89.4,0.0,0,,64,,1784950899000,2026-07-25T09:11:39.000+05:30,25497.668562748408,1784947326179,Default Profile,false
2026-07-25T03:41:45.000Z,12.188616666666666,75.46679,-10.900000000000006,2.2,24.52,8.802779,30,gps,0.50,0.74,0.90,-89.4,0.0,0,,64,,1784950905000,2026-07-25T09:11:45.000+05:30,25548.615143462746,1784947326179,Default Profile,false
2026-07-25T03:41:50.000Z,12.188943333333334,75.46693833333333,-8.5,2.0,19.95,7.141771,29,gps,0.51,0.75,0.91,-89.4,0.0,0,,64,,1784950910000,2026-07-25T09:11:50.000+05:30,25588.355946458054,1784947326179,Default Profile,false
2026-07-25T03:41:56.000Z,12.189256666666665,75.46705833333334,-7.1000000000000085,1.9,11.12,4.449259,28,gps,0.52,0.60,0.80,-89.4,0.0,0,,64,,1784950916000,2026-07-25T09:11:56.000+05:30,25625.558224754892,1784947326179,Default Profile,false
2026-07-25T03:42:01.000Z,12.189391666666666,75.46708,-5.700000000000003,2.0,337.53,1.7238047,30,gps,0.50,0.60,0.78,-89.4,0.0,0,,64,,1784950921000,2026-07-25T09:12:01.000+05:30,25640.753130907797,1784947326179,Default Profile,false
2026-07-25T03:42:07.000Z,12.189436666666666,75.46701666666667,-2.6000000000000085,2.0,281.6,0.0,32,gps,0.47,0.57,0.73,-89.4,0.0,0,,64,,1784950927000,2026-07-25T09:12:07.000+05:30,25649.26320362864,1784947326179,Default Profile,false
2026-07-25T03:42:12.000Z,12.189441666666669,75.46701666666667,-2.3000000000000114,2.2,281.6,0.0,26,gps,0.51,0.61,0.80,-89.4,0.0,0,,64,,1784950932000,2026-07-25T09:12:12.000+05:30,25649.819178262238,1784947326179,Default Profile,false
2026-07-25T03:42:18.000Z,12.189441666666669,75.46701666666667,-2.3000000000000114,1.4,281.6,0.0,21,gps,0.64,0.69,0.94,-89.4,0.0,0,,64,,1784950938000,2026-07-25T09:12:18.000+05:30,25649.819178262238,1784947326179,Default Profile,false
2026-07-25T03:42:24.000Z,12.189441666666669,75.46701666666667,-2.3000000000000114,1.1,281.6,0.0,24,gps,0.53,0.66,0.85,-89.4,0.0,0,,64,,1784950944000,2026-07-25T09:12:24.000+05:30,25649.819178262238,1784947326179,Default Profile,false
2026-07-25T03:42:29.000Z,12.189441666666669,75.46701666666667,-2.3000000000000114,1.1,281.6,0.0,26,gps,0.51,0.61,0.80,-89.4,0.0,0,,64,,1784950949000,2026-07-25T09:12:29.000+05:30,25649.819178262238,1784947326179,Default Profile,false
2026-07-25T03:42:35.000Z,12.189441666666669,75.46701666666667,-2.3000000000000114,1.0,281.6,0.0,27,gps,0.51,0.62,0.80,-89.4,0.0,0,,64,,1784950955000,2026-07-25T09:12:35.000+05:30,25649.819178262238,1784947326179,Default Profile,false
2026-07-25T03:42:41.000Z,12.189441666666669,75.46701666666667,-2.3000000000000114,1.0,281.6,0.0,27,gps,0.51,0.62,0.80,-89.4,0.0,0,,64,,1784950961000,2026-07-25T09:12:41.000+05:30,25649.819178262238,1784947326179,Default Profile,false
2026-07-25T03:42:47.000Z,12.189441666666669,75.46701666666667,-2.3000000000000114,1.0,281.6,0.0,28,gps,0.50,0.62,0.80,-89.4,0.0,0,,64,,1784950967000,2026-07-25T09:12:47.000+05:30,25649.819178262238,1784947326179,Default Profile,false
2026-07-25T03:42:53.000Z,12.189441666666669,75.46701666666667,-2.3000000000000114,1.0,281.6,0.0,28,gps,0.50,0.61,0.79,-89.4,0.0,0,,64,,1784950973000,2026-07-25T09:12:53.000+05:30,25649.819178262238,1784947326179,Default Profile,false
2026-07-25T03:42:59.000Z,12.189441666666669,75.46701666666667,-2.3000000000000114,1.0,281.6,0.0,28,gps,0.50,0.61,0.79,-89.4,0.0,0,,64,,1784950979000,2026-07-25T09:12:59.000+05:30,25649.819178262238,1784947326179,Default Profile,false
2026-07-25T03:43:05.000Z,12.189441666666669,75.46701666666667,-2.3000000000000114,1.0,281.6,0.0,27,gps,0.51,0.61,0.79,-89.4,0.0,0,,64,,1784950985000,2026-07-25T09:13:05.000+05:30,25649.819178262238,1784947326179,Default Profile,false
2026-07-25T03:43:10.000Z,12.189441666666669,75.46701666666667,-2.3000000000000114,1.0,281.6,0.0,25,gps,0.55,0.64,0.84,-89.4,0.0,0,,64,,1784950990000,2026-07-25T09:13:10.000+05:30,25649.819178262238,1784947326179,Default Profile,false
2026-07-25T03:43:16.000Z,12.189441666666669,75.46701666666667,-2.3000000000000114,1.0,281.6,0.0,26,gps,0.51,0.61,0.80,-89.4,0.0,0,,64,,1784950996000,2026-07-25T09:13:16.000+05:30,25649.819178262238,1784947326179,Default Profile,false
2026-07-25T03:43:21.000Z,12.189441666666669,75.46701666666667,-2.3000000000000114,1.0,281.6,0.0,26,gps,0.53,0.63,0.82,-89.4,0.0,0,,64,,1784951001000,2026-07-25T09:13:21.000+05:30,25649.819178262238,1784947326179,Default Profile,false
2026-07-25T03:43:27.000Z,12.189441666666669,75.46701666666667,-2.3000000000000114,1.0,281.6,0.0,26,gps,0.53,0.62,0.81,-89.4,0.0,0,,64,,1784951007000,2026-07-25T09:13:27.000+05:30,25649.819178262238,1784947326179,Default Profile,false
2026-07-25T03:43:33.000Z,12.189441666666669,75.46701666666667,-2.3000000000000114,1.0,281.6,0.0,26,gps,0.53,0.63,0.82,-89.4,0.0,0,,64,,1784951013000,2026-07-25T09:13:33.000+05:30,25649.819178262238,1784947326179,Default Profile,false
2026-07-25T03:43:39.000Z,12.189441666666669,75.46701666666667,-2.3000000000000114,1.5,281.6,0.0,30,gps,0.49,0.59,0.77,-89.4,0.0,0,,64,,1784951019000,2026-07-25T09:13:39.000+05:30,25649.819178262238,1784947326179,Default Profile,false
2026-07-25T03:43:45.000Z,12.189543333333331,75.46677,2.6999999999999886,1.9,276.64,5.2110476,30,gps,0.49,0.72,0.87,-89.4,0.0,0,,64,,1784951025000,2026-07-25T09:13:45.000+05:30,25678.91486902335,1784947326179,Default Profile,false
2026-07-25T03:43:51.000Z,12.189565,75.46643166666667,3.6999999999999886,2.3,279.78,5.1595755,31,gps,0.47,0.58,0.75,-89.4,0.0,0,,64,,1784951031000,2026-07-25T09:13:51.000+05:30,25715.766469972947,1784947326179,Default Profile,false
2026-07-25T03:43:57.000Z,12.189596666666667,75.46599666666665,-1.3000000000000114,2.0,277.55,7.1366234,28,gps,0.50,0.76,0.91,-89.4,0.0,0,,64,,1784951037000,2026-07-25T09:13:57.000+05:30,25763.176672766942,1784947326179,Default Profile,false
2026-07-25T03:44:02.000Z,12.189603333333332,75.465735,-4.1000000000000085,2.1,276.14,3.2849572,29,gps,0.50,0.76,0.91,-89.4,0.0,0,,64,,1784951042000,2026-07-25T09:14:02.000+05:30,25791.62634639291,1784947326179,Default Profile,false
2026-07-25T03:44:07.000Z,12.189556666666666,75.46559833333335,-5.5,2.0,223.37,2.4742696,30,gps,0.48,0.59,0.76,-89.4,0.0,0,,64,,1784951047000,2026-07-25T09:14:07.000+05:30,25807.36066145281,1784947326179,Default Profile,false
2026-07-25T03:44:13.000Z,12.189426666666668,75.46544166666666,-8.200000000000003,1.9,234.78,2.9421523,32,gps,0.46,0.71,0.84,-89.4,0.0,0,,64,,1784951053000,2026-07-25T09:14:13.000+05:30,25829.696783951054,1784947326179,Default Profile,false
2026-07-25T03:44:19.000Z,12.189445000000001,75.46531333333334,-10.200000000000003,1.8,358.97,2.6451576,32,gps,0.46,0.57,0.73,-89.4,0.0,0,,64,,1784951059000,2026-07-25T09:14:19.000+05:30,25843.79326361539,1784947326179,Default Profile,false
2026-07-25T03:44:25.000Z,12.189475,75.46529166666666,-11.600000000000009,1.8,16.11,0.0,32,gps,0.47,0.57,0.73,-89.4,0.0,0,,64,,1784951065000,2026-07-25T09:14:25.000+05:30,25847.876579293497,1784947326179,Default Profile,false
2026-07-25T03:44:31.000Z,12.189499999999999,75.465345,-11.100000000000009,1.3,72.95,2.7923682,29,gps,0.50,0.59,0.77,-89.4,0.0,0,,64,,1784951071000,2026-07-25T09:14:31.000+05:30,25854.305369797326,1784947326179,Default Profile,false
2026-07-25T03:44:37.000Z,12.189533333333335,75.465505,-10.0,2.1,85.47,2.8273692,29,gps,0.48,0.74,0.88,-89.4,0.0,0,,64,,1784951077000,2026-07-25T09:14:37.000+05:30,25872.086059610057,1784947326179,Default Profile,false
2026-07-25T03:44:42.000Z,12.189523333333334,75.46570333333334,-7.400000000000006,2.1,93.93,3.2499561,29,gps,0.49,0.60,0.77,-89.4,0.0,0,,64,,1784951082000,2026-07-25T09:14:42.000+05:30,25893.671169140158,1784947326179,Default Profile,false
2026-07-25T03:44:48.000Z,12.189523333333334,75.46598166666666,-8.200000000000003,2.0,95.77,3.9381397,28,gps,0.51,0.60,0.79,-89.4,0.0,0,,64,,1784951088000,2026-07-25T09:14:48.000+05:30,25923.922657896514,1784947326179,Default Profile,false
2026-07-25T03:44:53.000Z,12.189508333333333,75.46615333333332,-8.5,2.1,93.54,3.2463531,28,gps,0.52,0.74,0.91,-89.4,0.0,0,,64,,1784951093000,2026-07-25T09:14:53.000+05:30,25942.655165172746,1784947326179,Default Profile,false
2026-07-25T03:44:59.000Z,12.189501666666668,75.46643166666667,-10.700000000000003,2.0,88.89,4.4446263,30,gps,0.46,0.58,0.74,-89.4,0.0,0,,64,,1784951099000,2026-07-25T09:14:59.000+05:30,25972.915737268213,1784947326179,Default Profile,false
2026-07-25T03:45:05.000Z,12.189493333333333,75.46671333333333,-12.5,2.0,92.96,3.9777734,26,gps,0.52,0.62,0.81,-89.4,0.0,0,,64,,1784951105000,2026-07-25T09:15:05.000+05:30,26003.5435427044,1784947326179,Default Profile,false
2026-07-25T03:45:10.000Z,12.189486666666669,75.46684666666667,-11.200000000000003,2.1,90.01,0.0,27,gps,0.51,0.60,0.79,-89.4,0.0,0,,64,,1784951110000,2026-07-25T09:15:10.000+05:30,26018.054223227024,1784947326179,Default Profile,false
2026-07-25T03:45:16.000Z,12.189484999999998,75.46685666666667,-11.100000000000009,1.2,90.01,0.0,26,gps,0.51,0.62,0.80,-89.4,0.0,0,,64,,1784951116000,2026-07-25T09:15:16.000+05:30,26019.156789969802,1784947326179,Default Profile,false
2026-07-25T03:45:21.000Z,12.189501666666668,75.46701333333334,-6.900000000000006,2.0,53.31,3.185101,29,gps,0.50,0.72,0.88,-89.4,0.0,0,,64,,1784951121000,2026-07-25T09:15:21.000+05:30,26036.28512986814,1784947326179,Default Profile,false
2026-07-25T03:45:27.000Z,12.189715000000001,75.46716666666666,-1.9000000000000057,2.3,21.81,5.099868,25,gps,0.59,0.64,0.87,-89.4,0.0,0,,64,,1784951127000,2026-07-25T09:15:27.000+05:30,26065.275679536076,1784947326179,Default Profile,false
2026-07-25T03:45:33.000Z,12.190078333333334,75.46725166666667,3.5,2.4,9.01,5.8328323,23,gps,0.57,0.64,0.86,-89.4,0.0,0,,64,,1784951133000,2026-07-25T09:15:33.000+05:30,26106.719325295053,1784947326179,Default Profile,false
2026-07-25T03:45:38.000Z,12.190266666666666,75.46729666666667,8.599999999999994,2.4,21.39,3.9628463,24,gps,0.58,0.85,1.03,-89.4,0.0,0,,64,,1784951138000,2026-07-25T09:15:38.000+05:30,26128.224595177693,1784947326179,Default Profile,false
2026-07-25T03:45:43.000Z,12.19044,75.46738666666667,12.199999999999989,2.1,17.1,4.2953568,25,gps,0.57,0.86,1.03,-89.4,0.0,0,,64,,1784951143000,2026-07-25T09:15:43.000+05:30,26149.83857693441,1784947326179,Default Profile,false
2026-07-25T03:45:49.000Z,12.190685,75.46741166666668,13.099999999999994,2.2,353.12,4.515658,25,gps,0.59,0.92,1.09,-89.4,0.0,0,,64,,1784951149000,2026-07-25T09:15:49.000+05:30,26177.216504654305,1784947326179,Default Profile,false
2026-07-25T03:45:55.000Z,12.190995000000003,75.46736833333333,11.599999999999994,2.1,349.2,5.816361,27,gps,0.55,0.84,1.01,-89.4,0.0,0,,64,,1784951155000,2026-07-25T09:15:55.000+05:30,26212.007199821175,1784947326179,Default Profile,false
2026-07-25T03:46:00.000Z,12.191345000000002,75.46726833333334,9.899999999999991,2.0,344.77,7.9339285,29,gps,0.51,0.76,0.91,-89.4,0.0,0,,64,,1784951160000,2026-07-25T09:16:00.000+05:30,26252.414593890317,1784947326179,Default Profile,false
2026-07-25T03:46:05.000Z,12.191716666666666,75.46717333333332,11.199999999999989,2.3,348.75,7.441854,30,gps,0.48,0.58,0.76,-89.4,0.0,0,,64,,1784951165000,2026-07-25T09:16:05.000+05:30,26295.01235614748,1784947326179,Default Profile,false
2026-07-25T03:46:11.000Z,12.191991666666668,75.467065,13.399999999999991,2.2,339.44,2.0799925,30,gps,0.49,0.59,0.76,-89.4,0.0,0,,64,,1784951171000,2026-07-25T09:16:11.000+05:30,26327.779538350987,1784947326179,Default Profile,false
2026-07-25T03:46:17.000Z,12.192010000000002,75.46706333333333,14.299999999999997,2.2,339.44,0.0,29,gps,0.50,0.60,0.78,-89.4,0.0,0,,64,,1784951177000,2026-07-25T09:16:17.000+05:30,26329.82614433155,1784947326179,Default Profile,false
2026-07-25T03:46:22.000Z,12.192010000000002,75.46706333333333,14.299999999999997,1.0,339.44,0.0,30,gps,0.49,0.59,0.76,-89.4,0.0,0,,64,,1784951182000,2026-07-25T09:16:22.000+05:30,26329.82614433155,1784947326179,Default Profile,false
2026-07-25T03:46:27.000Z,12.192010000000002,75.46706333333333,14.400000000000006,1.0,339.44,0.0,30,gps,0.48,0.58,0.75,-89.3,0.0,0,,64,,1784951187000,2026-07-25T09:16:27.000+05:30,26329.82614433155,1784947326179,Default Profile,false
2026-07-25T03:46:33.000Z,12.192010000000002,75.46706333333333,14.400000000000006,1.1,339.44,0.0,31,gps,0.47,0.57,0.74,-89.3,0.0,0,,64,,1784951193000,2026-07-25T09:16:33.000+05:30,26329.82614433155,1784947326179,Default Profile,false
2026-07-25T03:46:38.000Z,12.192010000000002,75.46706333333333,14.400000000000006,1.1,339.44,0.0,30,gps,0.48,0.59,0.76,-89.3,0.0,0,,64,,1784951198000,2026-07-25T09:16:38.000+05:30,26329.82614433155,1784947326179,Default Profile,false
2026-07-25T03:46:44.000Z,12.192010000000002,75.46706333333333,14.400000000000006,1.3,339.44,0.0,26,gps,0.53,0.63,0.83,-89.3,0.0,0,,64,,1784951204000,2026-07-25T09:16:44.000+05:30,26329.82614433155,1784947326179,Default Profile,false
2026-07-25T03:46:50.000Z,12.192010000000002,75.46706333333333,14.400000000000006,1.0,339.44,0.0,27,gps,0.50,0.62,0.80,-89.3,0.0,0,,63,,1784951210000,2026-07-25T09:16:50.000+05:30,26329.82614433155,1784947326179,Default Profile,false
2026-07-25T03:46:56.000Z,12.192010000000002,75.46706333333333,14.400000000000006,1.0,339.44,0.0,29,gps,0.48,0.60,0.76,-89.3,0.0,0,,63,,1784951216000,2026-07-25T09:16:56.000+05:30,26329.82614433155,1784947326179,Default Profile,false
2026-07-25T03:47:02.000Z,12.19221,75.46694833333332,13.400000000000006,2.1,342.08,4.902729,29,gps,0.50,0.79,0.93,-89.3,0.0,0,,63,,1784951222000,2026-07-25T09:17:02.000+05:30,26355.336874907724,1784947326179,Default Profile,false
2026-07-25T03:47:07.000Z,12.192476666666668,75.46677833333334,12.0,2.3,326.24,5.6022367,28,gps,0.54,0.84,1.00,-89.3,0.0,0,,63,,1784951227000,2026-07-25T09:17:07.000+05:30,26390.274399593683,1784947326179,Default Profile,false
2026-07-25T03:47:13.000Z,12.192731666666669,75.46658333333333,9.0,2.5,327.39,5.879672,25,gps,0.58,0.96,1.12,-89.3,0.0,0,,63,,1784951233000,2026-07-25T09:17:13.000+05:30,26425.674557997125,1784947326179,Default Profile,false
2026-07-25T03:47:18.000Z,12.192993333333334,75.466385,4.5,2.4,323.09,6.4772644,27,gps,0.55,0.90,1.05,-89.3,0.0,0,,63,,1784951238000,2026-07-25T09:17:18.000+05:30,26461.885694295244,1784947326179,Default Profile,false
2026-07-25T03:47:24.000Z,12.193206666666667,75.466175,-0.3999999999999915,2.2,306.49,4.5079374,29,gps,0.53,0.82,0.98,-89.3,0.0,0,,63,,1784951244000,2026-07-25T09:17:24.000+05:30,26494.80462869305,1784947326179,Default Profile,false
2026-07-25T03:47:29.000Z,12.193293333333335,75.46601166666666,-0.20000000000000284,2.3,301.76,4.2855773,29,gps,0.51,0.65,0.83,-89.3,0.0,0,,63,,1784951249000,2026-07-25T09:17:29.000+05:30,26515.00382485767,1784947326179,Default Profile,false
2026-07-25T03:47:35.000Z,12.193433333333333,75.46573666666667,4.400000000000006,2.1,300.44,5.1745024,30,gps,0.49,0.77,0.91,-89.3,0.0,0,,63,,1784951255000,2026-07-25T09:17:35.000+05:30,26548.703656378697,1784947326179,Default Profile,false
2026-07-25T03:47:40.000Z,12.193581666666667,75.46554333333333,5.6000000000000085,2.2,313.84,5.129207,30,gps,0.49,0.60,0.77,-89.3,0.0,0,,63,,1784951260000,2026-07-25T09:17:40.000+05:30,26575.41662198924,1784947326179,Default Profile,false
2026-07-25T03:47:45.000Z,12.193778333333334,75.46534666666666,8.5,2.4,317.96,6.9477205,29,gps,0.49,0.62,0.79,-89.3,0.0,0,,63,,1784951265000,2026-07-25T09:17:45.000+05:30,26605.996245509607,1784947326179,Default Profile,false
2026-07-25T03:47:51.000Z,12.194123333333334,75.46504499999999,14.0,2.2,331.28,8.742557,30,gps,0.48,0.74,0.88,-89.3,0.0,0,,63,,1784951271000,2026-07-25T09:17:51.000+05:30,26656.46058139964,1784947326179,Default Profile,false
2026-07-25T03:47:57.000Z,12.194596666666666,75.46483166666667,17.0,2.5,339.9,10.230104,26,gps,0.56,0.84,1.01,-89.3,0.0,0,,63,,1784951277000,2026-07-25T09:17:57.000+05:30,26713.97372800226,1784947326179,Default Profile,false
2026-07-25T03:48:02.000Z,12.195075000000001,75.46466166666667,18.700000000000003,2.4,336.2,11.596692,28,gps,0.51,0.77,0.92,-89.3,0.0,0,,63,,1784951282000,2026-07-25T09:18:02.000+05:30,26770.27979458335,1784947326179,Default Profile,false
2026-07-25T03:48:08.000Z,12.195633333333335,75.46436333333332,18.200000000000003,2.5,330.71,11.221459,27,gps,0.51,0.62,0.80,-89.3,0.0,0,,63,,1784951288000,2026-07-25T09:18:08.000+05:30,26840.32087501728,1784947326179,Default Profile,false
2026-07-25T03:48:13.000Z,12.196058333333333,75.46413166666666,18.299999999999997,2.4,330.19,9.217131,27,gps,0.55,0.90,1.05,-89.3,0.0,0,,63,,1784951293000,2026-07-25T09:18:13.000+05:30,26893.86781602359,1784947326179,Default Profile,false
2026-07-25T03:48:18.000Z,12.19638,75.46396333333334,20.200000000000003,2.2,334.09,6.939485,29,gps,0.51,0.77,0.93,-89.3,0.0,0,,63,,1784951298000,2026-07-25T09:18:18.000+05:30,26934.04303528847,1784947326179,Default Profile,false
2026-07-25T03:48:24.000Z,12.196636666666667,75.46387833333333,21.10000000000001,2.4,339.33,4.8301535,27,gps,0.55,0.90,1.05,-89.3,0.0,0,,63,,1784951304000,2026-07-25T09:18:24.000+05:30,26964.04100804807,1784947326179,Default Profile,false
2026-07-25T03:48:30.000Z,12.196881666666664,75.46385333333333,25.900000000000006,2.2,3.86,5.1781054,26,gps,0.54,0.85,1.01,-89.3,0.0,0,,63,,1784951310000,2026-07-25T09:18:30.000+05:30,26991.41892946526,1784947326179,Default Profile,false
2026-07-25T03:48:36.000Z,12.197213333333332,75.463855,25.60000000000001,2.3,355.61,6.5364575,27,gps,0.56,0.87,1.04,-89.3,0.0,0,,63,,1784951316000,2026-07-25T09:18:36.000+05:30,27028.2990249888,1784947326179,Default Profile,false
2026-07-25T03:48:42.000Z,12.197640000000002,75.46375833333333,25.700000000000003,2.4,343.05,8.065183,24,gps,0.60,0.93,1.11,-89.3,0.0,0,,63,,1784951322000,2026-07-25T09:18:42.000+05:30,27076.8915586232,1784947326179,Default Profile,false
2026-07-25T03:48:48.000Z,12.198013333333332,75.46362500000001,27.700000000000003,2.5,335.91,5.7494473,25,gps,0.57,0.86,1.03,-89.3,0.0,0,,63,,1784951328000,2026-07-25T09:18:48.000+05:30,27120.86095034609,1784947326179,Default Profile,false
2026-07-25T03:48:54.000Z,12.198261666666667,75.46353,27.400000000000006,2.4,334.36,4.8620663,26,gps,0.54,0.85,1.01,-89.3,0.0,0,,63,,1784951334000,2026-07-25T09:18:54.000+05:30,27150.34155980071,1784947326179,Default Profile,false
2026-07-25T03:49:00.000Z,12.198511666666665,75.46338666666666,30.200000000000003,2.5,332.67,4.468818,26,gps,0.57,0.88,1.05,-89.3,0.0,0,,63,,1784951340000,2026-07-25T09:19:00.000+05:30,27182.20762916137,1784947326179,Default Profile,false
2026-07-25T03:49:05.000Z,12.198710000000002,75.46327666666666,34.2,2.3,331.15,5.569809,25,gps,0.55,0.67,0.87,-89.3,0.0,0,,63,,1784951345000,2026-07-25T09:19:05.000+05:30,27207.293329915392,1784947326179,Default Profile,false
2026-07-25T03:49:11.000Z,12.198970000000001,75.463135,38.3,2.4,333.67,4.8615513,28,gps,0.51,0.64,0.81,-89.3,0.0,0,,63,,1784951351000,2026-07-25T09:19:11.000+05:30,27240.048371029945,1784947326179,Default Profile,false
2026-07-25T03:49:17.000Z,12.199114999999999,75.46301833333334,44.2,2.4,286.84,1.9533708,27,gps,0.52,0.81,0.97,-89.3,0.0,0,,63,,1784951357000,2026-07-25T09:19:17.000+05:30,27260.56025106082,1784947326179,Default Profile,false
2026-07-25T03:49:23.000Z,12.19912,75.46300833333333,44.7,2.5,286.84,0.0,19,gps,0.65,0.73,0.98,-89.3,0.0,0,,63,,1784951363000,2026-07-25T09:19:23.000+05:30,27261.781041820494,1784947326179,Default Profile,false
2026-07-25T03:49:28.000Z,12.19912,75.46300833333333,44.7,1.2,286.84,0.0,23,gps,0.57,0.71,0.91,-89.3,0.0,0,,63,,1784951368000,2026-07-25T09:19:28.000+05:30,27261.781041820494,1784947326179,Default Profile,false
2026-07-25T03:49:34.000Z,12.19912,75.46300833333333,44.7,1.1,286.84,0.0,22,gps,0.59,0.71,0.92,-89.3,0.0,0,,63,,1784951374000,2026-07-25T09:19:34.000+05:30,27261.781041820494,1784947326179,Default Profile,false
2026-07-25T03:49:40.000Z,12.19912,75.46300833333333,44.7,1.0,286.84,0.0,22,gps,0.59,0.72,0.93,-89.3,0.0,0,,63,,1784951380000,2026-07-25T09:19:40.000+05:30,27261.781041820494,1784947326179,Default Profile,false
2026-07-25T03:49:46.000Z,12.19912,75.46300833333333,44.7,1.7,286.84,0.0,21,gps,0.64,0.69,0.94,-89.3,0.0,0,,63,,1784951386000,2026-07-25T09:19:46.000+05:30,27261.781041820494,1784947326179,Default Profile,false
2026-07-25T03:49:51.000Z,12.19912,75.46300833333333,44.7,1.1,286.84,0.0,22,gps,0.60,0.69,0.91,-89.3,0.0,0,,63,,1784951391000,2026-07-25T09:19:51.000+05:30,27261.781041820494,1784947326179,Default Profile,false
2026-07-25T03:49:56.000Z,12.19912,75.46300833333333,44.7,1.0,286.84,0.0,23,gps,0.57,0.69,0.89,-89.3,0.0,0,,63,,1784951396000,2026-07-25T09:19:56.000+05:30,27261.781041820494,1784947326179,Default Profile,false
2026-07-25T03:50:02.000Z,12.19912,75.46300833333333,44.7,1.8,286.84,0.0,23,gps,0.56,0.69,0.89,-89.3,0.0,0,,63,,1784951402000,2026-07-25T09:20:02.000+05:30,27261.781041820494,1784947326179,Default Profile,false
2026-07-25T03:50:07.000Z,12.19912,75.46300833333333,44.7,1.3,286.84,0.0,21,gps,0.61,0.68,0.92,-89.3,0.0,0,,63,,1784951407000,2026-07-25T09:20:07.000+05:30,27261.781041820494,1784947326179,Default Profile,false
2026-07-25T03:50:12.000Z,12.19912,75.46300833333333,44.7,1.1,286.84,0.0,25,gps,0.53,0.65,0.84,-89.3,0.0,0,,63,,1784951412000,2026-07-25T09:20:12.000+05:30,27261.781041820494,1784947326179,Default Profile,false
2026-07-25T03:50:18.000Z,12.19912,75.46300833333333,44.7,1.1,286.84,0.0,23,gps,0.57,0.68,0.89,-89.3,0.0,0,,63,,1784951418000,2026-07-25T09:20:18.000+05:30,27261.781041820494,1784947326179,Default Profile,false
2026-07-25T03:50:24.000Z,12.19912,75.46300833333333,44.7,1.1,286.84,0.0,21,gps,0.60,0.69,0.92,-89.3,0.0,0,,63,,1784951424000,2026-07-25T09:20:24.000+05:30,27261.781041820494,1784947326179,Default Profile,false
2026-07-25T03:50:30.000Z,12.19912,75.46300833333333,44.7,1.0,286.84,0.0,24,gps,0.58,0.65,0.87,-89.3,0.0,0,,63,,1784951430000,2026-07-25T09:20:30.000+05:30,27261.781041820494,1784947326179,Default Profile,false
2026-07-25T03:50:36.000Z,12.19912,75.46300833333333,44.7,1.5,286.84,0.0,22,gps,0.63,0.71,0.95,-89.3,0.0,0,,63,,1784951436000,2026-07-25T09:20:36.000+05:30,27261.781041820494,1784947326179,Default Profile,false
2026-07-25T03:50:41.000Z,12.19912,75.46300833333333,44.7,1.1,286.84,0.0,23,gps,0.60,0.70,0.92,-89.3,0.0,0,,63,,1784951441000,2026-07-25T09:20:41.000+05:30,27261.781041820494,1784947326179,Default Profile,false
2026-07-25T03:50:46.000Z,12.19912,75.46300833333333,44.7,1.6,286.84,0.0,23,gps,0.56,0.67,0.87,-89.3,0.0,0,,63,,1784951446000,2026-07-25T09:20:46.000+05:30,27261.781041820494,1784947326179,Default Profile,false
2026-07-25T03:50:52.000Z,12.19912,75.46300833333333,44.7,1.0,286.84,0.0,25,gps,0.54,0.66,0.86,-89.3,0.0,0,,63,,1784951452000,2026-07-25T09:20:52.000+05:30,27261.781041820494,1784947326179,Default Profile,false
2026-07-25T03:50:57.000Z,12.19912,75.46300833333333,44.7,1.3,286.84,0.0,22,gps,0.60,0.68,0.90,-89.3,0.0,0,,63,,1784951457000,2026-07-25T09:20:57.000+05:30,27261.781041820494,1784947326179,Default Profile,false
2026-07-25T03:51:03.000Z,12.19912,75.46300833333333,44.7,1.1,286.84,0.0,20,gps,0.67,0.69,0.96,-89.3,0.0,0,,63,,1784951463000,2026-07-25T09:21:03.000+05:30,27261.781041820494,1784947326179,Default Profile,false
2026-07-25T03:51:08.000Z,12.19912,75.46300833333333,44.7,2.2,286.84,0.0,22,gps,0.63,0.69,0.93,-89.3,0.0,0,,63,,1784951468000,2026-07-25T09:21:08.000+05:30,27261.781041820494,1784947326179,Default Profile,false
2026-07-25T03:51:14.000Z,12.199125,75.46266666666666,41.89999999999999,2.3,270.34,6.4453516,24,gps,0.56,0.94,1.09,-89.3,0.0,0,,63,,1784951474000,2026-07-25T09:21:14.000+05:30,27298.91892026137,1784947326179,Default Profile,false
2026-07-25T03:51:19.000Z,12.199178333333334,75.46222666666667,38.0,2.3,271.74,9.909432,25,gps,0.54,0.67,0.86,-89.3,0.0,0,,63,,1784951479000,2026-07-25T09:21:19.000+05:30,27347.10621477137,1784947326179,Default Profile,false
2026-07-25T03:51:25.000Z,12.199238333333335,75.46154,33.3,2.3,271.36,12.351789,27,gps,0.51,0.84,0.99,-89.3,0.0,0,,63,,1784951485000,2026-07-25T09:21:25.000+05:30,27422.03352638642,1784947326179,Default Profile,false
2026-07-25T03:51:31.000Z,12.199234999999998,75.46078000000001,22.799999999999997,2.5,268.04,13.765217,25,gps,0.53,0.65,0.84,-89.3,0.0,0,,63,,1784951491000,2026-07-25T09:21:31.000+05:30,27504.63419929221,1784947326179,Default Profile,false
2026-07-25T03:51:37.000Z,12.199161666666665,75.460095,25.200000000000003,2.3,256.67,9.580524,27,gps,0.50,0.61,0.79,-89.3,0.0,0,,63,,1784951497000,2026-07-25T09:21:37.000+05:30,27579.527986802455,1784947326179,Default Profile,false
2026-07-25T03:51:43.000Z,12.19912,75.45987166666667,25.299999999999997,2.2,257.72,0.0,28,gps,0.49,0.58,0.76,-89.3,0.0,0,,63,,1784951503000,2026-07-25T09:21:43.000+05:30,27604.238979125883,1784947326179,Default Profile,false
2026-07-25T03:51:49.000Z,12.199116666666665,75.45987166666667,25.200000000000003,1.1,257.72,0.0,23,gps,0.57,0.68,0.89,-89.3,0.0,0,,63,,1784951509000,2026-07-25T09:21:49.000+05:30,27604.609628881615,1784947326179,Default Profile,false
2026-07-25T03:51:55.000Z,12.199086666666668,75.45969,24.10000000000001,2.0,264.77,5.144134,27,gps,0.51,0.77,0.92,-89.3,0.0,0,,63,,1784951515000,2026-07-25T09:21:55.000+05:30,27624.633716701057,1784947326179,Default Profile,false
2026-07-25T03:52:01.000Z,12.199071666666669,75.459285,24.400000000000006,2.3,267.9,8.091434,28,gps,0.49,0.76,0.90,-89.3,0.0,0,,63,,1784951521000,2026-07-25T09:22:01.000+05:30,27668.682353273438,1784947326179,Default Profile,false
2026-07-25T03:52:07.000Z,12.199061666666667,75.45880333333334,23.10000000000001,2.3,266.96,9.370004,26,gps,0.49,0.65,0.81,-89.3,0.0,0,,63,,1784951527000,2026-07-25T09:22:07.000+05:30,27721.043655737158,1784947326179,Default Profile,false
2026-07-25T03:52:13.000Z,12.199018333333333,75.45842666666667,23.700000000000003,2.1,262.39,2.184996,23,gps,0.56,0.88,1.04,-89.3,0.0,0,,63,,1784951533000,2026-07-25T09:22:13.000+05:30,27762.263921854126,1784947326179,Default Profile,false
2026-07-25T03:52:19.000Z,12.199019999999999,75.45841333333333,23.799999999999997,2.3,262.39,0.0,22,gps,0.59,0.68,0.90,-89.3,0.0,0,,63,,1784951539000,2026-07-25T09:22:19.000+05:30,27763.724845397854,1784947326179,Default Profile,false
2026-07-25T03:52:25.000Z,12.199019999999999,75.45841333333333,23.799999999999997,1.5,262.39,0.0,20,gps,0.73,0.71,1.02,-89.3,0.0,0,,63,,1784951545000,2026-07-25T09:22:25.000+05:30,27763.724845397854,1784947326179,Default Profile,false
2026-07-25T03:52:31.000Z,12.199019999999999,75.45841333333333,23.799999999999997,1.1,262.39,0.0,20,gps,0.73,0.71,1.02,-89.3,0.0,0,,63,,1784951551000,2026-07-25T09:22:31.000+05:30,27763.724845397854,1784947326179,Default Profile,false
2026-07-25T03:52:37.000Z,12.198961666666666,75.45816333333333,23.299999999999997,2.4,261.57,6.177696,23,gps,0.64,0.94,1.14,-89.3,0.0,0,,63,,1784951557000,2026-07-25T09:22:37.000+05:30,27791.659369539608,1784947326179,Default Profile,false
2026-07-25T03:52:43.000Z,12.198903333333332,75.457745,22.400000000000006,2.1,258.81,9.283015,25,gps,0.56,0.85,1.01,-89.3,0.0,0,,63,,1784951563000,2026-07-25T09:22:43.000+05:30,27837.585916349035,1784947326179,Default Profile,false
2026-07-25T03:52:48.000Z,12.198816666666668,75.457285,20.700000000000003,2.2,257.67,10.789092,25,gps,0.55,0.83,1.00,-89.3,0.0,0,,63,,1784951568000,2026-07-25T09:22:48.000+05:30,27888.50095274818,1784947326179,Default Profile,false
2026-07-25T03:52:54.000Z,12.198745,75.45666833333333,22.799999999999997,2.3,268.74,11.589485,27,gps,0.50,0.80,0.94,-89.3,0.0,0,,63,,1784951574000,2026-07-25T09:22:54.000+05:30,27955.99496542956,1784947326179,Default Profile,false
2026-07-25T03:53:00.000Z,12.198696666666669,75.45601,29.299999999999997,2.3,265.57,11.666179,27,gps,0.50,0.80,0.94,-89.3,0.0,0,,63,,1784951580000,2026-07-25T09:23:00.000+05:30,28027.74696837033,1784947326179,Default Profile,false
2026-07-25T03:53:05.000Z,12.198648333333331,75.45547333333334,30.900000000000006,2.4,264.93,11.780448,28,gps,0.49,0.61,0.78,-89.3,0.0,0,,63,,1784951585000,2026-07-25T09:23:05.000+05:30,28086.32125674586,1784947326179,Default Profile,false
2026-07-25T03:53:11.000Z,12.198578333333334,75.45482833333334,32.60000000000001,2.3,267.04,11.702724,25,gps,0.55,0.87,1.02,-89.3,0.0,0,,63,,1784951591000,2026-07-25T09:23:11.000+05:30,28156.853404281424,1784947326179,Default Profile,false
2026-07-25T03:53:17.000Z,12.198590000000001,75.454195,35.0,2.5,273.75,10.405624,26,gps,0.54,0.86,1.02,-89.3,0.0,0,,63,,1784951597000,2026-07-25T09:23:17.000+05:30,28225.698998347092,1784947326179,Default Profile,false
2026-07-25T03:53:23.000Z,12.198706666666665,75.45360000000001,34.0,2.5,283.29,11.299697,23,gps,0.59,0.91,1.08,-89.3,0.0,0,,63,,1784951603000,2026-07-25T09:23:23.000+05:30,28291.65450623859,1784947326179,Default Profile,false
2026-07-25T03:53:28.000Z,12.198823333333333,75.45305833333333,34.400000000000006,2.5,285.94,12.528853,26,gps,0.54,0.88,1.03,-89.3,0.0,0,,63,,1784951608000,2026-07-25T09:23:28.000+05:30,28351.937507460636,1784947326179,Default Profile,false
2026-07-25T03:53:34.000Z,12.199008333333332,75.45236,30.0,2.6,281.6,12.540692,25,gps,0.55,0.69,0.89,-89.3,0.0,0,,63,,1784951614000,2026-07-25T09:23:34.000+05:30,28430.57361551999,1784947326179,Default Profile,false
2026-07-25T03:53:40.000Z,12.199033333333334,75.45167333333333,22.700000000000003,2.6,268.18,11.874127,21,gps,0.66,0.73,0.99,-89.3,0.0,0,,63,,1784951620000,2026-07-25T09:23:40.000+05:30,28505.255113090177,1784947326179,Default Profile,false
2026-07-25T03:53:46.000Z,12.198861666666668,75.45096,15.5,2.5,257.26,12.469661,21,gps,0.65,0.71,0.97,-89.3,0.0,0,,63,,1784951626000,2026-07-25T09:23:46.000+05:30,28585.098466493924,1784947326179,Default Profile,false
2026-07-25T03:53:51.000Z,12.198861666666668,75.45042333333335,11.5,2.4,287.55,10.79321,22,gps,0.75,1.10,1.33,-89.3,0.0,0,,63,,1784951631000,2026-07-25T09:23:51.000+05:30,28643.425629943595,1784947326179,Default Profile,false
2026-07-25T03:53:56.000Z,12.199060000000001,75.44996833333333,12.5,2.5,279.03,10.8801985,23,gps,0.63,0.69,0.94,-89.3,0.0,0,,63,,1784951636000,2026-07-25T09:23:56.000+05:30,28697.571657189666,1784947326179,Default Profile,false
2026-07-25T03:54:02.000Z,12.198943333333334,75.44941,16.200000000000003,2.5,256.5,9.217646,21,gps,0.65,0.71,0.97,-89.3,0.0,0,,62,,1784951642000,2026-07-25T09:24:02.000+05:30,28759.62479292577,1784947326179,Default Profile,false
2026-07-25T03:54:07.000Z,12.19881,75.44911166666667,19.400000000000006,2.7,241.61,6.283214,20,gps,0.66,0.73,0.98,-89.3,0.0,0,,62,,1784951647000,2026-07-25T09:24:07.000+05:30,28795.27773869785,1784947326179,Default Profile,false
2026-07-25T03:54:13.000Z,12.198636666666667,75.44883333333334,24.400000000000006,2.5,242.73,6.7346253,21,gps,0.62,0.71,0.94,-89.3,0.0,0,,62,,1784951653000,2026-07-25T09:24:13.000+05:30,28831.146498645776,1784947326179,Default Profile,false
2026-07-25T03:54:19.000Z,12.198468333333334,75.44845833333333,25.900000000000006,2.6,247.63,8.123346,20,gps,0.67,0.75,1.01,-89.3,0.0,0,,62,,1784951659000,2026-07-25T09:24:19.000+05:30,28875.9957732377,1784947326179,Default Profile,false
2026-07-25T03:54:25.000Z,12.198341666666666,75.44808333333334,27.10000000000001,2.4,257.11,4.0590997,24,gps,0.58,0.69,0.90,-89.3,0.0,0,,62,,1784951665000,2026-07-25T09:24:25.000+05:30,28919.11747638209,1784947326179,Default Profile,false
2026-07-25T03:54:31.000Z,12.198336666666668,75.44802333333334,26.0,2.4,258.89,0.0,23,gps,0.60,0.71,0.93,-89.3,0.0,0,,62,,1784951671000,2026-07-25T09:24:31.000+05:30,28925.6621963785,1784947326179,Default Profile,false
2026-07-25T03:54:37.000Z,12.198336666666668,75.44802333333334,26.0,1.0,258.89,0.0,21,gps,0.62,0.71,0.95,-89.3,0.0,0,,62,,1784951677000,2026-07-25T09:24:37.000+05:30,28925.6621963785,1784947326179,Default Profile,false
2026-07-25T03:54:43.000Z,12.198286666666668,75.44791666666667,25.799999999999997,2.0,248.15,3.554157,24,gps,0.57,0.69,0.90,-89.3,0.0,0,,62,,1784951683000,2026-07-25T09:24:43.000+05:30,28938.519429487602,1784947326179,Default Profile,false
2026-07-25T03:54:48.000Z,12.198254999999998,75.44763333333334,26.60000000000001,2.4,273.46,6.42991,25,gps,0.55,0.68,0.87,-89.3,0.0,0,,62,,1784951688000,2026-07-25T09:24:48.000+05:30,28969.51400508938,1784947326179,Default Profile,false
2026-07-25T03:54:53.000Z,12.198341666666666,75.44727666666667,28.700000000000003,2.4,287.6,8.335412,26,gps,0.54,0.87,1.02,-89.3,0.0,0,,62,,1784951693000,2026-07-25T09:24:53.000+05:30,29009.458028442776,1784947326179,Default Profile,false
2026-07-25T03:54:59.000Z,12.198503333333333,75.44684833333334,27.5,2.3,294.4,8.081654,28,gps,0.52,0.82,0.97,-89.3,0.0,0,,62,,1784951699000,2026-07-25T09:24:59.000+05:30,29059.361418659653,1784947326179,Default Profile,false
2026-07-25T03:55:04.000Z,12.198730000000001,75.44654,26.700000000000003,2.4,315.49,9.030287,29,gps,0.51,0.63,0.81,-89.3,0.0,0,,62,,1784951704000,2026-07-25T09:25:04.000+05:30,29101.292750238357,1784947326179,Default Profile,false
2026-07-25T03:55:09.000Z,12.199028333333334,75.446275,29.400000000000006,2.3,322.79,8.878444,30,gps,0.48,0.75,0.89,-89.3,0.0,0,,62,,1784951709000,2026-07-25T09:25:09.000+05:30,29145.224207411142,1784947326179,Default Profile,false
2026-07-25T03:55:15.000Z,12.199421666666668,75.44596,30.799999999999997,2.5,323.8,9.802885,30,gps,0.48,0.61,0.77,-89.3,0.0,0,,62,,1784951715000,2026-07-25T09:25:15.000+05:30,29200.766653023744,1784947326179,Default Profile,false
2026-07-25T03:55:21.000Z,12.199955,75.44558666666667,29.700000000000003,2.5,333.14,12.447528,28,gps,0.51,0.82,0.96,-89.3,0.0,0,,62,,1784951721000,2026-07-25T09:25:21.000+05:30,29272.6228570355,1784947326179,Default Profile,false
2026-07-25T03:55:27.000Z,12.200664999999999,75.44534,24.200000000000003,2.4,343.58,13.104828,27,gps,0.51,0.62,0.81,-89.3,0.0,0,,62,,1784951727000,2026-07-25T09:25:27.000+05:30,29355.99882001482,1784947326179,Default Profile,false
2026-07-25T03:55:32.000Z,12.201256666666666,75.445255,17.200000000000003,2.4,0.2,13.967503,22,gps,0.58,0.73,0.93,-89.3,0.0,0,,62,,1784951732000,2026-07-25T09:25:32.000+05:30,29422.43457736437,1784947326179,Default Profile,false
2026-07-25T03:55:38.000Z,12.202050000000002,75.44533,-0.09999999999999432,2.6,4.18,14.488401,23,gps,0.60,0.71,0.93,-89.3,0.0,0,,62,,1784951738000,2026-07-25T09:25:38.000+05:30,29511.025014267416,1784947326179,Default Profile,false
2026-07-25T03:55:44.000Z,12.202814999999998,75.4454,-9.299999999999997,2.5,6.51,13.350865,23,gps,0.59,0.70,0.92,-89.3,0.0,0,,62,,1784951744000,2026-07-25T09:25:44.000+05:30,29596.428660355374,1784947326179,Default Profile,false
2026-07-25T03:55:49.000Z,12.203353333333332,75.44548499999999,-11.700000000000003,2.9,11.89,11.596177,21,gps,0.61,0.73,0.95,-89.3,0.0,0,,62,,1784951749000,2026-07-25T09:25:49.000+05:30,29656.997238300497,1784947326179,Default Profile,false
2026-07-25T03:55:55.000Z,12.203959999999999,75.44571166666667,-8.099999999999994,2.8,11.53,11.363008,21,gps,0.63,0.72,0.95,-89.3,0.0,0,,62,,1784951755000,2026-07-25T09:25:55.000+05:30,29728.81284386891,1784947326179,Default Profile,false
2026-07-25T03:56:01.000Z,12.204611666666665,75.445745,-9.599999999999994,2.3,358.44,12.127885,23,gps,0.56,0.72,0.91,-89.3,0.0,0,,62,,1784951761000,2026-07-25T09:26:01.000+05:30,29801.3653735664,1784947326179,Default Profile,false
2026-07-25T03:56:06.000Z,12.205175,75.44566333333334,-16.200000000000003,2.6,345.27,13.214463,23,gps,0.58,1.00,1.15,-89.3,0.0,0,,62,,1784951766000,2026-07-25T09:26:06.000+05:30,29864.630870960285,1784947326179,Default Profile,false
2026-07-25T03:56:12.000Z,12.205826666666667,75.44540666666667,-19.200000000000003,2.6,339.56,13.273142,23,gps,0.58,0.71,0.91,-89.3,0.0,0,,62,,1784951772000,2026-07-25T09:26:12.000+05:30,29942.27667498591,1784947326179,Default Profile,false
2026-07-25T03:56:18.000Z,12.20651,75.44525,-35.3,2.1,354.56,12.17524,26,gps,0.54,0.66,0.85,-89.3,0.0,0,,62,,1784951778000,2026-07-25T09:26:18.000+05:30,30020.14422714843,1784947326179,Default Profile,false
2026-07-25T03:56:24.000Z,12.207085,75.44514666666667,-40.4,2.7,336.9,9.092568,24,gps,0.58,1.02,1.17,-89.3,0.0,0,,62,,1784951784000,2026-07-25T09:26:24.000+05:30,30085.060107625115,1784947326179,Default Profile,false
2026-07-25T03:56:30.000Z,12.207531666666666,75.44490833333333,-42.8,2.4,327.96,10.010318,26,gps,0.53,0.90,1.04,-89.3,0.0,0,,62,,1784951790000,2026-07-25T09:26:30.000+05:30,30141.075669306047,1784947326179,Default Profile,false
2026-07-25T03:56:36.000Z,12.208040000000002,75.44457833333333,-41.199999999999996,2.3,326.09,11.783536,27,gps,0.51,0.85,0.99,-89.3,0.0,0,,62,,1784951796000,2026-07-25T09:26:36.000+05:30,30208.01772921331,1784947326179,Default Profile,false
2026-07-25T03:56:42.000Z,12.208495000000001,75.44418999999999,-47.699999999999996,2.4,311.42,9.707661,31,gps,0.48,0.73,0.87,-89.3,0.0,0,,62,,1784951802000,2026-07-25T09:26:42.000+05:30,30273.90334680676,1784947326179,Default Profile,false
2026-07-25T03:56:47.000Z,12.208581666666666,75.44378166666667,-50.599999999999994,2.5,268.14,7.656493,27,gps,0.52,0.87,1.01,-89.3,0.0,0,,62,,1784951807000,2026-07-25T09:26:47.000+05:30,30319.31539089199,1784947326179,Default Profile,false
2026-07-25T03:56:53.000Z,12.208536666666665,75.443665,-50.699999999999996,2.3,252.91,0.0,23,gps,0.64,0.70,0.95,-89.3,0.0,0,,62,,1784951813000,2026-07-25T09:26:53.000+05:30,30332.946375783577,1784947326179,Default Profile,false
2026-07-25T03:56:59.000Z,12.208521666666664,75.44362666666666,-50.8,1.7,252.84,3.3981962,22,gps,0.65,0.71,0.96,-89.3,0.0,0,,62,,1784951819000,2026-07-25T09:26:59.000+05:30,30337.43392991964,1784947326179,Default Profile,false
2026-07-25T03:57:05.000Z,12.208461666666668,75.44332833333333,-49.5,2.3,261.39,6.6749177,28,gps,0.50,0.81,0.95,-89.3,0.0,0,,62,,1784951825000,2026-07-25T09:27:05.000+05:30,30370.536161990993,1784947326179,Default Profile,false
2026-07-25T03:57:11.000Z,12.208373333333334,75.44285666666666,-46.4,2.4,264.98,9.479124,29,gps,0.48,0.77,0.91,-89.3,0.0,0,,62,,1784951831000,2026-07-25T09:27:11.000+05:30,30422.729553684072,1784947326179,Default Profile,false
2026-07-25T03:57:17.000Z,12.208481666666668,75.44233,-41.8,2.4,289.47,9.429711,28,gps,0.52,0.74,0.91,-89.3,0.0,0,,62,,1784951837000,2026-07-25T09:27:17.000+05:30,30481.22166240032,1784947326179,Default Profile,false
2026-07-25T03:57:22.000Z,12.208623333333332,75.44189833333333,-39.699999999999996,2.4,291.27,10.486951,27,gps,0.53,0.82,0.98,-89.3,0.0,0,,62,,1784951842000,2026-07-25T09:27:22.000+05:30,30530.709355443403,1784947326179,Default Profile,false
2026-07-25T03:57:28.000Z,12.208823333333331,75.44132166666667,-41.699999999999996,2.4,293.1,10.344887,28,gps,0.50,0.78,0.93,-89.3,0.0,0,,62,,1784951848000,2026-07-25T09:27:28.000+05:30,30597.210308067235,1784947326179,Default Profile,false
2026-07-25T03:57:34.000Z,12.209168333333333,75.44107666666667,-42.699999999999996,2.6,340.46,5.1914883,25,gps,0.64,0.82,1.04,-89.3,0.0,0,,62,,1784951854000,2026-07-25T09:27:34.000+05:30,30643.907609939033,1784947326179,Default Profile,false
2026-07-25T03:57:40.000Z,12.209453333333332,75.44106000000001,-39.099999999999994,2.1,347.68,6.3485837,29,gps,0.50,0.60,0.78,-89.3,0.0,0,,62,,1784951860000,2026-07-25T09:27:40.000+05:30,30675.64988678363,1784947326179,Default Profile,false
2026-07-25T03:57:46.000Z,12.209859999999999,75.44095333333333,-39.699999999999996,2.1,347.26,7.391926,29,gps,0.50,0.78,0.93,-89.3,0.0,0,,62,,1784951866000,2026-07-25T09:27:46.000+05:30,30722.33145218008,1784947326179,Default Profile,false
2026-07-25T03:57:52.000Z,12.210303333333332,75.44084666666666,-42.4,2.3,340.23,8.165039,27,gps,0.53,0.65,0.84,-89.3,0.0,0,,62,,1784951872000,2026-07-25T09:27:52.000+05:30,30772.972566880453,1784947326179,Default Profile,false
2026-07-25T03:57:58.000Z,12.210511666666665,75.440525,-43.099999999999994,2.2,274.03,7.05993,30,gps,0.48,0.75,0.90,-89.3,0.0,0,,62,,1784951878000,2026-07-25T09:27:58.000+05:30,30814.909965852923,1784947326179,Default Profile,false
2026-07-25T03:58:03.000Z,12.210434999999999,75.44024833333333,-43.3,2.2,247.26,2.775897,28,gps,0.50,0.82,0.96,-89.3,0.0,0,,62,,1784951883000,2026-07-25T09:28:03.000+05:30,30846.163080815866,1784947326179,Default Profile,false
2026-07-25T03:58:08.000Z,12.210425000000003,75.44023166666666,-43.9,2.2,247.26,0.0,27,gps,0.52,0.65,0.83,-89.3,0.0,0,,62,,1784951888000,2026-07-25T09:28:08.000+05:30,30848.288480531104,1784947326179,Default Profile,false
2026-07-25T03:58:14.000Z,12.210425000000003,75.44023166666666,-43.9,1.0,247.26,0.0,25,gps,0.54,0.67,0.86,-89.3,0.0,0,,62,,1784951894000,2026-07-25T09:28:14.000+05:30,30848.288480531104,1784947326179,Default Profile,false
2026-07-25T03:58:19.000Z,12.210425000000003,75.44023166666666,-43.9,1.0,247.26,0.0,26,gps,0.53,0.65,0.84,-89.3,0.0,0,,62,,1784951899000,2026-07-25T09:28:19.000+05:30,30848.288480531104,1784947326179,Default Profile,false
2026-07-25T03:58:25.000Z,12.210425000000003,75.44023166666666,-43.9,1.0,247.26,0.0,28,gps,0.51,0.62,0.80,-89.3,0.0,0,,62,,1784951905000,2026-07-25T09:28:25.000+05:30,30848.288480531104,1784947326179,Default Profile,false
2026-07-25T03:58:31.000Z,12.210425000000003,75.44023166666666,-43.9,1.0,247.26,0.0,27,gps,0.51,0.64,0.82,-89.3,0.0,0,,62,,1784951911000,2026-07-25T09:28:31.000+05:30,30848.288480531104,1784947326179,Default Profile,false
2026-07-25T03:58:37.000Z,12.210425000000003,75.44023166666666,-43.9,1.0,247.26,0.0,27,gps,0.51,0.64,0.82,-89.3,0.0,0,,62,,1784951917000,2026-07-25T09:28:37.000+05:30,30848.288480531104,1784947326179,Default Profile,false
2026-07-25T03:58:43.000Z,12.210425000000003,75.44023166666666,-43.9,1.1,247.26,0.0,29,gps,0.48,0.61,0.78,-89.3,0.0,0,,62,,1784951923000,2026-07-25T09:28:43.000+05:30,30848.288480531104,1784947326179,Default Profile,false
2026-07-25T03:58:49.000Z,12.210425000000003,75.44023166666666,-43.9,1.0,247.26,0.0,25,gps,0.53,0.67,0.86,-89.3,0.0,0,,62,,1784951929000,2026-07-25T09:28:49.000+05:30,30848.288480531104,1784947326179,Default Profile,false
2026-07-25T03:58:55.000Z,12.210425000000003,75.44023166666666,-43.9,1.0,247.26,0.0,27,gps,0.51,0.66,0.83,-89.3,0.0,0,,62,,1784951935000,2026-07-25T09:28:55.000+05:30,30848.288480531104,1784947326179,Default Profile,false
2026-07-25T03:59:01.000Z,12.210425000000003,75.44023166666666,-43.9,1.0,247.26,0.0,29,gps,0.50,0.63,0.80,-89.3,0.0,0,,62,,1784951941000,2026-07-25T09:29:01.000+05:30,30848.288480531104,1784947326179,Default Profile,false
2026-07-25T03:59:07.000Z,12.210425000000003,75.44023166666666,-43.9,1.0,247.26,0.0,28,gps,0.52,0.63,0.81,-89.3,0.0,0,,62,,1784951947000,2026-07-25T09:29:07.000+05:30,30848.288480531104,1784947326179,Default Profile,false
2026-07-25T03:59:13.000Z,12.210425000000003,75.44023166666666,-43.9,1.1,247.26,0.0,24,gps,0.56,0.69,0.88,-89.3,0.0,0,,62,,1784951953000,2026-07-25T09:29:13.000+05:30,30848.288480531104,1784947326179,Default Profile,false
2026-07-25T03:59:19.000Z,12.210425000000003,75.44023166666666,-43.9,2.1,247.26,0.0,21,gps,0.64,0.72,0.97,-89.3,0.0,0,,62,,1784951959000,2026-07-25T09:29:19.000+05:30,30848.288480531104,1784947326179,Default Profile,false
2026-07-25T03:59:24.000Z,12.210425000000003,75.44023166666666,-43.9,2.3,247.26,0.0,23,gps,0.58,0.69,0.90,-89.3,0.0,0,,62,,1784951964000,2026-07-25T09:29:24.000+05:30,30848.288480531104,1784947326179,Default Profile,false
2026-07-25T03:59:30.000Z,12.210425000000003,75.44023166666666,-43.9,1.1,247.26,0.0,25,gps,0.54,0.71,0.89,-89.3,0.0,0,,62,,1784951970000,2026-07-25T09:29:30.000+05:30,30848.288480531104,1784947326179,Default Profile,false
2026-07-25T03:59:36.000Z,12.210425000000003,75.44023166666666,-43.9,1.1,247.26,0.0,24,gps,0.55,0.69,0.88,-89.3,0.0,0,,62,,1784951976000,2026-07-25T09:29:36.000+05:30,30848.288480531104,1784947326179,Default Profile,false
2026-07-25T03:59:42.000Z,12.210425000000003,75.44023166666666,-43.9,1.7,247.26,0.0,27,gps,0.51,0.63,0.81,-89.3,0.0,0,,62,,1784951982000,2026-07-25T09:29:42.000+05:30,30848.288480531104,1784947326179,Default Profile,false
2026-07-25T03:59:47.000Z,12.210425000000003,75.440155,-41.8,1.9,252.07,4.2325606,28,gps,0.50,0.63,0.81,-89.3,0.0,0,,62,,1784951987000,2026-07-25T09:29:47.000+05:30,30856.620568733502,1784947326179,Default Profile,false
2026-07-25T03:59:53.000Z,12.210325000000001,75.43986833333334,-40.099999999999994,2.5,254.66,5.549735,28,gps,0.50,0.63,0.81,-89.3,0.0,0,,62,,1784951993000,2026-07-25T09:29:53.000+05:30,30889.700212627467,1784947326179,Default Profile,false
2026-07-25T03:59:58.000Z,12.210201666666668,75.43934666666668,-41.3,2.2,266.53,11.018659,27,gps,0.52,0.66,0.84,-89.3,0.0,0,,61,,1784951998000,2026-07-25T09:29:58.000+05:30,30948.029766135944,1784947326179,Default Profile,false
2026-07-25T04:00:04.000Z,12.210125000000001,75.438655,-43.4,2.3,259.92,13.28704,26,gps,0.56,0.67,0.87,-89.3,0.0,0,,61,,1784952004000,2026-07-25T09:30:04.000+05:30,31023.681624325956,1784947326179,Default Profile,false
2026-07-25T04:00:10.000Z,12.209935,75.43789833333334,-46.599999999999994,2.3,252.79,14.187803,29,gps,0.50,0.62,0.79,-89.3,0.0,0,,61,,1784952010000,2026-07-25T09:30:10.000+05:30,31108.586377111948,1784947326179,Default Profile,false
2026-07-25T04:00:15.000Z,12.209831666666666,75.43743666666666,-49.4,2.5,261.47,6.138577,28,gps,0.52,0.65,0.84,-89.3,0.0,0,,61,,1784952015000,2026-07-25T09:30:15.000+05:30,31160.05899107822,1784947326179,Default Profile,false
2026-07-25T04:00:21.000Z,12.209846666666666,75.43740833333332,-49.599999999999994,2.6,271.54,0.0,24,gps,0.58,0.69,0.90,-89.3,0.0,0,,61,,1784952021000,2026-07-25T09:30:21.000+05:30,31163.56096089282,1784947326179,Default Profile,false
2026-07-25T04:00:27.000Z,12.209826666666666,75.437135,-50.4,2.3,255.59,7.146918,26,gps,0.54,0.67,0.86,-89.3,0.0,0,,61,,1784952027000,2026-07-25T09:30:27.000+05:30,31193.34986153307,1784947326179,Default Profile,false
2026-07-25T04:00:33.000Z,12.209565000000001,75.43679166666668,-48.8,2.2,215.09,8.673584,26,gps,0.54,0.69,0.87,-89.3,0.0,0,,61,,1784952033000,2026-07-25T09:30:33.000+05:30,31240.66650695922,1784947326179,Default Profile,false
2026-07-25T04:00:39.000Z,12.209094999999998,75.43649833333333,-45.8,2.2,213.77,10.689751,28,gps,0.50,0.82,0.96,-89.3,0.0,0,,61,,1784952039000,2026-07-25T09:30:39.000+05:30,31301.88394114705,1784947326179,Default Profile,false
2026-07-25T04:00:44.000Z,12.208673333333335,75.43619666666667,-42.699999999999996,2.4,216.24,11.107191,27,gps,0.53,0.64,0.83,-89.3,0.0,0,,61,,1784952044000,2026-07-25T09:30:44.000+05:30,31359.096481738892,1784947326179,Default Profile,false
2026-07-25T04:00:49.000Z,12.208249999999998,75.435845,-41.099999999999994,2.5,226.07,12.206122,27,gps,0.53,0.83,0.98,-89.3,0.0,0,,61,,1784952049000,2026-07-25T09:30:49.000+05:30,31419.7308781689,1784947326179,Default Profile,false
2026-07-25T04:00:55.000Z,12.20793,75.43522833333333,-44.9,2.5,256.23,12.932396,27,gps,0.53,0.67,0.86,-89.3,0.0,0,,61,,1784952055000,2026-07-25T09:30:55.000+05:30,31495.61056661063,1784947326179,Default Profile,false
2026-07-25T04:01:01.000Z,12.207998333333334,75.434565,-42.199999999999996,2.5,284.46,11.410362,26,gps,0.53,0.90,1.05,-89.3,0.0,0,,61,,1784952061000,2026-07-25T09:31:01.000+05:30,31568.10123260848,1784947326179,Default Profile,false
2026-07-25T04:01:06.000Z,12.208073333333335,75.43433,-35.8,2.2,289.51,0.0,27,gps,0.52,0.87,1.01,-89.3,0.0,0,,61,,1784952066000,2026-07-25T09:31:06.000+05:30,31594.968226151264,1784947326179,Default Profile,false
2026-07-25T04:01:12.000Z,12.208075000000001,75.43433333333334,-35.599999999999994,1.2,289.51,0.0,26,gps,0.54,0.67,0.86,-89.3,0.0,0,,61,,1784952072000,2026-07-25T09:31:12.000+05:30,31595.375145500857,1784947326179,Default Profile,false
2026-07-25T04:01:18.000Z,12.20811,75.43425333333333,-36.4,2.0,301.58,3.4579039,26,gps,0.54,0.89,1.04,-89.3,0.0,0,,61,,1784952078000,2026-07-25T09:31:18.000+05:30,31604.900867840322,1784947326179,Default Profile,false
2026-07-25T04:01:23.000Z,12.208223333333335,75.43403666666667,-35.199999999999996,2.2,296.4,7.0177226,27,gps,0.52,0.66,0.84,-89.3,0.0,0,,61,,1784952083000,2026-07-25T09:31:23.000+05:30,31631.608414961906,1784947326179,Default Profile,false
2026-07-25T04:01:29.000Z,12.208414999999999,75.4336,-32.5,2.3,291.8,8.694173,25,gps,0.58,0.96,1.12,-89.3,0.0,0,,61,,1784952089000,2026-07-25T09:31:29.000+05:30,31683.631377918726,1784947326179,Default Profile,false
2026-07-25T04:01:34.000Z,12.20853,75.43317166666667,-33.0,2.3,284.17,10.196133,27,gps,0.54,0.86,1.01,-89.3,0.0,0,,61,,1784952094000,2026-07-25T09:31:34.000+05:30,31731.907116481267,1784947326179,Default Profile,false
2026-07-25T04:01:39.000Z,12.208673333333335,75.43265166666667,-32.9,2.4,288.44,12.380613,28,gps,0.51,0.84,0.98,-89.3,0.0,0,,61,,1784952099000,2026-07-25T09:31:39.000+05:30,31790.625208129713,1784947326179,Default Profile,false
2026-07-25T04:01:45.000Z,12.208963333333335,75.43196833333333,-33.4,2.2,291.99,14.296925,29,gps,0.49,0.63,0.79,-89.3,0.0,0,,61,,1784952105000,2026-07-25T09:31:45.000+05:30,31871.588696906358,1784947326179,Default Profile,false
2026-07-25T04:01:51.000Z,12.209216666666668,75.4312,-35.5,2.5,289.12,15.201806,28,gps,0.50,0.64,0.81,-89.3,0.0,0,,61,,1784952111000,2026-07-25T09:31:51.000+05:30,31959.71457712998,1784947326179,Default Profile,false
2026-07-25T04:01:56.000Z,12.209661666666667,75.43064166666666,-39.3,2.4,313.49,16.580233,27,gps,0.54,0.65,0.84,-89.3,0.0,0,,61,,1784952116000,2026-07-25T09:31:56.000+05:30,32038.011782091842,1784947326179,Default Profile,false
2026-07-25T04:02:02.000Z,12.210200000000002,75.42993166666666,-36.5,2.5,305.56,16.137571,28,gps,0.50,0.64,0.81,-89.3,0.0,0,,61,,1784952122000,2026-07-25T09:32:02.000+05:30,32135.670715675722,1784947326179,Default Profile,false
2026-07-25T04:02:08.000Z,12.210756666666668,75.42923666666667,-40.0,2.4,316.07,16.51795,29,gps,0.49,0.62,0.79,-89.3,0.0,0,,61,,1784952128000,2026-07-25T09:32:08.000+05:30,32233.325899862357,1784947326179,Default Profile,false
2026-07-25T04:02:14.000Z,12.211315000000003,75.42856,-38.0,2.4,310.51,15.110186,29,gps,0.50,0.64,0.81,-89.3,0.0,0,,61,,1784952134000,2026-07-25T09:32:14.000+05:30,32329.567627409273,1784947326179,Default Profile,false
2026-07-25T04:02:20.000Z,12.21161,75.4279,-32.099999999999994,2.5,277.28,12.450616,28,gps,0.51,0.65,0.82,-89.3,0.0,0,,61,,1784952140000,2026-07-25T09:32:20.000+05:30,32408.440492952846,1784947326179,Default Profile,false
2026-07-25T04:02:26.000Z,12.211391666666668,75.42734,-28.799999999999997,2.6,236.22,11.134471,25,gps,0.56,0.98,1.12,-89.3,0.0,0,,61,,1784952146000,2026-07-25T09:32:26.000+05:30,32473.964279626194,1784947326179,Default Profile,false
2026-07-25T04:02:31.000Z,12.211155,75.42688666666666,-23.700000000000003,2.8,252.9,11.318742,22,gps,0.65,1.07,1.25,-89.3,0.0,0,,61,,1784952151000,2026-07-25T09:32:31.000+05:30,32529.8199784178,1784947326179,Default Profile,false
2026-07-25T04:02:37.000Z,12.210971666666667,75.42624333333333,-22.700000000000003,2.4,255.8,12.38679,23,gps,0.59,1.06,1.21,-89.3,0.0,0,,61,,1784952157000,2026-07-25T09:32:37.000+05:30,32602.648227559745,1784947326179,Default Profile,false
2026-07-25T04:02:43.000Z,12.210758333333334,75.42554,-22.599999999999994,2.5,250.37,13.460501,26,gps,0.55,0.70,0.89,-89.3,0.0,0,,61,,1784952163000,2026-07-25T09:32:43.000+05:30,32682.682216977282,1784947326179,Default Profile,false
2026-07-25T04:02:49.000Z,12.210518333333335,75.42484666666665,-18.5,2.4,250.39,13.6581545,24,gps,0.58,0.71,0.92,-89.3,0.0,0,,61,,1784952169000,2026-07-25T09:32:49.000+05:30,32762.61942500624,1784947326179,Default Profile,false
2026-07-25T04:02:55.000Z,12.210233333333333,75.42415666666668,-14.899999999999991,2.5,247.32,13.461531,22,gps,0.62,0.74,0.97,-89.3,0.0,0,,61,,1784952175000,2026-07-25T09:32:55.000+05:30,32844.02957490752,1784947326179,Default Profile,false
2026-07-25T04:03:01.000Z,12.209981666666666,75.42345666666667,-13.799999999999997,2.5,252.89,12.789818,23,gps,0.60,0.72,0.94,-89.3,0.0,0,,61,,1784952181000,2026-07-25T09:33:01.000+05:30,32925.088913552136,1784947326179,Default Profile,false
2026-07-25T04:03:07.000Z,12.209783333333332,75.42277,-11.200000000000003,2.5,257.07,12.752758,25,gps,0.56,0.69,0.89,-89.3,0.0,0,,61,,1784952187000,2026-07-25T09:33:07.000+05:30,33002.906042834926,1784947326179,Default Profile,false
2026-07-25T04:03:13.000Z,12.209593333333332,75.42201833333334,-13.299999999999997,2.4,255.04,15.212101,24,gps,0.56,0.70,0.90,-89.3,0.0,0,,61,,1784952193000,2026-07-25T09:33:13.000+05:30,33087.28469985058,1784947326179,Default Profile,false
2026-07-25T04:03:19.000Z,12.209393333333333,75.42116666666668,-13.0,2.4,258.16,16.605453,24,gps,0.56,0.69,0.88,-89.3,0.0,0,,61,,1784952199000,2026-07-25T09:33:19.000+05:30,33182.477835711026,1784947326179,Default Profile,false
2026-07-25T04:03:25.000Z,12.209276666666664,75.42017333333334,-19.200000000000003,2.4,266.15,18.624708,26,gps,0.54,0.69,0.88,-89.3,0.0,0,,61,,1784952205000,2026-07-25T09:33:25.000+05:30,33291.2098204584,1784947326179,Default Profile,false
2026-07-25T04:03:30.000Z,12.209226666666666,75.41936000000001,-17.89999999999999,2.1,265.99,17.71365,27,gps,0.53,0.66,0.85,-89.3,0.0,0,,61,,1784952210000,2026-07-25T09:33:30.000+05:30,33379.77747606764,1784947326179,Default Profile,false
2026-07-25T04:03:36.000Z,12.209148333333333,75.41878,-17.200000000000003,2.3,256.36,5.0247183,29,gps,0.49,0.81,0.95,-89.3,0.0,0,,61,,1784952216000,2026-07-25T09:33:36.000+05:30,33443.41078865982,1784947326179,Default Profile,false
2026-07-25T04:03:42.000Z,12.209153333333331,75.41875499999999,-17.599999999999994,2.2,260.57,0.0,27,gps,0.51,0.66,0.83,-89.3,0.0,0,,61,,1784952222000,2026-07-25T09:33:42.000+05:30,33446.184087755704,1784947326179,Default Profile,false
2026-07-25T04:03:47.000Z,12.209136666666666,75.41869666666666,-18.89999999999999,1.9,250.54,3.887697,27,gps,0.51,0.66,0.83,-89.3,0.0,0,,61,,1784952227000,2026-07-25T09:33:47.000+05:30,33452.78907508825,1784947326179,Default Profile,false
2026-07-25T04:03:53.000Z,12.208941666666666,75.41835666666665,-22.39999999999999,2.4,229.19,7.8114243,26,gps,0.54,0.85,1.00,-89.3,0.0,0,,61,,1784952233000,2026-07-25T09:33:53.000+05:30,33495.63232001313,1784947326179,Default Profile,false
2026-07-25T04:03:59.000Z,12.20867,75.417885,-21.700000000000003,2.5,258.41,10.60894,26,gps,0.51,0.66,0.84,-89.3,0.0,0,,61,,1784952239000,2026-07-25T09:33:59.000+05:30,33555.13179061996,1784947326179,Default Profile,false
2026-07-25T04:04:05.000Z,12.208635,75.41723166666667,-22.39999999999999,2.3,272.46,12.998281,27,gps,0.51,0.88,1.02,-89.3,0.0,0,,61,,1784952245000,2026-07-25T09:34:05.000+05:30,33626.242725425625,1784947326179,Default Profile,false
2026-07-25T04:04:10.000Z,12.208618333333334,75.41655999999999,-26.0,2.3,263.54,15.316074,29,gps,0.49,0.63,0.80,-89.3,0.0,0,,61,,1784952250000,2026-07-25T09:34:10.000+05:30,33699.26308055706,1784947326179,Default Profile,false
2026-07-25T04:04:15.000Z,12.20838,75.41586166666666,-28.5,2.4,252.82,16.413462,27,gps,0.52,0.67,0.84,-89.3,0.0,0,,61,,1784952255000,2026-07-25T09:34:15.000+05:30,33779.65200656837,1784947326179,Default Profile,false
2026-07-25T04:04:20.000Z,12.208190000000002,75.41520166666666,-28.4,2.3,272.14,12.985413,24,gps,0.57,0.72,0.92,-89.3,0.0,0,,61,,1784952260000,2026-07-25T09:34:20.000+05:30,33854.42766991457,1784947326179,Default Profile,false
2026-07-25T04:04:25.000Z,12.208483333333334,75.41465666666666,-27.9,2.7,308.89,14.278909,23,gps,0.58,0.73,0.94,-89.3,0.0,0,,61,,1784952265000,2026-07-25T09:34:25.000+05:30,33922.04543119943,1784947326179,Default Profile,false
2026-07-25T04:04:30.000Z,12.208815,75.41403166666667,-29.299999999999997,2.5,285.41,15.976977,16,gps,0.70,0.84,1.09,-89.3,0.0,0,,61,,1784952270000,2026-07-25T09:34:30.000+05:30,33999.33660898587,1784947326179,Default Profile,false
2026-07-25T04:04:36.000Z,12.208983333333332,75.41326333333333,-31.799999999999997,2.5,279.9,12.178328,21,gps,0.60,0.73,0.94,-89.3,0.0,0,,61,,1784952276000,2026-07-25T09:34:36.000+05:30,34084.911273907295,1784947326179,Default Profile,false
2026-07-25T04:04:42.000Z,12.208988333333332,75.41280166666667,-33.8,2.2,263.43,3.7456336,25,gps,0.53,0.93,1.07,-89.3,0.0,0,,61,,1784952282000,2026-07-25T09:34:42.000+05:30,34135.08828845205,1784947326179,Default Profile,false
2026-07-25T04:04:48.000Z,12.208988333333332,75.41280333333334,-34.199999999999996,1.9,263.43,0.0,23,gps,0.55,0.70,0.89,-89.3,0.0,0,,61,,1784952288000,2026-07-25T09:34:48.000+05:30,34135.269421788165,1784947326179,Default Profile,false
2026-07-25T04:04:53.000Z,12.208988333333332,75.41280333333334,-34.199999999999996,1.0,263.43,0.0,23,gps,0.56,0.68,0.89,-89.3,0.0,0,,61,,1784952293000,2026-07-25T09:34:53.000+05:30,34135.269421788165,1784947326179,Default Profile,false
2026-07-25T04:04:59.000Z,12.208988333333332,75.41280333333334,-34.199999999999996,1.0,263.43,0.0,24,gps,0.56,0.69,0.89,-89.3,0.0,0,,61,,1784952299000,2026-07-25T09:34:59.000+05:30,34135.269421788165,1784947326179,Default Profile,false
2026-07-25T04:05:05.000Z,12.208988333333332,75.41280333333334,-34.199999999999996,1.0,263.43,0.0,25,gps,0.57,0.68,0.88,-89.3,0.0,0,,61,,1784952305000,2026-07-25T09:35:05.000+05:30,34135.269421788165,1784947326179,Default Profile,false
2026-07-25T04:05:11.000Z,12.208985,75.41278333333334,-34.099999999999994,1.2,268.72,2.3610308,25,gps,0.53,0.66,0.84,-89.3,0.0,0,,61,,1784952311000,2026-07-25T09:35:11.000+05:30,34137.47439760484,1784947326179,Default Profile,false
2026-07-25T04:05:16.000Z,12.208963333333335,75.41263333333333,-34.599999999999994,1.8,255.28,4.2104278,25,gps,0.58,0.68,0.89,-89.3,0.0,0,,61,,1784952316000,2026-07-25T09:35:16.000+05:30,34153.95346295678,1784947326179,Default Profile,false
2026-07-25T04:05:22.000Z,12.20889,75.41232333333333,-34.0,2.1,252.95,6.1545334,28,gps,0.49,0.83,0.97,-89.3,0.0,0,,61,,1784952322000,2026-07-25T09:35:22.000+05:30,34188.61703281511,1784947326179,Default Profile,false
2026-07-25T04:05:28.000Z,12.208848333333332,75.41207,-28.5,2.2,281.79,2.2580864,28,gps,0.50,0.84,0.98,-89.3,0.0,0,,61,,1784952328000,2026-07-25T09:35:28.000+05:30,34216.53642075973,1784947326179,Default Profile,false
2026-07-25T04:05:33.000Z,12.208870000000001,75.41206333333334,-27.799999999999997,2.1,281.79,0.0,31,gps,0.46,0.60,0.75,-89.3,0.0,0,,61,,1784952333000,2026-07-25T09:35:33.000+05:30,34219.05223206349,1784947326179,Default Profile,false
2026-07-25T04:05:39.000Z,12.209006666666669,75.41197000000001,-25.5,2.7,327.34,3.051788,22,gps,0.57,0.70,0.90,-89.3,0.0,0,,61,,1784952339000,2026-07-25T09:35:39.000+05:30,34237.323187794085,1784947326179,Default Profile,false
2026-07-25T04:05:45.000Z,12.209268333333334,75.41175166666667,-21.299999999999997,2.4,324.53,6.7624207,26,gps,0.51,0.68,0.85,-89.3,0.0,0,,61,,1784952345000,2026-07-25T09:35:45.000+05:30,34274.86805509159,1784947326179,Default Profile,false
2026-07-25T04:05:51.000Z,12.209571666666667,75.41148,-19.200000000000003,2.2,324.2,7.198905,31,gps,0.47,0.61,0.77,-89.3,0.0,0,,61,,1784952351000,2026-07-25T09:35:51.000+05:30,34319.693952867536,1784947326179,Default Profile,false
2026-07-25T04:05:57.000Z,12.209903333333333,75.41120666666667,-21.5,2.1,317.84,7.9745913,33,gps,0.46,0.71,0.84,-89.3,0.0,0,,61,,1784952357000,2026-07-25T09:35:57.000+05:30,34367.049440101975,1784947326179,Default Profile,false
2026-07-25T04:06:03.000Z,12.210280000000001,75.41094,-23.200000000000003,2.3,325.2,9.229999,30,gps,0.48,0.81,0.94,-89.3,0.0,0,,61,,1784952363000,2026-07-25T09:36:03.000+05:30,34417.9820599777,1784947326179,Default Profile,false
2026-07-25T04:06:09.000Z,12.210751666666665,75.41072000000001,-20.5,2.4,349.97,9.146614,29,gps,0.51,0.83,0.98,-89.3,0.0,0,,61,,1784952369000,2026-07-25T09:36:09.000+05:30,34475.62183742758,1784947326179,Default Profile,false
2026-07-25T04:06:15.000Z,12.211211666666667,75.41075666666667,-17.0,2.3,7.06,8.36681,27,gps,0.54,0.87,1.03,-89.3,0.0,0,,61,,1784952375000,2026-07-25T09:36:15.000+05:30,34526.92649426345,1784947326179,Default Profile,false
2026-07-25T04:06:20.000Z,12.211539999999998,75.41083666666667,-12.200000000000003,2.1,14.73,6.539031,29,gps,0.53,0.81,0.97,-89.2,0.0,0,,61,,1784952380000,2026-07-25T09:36:20.000+05:30,34564.45646065459,1784947326179,Default Profile,false
2026-07-25T04:06:26.000Z,12.211851666666666,75.410915,-8.799999999999997,2.3,9.69,6.5621934,29,gps,0.51,0.78,0.93,-89.2,0.0,0,,61,,1784952386000,2026-07-25T09:36:26.000+05:30,34600.142527749544,1784947326179,Default Profile,false
2026-07-25T04:06:32.000Z,12.212186666666666,75.41093666666667,-4.799999999999997,2.0,355.24,5.9012904,31,gps,0.49,0.76,0.90,-89.2,0.0,0,,61,,1784952392000,2026-07-25T09:36:32.000+05:30,34637.46717810362,1784947326179,Default Profile,false
2026-07-25T04:06:37.000Z,12.212459999999998,75.41090833333332,-0.29999999999999716,2.2,354.11,5.8384943,31,gps,0.49,0.60,0.77,-89.2,0.0,0,,61,,1784952397000,2026-07-25T09:36:37.000+05:30,34668.01604241326,1784947326179,Default Profile,false
2026-07-25T04:06:42.000Z,12.212716666666665,75.41079666666666,4.200000000000003,2.1,323.6,5.6511354,29,gps,0.52,0.79,0.95,-89.2,0.0,0,,61,,1784952402000,2026-07-25T09:36:42.000+05:30,34699.0291082857,1784947326179,Default Profile,false
2026-07-25T04:06:48.000Z,12.21294,75.41052333333333,9.599999999999994,2.2,306.48,6.034603,30,gps,0.52,0.80,0.95,-89.2,0.0,0,,61,,1784952408000,2026-07-25T09:36:48.000+05:30,34737.74754479713,1784947326179,Default Profile,false
2026-07-25T04:06:53.000Z,12.213071666666668,75.41027000000001,14.899999999999991,2.0,296.73,6.415498,28,gps,0.54,0.89,1.04,-89.2,0.0,0,,61,,1784952413000,2026-07-25T09:36:53.000+05:30,34768.93010080122,1784947326179,Default Profile,false
2026-07-25T04:06:59.000Z,12.213233333333335,75.40992666666666,19.0,2.1,300.81,6.7459493,29,gps,0.51,0.83,0.98,-89.2,0.0,0,,61,,1784952419000,2026-07-25T09:36:59.000+05:30,34810.34756148307,1784947326179,Default Profile,false
2026-07-25T04:07:04.000Z,12.213481666666667,75.40967166666665,22.0,2.3,314.42,8.577332,27,gps,0.53,0.67,0.86,-89.2,0.0,0,,61,,1784952424000,2026-07-25T09:37:04.000+05:30,34849.46926184577,1784947326179,Default Profile,false
2026-07-25T04:07:10.000Z,12.213993333333333,75.40939166666666,24.099999999999994,2.2,344.83,12.147445,28,gps,0.51,0.82,0.97,-89.2,0.0,0,,61,,1784952430000,2026-07-25T09:37:10.000+05:30,34913.99047689347,1784947326179,Default Profile,false
2026-07-25T04:07:16.000Z,12.214798333333333,75.4092,16.39999999999999,2.6,344.07,16.170513,26,gps,0.56,0.67,0.87,-89.2,0.0,0,,61,,1784952436000,2026-07-25T09:37:16.000+05:30,35005.8940577088,1784947326179,Default Profile,false
2026-07-25T04:07:22.000Z,12.215601666666664,75.40877833333334,11.299999999999997,2.8,337.82,13.478002,19,gps,0.68,0.76,1.02,-89.2,0.0,0,,60,,1784952442000,2026-07-25T09:37:22.000+05:30,35106.289430357516,1784947326179,Default Profile,false
2026-07-25T04:07:27.000Z,12.215936666666668,75.40835999999999,10.299999999999997,2.6,284.69,11.935894,18,gps,0.71,0.74,1.03,-89.2,0.0,0,,60,,1784952447000,2026-07-25T09:37:27.000+05:30,35165.064397491726,1784947326179,Default Profile,false
2026-07-25T04:07:33.000Z,12.21608,75.40757666666667,4.599999999999994,3.1,275.09,15.552332,19,gps,0.76,0.74,1.06,-89.2,0.0,0,,60,,1784952453000,2026-07-25T09:37:33.000+05:30,35251.67389240691,1784947326179,Default Profile,false
2026-07-25T04:07:39.000Z,12.216041666666667,75.40670833333334,-0.5,3.2,263.29,13.615432,20,gps,0.78,1.07,1.32,-89.2,0.0,0,,60,,1784952459000,2026-07-25T09:37:39.000+05:30,35346.13805472976,1784947326179,Default Profile,false
2026-07-25T04:07:45.000Z,12.216011666666668,75.406345,-4.400000000000006,2.8,265.73,4.263959,24,gps,0.59,0.69,0.91,-89.2,0.0,0,,60,,1784952465000,2026-07-25T09:37:45.000+05:30,35385.76473051849,1784947326179,Default Profile,false
2026-07-25T04:07:51.000Z,12.216026666666668,75.40634666666666,-7.5,2.7,266.48,0.0,26,gps,0.54,0.65,0.85,-89.2,0.0,0,,60,,1784952471000,2026-07-25T09:37:51.000+05:30,35387.44246043627,1784947326179,Default Profile,false
2026-07-25T04:07:56.000Z,12.216026666666668,75.40634833333334,-7.5,1.1,279.21,2.134553,29,gps,0.50,0.63,0.81,-89.2,0.0,0,,60,,1784952476000,2026-07-25T09:37:56.000+05:30,35387.62358895657,1784947326179,Default Profile,false
2026-07-25T04:08:02.000Z,12.216046666666667,75.40604499999999,-6.299999999999997,2.1,274.26,8.564463,28,gps,0.50,0.64,0.81,-89.2,0.0,0,,60,,1784952482000,2026-07-25T09:38:02.000+05:30,35420.66390695323,1784947326179,Default Profile,false
2026-07-25T04:08:08.000Z,12.216171666666666,75.40535833333334,-10.400000000000006,2.3,284.52,16.079407,29,gps,0.48,0.62,0.78,-89.2,0.0,0,,60,,1784952488000,2026-07-25T09:38:08.000+05:30,35496.57222038686,1784947326179,Default Profile,false
2026-07-25T04:08:14.000Z,12.216515,75.40437833333334,-23.10000000000001,2.3,292.49,19.090532,32,gps,0.46,0.58,0.74,-89.2,0.0,0,,60,,1784952494000,2026-07-25T09:38:14.000+05:30,35609.71134145457,1784947326179,Default Profile,false
2026-07-25T04:08:20.000Z,12.216725,75.40383333333332,-26.300000000000004,2.3,289.83,5.4956894,34,gps,0.44,0.57,0.72,-89.2,0.0,0,,60,,1784952500000,2026-07-25T09:38:20.000+05:30,35673.37709293404,1784947326179,Default Profile,false
2026-07-25T04:08:25.000Z,12.216748333333332,75.40378666666668,-27.1,2.3,303.66,0.0,31,gps,0.47,0.60,0.77,-89.2,0.0,0,,60,,1784952505000,2026-07-25T09:38:25.000+05:30,35679.07381607245,1784947326179,Default Profile,false
2026-07-25T04:08:30.000Z,12.216791666666666,75.40364333333333,-27.0,2.1,297.62,5.164723,32,gps,0.46,0.72,0.85,-89.2,0.0,0,,60,,1784952510000,2026-07-25T09:38:30.000+05:30,35695.37904946616,1784947326179,Default Profile,false
2026-07-25T04:08:36.000Z,12.216946666666669,75.40319833333334,-24.799999999999997,2.3,289.95,10.174,32,gps,0.47,0.73,0.87,-89.2,0.0,0,,60,,1784952516000,2026-07-25T09:38:36.000+05:30,35746.71962260208,1784947326179,Default Profile,false
2026-07-25T04:08:42.000Z,12.217206666666668,75.40261833333334,-21.5,2.2,308.13,11.567867,32,gps,0.46,0.60,0.75,-89.2,0.0,0,,60,,1784952522000,2026-07-25T09:38:42.000+05:30,35816.0660019204,1784947326179,Default Profile,false
2026-07-25T04:08:47.000Z,12.21762,75.40234666666667,-17.5,2.4,334.77,11.014026,31,gps,0.49,0.77,0.91,-89.2,0.0,0,,60,,1784952527000,2026-07-25T09:38:47.000+05:30,35870.69226275764,1784947326179,Default Profile,false
2026-07-25T04:08:52.000Z,12.218036666666668,75.40210333333333,-11.0,2.4,323.11,10.487465,31,gps,0.48,0.76,0.90,-89.2,0.0,0,,60,,1784952532000,2026-07-25T09:38:52.000+05:30,35924.0392205405,1784947326179,Default Profile,false
2026-07-25T04:08:58.000Z,12.218401666666667,75.40173333333334,-6.0,2.2,313.9,7.458325,32,gps,0.47,0.59,0.76,-89.2,0.0,0,,60,,1784952538000,2026-07-25T09:38:58.000+05:30,35981.17148339886,1784947326179,Default Profile,false
2026-07-25T04:09:04.000Z,12.218478333333334,75.40167333333333,-6.900000000000006,2.0,320.58,0.0,34,gps,0.45,0.58,0.73,-89.2,0.0,0,,60,,1784952544000,2026-07-25T09:39:04.000+05:30,35991.90425906685,1784947326179,Default Profile,false
2026-07-25T04:09:09.000Z,12.218478333333334,75.40167333333333,-6.900000000000006,1.1,320.58,0.0,31,gps,0.49,0.61,0.78,-89.2,0.0,0,,60,,1784952549000,2026-07-25T09:39:09.000+05:30,35991.90425906685,1784947326179,Default Profile,false
2026-07-25T04:09:15.000Z,12.218619999999998,75.40156166666667,-5.400000000000006,1.8,323.01,3.8521812,34,gps,0.45,0.71,0.84,-89.2,0.0,0,,60,,1784952555000,2026-07-25T09:39:15.000+05:30,36011.78930642393,1784947326179,Default Profile,false
2026-07-25T04:09:20.000Z,12.218784999999999,75.40141333333332,-3.799999999999997,2.0,320.69,5.5322347,34,gps,0.45,0.71,0.84,-89.2,0.0,0,,60,,1784952560000,2026-07-25T09:39:20.000+05:30,36036.212280420914,1784947326179,Default Profile,false
2026-07-25T04:09:26.000Z,12.219083333333334,75.40119,1.3999999999999915,2.2,325.19,7.2472887,30,gps,0.51,0.79,0.94,-89.2,0.0,0,,60,,1784952566000,2026-07-25T09:39:26.000+05:30,36077.31626245273,1784947326179,Default Profile,false
2026-07-25T04:09:32.000Z,12.219389999999999,75.40094500000001,2.8999999999999915,2.2,323.02,6.986325,32,gps,0.49,0.77,0.91,-89.2,0.0,0,,60,,1784952572000,2026-07-25T09:39:32.000+05:30,36120.57959297291,1784947326179,Default Profile,false
2026-07-25T04:09:37.000Z,12.219635000000002,75.40073000000001,5.799999999999997,2.3,319.11,6.9755154,32,gps,0.49,0.77,0.91,-89.2,0.0,0,,60,,1784952577000,2026-07-25T09:39:37.000+05:30,36156.46975468002,1784947326179,Default Profile,false
2026-07-25T04:09:43.000Z,12.219976666666666,75.40045666666667,10.099999999999994,2.3,318.99,8.09761,32,gps,0.49,0.77,0.91,-89.2,0.0,0,,60,,1784952583000,2026-07-25T09:39:43.000+05:30,36204.695557621606,1784947326179,Default Profile,false
2026-07-25T04:09:49.000Z,12.220333333333334,75.40014,13.599999999999994,2.4,319.83,9.267059,29,gps,0.52,0.64,0.82,-89.2,0.0,0,,60,,1784952589000,2026-07-25T09:39:49.000+05:30,36257.204538621474,1784947326179,Default Profile,false
2026-07-25T04:09:54.000Z,12.220691666666669,75.39983166666666,17.299999999999997,2.4,318.31,9.98767,30,gps,0.49,0.63,0.79,-89.2,0.0,0,,60,,1784952594000,2026-07-25T09:39:54.000+05:30,36309.26615567465,1784947326179,Default Profile,false
2026-07-25T04:10:00.000Z,12.221091666666666,75.39949,18.89999999999999,2.2,319.59,8.502182,28,gps,0.53,0.66,0.85,-89.2,0.0,0,,60,,1784952600000,2026-07-25T09:40:00.000+05:30,36367.20557284212,1784947326179,Default Profile,false
2026-07-25T04:10:05.000Z,12.221364999999999,75.39918666666668,16.89999999999999,2.2,315.77,7.969959,28,gps,0.50,0.65,0.82,-89.2,0.0,0,,60,,1784952605000,2026-07-25T09:40:05.000+05:30,36412.043343847174,1784947326179,Default Profile,false
2026-07-25T04:10:10.000Z,12.221454999999999,75.39908999999999,18.89999999999999,2.0,321.27,0.0,31,gps,0.47,0.61,0.77,-89.2,0.0,0,,60,,1784952610000,2026-07-25T09:40:10.000+05:30,36426.552341060604,1784947326179,Default Profile,false
2026-07-25T04:10:16.000Z,12.221496666666667,75.39904833333334,20.099999999999994,1.8,320.12,4.340138,32,gps,0.47,0.61,0.77,-89.2,0.0,0,,60,,1784952616000,2026-07-25T09:40:16.000+05:30,36433.030742649054,1784947326179,Default Profile,false
2026-07-25T04:10:21.000Z,12.221720000000001,75.39886499999999,18.5,2.3,321.78,8.152685,33,gps,0.46,0.74,0.87,-89.2,0.0,0,,60,,1784952621000,2026-07-25T09:40:21.000+05:30,36464.86875268425,1784947326179,Default Profile,false
2026-07-25T04:10:27.000Z,12.222323333333334,75.39855333333334,12.0,2.3,336.02,13.605138,31,gps,0.47,0.61,0.77,-89.2,0.0,0,,60,,1784952627000,2026-07-25T09:40:27.000+05:30,36540.02154197233,1784947326179,Default Profile,false
2026-07-25T04:10:33.000Z,12.223078333333335,75.39810833333333,2.5,2.1,318.65,15.7870455,28,gps,0.52,0.66,0.84,-89.2,0.0,0,,60,,1784952633000,2026-07-25T09:40:33.000+05:30,36636.90634748564,1784947326179,Default Profile,false
2026-07-25T04:10:39.000Z,12.223721666666666,75.39744666666667,-5.900000000000006,2.6,314.92,17.325035,29,gps,0.52,0.66,0.84,-89.2,0.0,0,,60,,1784952639000,2026-07-25T09:40:39.000+05:30,36738.33508745637,1784947326179,Default Profile,false
2026-07-25T04:10:45.000Z,12.22425,75.396635,-11.100000000000009,2.1,305.03,17.530924,31,gps,0.49,0.63,0.80,-89.2,0.0,0,,60,,1784952645000,2026-07-25T09:40:45.000+05:30,36844.31522375572,1784947326179,Default Profile,false
2026-07-25T04:10:51.000Z,12.224991666666664,75.39596666666667,-7.299999999999997,2.1,334.01,18.389996,28,gps,0.53,0.65,0.84,-89.2,0.0,0,,60,,1784952651000,2026-07-25T09:40:51.000+05:30,36954.20777419055,1784947326179,Default Profile,false
2026-07-25T04:10:56.000Z,12.225861666666667,75.395635,-18.400000000000006,2.0,336.41,21.1906,29,gps,0.50,0.64,0.82,-89.2,0.0,0,,60,,1784952656000,2026-07-25T09:40:56.000+05:30,37057.443749593236,1784947326179,Default Profile,false
2026-07-25T04:11:01.000Z,12.226670000000002,75.39523333333334,-23.0,2.2,331.93,17.77902,29,gps,0.49,0.63,0.80,-89.2,0.0,0,,60,,1784952661000,2026-07-25T09:41:01.000+05:30,37157.3648328035,1784947326179,Default Profile,false
2026-07-25T04:11:06.000Z,12.227371666666667,75.39489,-22.0,2.3,337.74,16.122644,33,gps,0.47,0.60,0.76,-89.2,0.0,0,,60,,1784952666000,2026-07-25T09:41:06.000+05:30,37243.84894815998,1784947326179,Default Profile,false
2026-07-25T04:11:12.000Z,12.227993333333332,75.394605,-11.900000000000006,2.5,334.15,8.226806,30,gps,0.48,0.60,0.77,-89.2,0.0,0,,60,,1784952672000,2026-07-25T09:41:12.000+05:30,37319.596353578236,1784947326179,Default Profile,false
2026-07-25T04:11:18.000Z,12.228026666666665,75.39456666666666,-4.299999999999997,2.3,321.97,0.0,31,gps,0.47,0.60,0.76,-89.2,0.0,0,,60,,1784952678000,2026-07-25T09:41:18.000+05:30,37325.17235040392,1784947326179,Default Profile,false
2026-07-25T04:11:24.000Z,12.228096666666666,75.39454833333333,-3.5,1.7,349.48,4.127043,31,gps,0.46,0.58,0.75,-89.2,0.0,0,,60,,1784952684000,2026-07-25T09:41:24.000+05:30,37333.206930577355,1784947326179,Default Profile,false
2026-07-25T04:11:30.000Z,12.228489999999999,75.39450833333333,-3.799999999999997,2.4,352.07,7.920031,32,gps,0.48,0.74,0.88,-89.2,0.0,0,,60,,1784952690000,2026-07-25T09:41:30.000+05:30,37377.15908403627,1784947326179,Default Profile,false
2026-07-25T04:11:36.000Z,12.229033333333332,75.39436333333333,-7.299999999999997,2.4,331.22,11.512792,31,gps,0.49,0.76,0.91,-89.2,0.0,0,,60,,1784952696000,2026-07-25T09:41:36.000+05:30,37439.59608077508,1784947326179,Default Profile,false
2026-07-25T04:11:41.000Z,12.229431666666668,75.39402166666667,-7.200000000000003,2.4,316.46,10.939906,30,gps,0.51,0.64,0.82,-89.2,0.0,0,,60,,1784952701000,2026-07-25T09:41:41.000+05:30,37497.39260048293,1784947326179,Default Profile,false
2026-07-25T04:11:47.000Z,12.229876666666666,75.39369166666667,-7.400000000000006,2.5,328.24,9.166173,27,gps,0.54,0.69,0.88,-89.2,0.0,0,,60,,1784952707000,2026-07-25T09:41:47.000+05:30,37558.503132419275,1784947326179,Default Profile,false
2026-07-25T04:11:52.000Z,12.230163333333333,75.393495,-2.4000000000000057,2.3,325.46,7.2035375,31,gps,0.48,0.78,0.92,-89.2,0.0,0,,60,,1784952712000,2026-07-25T09:41:52.000+05:30,37596.880671672465,1784947326179,Default Profile,false
2026-07-25T04:11:58.000Z,12.230391666666666,75.39331999999999,1.5,2.5,328.74,5.230607,28,gps,0.52,0.87,1.02,-89.2,0.0,0,,60,,1784952718000,2026-07-25T09:41:58.000+05:30,37628.602766291966,1784947326179,Default Profile,false
2026-07-25T04:12:04.000Z,12.230596666666667,75.39320333333333,6.3999999999999915,2.5,330.68,5.8143024,28,gps,0.56,0.92,1.07,-89.2,0.0,0,,60,,1784952724000,2026-07-25T09:42:04.000+05:30,37654.68627759364,1784947326179,Default Profile,false
2026-07-25T04:12:09.000Z,12.230856666666666,75.39306,10.599999999999994,2.5,332.08,6.238948,29,gps,0.51,0.66,0.84,-89.2,0.0,0,,60,,1784952729000,2026-07-25T09:42:09.000+05:30,37687.52596501407,1784947326179,Default Profile,false
2026-07-25T04:12:15.000Z,12.231261666666667,75.39292999999999,15.899999999999991,2.9,356.39,8.578361,21,gps,0.68,0.76,1.02,-89.2,0.0,0,,60,,1784952735000,2026-07-25T09:42:15.000+05:30,37734.72378928586,1784947326179,Default Profile,false
2026-07-25T04:12:21.000Z,12.231891666666668,75.39280833333333,19.099999999999994,3.2,341.55,10.281062,14,gps,0.84,0.90,1.23,-89.2,0.0,0,,60,,1784952741000,2026-07-25T09:42:21.000+05:30,37806.0133828022,1784947326179,Default Profile,false
2026-07-25T04:12:26.000Z,12.232125,75.39266333333333,20.39999999999999,2.8,333.72,3.8737996,20,gps,0.72,1.11,1.32,-89.2,0.0,0,,60,,1784952746000,2026-07-25T09:42:26.000+05:30,37836.368915178544,1784947326179,Default Profile,false
2026-07-25T04:12:32.000Z,12.232141666666667,75.39265,19.200000000000003,2.8,340.28,1.8957219,20,gps,0.68,0.72,0.99,-89.2,0.0,0,,60,,1784952752000,2026-07-25T09:42:32.000+05:30,37838.72135176271,1784947326179,Default Profile,false
2026-07-25T04:12:38.000Z,12.232421666666669,75.39250333333332,17.89999999999999,2.8,328.4,8.475416,17,gps,0.74,1.27,1.47,-89.2,0.0,0,,60,,1784952758000,2026-07-25T09:42:38.000+05:30,37873.698378541616,1784947326179,Default Profile,false
2026-07-25T04:12:43.000Z,12.232786666666668,75.39217166666667,16.700000000000003,3.0,304.58,11.380508,16,gps,0.70,0.77,1.04,-89.2,0.0,0,,60,,1784952763000,2026-07-25T09:42:43.000+05:30,37927.978061368376,1784947326179,Default Profile,false
2026-07-25T04:12:49.000Z,12.232936666666667,75.39150500000001,14.0,2.9,274.97,12.806289,22,gps,0.60,0.72,0.94,-89.2,0.0,0,,60,,1784952769000,2026-07-25T09:42:49.000+05:30,38002.3200765176,1784947326179,Default Profile,false
2026-07-25T04:12:55.000Z,12.232993333333331,75.39083000000001,15.700000000000003,2.9,287.66,11.606986,19,gps,0.72,1.27,1.46,-89.2,0.0,0,,60,,1784952775000,2026-07-25T09:42:55.000+05:30,38075.94256434001,1784947326179,Default Profile,false
2026-07-25T04:13:00.000Z,12.233251666666668,75.39035666666668,13.5,2.9,295.94,10.755121,17,gps,0.72,1.58,1.73,-89.2,0.0,0,,60,,1784952780000,2026-07-25T09:43:00.000+05:30,38134.85715476991,1784947326179,Default Profile,false
2026-07-25T04:13:06.000Z,12.233474999999999,75.38987999999999,22.700000000000003,3.0,294.66,9.069406,20,gps,0.65,0.76,0.99,-89.2,0.0,0,,60,,1784952786000,2026-07-25T09:43:06.000+05:30,38192.30172063751,1784947326179,Default Profile,false
2026-07-25T04:13:12.000Z,12.233669999999998,75.38958666666667,30.0,3.2,305.24,6.390791,19,gps,0.71,0.76,1.04,-89.2,0.0,0,,60,,1784952792000,2026-07-25T09:43:12.000+05:30,38230.85382151887,1784947326179,Default Profile,false
2026-07-25T04:13:18.000Z,12.233828333333333,75.389355,36.5,3.1,303.33,4.523894,18,gps,0.74,1.30,1.50,-89.2,0.0,0,,60,,1784952798000,2026-07-25T09:43:18.000+05:30,38261.57443283923,1784947326179,Default Profile,false
2026-07-25T04:13:23.000Z,12.233926666666665,75.38911166666666,44.2,3.2,306.58,5.7741537,17,gps,0.86,1.44,1.67,-89.2,0.0,0,,60,,1784952803000,2026-07-25T09:43:23.000+05:30,38290.18888987456,1784947326179,Default Profile,false
2026-07-25T04:13:29.000Z,12.234123333333333,75.38885499999999,52.60000000000001,3.2,315.09,5.819964,17,gps,0.85,1.42,1.66,-89.2,0.0,0,,60,,1784952809000,2026-07-25T09:43:29.000+05:30,38325.631545338285,1784947326179,Default Profile,false
2026-07-25T04:13:34.000Z,12.23431,75.38861833333334,55.89999999999999,3.2,314.23,6.4474106,15,gps,0.97,1.49,1.78,-89.2,0.0,0,,60,,1784952814000,2026-07-25T09:43:34.000+05:30,38358.6810206171,1784947326179,Default Profile,false
2026-07-25T04:13:39.000Z,12.234508333333334,75.38843166666668,56.3,3.3,327.97,5.5245137,19,gps,0.71,0.77,1.05,-89.2,0.0,0,,60,,1784952819000,2026-07-25T09:43:39.000+05:30,38388.64507433145,1784947326179,Default Profile,false
2026-07-25T04:13:45.000Z,12.234773333333331,75.38816,59.2,3.5,307.96,6.900881,14,gps,0.90,0.83,1.22,-89.2,0.0,0,,60,,1784952825000,2026-07-25T09:43:45.000+05:30,38430.35627937152,1784947326179,Default Profile,false
2026-07-25T04:13:50.000Z,12.234945000000002,75.38789,61.8,3.3,317.2,5.93835,16,gps,0.79,1.24,1.47,-89.2,0.0,0,,60,,1784952830000,2026-07-25T09:43:50.000+05:30,38465.35982005862,1784947326179,Default Profile,false
2026-07-25T04:13:55.000Z,12.235151666666665,75.38763999999999,59.7,2.5,324.76,5.9635715,23,gps,0.58,0.70,0.91,-89.2,0.0,0,,60,,1784952835000,2026-07-25T09:43:55.000+05:30,38500.94291943032,1784947326179,Default Profile,false
2026-07-25T04:14:01.000Z,12.235428333333335,75.38744333333334,60.7,2.5,331.44,5.6845922,23,gps,0.58,0.70,0.91,-89.2,0.0,0,,60,,1784952841000,2026-07-25T09:44:01.000+05:30,38538.401763687754,1784947326179,Default Profile,false
2026-07-25T04:14:06.000Z,12.235674999999999,75.387315,62.39999999999999,2.6,328.09,6.047986,24,gps,0.56,0.67,0.88,-89.2,0.0,0,,60,,1784952846000,2026-07-25T09:44:06.000+05:30,38569.171665555354,1784947326179,Default Profile,false
2026-07-25T04:14:12.000Z,12.235945,75.38718833333334,65.2,2.4,335.39,5.8482738,24,gps,0.56,0.69,0.89,-89.2,0.0,0,,60,,1784952852000,2026-07-25T09:44:12.000+05:30,38602.199325549554,1784947326179,Default Profile,false
2026-07-25T04:14:18.000Z,12.236256666666668,75.38704166666666,65.99999999999999,2.5,331.09,6.259022,28,gps,0.52,0.65,0.83,-89.2,0.0,0,,60,,1784952858000,2026-07-25T09:44:18.000+05:30,38640.34436686861,1784947326179,Default Profile,false
2026-07-25T04:14:23.000Z,12.236511666666669,75.38691,64.2,2.5,334.03,5.7267995,28,gps,0.52,0.65,0.83,-89.2,0.0,0,,60,,1784952863000,2026-07-25T09:44:23.000+05:30,38672.10455742085,1784947326179,Default Profile,false
2026-07-25T04:14:29.000Z,12.236733333333332,75.38672666666666,63.60000000000001,2.5,315.69,5.807096,26,gps,0.54,0.67,0.87,-89.2,0.0,0,,60,,1784952869000,2026-07-25T09:44:29.000+05:30,38703.797515579616,1784947326179,Default Profile,false
2026-07-25T04:14:35.000Z,12.236989999999999,75.38644666666667,70.8,2.8,307.72,5.2970066,21,gps,0.62,0.72,0.95,-89.2,0.0,0,,60,,1784952875000,2026-07-25T09:44:35.000+05:30,38745.514987779505,1784947326179,Default Profile,false
2026-07-25T04:14:41.000Z,12.237070000000001,75.3859,73.7,2.5,269.71,12.39554,25,gps,0.58,0.67,0.89,-89.2,0.0,0,,60,,1784952881000,2026-07-25T09:44:41.000+05:30,38805.58276062888,1784947326179,Default Profile,false
2026-07-25T04:14:47.000Z,12.236936666666669,75.38495666666667,64.49999999999999,2.1,263.15,17.051203,26,gps,0.55,0.68,0.87,-89.2,0.0,0,,58,,1784952887000,2026-07-25T09:44:47.000+05:30,38909.15995381474,1784947326179,Default Profile,false
2026-07-25T04:14:52.000Z,12.236995000000002,75.38415,66.89999999999999,2.3,278.91,17.54688,27,gps,0.53,0.68,0.86,-89.2,0.0,0,,58,,1784952892000,2026-07-25T09:44:52.000+05:30,38997.058867744614,1784947326179,Default Profile,false
2026-07-25T04:14:57.000Z,12.237033333333333,75.38338166666668,59.3,2.4,268.07,11.368155,26,gps,0.55,0.70,0.89,-89.2,0.0,0,,58,,1784952897000,2026-07-25T09:44:57.000+05:30,39080.661219509675,1784947326179,Default Profile,false
2026-07-25T04:15:03.000Z,12.237063333333333,75.383225,57.3,2.2,272.53,0.0,27,gps,0.52,0.69,0.87,-89.2,0.0,0,,58,,1784952903000,2026-07-25T09:45:03.000+05:30,39098.00968392384,1784947326179,Default Profile,false
2026-07-25T04:15:09.000Z,12.237065,75.38322666666666,57.39999999999999,1.0,272.53,0.0,28,gps,0.50,0.67,0.84,-89.2,0.0,0,,58,,1784952909000,2026-07-25T09:45:09.000+05:30,39098.26881252207,1784947326179,Default Profile,false
2026-07-25T04:15:15.000Z,12.237091666666666,75.38314166666667,57.60000000000001,2.0,281.32,3.8846085,30,gps,0.47,0.84,0.96,-89.2,0.0,0,,58,,1784952915000,2026-07-25T09:45:15.000+05:30,39107.969906551174,1784947326179,Default Profile,false
2026-07-25T04:15:20.000Z,12.237138333333332,75.38296,59.7,2.0,299.69,5.0782495,30,gps,0.47,0.84,0.96,-89.2,0.0,0,,58,,1784952920000,2026-07-25T09:45:20.000+05:30,39128.38193586835,1784947326179,Default Profile,false
2026-07-25T04:15:26.000Z,12.237486666666666,75.38279333333334,64.7,2.5,346.68,9.87649,28,gps,0.49,0.66,0.83,-89.2,0.0,0,,58,,1784952926000,2026-07-25T09:45:26.000+05:30,39171.14009398942,1784947326179,Default Profile,false
2026-07-25T04:15:31.000Z,12.238073333333334,75.38262833333333,65.10000000000001,2.4,345.52,14.997461,26,gps,0.54,0.66,0.85,-89.2,0.0,0,,58,,1784952931000,2026-07-25T09:45:31.000+05:30,39238.793734893676,1784947326179,Default Profile,false
2026-07-25T04:15:37.000Z,12.238921666666666,75.382375,63.099999999999994,2.5,338.29,16.374859,20,gps,0.72,0.72,1.02,-89.1,0.0,0,,58,,1784952937000,2026-07-25T09:45:37.000+05:30,39337.059059012805,1784947326179,Default Profile,false
2026-07-25T04:15:42.000Z,12.239596666666667,75.38195666666667,51.900000000000006,2.7,322.84,17.18812,19,gps,0.79,0.82,1.14,-89.1,0.0,0,,58,,1784952942000,2026-07-25T09:45:42.000+05:30,39424.808897531795,1784947326179,Default Profile,false
2026-07-25T04:15:48.000Z,12.240421666666668,75.38144666666668,23.900000000000006,2.6,327.11,17.276651,16,gps,0.84,0.82,1.17,-89.1,0.0,0,,58,,1784952948000,2026-07-25T09:45:48.000+05:30,39531.98571047946,1784947326179,Default Profile,false
2026-07-25T04:15:53.000Z,12.241135000000002,75.38110499999999,10.0,2.9,350.21,19.15127,19,gps,0.79,0.80,1.12,-89.1,0.0,0,,58,,1784952953000,2026-07-25T09:45:53.000+05:30,39619.56418995179,1784947326179,Default Profile,false
2026-07-25T04:15:59.000Z,12.242109999999998,75.38102166666665,12.300000000000011,2.4,352.98,16.75781,21,gps,0.59,0.74,0.95,-89.1,0.0,0,,58,,1784952959000,2026-07-25T09:45:59.000+05:30,39728.35677605449,1784947326179,Default Profile,false
2026-07-25T04:16:04.000Z,12.24272,75.38075333333333,16.5,2.5,312.53,12.663197,22,gps,0.60,0.75,0.96,-89.1,0.0,0,,58,,1784952964000,2026-07-25T09:46:04.000+05:30,39802.18762923395,1784947326179,Default Profile,false
2026-07-25T04:16:10.000Z,12.24303,75.38024,26.60000000000001,2.6,305.55,10.184809,23,gps,0.62,1.07,1.23,-89.1,0.0,0,,58,,1784952970000,2026-07-25T09:46:10.000+05:30,39867.76073915763,1784947326179,Default Profile,false
2026-07-25T04:16:16.000Z,12.243491666666667,75.37983166666666,30.60000000000001,2.9,329.58,12.559222,19,gps,0.66,0.80,1.04,-89.1,0.0,0,,58,,1784952976000,2026-07-25T09:46:16.000+05:30,39935.61461302531,1784947326179,Default Profile,false
2026-07-25T04:16:22.000Z,12.244288333333335,75.37951,30.30000000000001,2.8,335.31,16.404713,17,gps,0.72,0.85,1.11,-89.1,0.0,0,,58,,1784952982000,2026-07-25T09:46:22.000+05:30,40030.846668301696,1784947326179,Default Profile,false
2026-07-25T04:16:27.000Z,12.244921666666668,75.37916166666668,23.60000000000001,2.9,328.14,14.798779,16,gps,0.81,1.87,2.03,-89.1,0.0,0,,58,,1784952987000,2026-07-25T09:46:27.000+05:30,40110.79802312492,1784947326179,Default Profile,false
2026-07-25T04:16:32.000Z,12.245406666666668,75.37856333333335,18.5,2.9,306.99,17.262754,17,gps,0.71,0.88,1.13,-89.1,0.0,0,,58,,1784952992000,2026-07-25T09:46:32.000+05:30,40195.27128360821,1784947326179,Default Profile,false
2026-07-25T04:16:38.000Z,12.245771666666666,75.37774166666667,7.5,2.9,289.13,14.351999,18,gps,0.66,0.82,1.05,-89.1,0.0,0,,58,,1784952998000,2026-07-25T09:46:38.000+05:30,40293.34927224267,1784947326179,Default Profile,false
2026-07-25T04:16:44.000Z,12.245918333333334,75.37710833333334,2.1000000000000085,2.9,292.4,10.104512,16,gps,0.85,0.82,1.18,-89.1,0.0,0,,58,,1784953004000,2026-07-25T09:46:44.000+05:30,40364.076283696144,1784947326179,Default Profile,false
2026-07-25T04:16:49.000Z,12.246453333333333,75.37678833333332,-0.29999999999999716,3.0,326.64,14.115743,16,gps,0.88,1.51,1.75,-89.1,0.0,0,,58,,1784953009000,2026-07-25T09:46:49.000+05:30,40432.982860451055,1784947326179,Default Profile,false
2026-07-25T04:16:55.000Z,12.247181666666666,75.37635666666667,-4.3999999999999915,2.8,326.04,15.196144,19,gps,0.81,1.23,1.47,-89.1,0.0,0,,58,,1784953015000,2026-07-25T09:46:55.000+05:30,40526.57313491408,1784947326179,Default Profile,false
2026-07-25T04:17:01.000Z,12.247791666666668,75.37607666666666,-7.0,2.9,358.43,10.162676,19,gps,0.70,0.77,1.04,-89.1,0.0,0,,58,,1784953021000,2026-07-25T09:47:01.000+05:30,40600.913568023905,1784947326179,Default Profile,false
2026-07-25T04:17:07.000Z,12.248211666666668,75.37591333333333,-8.199999999999989,2.8,315.65,9.4065485,20,gps,0.63,1.25,1.40,-89.1,0.0,0,,58,,1784953027000,2026-07-25T09:47:07.000+05:30,40650.87427231143,1784947326179,Default Profile,false
2026-07-25T04:17:13.000Z,12.24862,75.37548166666667,-7.0,2.8,319.45,11.918393,21,gps,0.64,1.24,1.39,-89.1,0.0,0,,58,,1784953033000,2026-07-25T09:47:13.000+05:30,40716.15673943099,1784947326179,Default Profile,false
2026-07-25T04:17:18.000Z,12.24909,75.37503,-8.599999999999994,2.6,317.23,14.733409,21,gps,0.62,0.76,0.99,-89.1,0.0,0,,58,,1784953038000,2026-07-25T09:47:18.000+05:30,40787.85120590311,1784947326179,Default Profile,false
2026-07-25T04:17:23.000Z,12.249713333333334,75.37457833333333,-18.0,2.2,323.37,16.375887,25,gps,0.53,0.68,0.86,-89.1,0.0,0,,58,,1784953043000,2026-07-25T09:47:23.000+05:30,40872.779968469054,1784947326179,Default Profile,false
2026-07-25T04:17:29.000Z,12.250373333333334,75.37387,-15.799999999999997,2.8,316.22,18.455366,22,gps,0.60,0.70,0.92,-89.1,0.0,0,,58,,1784953049000,2026-07-25T09:47:29.000+05:30,40979.12953736667,1784947326179,Default Profile,false
2026-07-25T04:17:35.000Z,12.251091666666666,75.37312166666668,-13.099999999999994,2.6,308.26,19.265024,22,gps,0.57,0.72,0.92,-89.1,0.0,0,,58,,1784953055000,2026-07-25T09:47:35.000+05:30,41093.11337437868,1784947326179,Default Profile,false
2026-07-25T04:17:41.000Z,12.251880000000002,75.37232666666667,-17.5,2.5,319.89,19.658787,22,gps,0.59,0.71,0.92,-89.1,0.0,0,,58,,1784953061000,2026-07-25T09:47:41.000+05:30,41216.18532786995,1784947326179,Default Profile,false
2026-07-25T04:17:47.000Z,12.252626666666666,75.37172166666666,-23.299999999999997,2.5,333.06,16.30537,22,gps,0.59,0.71,0.92,-89.1,0.0,0,,58,,1784953067000,2026-07-25T09:47:47.000+05:30,41322.08656855253,1784947326179,Default Profile,false
2026-07-25T04:17:52.000Z,12.253226666666668,75.37170166666667,-32.49999999999999,2.5,22.89,13.057473,19,gps,0.64,0.74,0.98,-89.1,0.0,0,,58,,1784953072000,2026-07-25T09:47:52.000+05:30,41388.83891070388,1784947326179,Default Profile,false
2026-07-25T04:17:58.000Z,12.253596666666665,75.37220833333335,-30.299999999999997,2.8,43.07,11.101529,20,gps,0.63,0.78,1.01,-89.1,0.0,0,,58,,1784953078000,2026-07-25T09:47:58.000+05:30,41457.568511977486,1784947326179,Default Profile,false
2026-07-25T04:18:03.000Z,12.253931666666665,75.37257166666667,-25.299999999999997,2.9,46.15,10.304224,20,gps,0.64,0.78,1.01,-89.1,0.0,0,,58,,1784953083000,2026-07-25T09:48:03.000+05:30,41511.848205536,1784947326179,Default Profile,false
2026-07-25T04:18:09.000Z,12.254366666666666,75.372835,-20.69999999999999,2.4,32.05,9.260882,22,gps,0.55,0.72,0.91,-89.1,0.0,0,,58,,1784953089000,2026-07-25T09:48:09.000+05:30,41568.04792101597,1784947326179,Default Profile,false
2026-07-25T04:18:14.000Z,12.254688333333336,75.37313333333333,-15.199999999999989,2.4,51.99,10.395844,27,gps,0.50,0.84,0.98,-89.1,0.0,0,,58,,1784953094000,2026-07-25T09:48:14.000+05:30,41616.3201548613,1784947326179,Default Profile,false
2026-07-25T04:18:20.000Z,12.254960000000002,75.37351,-11.5,2.3,50.08,5.8194494,28,gps,0.50,0.86,1.00,-89.1,0.0,0,,58,,1784953100000,2026-07-25T09:48:20.000+05:30,41667.18965888046,1784947326179,Default Profile,false
2026-07-25T04:18:26.000Z,12.255036666666667,75.37359666666666,-8.299999999999997,2.1,28.02,0.0,28,gps,0.49,0.65,0.82,-89.1,0.0,0,,58,,1784953106000,2026-07-25T09:48:26.000+05:30,41679.892418406256,1784947326179,Default Profile,false
2026-07-25T04:18:31.000Z,12.255035000000001,75.373595,-8.0,1.2,28.02,0.0,29,gps,0.48,0.64,0.80,-89.1,0.0,0,,58,,1784953111000,2026-07-25T09:48:31.000+05:30,41680.151538386795,1784947326179,Default Profile,false
2026-07-25T04:18:37.000Z,12.255220000000001,75.37338500000001,-5.799999999999997,2.2,286.12,7.596785,25,gps,0.49,0.92,1.05,-89.1,0.0,0,,58,,1784953117000,2026-07-25T09:48:37.000+05:30,41710.87395592825,1784947326179,Default Profile,false
2026-07-25T04:18:42.000Z,12.255374999999999,75.37289000000001,-7.699999999999989,2.6,285.43,12.526794,24,gps,0.52,0.93,1.06,-89.1,0.0,0,,58,,1784953122000,2026-07-25T09:48:42.000+05:30,41767.355039221584,1784947326179,Default Profile,false
2026-07-25T04:18:48.000Z,12.255688333333334,75.37207833333333,-15.199999999999989,2.1,295.26,17.392464,24,gps,0.52,0.70,0.87,-89.1,0.0,0,,58,,1784953128000,2026-07-25T09:48:48.000+05:30,41862.18386229763,1784947326179,Default Profile,false
2026-07-25T04:18:54.000Z,12.256163333333332,75.37112166666667,-24.69999999999999,2.3,297.42,19.838425,25,gps,0.53,0.69,0.87,-89.1,0.0,0,,58,,1784953134000,2026-07-25T09:48:54.000+05:30,41978.7845943549,1784947326179,Default Profile,false
2026-07-25T04:18:59.000Z,12.256641666666667,75.37035999999999,-25.39999999999999,2.4,301.17,18.805891,23,gps,0.54,0.74,0.92,-89.1,0.0,0,,58,,1784953139000,2026-07-25T09:48:59.000+05:30,42077.1650646384,1784947326179,Default Profile,false
2026-07-25T04:19:05.000Z,12.256846666666668,75.36936166666666,-19.69999999999999,2.5,270.58,18.489336,25,gps,0.53,0.71,0.89,-89.1,0.0,0,,58,,1784953145000,2026-07-25T09:49:05.000+05:30,42188.013432446474,1784947326179,Default Profile,false
2026-07-25T04:19:10.000Z,12.256795,75.36851166666666,-24.099999999999994,2.5,267.31,18.707064,24,gps,0.56,0.72,0.91,-89.1,0.0,0,,58,,1784953150000,2026-07-25T09:49:10.000+05:30,42280.55321986838,1784947326179,Default Profile,false
2026-07-25T04:19:16.000Z,12.256728333333335,75.36755333333333,-15.5,2.5,273.16,15.2934265,21,gps,0.61,0.76,0.97,-89.1,0.0,0,,58,,1784953156000,2026-07-25T09:49:16.000+05:30,42384.949585391056,1784947326179,Default Profile,false
2026-07-25T04:19:21.000Z,12.257045000000002,75.36699666666667,-15.5,2.5,317.93,14.903267,22,gps,0.55,0.74,0.92,-89.1,0.0,0,,58,,1784953161000,2026-07-25T09:49:21.000+05:30,42454.9396688058,1784947326179,Default Profile,false
2026-07-25T04:19:26.000Z,12.257728333333334,75.36656333333333,-19.0,2.6,335.84,18.272123,24,gps,0.53,0.71,0.89,-89.1,0.0,0,,58,,1784953166000,2026-07-25T09:49:26.000+05:30,42544.32950091295,1784947326179,Default Profile,false
2026-07-25T04:19:31.000Z,12.258424999999999,75.366375,-19.0,2.6,337.07,13.200566,23,gps,0.55,0.72,0.91,-89.1,0.0,0,,58,,1784953171000,2026-07-25T09:49:31.000+05:30,42624.4527568491,1784947326179,Default Profile,false
2026-07-25T04:19:36.000Z,12.258898333333331,75.365955,-23.299999999999997,2.5,323.63,14.812676,24,gps,0.55,0.69,0.88,-89.1,0.0,0,,58,,1784953176000,2026-07-25T09:49:36.000+05:30,42694.115465767725,1784947326179,Default Profile,false
2026-07-25T04:19:42.000Z,12.259658333333334,75.36564166666668,-27.699999999999996,2.4,349.7,15.258426,26,gps,0.52,0.69,0.87,-89.1,0.0,0,,58,,1784953182000,2026-07-25T09:49:42.000+05:30,42785.22417286323,1784947326179,Default Profile,false
2026-07-25T04:19:48.000Z,12.26048,75.36543333333334,-25.999999999999993,2.5,330.11,15.782413,23,gps,0.58,0.73,0.93,-89.1,0.0,0,,58,,1784953188000,2026-07-25T09:49:48.000+05:30,42879.35195959985,1784947326179,Default Profile,false
2026-07-25T04:19:54.000Z,12.261141666666667,75.36485833333333,-20.099999999999994,2.5,317.44,13.9906645,27,gps,0.52,0.67,0.85,-89.1,0.0,0,,58,,1784953194000,2026-07-25T09:49:54.000+05:30,42975.8751362808,1784947326179,Default Profile,false
2026-07-25T04:20:00.000Z,12.261646666666666,75.36441166666667,-15.799999999999997,2.5,322.17,9.779722,29,gps,0.49,0.64,0.81,-89.1,0.0,0,,58,,1784953200000,2026-07-25T09:50:00.000+05:30,43050.09621199034,1784947326179,Default Profile,false
2026-07-25T04:20:06.000Z,12.262026666666667,75.36410500000001,-9.099999999999994,2.7,321.81,8.108933,23,gps,0.55,0.71,0.90,-89.1,0.0,0,,58,,1784953206000,2026-07-25T09:50:06.000+05:30,43103.9084177604,1784947326179,Default Profile,false
2026-07-25T04:20:12.000Z,12.262426666666666,75.36380666666668,-8.199999999999989,2.5,329.39,10.176573,27,gps,0.50,0.90,1.03,-89.1,0.0,0,,58,,1784953212000,2026-07-25T09:50:12.000+05:30,43158.94575607185,1784947326179,Default Profile,false
2026-07-25T04:20:18.000Z,12.263136666666666,75.36354166666666,-13.599999999999994,2.4,345.37,16.001684,27,gps,0.49,0.64,0.81,-89.1,0.0,0,,58,,1784953218000,2026-07-25T09:50:18.000+05:30,43242.98124485162,1784947326179,Default Profile,false
2026-07-25T04:20:23.000Z,12.263975,75.36338333333333,-23.0,2.5,347.78,20.457634,20,gps,0.60,0.72,0.94,-89.1,0.0,0,,58,,1784953223000,2026-07-25T09:50:23.000+05:30,43337.77393508867,1784947326179,Default Profile,false
2026-07-25T04:20:29.000Z,12.265033333333333,75.36319666666667,-26.099999999999994,2.4,347.57,19.071487,21,gps,0.58,0.73,0.93,-89.1,0.0,0,,58,,1784953229000,2026-07-25T09:50:29.000+05:30,43457.190326284144,1784947326179,Default Profile,false
2026-07-25T04:20:35.000Z,12.266043333333334,75.36297166666667,-27.099999999999994,2.5,346.89,18.564486,22,gps,0.56,0.71,0.90,-89.1,0.0,0,,58,,1784953235000,2026-07-25T09:50:35.000+05:30,43572.12738580523,1784947326179,Default Profile,false
2026-07-25T04:20:41.000Z,12.26692,75.36280333333335,-27.9,2.5,351.86,15.811752,26,gps,0.52,0.68,0.86,-89.0,0.0,0,,58,,1784953241000,2026-07-25T09:50:41.000+05:30,43671.30936470079,1784947326179,Default Profile,false
2026-07-25T04:20:47.000Z,12.267758333333331,75.36275,-21.599999999999994,2.5,357.8,15.335119,26,gps,0.53,0.67,0.86,-89.0,0.0,0,,58,,1784953247000,2026-07-25T09:50:47.000+05:30,43764.70772916351,1784947326179,Default Profile,false
2026-07-25T04:20:53.000Z,12.268490000000002,75.362725,-14.799999999999997,2.6,354.58,12.0197935,28,gps,0.51,0.66,0.83,-89.0,0.0,0,,58,,1784953253000,2026-07-25T09:50:53.000+05:30,43846.11068569928,1784947326179,Default Profile,false
2026-07-25T04:20:59.000Z,12.268928333333333,75.36266833333335,-17.400000000000006,2.4,352.23,4.1419697,29,gps,0.50,0.65,0.82,-89.0,0.0,0,,58,,1784953259000,2026-07-25T09:50:59.000+05:30,43895.23849000044,1784947326179,Default Profile,false
2026-07-25T04:21:04.000Z,12.268968333333332,75.36266333333333,-20.5,2.4,358.42,0.0,29,gps,0.50,0.65,0.82,-89.0,0.0,0,,58,,1784953264000,2026-07-25T09:51:04.000+05:30,43899.71934352095,1784947326179,Default Profile,false
2026-07-25T04:21:09.000Z,12.268968333333332,75.36266333333333,-20.5,2.3,358.42,0.0,30,gps,0.48,0.63,0.79,-89.0,0.0,0,,58,,1784953269000,2026-07-25T09:51:09.000+05:30,43899.71934352095,1784947326179,Default Profile,false
2026-07-25T04:21:15.000Z,12.268968333333332,75.36266333333333,-20.5,1.6,358.42,0.0,29,gps,0.49,0.65,0.81,-89.0,0.0,0,,58,,1784953275000,2026-07-25T09:51:15.000+05:30,43899.71934352095,1784947326179,Default Profile,false
2026-07-25T04:21:21.000Z,12.269174999999999,75.36265,-19.099999999999994,2.2,350.39,5.7525353,30,gps,0.47,0.62,0.78,-89.0,0.0,0,,58,,1784953281000,2026-07-25T09:51:21.000+05:30,43922.74524915969,1784947326179,Default Profile,false
2026-07-25T04:21:27.000Z,12.269673333333333,75.36261333333333,-19.400000000000006,2.5,3.66,10.255325,31,gps,0.47,0.75,0.88,-89.0,0.0,0,,58,,1784953287000,2026-07-25T09:51:27.000+05:30,43978.30042457754,1784947326179,Default Profile,false
2026-07-25T04:21:33.000Z,12.270398333333333,75.36266333333333,-23.400000000000006,2.7,5.28,12.820187,28,gps,0.50,0.65,0.82,-89.0,0.0,0,,58,,1784953293000,2026-07-25T09:51:33.000+05:30,44059.09959569347,1784947326179,Default Profile,false
2026-07-25T04:21:39.000Z,12.271135,75.36277166666667,-24.400000000000006,2.2,3.16,10.93167,25,gps,0.55,0.67,0.87,-89.0,0.0,0,,58,,1784953299000,2026-07-25T09:51:39.000+05:30,44141.85460520652,1784947326179,Default Profile,false
2026-07-25T04:21:45.000Z,12.27173166666667,75.36256833333333,-28.0,2.6,342.35,12.461425,27,gps,0.50,0.87,1.00,-89.0,0.0,0,,58,,1784953305000,2026-07-25T09:51:45.000+05:30,44211.78267454729,1784947326179,Default Profile,false
2026-07-25T04:21:51.000Z,12.272295000000002,75.36241833333334,-25.200000000000003,2.8,347.47,8.669981,23,gps,0.55,0.95,1.10,-89.0,0.0,0,,58,,1784953311000,2026-07-25T09:51:51.000+05:30,44276.508048474134,1784947326179,Default Profile,false
2026-07-25T04:21:57.000Z,12.272529999999998,75.362355,-27.4,2.4,341.02,1.7093925,27,gps,0.50,0.81,0.96,-89.0,0.0,0,,58,,1784953317000,2026-07-25T09:51:57.000+05:30,44303.52976144246,1784947326179,Default Profile,false
2026-07-25T04:22:02.000Z,12.272571666666666,75.36233333333332,-31.700000000000003,2.2,5.37,2.4289742,29,gps,0.48,0.63,0.79,-89.0,0.0,0,,58,,1784953322000,2026-07-25T09:52:02.000+05:30,44308.72667588408,1784947326179,Default Profile,false
2026-07-25T04:22:08.000Z,12.272671666666668,75.36242166666666,-32.1,2.0,41.39,0.0,31,gps,0.46,0.60,0.76,-89.0,0.0,0,,58,,1784953328000,2026-07-25T09:52:08.000+05:30,44323.41544700027,1784947326179,Default Profile,false
2026-07-25T04:22:14.000Z,12.272671666666668,75.362425,-32.0,1.0,41.39,0.0,29,gps,0.48,0.61,0.78,-89.0,0.0,0,,58,,1784953334000,2026-07-25T09:52:14.000+05:30,44323.77762632431,1784947326179,Default Profile,false
2026-07-25T04:22:19.000Z,12.272671666666668,75.362425,-32.0,1.3,41.39,0.0,31,gps,0.47,0.59,0.75,-89.0,0.0,0,,58,,1784953339000,2026-07-25T09:52:19.000+05:30,44323.77762632431,1784947326179,Default Profile,false
2026-07-25T04:22:25.000Z,12.272718333333334,75.36249333333333,-32.4,1.7,52.63,4.6891193,30,gps,0.48,0.63,0.79,-89.0,0.0,0,,58,,1784953345000,2026-07-25T09:52:25.000+05:30,44332.83591143488,1784947326179,Default Profile,false
2026-07-25T04:22:31.000Z,12.273051666666667,75.36278,-34.5,2.4,42.7,9.541406,29,gps,0.49,0.78,0.92,-89.0,0.0,0,,58,,1784953351000,2026-07-25T09:52:31.000+05:30,44381.25050351595,1784947326179,Default Profile,false
2026-07-25T04:22:37.000Z,12.273536666666667,75.36322833333334,-35.4,2.3,44.32,11.791257,29,gps,0.49,0.82,0.96,-89.0,0.0,0,,58,,1784953357000,2026-07-25T09:52:37.000+05:30,44453.92341434119,1784947326179,Default Profile,false
2026-07-25T04:22:42.000Z,12.273941666666667,75.36364333333333,-36.0,2.4,47.06,12.313185,31,gps,0.48,0.77,0.91,-89.0,0.0,0,,58,,1784953362000,2026-07-25T09:52:42.000+05:30,44517.65148826112,1784947326179,Default Profile,false
2026-07-25T04:22:48.000Z,12.274333333333335,75.36406333333333,-33.8,2.4,47.41,7.575167,30,gps,0.48,0.62,0.79,-89.0,0.0,0,,58,,1784953368000,2026-07-25T09:52:48.000+05:30,44580.7324903034,1784947326179,Default Profile,false
2026-07-25T04:22:53.000Z,12.274431666666665,75.36422999999999,-37.8,2.2,26.06,1.6429933,29,gps,0.50,0.81,0.95,-89.0,0.0,0,,58,,1784953373000,2026-07-25T09:52:53.000+05:30,44601.88636513512,1784947326179,Default Profile,false
2026-07-25T04:22:59.000Z,12.274545,75.36412999999999,-40.5,2.2,296.09,3.7564428,27,gps,0.50,0.67,0.84,-89.0,0.0,0,,58,,1784953379000,2026-07-25T09:52:59.000+05:30,44618.525702931045,1784947326179,Default Profile,false
2026-07-25T04:23:04.000Z,12.274623333333333,75.363955,-42.8,2.2,278.38,2.4521368,21,gps,0.58,0.98,1.14,-89.0,0.0,0,,58,,1784953384000,2026-07-25T09:53:04.000+05:30,44639.4400878716,1784947326179,Default Profile,false
2026-07-25T04:23:10.000Z,12.274628333333332,75.36384500000001,-44.7,2.0,231.92,1.9230022,28,gps,0.50,0.88,1.02,-89.0,0.0,0,,58,,1784953390000,2026-07-25T09:53:10.000+05:30,44651.404841273186,1784947326179,Default Profile,false
2026-07-25T04:23:15.000Z,12.27461,75.36379666666667,-45.1,1.9,235.97,1.0752547,31,gps,0.46,0.62,0.77,-89.0,0.0,0,,58,,1784953395000,2026-07-25T09:53:15.000+05:30,44657.038195444955,1784947326179,Default Profile,false
2026-07-25T04:23:21.000Z,12.274583333333332,75.36375166666667,-46.3,1.7,235.97,0.0,29,gps,0.47,0.65,0.80,-89.0,0.0,0,,58,,1784953401000,2026-07-25T09:53:21.000+05:30,44662.75645447806,1784947326179,Default Profile,false
2026-07-25T04:23:27.000Z,12.274583333333332,75.36375166666667,-46.3,1.8,235.97,0.0,29,gps,0.47,0.65,0.81,-89.0,0.0,0,,58,,1784953407000,2026-07-25T09:53:27.000+05:30,44662.75645447806,1784947326179,Default Profile,false
2026-07-25T04:23:32.000Z,12.274534999999998,75.36383000000001,-48.1,1.8,235.97,0.0,28,gps,0.49,0.66,0.82,-89.0,0.0,0,,58,,1784953412000,2026-07-25T09:53:32.000+05:30,44672.822443405676,1784947326179,Default Profile,false
2026-07-25T04:23:37.000Z,12.274534999999998,75.36383000000001,-48.1,1.9,235.97,0.0,25,gps,0.55,0.68,0.88,-89.0,0.0,0,,58,,1784953417000,2026-07-25T09:53:37.000+05:30,44672.822443405676,1784947326179,Default Profile,false
2026-07-25T04:23:42.000Z,12.274534999999998,75.36383000000001,-48.1,2.0,235.97,0.0,23,gps,0.62,0.70,0.94,-89.0,0.0,0,,58,,1784953422000,2026-07-25T09:53:42.000+05:30,44672.822443405676,1784947326179,Default Profile,false
2026-07-25T04:23:47.000Z,12.274534999999998,75.36383000000001,-48.1,2.0,235.97,0.0,24,gps,0.63,0.73,0.97,-89.0,0.0,0,,58,,1784953427000,2026-07-25T09:53:47.000+05:30,44672.822443405676,1784947326179,Default Profile,false
2026-07-25T04:23:53.000Z,12.274534999999998,75.36383000000001,-48.1,1.1,235.97,0.0,24,gps,0.59,0.70,0.92,-89.0,0.0,0,,58,,1784953433000,2026-07-25T09:53:53.000+05:30,44672.822443405676,1784947326179,Default Profile,false
2026-07-25T04:23:58.000Z,12.274534999999998,75.36383000000001,-48.1,1.0,235.97,0.0,23,gps,0.60,0.70,0.93,-89.0,0.0,0,,58,,1784953438000,2026-07-25T09:53:58.000+05:30,44672.822443405676,1784947326179,Default Profile,false
2026-07-25T04:24:05.000Z,12.274534999999998,75.36383000000001,-48.1,1.0,235.97,0.0,23,gps,0.63,0.72,0.96,-89.0,0.0,0,,58,,1784953445000,2026-07-25T09:54:05.000+05:30,44672.822443405676,1784947326179,Default Profile,false
